{
 "type": "FeatureCollection",
 "name": "buildings_design",
 "features": [
  {
   "type": "Feature",
   "id": "BLD-001",
   "properties": {
    "id": "BLD-001",
    "layer": "BUILDING_FOOTPRINT",
    "source_type": "agent_generated_design",
    "confidence": "medium",
    "geometry_role": "design_proposal",
    "building_type": "talent_apartment",
    "name_zh": "人才社区",
    "design_note_zh": "概念建筑基底建议（非现状，非权属）",
    "area_sqm_declared": 3025.0
   },
   "geometry": {
    "type": "Polygon",
    "coordinates": [
     [
      [
       116.34142803983852,
       39.939115659766294
      ],
      [
       116.34142329147285,
       39.93961097311224
      ],
      [
       116.34077982622482,
       39.93960731618353
      ],
      [
       116.3407845792291,
       39.93911200290141
      ],
      [
       116.34142803983852,
       39.939115659766294
      ]
     ]
    ]
   }
  },
  {
   "type": "Feature",
   "id": "BLD-002",
   "properties": {
    "id": "BLD-002",
    "layer": "BUILDING_FOOTPRINT",
    "source_type": "agent_generated_design",
    "confidence": "medium",
    "geometry_role": "design_proposal",
    "building_type": "talent_apartment",
    "name_zh": "人才社区",
    "design_note_zh": "概念建筑基底建议（非现状，非权属）",
    "area_sqm_declared": 3025.0
   },
   "geometry": {
    "type": "Polygon",
    "coordinates": [
     [
      [
       116.34241054460539,
       39.9391212365704
      ],
      [
       116.34240580332242,
       39.93961655001364
      ],
      [
       116.34176233789503,
       39.9396128985373
      ],
      [
       116.34176708381663,
       39.93911758515776
      ],
      [
       116.34241054460539,
       39.9391212365704
      ]
     ]
    ]
   }
  },
  {
   "type": "Feature",
   "id": "BLD-003",
   "properties": {
    "id": "BLD-003",
    "layer": "BUILDING_FOOTPRINT",
    "source_type": "agent_generated_design",
    "confidence": "medium",
    "geometry_role": "design_proposal",
    "building_type": "talent_apartment",
    "name_zh": "人才社区",
    "design_note_zh": "概念建筑基底建议（非现状，非权属）",
    "area_sqm_declared": 3025.0
   },
   "geometry": {
    "type": "Polygon",
    "coordinates": [
     [
      [
       116.34339304964581,
       39.939126805049426
      ],
      [
       116.34338831544554,
       39.93962211858983
      ],
      [
       116.34274484983906,
       39.939618472565826
      ],
      [
       116.34274958867795,
       39.939123159089036
      ],
      [
       116.34339304964581,
       39.939126805049426
      ]
     ]
    ]
   }
  },
  {
   "type": "Feature",
   "id": "BLD-004",
   "properties": {
    "id": "BLD-004",
    "layer": "BUILDING_FOOTPRINT",
    "source_type": "agent_generated_design",
    "confidence": "medium",
    "geometry_role": "design_proposal",
    "building_type": "talent_apartment",
    "name_zh": "人才社区",
    "design_note_zh": "概念建筑基底建议（非现状，非权属）",
    "area_sqm_declared": 3025.0
   },
   "geometry": {
    "type": "Polygon",
    "coordinates": [
     [
      [
       116.34437555495933,
       39.939132365203356
      ],
      [
       116.34437082784179,
       39.939627678840786
      ],
      [
       116.3437273620565,
       39.93962403826914
      ],
      [
       116.34373209381263,
       39.93912872469523
      ],
      [
       116.34437555495933,
       39.939132365203356
      ]
     ]
    ]
   }
  },
  {
   "type": "Feature",
   "id": "BLD-005",
   "properties": {
    "id": "BLD-005",
    "layer": "BUILDING_FOOTPRINT",
    "source_type": "agent_generated_design",
    "confidence": "medium",
    "geometry_role": "design_proposal",
    "building_type": "mixed_use",
    "name_zh": "智能商业综合体",
    "design_note_zh": "概念建筑基底建议（非现状，非权属）",
    "area_sqm_declared": 3025.0
   },
   "geometry": {
    "type": "Polygon",
    "coordinates": [
     [
      [
       116.34570920007646,
       39.9391230383077
      ],
      [
       116.34570448257577,
       39.939618352078014
      ],
      [
       116.34506101670608,
       39.93961471890862
      ],
      [
       116.34506573884539,
       39.9391194052017
      ],
      [
       116.34570920007646,
       39.9391230383077
      ]
     ]
    ]
   }
  },
  {
   "type": "Feature",
   "id": "BLD-006",
   "properties": {
    "id": "BLD-006",
    "layer": "BUILDING_FOOTPRINT",
    "source_type": "agent_generated_design",
    "confidence": "medium",
    "geometry_role": "design_proposal",
    "building_type": "mixed_use",
    "name_zh": "智能商业综合体",
    "design_note_zh": "概念建筑基底建议（非现状，非权属）",
    "area_sqm_declared": 3025.0
   },
   "geometry": {
    "type": "Polygon",
    "coordinates": [
     [
      [
       116.34703273727747,
       39.93913050002537
      ],
      [
       116.34702802931797,
       39.9396258139259
      ],
      [
       116.34638456320832,
       39.939622188101396
      ],
      [
       116.34638927580644,
       39.93912687426414
      ],
      [
       116.34703273727747,
       39.93913050002537
      ]
     ]
    ]
   }
  },
  {
   "type": "Feature",
   "id": "BLD-007",
   "properties": {
    "id": "BLD-007",
    "layer": "BUILDING_FOOTPRINT",
    "source_type": "agent_generated_design",
    "confidence": "medium",
    "geometry_role": "design_proposal",
    "building_type": "mixed_use",
    "name_zh": "智能商业综合体",
    "design_note_zh": "概念建筑基底建议（非现状，非权属）",
    "area_sqm_declared": 3025.0
   },
   "geometry": {
    "type": "Polygon",
    "coordinates": [
     [
      [
       116.34570171159712,
       39.93990928512329
      ],
      [
       116.34569699391112,
       39.94040459882551
      ],
      [
       116.34505352067802,
       39.94040096555548
      ],
      [
       116.3450582430028,
       39.93990565191666
      ],
      [
       116.34570171159712,
       39.93990928512329
      ]
     ]
    ]
   }
  },
  {
   "type": "Feature",
   "id": "BLD-008",
   "properties": {
    "id": "BLD-008",
    "layer": "BUILDING_FOOTPRINT",
    "source_type": "agent_generated_design",
    "confidence": "medium",
    "geometry_role": "design_proposal",
    "building_type": "mixed_use",
    "name_zh": "智能商业综合体",
    "design_note_zh": "概念建筑基底建议（非现状，非权属）",
    "area_sqm_declared": 3025.0
   },
   "geometry": {
    "type": "Polygon",
    "coordinates": [
     [
      [
       116.34702526394364,
       39.93991674704765
      ],
      [
       116.34702055579919,
       39.940412060880064
      ],
      [
       116.3463770823261,
       39.94040843495514
      ],
      [
       116.34638179510934,
       39.939913121185995
      ],
      [
       116.34702526394364,
       39.93991674704765
      ]
     ]
    ]
   }
  },
  {
   "type": "Feature",
   "id": "BLD-009",
   "properties": {
    "id": "BLD-009",
    "layer": "BUILDING_FOOTPRINT",
    "source_type": "agent_generated_design",
    "confidence": "medium",
    "geometry_role": "design_proposal",
    "building_type": "mixed_use",
    "name_zh": "智能商业综合体",
    "design_note_zh": "概念建筑基底建议（非现状，非权属）",
    "area_sqm_declared": 3025.0
   },
   "geometry": {
    "type": "Polygon",
    "coordinates": [
     [
      [
       116.34569422282361,
       39.94069553183077
      ],
      [
       116.34568950495233,
       39.94119084546487
      ],
      [
       116.34504602435551,
       39.941187212094206
      ],
      [
       116.34505074686577,
       39.9406918985235
      ],
      [
       116.34569422282361,
       39.94069553183077
      ]
     ]
    ]
   }
  },
  {
   "type": "Feature",
   "id": "BLD-010",
   "properties": {
    "id": "BLD-010",
    "layer": "BUILDING_FOOTPRINT",
    "source_type": "agent_generated_design",
    "confidence": "medium",
    "geometry_role": "design_proposal",
    "building_type": "talent_apartment",
    "name_zh": "人才社区",
    "design_note_zh": "概念建筑基底建议（非现状，非权属）",
    "area_sqm_declared": 3025.0
   },
   "geometry": {
    "type": "Polygon",
    "coordinates": [
     [
      [
       116.35220537960276,
       39.93911784336645
      ],
      [
       116.35220070893907,
       39.939613157776876
      ],
      [
       116.35155724228648,
       39.93960956066081
      ],
      [
       116.35156191758884,
       39.93911424631317
      ],
      [
       116.35220537960276,
       39.93911784336645
      ]
     ]
    ]
   }
  },
  {
   "type": "Feature",
   "id": "BLD-011",
   "properties": {
    "id": "BLD-011",
    "layer": "BUILDING_FOOTPRINT",
    "source_type": "agent_generated_design",
    "confidence": "medium",
    "geometry_role": "design_proposal",
    "building_type": "talent_apartment",
    "name_zh": "人才社区",
    "design_note_zh": "概念建筑基底建议（非现状，非权属）",
    "area_sqm_declared": 3025.0
   },
   "geometry": {
    "type": "Polygon",
    "coordinates": [
     [
      [
       116.35340822457887,
       39.93912455787983
      ],
      [
       116.3534035625863,
       39.93961987240739
      ],
      [
       116.35276009571778,
       39.93961628196648
      ],
      [
       116.35276476234898,
       39.93912096750156
      ],
      [
       116.35340822457887,
       39.93912455787983
      ]
     ]
    ]
   }
  },
  {
   "type": "Feature",
   "id": "BLD-012",
   "properties": {
    "id": "BLD-012",
    "layer": "BUILDING_FOOTPRINT",
    "source_type": "agent_generated_design",
    "confidence": "medium",
    "geometry_role": "design_proposal",
    "building_type": "talent_apartment",
    "name_zh": "人才社区",
    "design_note_zh": "概念建筑基底建议（非现状，非权属）",
    "area_sqm_declared": 3025.0
   },
   "geometry": {
    "type": "Polygon",
    "coordinates": [
     [
      [
       116.35461106995805,
       39.939131259915364
      ],
      [
       116.35460641663667,
       39.93962657455987
      ],
      [
       116.3539629495526,
       39.9396229907941
      ],
      [
       116.35396760751263,
       39.93912767621211
      ],
      [
       116.35461106995805,
       39.939131259915364
      ]
     ]
    ]
   }
  },
  {
   "type": "Feature",
   "id": "BLD-013",
   "properties": {
    "id": "BLD-013",
    "layer": "BUILDING_FOOTPRINT",
    "source_type": "agent_generated_design",
    "confidence": "medium",
    "geometry_role": "design_proposal",
    "building_type": "talent_apartment",
    "name_zh": "人才社区",
    "design_note_zh": "概念建筑基底建议（非现状，非权属）",
    "area_sqm_declared": 3025.0
   },
   "geometry": {
    "type": "Polygon",
    "coordinates": [
     [
      [
       116.35219789997844,
       39.93991103642919
      ],
      [
       116.35219322912964,
       39.9404063507709
      ],
      [
       116.35154975504855,
       39.94040275355434
      ],
      [
       116.35155443053617,
       39.93990743927539
      ],
      [
       116.35219789997844,
       39.93991103642919
      ]
     ]
    ]
   }
  },
  {
   "type": "Feature",
   "id": "BLD-014",
   "properties": {
    "id": "BLD-014",
    "layer": "BUILDING_FOOTPRINT",
    "source_type": "agent_generated_design",
    "confidence": "medium",
    "geometry_role": "design_proposal",
    "building_type": "mixed_use",
    "name_zh": "智能商业综合体",
    "design_note_zh": "概念建筑基底建议（非现状，非权属）",
    "area_sqm_declared": 3025.0
   },
   "geometry": {
    "type": "Polygon",
    "coordinates": [
     [
      [
       116.34127432719265,
       39.94408584320974
      ],
      [
       116.34126957688302,
       39.944581156114474
      ],
      [
       116.34062606509677,
       39.94457749795677
      ],
      [
       116.34063082004614,
       39.944082185115874
      ],
      [
       116.34127432719265,
       39.94408584320974
      ]
     ]
    ]
   }
  },
  {
   "type": "Feature",
   "id": "BLD-015",
   "properties": {
    "id": "BLD-015",
    "layer": "BUILDING_FOOTPRINT",
    "source_type": "agent_generated_design",
    "confidence": "medium",
    "geometry_role": "design_proposal",
    "building_type": "mixed_use",
    "name_zh": "智能商业综合体",
    "design_note_zh": "概念建筑基底建议（非现状，非权属）",
    "area_sqm_declared": 3025.0
   },
   "geometry": {
    "type": "Polygon",
    "coordinates": [
     [
      [
       116.34228341662838,
       39.94409157230768
      ],
      [
       116.34227867359438,
       39.94458688531236
      ],
      [
       116.34163516162384,
       39.94458323275511
      ],
      [
       116.34163990929761,
       39.94408791981415
      ],
      [
       116.34228341662838,
       39.94409157230768
      ]
     ]
    ]
   }
  },
  {
   "type": "Feature",
   "id": "BLD-016",
   "properties": {
    "id": "BLD-016",
    "layer": "BUILDING_FOOTPRINT",
    "source_type": "agent_generated_design",
    "confidence": "medium",
    "geometry_role": "design_proposal",
    "building_type": "mixed_use",
    "name_zh": "智能商业综合体",
    "design_note_zh": "概念建筑基底建议（非现状，非权属）",
    "area_sqm_declared": 3025.0
   },
   "geometry": {
    "type": "Polygon",
    "coordinates": [
     [
      [
       116.34329250635271,
       39.94409729262364
      ],
      [
       116.34328777059434,
       39.94459260572814
      ],
      [
       116.34264425843982,
       39.944588958771334
      ],
      [
       116.34264899883793,
       39.94409364573046
      ],
      [
       116.34329250635271,
       39.94409729262364
      ]
     ]
    ]
   }
  },
  {
   "type": "Feature",
   "id": "BLD-017",
   "properties": {
    "id": "BLD-017",
    "layer": "BUILDING_FOOTPRINT",
    "source_type": "agent_generated_design",
    "confidence": "medium",
    "geometry_role": "design_proposal",
    "building_type": "mixed_use",
    "name_zh": "智能商业综合体",
    "design_note_zh": "概念建筑基底建议（非现状，非权属）",
    "area_sqm_declared": 3025.0
   },
   "geometry": {
    "type": "Polygon",
    "coordinates": [
     [
      [
       116.34430159636517,
       39.94410300415762
      ],
      [
       116.34429686788246,
       39.94459831736179
      ],
      [
       116.34365335554423,
       39.94459467600545
      ],
      [
       116.34365808866671,
       39.94409936286482
      ],
      [
       116.34430159636517,
       39.94410300415762
      ]
     ]
    ]
   }
  },
  {
   "type": "Feature",
   "id": "BLD-018",
   "properties": {
    "id": "BLD-018",
    "layer": "BUILDING_FOOTPRINT",
    "source_type": "agent_generated_design",
    "confidence": "medium",
    "geometry_role": "design_proposal",
    "building_type": "mixed_use",
    "name_zh": "智能商业综合体",
    "design_note_zh": "概念建筑基底建议（非现状，非权属）",
    "area_sqm_declared": 3025.0
   },
   "geometry": {
    "type": "Polygon",
    "coordinates": [
     [
      [
       116.34126669648828,
       39.94488148774327
      ],
      [
       116.34126194598983,
       39.94537680057904
      ],
      [
       116.34061842675028,
       39.945373142318815
      ],
      [
       116.34062318188869,
       39.94487782954687
      ],
      [
       116.34126669648828,
       39.94488148774327
      ]
     ]
    ]
   }
  },
  {
   "type": "Feature",
   "id": "BLD-019",
   "properties": {
    "id": "BLD-019",
    "layer": "BUILDING_FOOTPRINT",
    "source_type": "agent_generated_design",
    "confidence": "medium",
    "geometry_role": "design_proposal",
    "building_type": "mixed_use",
    "name_zh": "智能商业综合体",
    "design_note_zh": "概念建筑基底建议（非现状，非权属）",
    "area_sqm_declared": 3025.0
   },
   "geometry": {
    "type": "Polygon",
    "coordinates": [
     [
      [
       116.34566169101383,
       39.94411068850929
      ],
      [
       116.34565697233754,
       39.944606001847525
      ],
      [
       116.34501345975215,
       39.94460236803973
      ],
      [
       116.3450181830682,
       39.944107054764885
      ],
      [
       116.34566169101383,
       39.94411068850929
      ]
     ]
    ]
   }
  },
  {
   "type": "Feature",
   "id": "BLD-020",
   "properties": {
    "id": "BLD-020",
    "layer": "BUILDING_FOOTPRINT",
    "source_type": "agent_generated_design",
    "confidence": "medium",
    "geometry_role": "design_proposal",
    "building_type": "mixed_use",
    "name_zh": "智能商业综合体",
    "design_note_zh": "概念建筑基底建议（非现状，非权属）",
    "area_sqm_declared": 3025.0
   },
   "geometry": {
    "type": "Polygon",
    "coordinates": [
     [
      [
       116.34698532430225,
       39.944118151538106
      ],
      [
       116.34698061516953,
       39.94461346500657
      ],
      [
       116.3463371023441,
       39.944609838544956
      ],
      [
       116.34634181611659,
       39.944114525139774
      ],
      [
       116.34698532430225,
       39.944118151538106
      ]
     ]
    ]
   }
  },
  {
   "type": "Feature",
   "id": "BLD-021",
   "properties": {
    "id": "BLD-021",
    "layer": "BUILDING_FOOTPRINT",
    "source_type": "agent_generated_design",
    "confidence": "medium",
    "geometry_role": "design_proposal",
    "building_type": "mixed_use",
    "name_zh": "智能商业综合体",
    "design_note_zh": "概念建筑基底建议（非现状，非权属）",
    "area_sqm_declared": 3025.0
   },
   "geometry": {
    "type": "Polygon",
    "coordinates": [
     [
      [
       116.34565411112398,
       39.94490633373918
      ],
      [
       116.34564939226014,
       39.945401647008474
      ],
      [
       116.34500587222144,
       39.94539801309883
      ],
      [
       116.34501059572523,
       39.94490269989293
      ],
      [
       116.34565411112398,
       39.94490633373918
      ]
     ]
    ]
   }
  },
  {
   "type": "Feature",
   "id": "BLD-022",
   "properties": {
    "id": "BLD-022",
    "layer": "BUILDING_FOOTPRINT",
    "source_type": "agent_generated_design",
    "confidence": "medium",
    "geometry_role": "design_proposal",
    "building_type": "mixed_use",
    "name_zh": "智能商业综合体",
    "design_note_zh": "概念建筑基底建议（非现状，非权属）",
    "area_sqm_declared": 3025.0
   },
   "geometry": {
    "type": "Polygon",
    "coordinates": [
     [
      [
       116.34697775974281,
       39.944913796977175
      ],
      [
       116.34697305042289,
       39.9454091103767
      ],
      [
       116.34632953014412,
       39.945405483813445
      ],
      [
       116.34633424410399,
       39.94491017047721
      ],
      [
       116.34697775974281,
       39.944913796977175
      ]
     ]
    ]
   }
  },
  {
   "type": "Feature",
   "id": "BLD-023",
   "properties": {
    "id": "BLD-023",
    "layer": "BUILDING_FOOTPRINT",
    "source_type": "agent_generated_design",
    "confidence": "medium",
    "geometry_role": "design_proposal",
    "building_type": "mixed_use",
    "name_zh": "智能商业综合体",
    "design_note_zh": "概念建筑基底建议（非现状，非权属）",
    "area_sqm_declared": 3025.0
   },
   "geometry": {
    "type": "Polygon",
    "coordinates": [
     [
      [
       116.34564653093284,
       39.94570197885834
      ],
      [
       116.34564181188142,
       39.946197292058706
      ],
      [
       116.3449982843891,
       39.946193658047214
      ],
      [
       116.34500300808065,
       39.94569834491024
      ],
      [
       116.34564653093284,
       39.94570197885834
      ]
     ]
    ]
   }
  },
  {
   "type": "Feature",
   "id": "BLD-024",
   "properties": {
    "id": "BLD-024",
    "layer": "BUILDING_FOOTPRINT",
    "source_type": "agent_generated_design",
    "confidence": "medium",
    "geometry_role": "design_proposal",
    "building_type": "mixed_use",
    "name_zh": "智能商业综合体",
    "design_note_zh": "概念建筑基底建议（非现状，非权属）",
    "area_sqm_declared": 3025.0
   },
   "geometry": {
    "type": "Polygon",
    "coordinates": [
     [
      [
       116.35215794918437,
       39.94414717136968
      ],
      [
       116.35215327734699,
       39.944642485344495
      ],
      [
       116.35150976358813,
       39.94463888759108
      ],
      [
       116.3515144400653,
       39.94414357367906
      ],
      [
       116.35215794918437,
       39.94414717136968
      ]
     ]
    ]
   }
  },
  {
   "type": "Feature",
   "id": "BLD-025",
   "properties": {
    "id": "BLD-025",
    "layer": "BUILDING_FOOTPRINT",
    "source_type": "agent_generated_design",
    "confidence": "medium",
    "geometry_role": "design_proposal",
    "building_type": "mixed_use",
    "name_zh": "智能商业综合体",
    "design_note_zh": "概念建筑基底建议（非现状，非权属）",
    "area_sqm_declared": 3025.0
   },
   "geometry": {
    "type": "Polygon",
    "coordinates": [
     [
      [
       116.35337915607406,
       39.94415398899534
      ],
      [
       116.35337449304174,
       39.944649303089086
      ],
      [
       116.35273097906358,
       39.944645712113434
      ],
      [
       116.35273564673568,
       39.94415039808233
      ],
      [
       116.35337915607406,
       39.94415398899534
      ]
     ]
    ]
   }
  },
  {
   "type": "Feature",
   "id": "BLD-026",
   "properties": {
    "id": "BLD-026",
    "layer": "BUILDING_FOOTPRINT",
    "source_type": "agent_generated_design",
    "confidence": "medium",
    "geometry_role": "design_proposal",
    "building_type": "mixed_use",
    "name_zh": "智能商业综合体",
    "design_note_zh": "概念建筑基底建议（非现状，非权属）",
    "area_sqm_declared": 3025.0
   },
   "geometry": {
    "type": "Polygon",
    "coordinates": [
     [
      [
       116.35460036337925,
       39.94416079375887
      ],
      [
       116.35459570915206,
       39.944656107971376
      ],
      [
       116.35395219495501,
       39.944652523773456
      ],
      [
       116.35395685382203,
       39.9441572096235
      ],
      [
       116.35460036337925,
       39.94416079375887
      ]
     ]
    ]
   }
  },
  {
   "type": "Feature",
   "id": "BLD-027",
   "properties": {
    "id": "BLD-027",
    "layer": "BUILDING_FOOTPRINT",
    "source_type": "agent_generated_design",
    "confidence": "medium",
    "geometry_role": "design_proposal",
    "building_type": "mixed_use",
    "name_zh": "智能商业综合体",
    "design_note_zh": "概念建筑基底建议（非现状，非权属）",
    "area_sqm_declared": 3025.0
   },
   "geometry": {
    "type": "Polygon",
    "coordinates": [
     [
      [
       116.35215044453464,
       39.944942817622135
      ],
      [
       116.35214577251156,
       39.94543813152802
      ],
      [
       116.35150225129931,
       39.94543453367377
      ],
      [
       116.35150692796239,
       39.94493921983066
      ],
      [
       116.35215044453464,
       39.944942817622135
      ]
     ]
    ]
   }
  },
  {
   "type": "Feature",
   "id": "BLD-028",
   "properties": {
    "id": "BLD-028",
    "layer": "BUILDING_FOOTPRINT",
    "source_type": "agent_generated_design",
    "confidence": "medium",
    "geometry_role": "design_proposal",
    "building_type": "mixed_use",
    "name_zh": "智能商业综合体",
    "design_note_zh": "概念建筑基底建议（非现状，非权属）",
    "area_sqm_declared": 3025.0
   },
   "geometry": {
    "type": "Polygon",
    "coordinates": [
     [
      [
       116.35337166556846,
       39.94494963543887
      ],
      [
       116.35336700235081,
       39.9454449494637
      ],
      [
       116.35272348091928,
       39.94544135838739
      ],
      [
       116.35272814877689,
       39.94494604442521
      ],
      [
       116.35337166556846,
       39.94494963543887
      ]
     ]
    ]
   }
  },
  {
   "type": "Feature",
   "id": "BLD-029",
   "properties": {
    "id": "BLD-029",
    "layer": "BUILDING_FOOTPRINT",
    "source_type": "agent_generated_design",
    "confidence": "medium",
    "geometry_role": "design_proposal",
    "building_type": "mixed_use",
    "name_zh": "智能商业综合体",
    "design_note_zh": "概念建筑基底建议（非现状，非权属）",
    "area_sqm_declared": 3025.0
   },
   "geometry": {
    "type": "Polygon",
    "coordinates": [
     [
      [
       116.34107011571568,
       39.949924680799526
      ],
      [
       116.34106536295124,
       39.950419993183544
      ],
      [
       116.34042179648138,
       39.950416333450654
      ],
      [
       116.34042655388693,
       39.94992102113048
      ],
      [
       116.34107011571568,
       39.949924680799526
      ]
     ]
    ]
   }
  },
  {
   "type": "Feature",
   "id": "BLD-030",
   "properties": {
    "id": "BLD-030",
    "layer": "BUILDING_FOOTPRINT",
    "source_type": "agent_generated_design",
    "confidence": "medium",
    "geometry_role": "design_proposal",
    "building_type": "mixed_use",
    "name_zh": "智能商业综合体",
    "design_note_zh": "概念建筑基底建议（非现状，非权属）",
    "area_sqm_declared": 3025.0
   },
   "geometry": {
    "type": "Polygon",
    "coordinates": [
     [
      [
       116.34211634050725,
       39.94993062262046
      ],
      [
       116.34211159528772,
       39.95042593510814
      ],
      [
       116.34146802862672,
       39.9504222811825
      ],
      [
       116.34147277848733,
       39.949926968758554
      ],
      [
       116.34211634050725,
       39.94993062262046
      ]
     ]
    ]
   }
  },
  {
   "type": "Feature",
   "id": "BLD-031",
   "properties": {
    "id": "BLD-031",
    "layer": "BUILDING_FOOTPRINT",
    "source_type": "agent_generated_design",
    "confidence": "medium",
    "geometry_role": "design_proposal",
    "building_type": "mixed_use",
    "name_zh": "智能商业综合体",
    "design_note_zh": "概念建筑基底建议（非现状，非权属）",
    "area_sqm_declared": 3025.0
   },
   "geometry": {
    "type": "Polygon",
    "coordinates": [
     [
      [
       116.34316256560913,
       39.949936555000804
      ],
      [
       116.34315782793455,
       39.95043186759201
      ],
      [
       116.34251426108271,
       39.95042821947362
      ],
      [
       116.34251900339838,
       39.949932906946074
      ],
      [
       116.34316256560913,
       39.949936555000804
      ]
     ]
    ]
   }
  },
  {
   "type": "Feature",
   "id": "BLD-032",
   "properties": {
    "id": "BLD-032",
    "layer": "BUILDING_FOOTPRINT",
    "source_type": "agent_generated_design",
    "confidence": "medium",
    "geometry_role": "design_proposal",
    "building_type": "mixed_use",
    "name_zh": "智能商业综合体",
    "design_note_zh": "概念建筑基底建议（非现状，非权属）",
    "area_sqm_declared": 3025.0
   },
   "geometry": {
    "type": "Polygon",
    "coordinates": [
     [
      [
       116.34420879102083,
       39.949942477940596
      ],
      [
       116.34420406089123,
       39.950437790635135
      ],
      [
       116.34356049384884,
       39.950434148324014
      ],
      [
       116.34356522861958,
       39.94993883569301
      ],
      [
       116.34420879102083,
       39.949942477940596
      ]
     ]
    ]
   }
  },
  {
   "type": "Feature",
   "id": "BLD-033",
   "properties": {
    "id": "BLD-033",
    "layer": "BUILDING_FOOTPRINT",
    "source_type": "agent_generated_design",
    "confidence": "medium",
    "geometry_role": "design_proposal",
    "building_type": "mixed_use",
    "name_zh": "智能商业综合体",
    "design_note_zh": "概念建筑基底建议（非现状，非权属）",
    "area_sqm_declared": 3025.0
   },
   "geometry": {
    "type": "Polygon",
    "coordinates": [
     [
      [
       116.34106254540744,
       39.95071361950275
      ],
      [
       116.34105779245566,
       39.95120893181843
      ],
      [
       116.34041421859315,
       39.95120527198383
      ],
      [
       116.34041897618621,
       39.95070995973201
      ],
      [
       116.34106254540744,
       39.95071361950275
      ]
     ]
    ]
   }
  },
  {
   "type": "Feature",
   "id": "BLD-034",
   "properties": {
    "id": "BLD-034",
    "layer": "BUILDING_FOOTPRINT",
    "source_type": "agent_generated_design",
    "confidence": "medium",
    "geometry_role": "design_proposal",
    "building_type": "ai_r_and_d",
    "name_zh": "AI研发办公",
    "design_note_zh": "概念建筑基底建议（非现状，非权属）",
    "area_sqm_declared": 3025.0
   },
   "geometry": {
    "type": "Polygon",
    "coordinates": [
     [
      [
       116.34560605093198,
       39.94995037344713
      ],
      [
       116.34560133087882,
       39.950445686279444
      ],
      [
       116.34495776358247,
       39.95044205172406
      ],
      [
       116.3449624882767,
       39.94994673895518
      ],
      [
       116.34560605093198,
       39.94995037344713
      ]
     ]
    ]
   }
  },
  {
   "type": "Feature",
   "id": "BLD-035",
   "properties": {
    "id": "BLD-035",
    "layer": "BUILDING_FOOTPRINT",
    "source_type": "agent_generated_design",
    "confidence": "medium",
    "geometry_role": "design_proposal",
    "building_type": "ai_r_and_d",
    "name_zh": "AI研发办公",
    "design_note_zh": "概念建筑基底建议（非现状，非权属）",
    "area_sqm_declared": 3025.0
   },
   "geometry": {
    "type": "Polygon",
    "coordinates": [
     [
      [
       116.34692979675285,
       39.94995783801133
      ],
      [
       116.34692508624607,
       39.95045315097387
      ],
      [
       116.34628151870957,
       39.95044952376619
      ],
      [
       116.3462862338575,
       39.949954210866935
      ],
      [
       116.34692979675285,
       39.94995783801133
      ]
     ]
    ]
   }
  },
  {
   "type": "Feature",
   "id": "BLD-036",
   "properties": {
    "id": "BLD-036",
    "layer": "BUILDING_FOOTPRINT",
    "source_type": "agent_generated_design",
    "confidence": "medium",
    "geometry_role": "design_proposal",
    "building_type": "ai_r_and_d",
    "name_zh": "AI研发办公",
    "design_note_zh": "概念建筑基底建议（非现状，非权属）",
    "area_sqm_declared": 3025.0
   },
   "geometry": {
    "type": "Polygon",
    "coordinates": [
     [
      [
       116.34559853272704,
       39.95073931286439
      ],
      [
       116.34559381248785,
       39.951234625628345
      ],
      [
       116.34495023779883,
       39.951230990971965
      ],
      [
       116.34495496267931,
       39.95073567827142
      ],
      [
       116.34559853272704,
       39.95073931286439
      ]
     ]
    ]
   }
  },
  {
   "type": "Feature",
   "id": "BLD-037",
   "properties": {
    "id": "BLD-037",
    "layer": "BUILDING_FOOTPRINT",
    "source_type": "agent_generated_design",
    "confidence": "medium",
    "geometry_role": "design_proposal",
    "building_type": "ai_r_and_d",
    "name_zh": "AI研发办公",
    "design_note_zh": "概念建筑基底建议（非现状，非权属）",
    "area_sqm_declared": 3025.0
   },
   "geometry": {
    "type": "Polygon",
    "coordinates": [
     [
      [
       116.34692229375354,
       39.95074677763603
      ],
      [
       116.34691758306107,
       39.951242090530236
      ],
      [
       116.34627400813193,
       39.95123846322175
      ],
      [
       116.34627872346569,
       39.95074315039083
      ],
      [
       116.34692229375354,
       39.95074677763603
      ]
     ]
    ]
   }
  },
  {
   "type": "Feature",
   "id": "BLD-038",
   "properties": {
    "id": "BLD-038",
    "layer": "BUILDING_FOOTPRINT",
    "source_type": "agent_generated_design",
    "confidence": "medium",
    "geometry_role": "design_proposal",
    "building_type": "ai_r_and_d",
    "name_zh": "AI研发办公",
    "design_note_zh": "概念建筑基底建议（非现状，非权属）",
    "area_sqm_declared": 3025.0
   },
   "geometry": {
    "type": "Polygon",
    "coordinates": [
     [
      [
       116.34559101422576,
       39.9515282521728
      ],
      [
       116.34558629380052,
       39.95202356486839
      ],
      [
       116.34494271171856,
       39.95201993011099
      ],
      [
       116.34494743678528,
       39.95152461747881
      ],
      [
       116.34559101422576,
       39.9515282521728
      ]
     ]
    ]
   }
  },
  {
   "type": "Feature",
   "id": "BLD-039",
   "properties": {
    "id": "BLD-039",
    "layer": "BUILDING_FOOTPRINT",
    "source_type": "agent_generated_design",
    "confidence": "medium",
    "geometry_role": "design_proposal",
    "building_type": "ai_r_and_d",
    "name_zh": "AI研发办公",
    "design_note_zh": "概念建筑基底建议（非现状，非权属）",
    "area_sqm_declared": 3025.0
   },
   "geometry": {
    "type": "Polygon",
    "coordinates": [
     [
      [
       116.3469147904585,
       39.95153571715189
      ],
      [
       116.34691007958037,
       39.95203102997774
      ],
      [
       116.34626649725823,
       39.95202740256845
      ],
      [
       116.34627121277786,
       39.95153208980589
      ],
      [
       116.3469147904585,
       39.95153571715189
      ]
     ]
    ]
   }
  },
  {
   "type": "Feature",
   "id": "BLD-040",
   "properties": {
    "id": "BLD-040",
    "layer": "BUILDING_FOOTPRINT",
    "source_type": "agent_generated_design",
    "confidence": "medium",
    "geometry_role": "design_proposal",
    "building_type": "talent_apartment",
    "name_zh": "人才社区",
    "design_note_zh": "概念建筑基底建议（非现状，非权属）",
    "area_sqm_declared": 3025.0
   },
   "geometry": {
    "type": "Polygon",
    "coordinates": [
     [
      [
       116.35210286140153,
       39.94998686381315
      ],
      [
       116.35209818820097,
       39.95048217728213
      ],
      [
       116.35145461973073,
       39.95047857878856
      ],
      [
       116.35145929757248,
       39.94998326538236
      ],
      [
       116.35210286140153,
       39.94998686381315
      ]
     ]
    ]
   }
  },
  {
   "type": "Feature",
   "id": "BLD-041",
   "properties": {
    "id": "BLD-041",
    "layer": "BUILDING_FOOTPRINT",
    "source_type": "agent_generated_design",
    "confidence": "medium",
    "geometry_role": "design_proposal",
    "building_type": "talent_apartment",
    "name_zh": "人才社区",
    "design_note_zh": "概念建筑基底建议（非现状，非权属）",
    "area_sqm_declared": 3025.0
   },
   "geometry": {
    "type": "Polygon",
    "coordinates": [
     [
      [
       116.35334970765382,
       39.9499938252784
      ],
      [
       116.35334504344509,
       39.95048913886883
      ],
      [
       116.3527014747509,
       39.95048554729614
      ],
      [
       116.35270614360083,
       39.94999023376837
      ],
      [
       116.35334970765382,
       39.9499938252784
      ]
     ]
    ]
   }
  },
  {
   "type": "Feature",
   "id": "BLD-042",
   "properties": {
    "id": "BLD-042",
    "layer": "BUILDING_FOOTPRINT",
    "source_type": "agent_generated_design",
    "confidence": "medium",
    "geometry_role": "design_proposal",
    "building_type": "talent_apartment",
    "name_zh": "人才社区",
    "design_note_zh": "概念建筑基底建议（非现状，非权属）",
    "area_sqm_declared": 3025.0
   },
   "geometry": {
    "type": "Polygon",
    "coordinates": [
     [
      [
       116.35459655433935,
       39.9500007733353
      ],
      [
       116.35459189912243,
       39.95049608704696
      ],
      [
       116.35394833020473,
       39.95049250239515
      ],
      [
       116.35395299006282,
       39.949997188746025
      ],
      [
       116.35459655433935,
       39.9500007733353
      ]
     ]
    ]
   }
  },
  {
   "type": "Feature",
   "id": "BLD-043",
   "properties": {
    "id": "BLD-043",
    "layer": "BUILDING_FOOTPRINT",
    "source_type": "agent_generated_design",
    "confidence": "medium",
    "geometry_role": "design_proposal",
    "building_type": "talent_apartment",
    "name_zh": "人才社区",
    "design_note_zh": "概念建筑基底建议（非现状，非权属）",
    "area_sqm_declared": 3025.0
   },
   "geometry": {
    "type": "Polygon",
    "coordinates": [
     [
      [
       116.35209541782442,
       39.950775804244515
      ],
      [
       116.35209074443965,
       39.95127111764516
      ],
      [
       116.35144716857671,
       39.951267519051584
      ],
      [
       116.3514518466028,
       39.95077220571373
      ],
      [
       116.35209541782442,
       39.950775804244515
      ]
     ]
    ]
   }
  },
  {
   "type": "Feature",
   "id": "BLD-044",
   "properties": {
    "id": "BLD-044",
    "layer": "BUILDING_FOOTPRINT",
    "source_type": "agent_generated_design",
    "confidence": "medium",
    "geometry_role": "design_proposal",
    "building_type": "talent_apartment",
    "name_zh": "人才社区",
    "design_note_zh": "概念建筑基底建议（非现状，非权属）",
    "area_sqm_declared": 3025.0
   },
   "geometry": {
    "type": "Polygon",
    "coordinates": [
     [
      [
       116.34086465954047,
       39.958083510089075
      ],
      [
       116.34085990392092,
       39.958578821753434
      ],
      [
       116.34021626100238,
       39.95857516026266
      ],
      [
       116.34022102126494,
       39.95807984866219
      ],
      [
       116.34086465954047,
       39.958083510089075
      ]
     ]
    ]
   }
  },
  {
   "type": "Feature",
   "id": "BLD-045",
   "properties": {
    "id": "BLD-045",
    "layer": "BUILDING_FOOTPRINT",
    "source_type": "agent_generated_design",
    "confidence": "medium",
    "geometry_role": "design_proposal",
    "building_type": "talent_apartment",
    "name_zh": "人才社区",
    "design_note_zh": "概念建筑基底建议（非现状，非权属）",
    "area_sqm_declared": 3025.0
   },
   "geometry": {
    "type": "Polygon",
    "coordinates": [
     [
      [
       116.34194279517881,
       39.95808963520834
      ],
      [
       116.34193804733657,
       39.95858494697957
      ],
      [
       116.34129440422096,
       39.95858129147418
      ],
      [
       116.34129915670621,
       39.958085979766736
      ],
      [
       116.34194279517881,
       39.95808963520834
      ]
     ]
    ]
   }
  },
  {
   "type": "Feature",
   "id": "BLD-046",
   "properties": {
    "id": "BLD-046",
    "layer": "BUILDING_FOOTPRINT",
    "source_type": "agent_generated_design",
    "confidence": "medium",
    "geometry_role": "design_proposal",
    "building_type": "talent_apartment",
    "name_zh": "人才社区",
    "design_note_zh": "概念建筑基底建议（非现状，非权属）",
    "area_sqm_declared": 3025.0
   },
   "geometry": {
    "type": "Polygon",
    "coordinates": [
     [
      [
       116.34302093114682,
       39.95809575030188
      ],
      [
       116.3430161910819,
       39.958591062179785
      ],
      [
       116.34237254776956,
       39.958587412659796
      ],
      [
       116.34237729247747,
       39.95809210084555
      ],
      [
       116.34302093114682,
       39.95809575030188
      ]
     ]
    ]
   }
  },
  {
   "type": "Feature",
   "id": "BLD-047",
   "properties": {
    "id": "BLD-047",
    "layer": "BUILDING_FOOTPRINT",
    "source_type": "agent_generated_design",
    "confidence": "medium",
    "geometry_role": "design_proposal",
    "building_type": "talent_apartment",
    "name_zh": "人才社区",
    "design_note_zh": "概念建筑基底建议（非现状，非权属）",
    "area_sqm_declared": 3025.0
   },
   "geometry": {
    "type": "Polygon",
    "coordinates": [
     [
      [
       116.34409906744396,
       39.95810185536966
      ],
      [
       116.34409433515637,
       39.958597167354085
      ],
      [
       116.34345069164759,
       39.958593523819495
      ],
      [
       116.34345542857818,
       39.95809821189863
      ],
      [
       116.34409906744396,
       39.95810185536966
      ]
     ]
    ]
   }
  },
  {
   "type": "Feature",
   "id": "BLD-048",
   "properties": {
    "id": "BLD-048",
    "layer": "BUILDING_FOOTPRINT",
    "source_type": "agent_generated_design",
    "confidence": "medium",
    "geometry_role": "design_proposal",
    "building_type": "ai_r_and_d",
    "name_zh": "AI研发办公",
    "design_note_zh": "概念建筑基底建议（非现状，非权属）",
    "area_sqm_declared": 3025.0
   },
   "geometry": {
    "type": "Polygon",
    "coordinates": [
     [
      [
       116.34552827997089,
       39.95810993298877
      ],
      [
       116.34552355799318,
       39.95860524511412
      ],
      [
       116.3448799142245,
       39.95860160951397
      ],
      [
       116.34488464084525,
       39.95810629745204
      ],
      [
       116.34552827997089,
       39.95810993298877
      ]
     ]
    ]
   }
  },
  {
   "type": "Feature",
   "id": "BLD-049",
   "properties": {
    "id": "BLD-049",
    "layer": "BUILDING_FOOTPRINT",
    "source_type": "agent_generated_design",
    "confidence": "medium",
    "geometry_role": "design_proposal",
    "building_type": "ai_r_and_d",
    "name_zh": "AI研发办公",
    "design_note_zh": "概念建筑基底建议（非现状，非权属）",
    "area_sqm_declared": 3025.0
   },
   "geometry": {
    "type": "Polygon",
    "coordinates": [
     [
      [
       116.34685218308408,
       39.9581173996987
      ],
      [
       116.34684747065658,
       39.958612711954316
      ],
      [
       116.3462038266477,
       39.958609083703976
      ],
      [
       116.34620854371819,
       39.95811377151166
      ],
      [
       116.34685218308408,
       39.9581173996987
      ]
     ]
    ]
   }
  },
  {
   "type": "Feature",
   "id": "BLD-050",
   "properties": {
    "id": "BLD-050",
    "layer": "BUILDING_FOOTPRINT",
    "source_type": "agent_generated_design",
    "confidence": "medium",
    "geometry_role": "design_proposal",
    "building_type": "ai_r_and_d",
    "name_zh": "AI研发办公",
    "design_note_zh": "概念建筑基底建议（非现状，非权属）",
    "area_sqm_declared": 3025.0
   },
   "geometry": {
    "type": "Polygon",
    "coordinates": [
     [
      [
       116.34552026063001,
       39.958951114922044
      ],
      [
       116.34551553845385,
       39.959446426974516
      ],
      [
       116.34487188679975,
       39.959442791266646
      ],
      [
       116.34487661361914,
       39.9589474792776
      ],
      [
       116.34552026063001,
       39.958951114922044
      ]
     ]
    ]
   }
  },
  {
   "type": "Feature",
   "id": "BLD-051",
   "properties": {
    "id": "BLD-051",
    "layer": "BUILDING_FOOTPRINT",
    "source_type": "agent_generated_design",
    "confidence": "medium",
    "geometry_role": "design_proposal",
    "building_type": "ai_r_and_d",
    "name_zh": "AI研发办公",
    "design_note_zh": "概念建筑基底建议（非现状，非权属）",
    "area_sqm_declared": 3025.0
   },
   "geometry": {
    "type": "Polygon",
    "coordinates": [
     [
      [
       116.34684417996237,
       39.95895858185322
      ],
      [
       116.34683946733685,
       39.95945389403596
      ],
      [
       116.3461958154425,
       39.959450265678115
      ],
      [
       116.34620053271124,
       39.958954953558674
      ],
      [
       116.34684417996237,
       39.95895858185322
      ]
     ]
    ]
   }
  },
  {
   "type": "Feature",
   "id": "BLD-052",
   "properties": {
    "id": "BLD-052",
    "layer": "BUILDING_FOOTPRINT",
    "source_type": "agent_generated_design",
    "confidence": "medium",
    "geometry_role": "design_proposal",
    "building_type": "ai_r_and_d",
    "name_zh": "AI研发办公",
    "design_note_zh": "概念建筑基底建议（非现状，非权属）",
    "area_sqm_declared": 3025.0
   },
   "geometry": {
    "type": "Polygon",
    "coordinates": [
     [
      [
       116.34551224095209,
       39.95979229673154
      ],
      [
       116.34550751857746,
       39.96028760871113
      ],
      [
       116.3448638590376,
       39.960283972895525
      ],
      [
       116.34486858605565,
       39.95978866097937
      ],
      [
       116.34551224095209,
       39.95979229673154
      ]
     ]
    ]
   }
  },
  {
   "type": "Feature",
   "id": "BLD-053",
   "properties": {
    "id": "BLD-053",
    "layer": "BUILDING_FOOTPRINT",
    "source_type": "agent_generated_design",
    "confidence": "medium",
    "geometry_role": "design_proposal",
    "building_type": "ai_r_and_d",
    "name_zh": "AI研发办公",
    "design_note_zh": "概念建筑基底建议（非现状，非权属）",
    "area_sqm_declared": 3025.0
   },
   "geometry": {
    "type": "Polygon",
    "coordinates": [
     [
      [
       116.3468361765043,
       39.95979976388396
      ],
      [
       116.3468314636807,
       39.96029507599383
      ],
      [
       116.34618780390059,
       39.96029144752847
      ],
      [
       116.34619252136758,
       39.95979613548191
      ],
      [
       116.3468361765043,
       39.95979976388396
      ]
     ]
    ]
   }
  },
  {
   "type": "Feature",
   "id": "BLD-054",
   "properties": {
    "id": "BLD-054",
    "layer": "BUILDING_FOOTPRINT",
    "source_type": "agent_generated_design",
    "confidence": "medium",
    "geometry_role": "design_proposal",
    "building_type": "talent_apartment",
    "name_zh": "人才社区",
    "design_note_zh": "概念建筑基底建议（非现状，非权属）",
    "area_sqm_declared": 3025.0
   },
   "geometry": {
    "type": "Polygon",
    "coordinates": [
     [
      [
       116.35202586241672,
       39.95814643384422
      ],
      [
       116.3520211873107,
       39.958641746606396
      ],
      [
       116.35137754236764,
       39.95863814707841
      ],
      [
       116.35138222211671,
       39.95814283437903
      ],
      [
       116.35202586241672,
       39.95814643384422
      ]
     ]
    ]
   }
  },
  {
   "type": "Feature",
   "id": "BLD-055",
   "properties": {
    "id": "BLD-055",
    "layer": "BUILDING_FOOTPRINT",
    "source_type": "agent_generated_design",
    "confidence": "medium",
    "geometry_role": "design_proposal",
    "building_type": "talent_apartment",
    "name_zh": "人才社区",
    "design_note_zh": "概念建筑基底建议（非现状，非权属）",
    "area_sqm_declared": 3025.0
   },
   "geometry": {
    "type": "Polygon",
    "coordinates": [
     [
      [
       116.35329467230963,
       39.95815351901322
      ],
      [
       116.35329000635645,
       39.958648831899026
      ],
      [
       116.35264636118544,
       39.95864523941501
      ],
      [
       116.35265103178166,
       39.958149926591894
      ],
      [
       116.35329467230963,
       39.95815351901322
      ]
     ]
    ]
   }
  },
  {
   "type": "Feature",
   "id": "BLD-056",
   "properties": {
    "id": "BLD-056",
    "layer": "BUILDING_FOOTPRINT",
    "source_type": "agent_generated_design",
    "confidence": "medium",
    "geometry_role": "design_proposal",
    "building_type": "talent_apartment",
    "name_zh": "人才社区",
    "design_note_zh": "概念建筑基底建议（非现状，非权属）",
    "area_sqm_declared": 3025.0
   },
   "geometry": {
    "type": "Polygon",
    "coordinates": [
     [
      [
       116.35456348265124,
       39.95816059029665
      ],
      [
       116.35455882585094,
       39.958655903305825
      ],
      [
       116.3539151804524,
       39.9586523178658
      ],
      [
       116.35391984189576,
       39.95815700491919
      ],
      [
       116.35456348265124,
       39.95816059029665
      ]
     ]
    ]
   }
  },
  {
   "type": "Feature",
   "id": "BLD-057",
   "properties": {
    "id": "BLD-057",
    "layer": "BUILDING_FOOTPRINT",
    "source_type": "agent_generated_design",
    "confidence": "medium",
    "geometry_role": "design_proposal",
    "building_type": "talent_apartment",
    "name_zh": "人才社区",
    "design_note_zh": "概念建筑基底建议（非现状，非权属）",
    "area_sqm_declared": 3025.0
   },
   "geometry": {
    "type": "Polygon",
    "coordinates": [
     [
      [
       116.35201792267804,
       39.958987616859
      ],
      [
       116.35201324737554,
       39.95948292954831
      ],
      [
       116.351369594547,
       39.95947932991368
      ],
      [
       116.35137427449276,
       39.958984017287165
      ],
      [
       116.35201792267804,
       39.958987616859
      ]
     ]
    ]
   }
  },
  {
   "type": "Feature",
   "id": "BLD-058",
   "properties": {
    "id": "BLD-058",
    "layer": "BUILDING_FOOTPRINT",
    "source_type": "agent_generated_design",
    "confidence": "medium",
    "geometry_role": "design_proposal",
    "building_type": "talent_apartment",
    "name_zh": "人才社区",
    "design_note_zh": "概念建筑基底建议（非现状，非权属）",
    "area_sqm_declared": 3025.0
   },
   "geometry": {
    "type": "Polygon",
    "coordinates": [
     [
      [
       116.34173944673012,
       39.96508847856166
      ],
      [
       116.3417346962441,
       39.96558378971284
      ],
      [
       116.3410909875275,
       39.965580132549626
      ],
      [
       116.34109574265814,
       39.96508482146225
      ],
      [
       116.34173944673012,
       39.96508847856166
      ]
     ]
    ]
   }
  },
  {
   "type": "Feature",
   "id": "BLD-059",
   "properties": {
    "id": "BLD-059",
    "layer": "BUILDING_FOOTPRINT",
    "source_type": "agent_generated_design",
    "confidence": "medium",
    "geometry_role": "design_proposal",
    "building_type": "talent_apartment",
    "name_zh": "人才社区",
    "design_note_zh": "概念建筑基底建议（非现状，非权属）",
    "area_sqm_declared": 3025.0
   },
   "geometry": {
    "type": "Polygon",
    "coordinates": [
     [
      [
       116.34286310667386,
       39.96509485388544
      ],
      [
       116.34285836429557,
       39.96559016514784
      ],
      [
       116.3422146553738,
       39.96558651422365
      ],
      [
       116.34221940239672,
       39.96509120302494
      ],
      [
       116.34286310667386,
       39.96509485388544
      ]
     ]
    ]
   }
  },
  {
   "type": "Feature",
   "id": "BLD-060",
   "properties": {
    "id": "BLD-060",
    "layer": "BUILDING_FOOTPRINT",
    "source_type": "agent_generated_design",
    "confidence": "medium",
    "geometry_role": "design_proposal",
    "building_type": "talent_apartment",
    "name_zh": "人才社区",
    "design_note_zh": "概念建筑基底建议（非现状，非权属）",
    "area_sqm_declared": 3025.0
   },
   "geometry": {
    "type": "Polygon",
    "coordinates": [
     [
      [
       116.34398676697522,
       39.965101218318466
      ],
      [
       116.34398203270463,
       39.965596529691894
      ],
      [
       116.3433383235781,
       39.965592885006735
      ],
      [
       116.34334306249328,
       39.965097573696895
      ],
      [
       116.34398676697522,
       39.965101218318466
      ]
     ]
    ]
   }
  },
  {
   "type": "Feature",
   "id": "BLD-061",
   "properties": {
    "id": "BLD-061",
    "layer": "BUILDING_FOOTPRINT",
    "source_type": "agent_generated_design",
    "confidence": "medium",
    "geometry_role": "design_proposal",
    "building_type": "talent_apartment",
    "name_zh": "人才社区",
    "design_note_zh": "概念建筑基底建议（非现状，非权属）",
    "area_sqm_declared": 3025.0
   },
   "geometry": {
    "type": "Polygon",
    "coordinates": [
     [
      [
       116.34060799774687,
       39.965892866370126
      ],
      [
       116.34060323896037,
       39.966388177339624
      ],
      [
       116.33995952284624,
       39.96638451383278
      ],
      [
       116.33996428627758,
       39.96588920292719
      ],
      [
       116.34060799774687,
       39.965892866370126
      ]
     ]
    ]
   }
  },
  {
   "type": "Feature",
   "id": "BLD-062",
   "properties": {
    "id": "BLD-062",
    "layer": "BUILDING_FOOTPRINT",
    "source_type": "agent_generated_design",
    "confidence": "medium",
    "geometry_role": "design_proposal",
    "building_type": "ai_r_and_d",
    "name_zh": "AI研发办公",
    "design_note_zh": "概念建筑基底建议（非现状，非权属）",
    "area_sqm_declared": 3025.0
   },
   "geometry": {
    "type": "Polygon",
    "coordinates": [
     [
      [
       116.34546153933,
       39.96510955492666
      ],
      [
       116.34545681570062,
       39.96560486644554
      ],
      [
       116.3448131063058,
       39.965601229948945
      ],
      [
       116.34481783457981,
       39.9651059184935
      ],
      [
       116.34546153933,
       39.96510955492666
      ]
     ]
    ]
   }
  },
  {
   "type": "Feature",
   "id": "BLD-063",
   "properties": {
    "id": "BLD-063",
    "layer": "BUILDING_FOOTPRINT",
    "source_type": "agent_generated_design",
    "confidence": "medium",
    "geometry_role": "design_proposal",
    "building_type": "ai_r_and_d",
    "name_zh": "AI研发办公",
    "design_note_zh": "概念建筑基底建议（非现状，非权属）",
    "area_sqm_declared": 3025.0
   },
   "geometry": {
    "type": "Polygon",
    "coordinates": [
     [
      [
       116.34678557742657,
       39.96511702347772
      ],
      [
       116.34678086335076,
       39.96561233512689
      ],
      [
       116.34613715371563,
       39.9656087059819
      ],
      [
       116.34614187243606,
       39.96511339439605
      ],
      [
       116.34678557742657,
       39.96511702347772
      ]
     ]
    ]
   }
  },
  {
   "type": "Feature",
   "id": "BLD-064",
   "properties": {
    "id": "BLD-064",
    "layer": "BUILDING_FOOTPRINT",
    "source_type": "agent_generated_design",
    "confidence": "medium",
    "geometry_role": "design_proposal",
    "building_type": "ai_r_and_d",
    "name_zh": "AI研发办公",
    "design_note_zh": "概念建筑基底建议（非现状，非权属）",
    "area_sqm_declared": 3025.0
   },
   "geometry": {
    "type": "Polygon",
    "coordinates": [
     [
      [
       116.3454538071658,
       39.96592032973391
      ],
      [
       116.34544908334507,
       39.966415641182536
      ],
      [
       116.34480536634719,
       39.966412004582075
      ],
      [
       116.34481009481277,
       39.965916693196895
      ],
      [
       116.3454538071658,
       39.96592032973391
      ]
     ]
    ]
   }
  },
  {
   "type": "Feature",
   "id": "BLD-065",
   "properties": {
    "id": "BLD-065",
    "layer": "BUILDING_FOOTPRINT",
    "source_type": "agent_generated_design",
    "confidence": "medium",
    "geometry_role": "design_proposal",
    "building_type": "ai_r_and_d",
    "name_zh": "AI研发办公",
    "design_note_zh": "概念建筑基底建议（非现状，非权属）",
    "area_sqm_declared": 3025.0
   },
   "geometry": {
    "type": "Polygon",
    "coordinates": [
     [
      [
       116.34677786090073,
       39.96592779849824
      ],
      [
       116.34677314663395,
       39.96642311007717
      ],
      [
       116.34612942939575,
       39.96641948082854
      ],
      [
       116.34613414830736,
       39.96592416931294
      ],
      [
       116.34677786090073,
       39.96592779849824
      ]
     ]
    ]
   }
  },
  {
   "type": "Feature",
   "id": "BLD-066",
   "properties": {
    "id": "BLD-066",
    "layer": "BUILDING_FOOTPRINT",
    "source_type": "agent_generated_design",
    "confidence": "medium",
    "geometry_role": "design_proposal",
    "building_type": "ai_r_and_d",
    "name_zh": "AI研发办公",
    "design_note_zh": "概念建筑基底建议（非现状，非权属）",
    "area_sqm_declared": 3025.0
   },
   "geometry": {
    "type": "Polygon",
    "coordinates": [
     [
      [
       116.34544607468838,
       39.96673110442617
      ],
      [
       116.34544135067625,
       39.96722641580454
      ],
      [
       116.34479762607504,
       39.96722277910023
      ],
      [
       116.34480235473217,
       39.96672746778531
      ],
      [
       116.34544607468838,
       39.96673110442617
      ]
     ]
    ]
   }
  },
  {
   "type": "Feature",
   "id": "BLD-067",
   "properties": {
    "id": "BLD-067",
    "layer": "BUILDING_FOOTPRINT",
    "source_type": "agent_generated_design",
    "confidence": "medium",
    "geometry_role": "design_proposal",
    "building_type": "ai_r_and_d",
    "name_zh": "AI研发办公",
    "design_note_zh": "概念建筑基底建议（非现状，非权属）",
    "area_sqm_declared": 3025.0
   },
   "geometry": {
    "type": "Polygon",
    "coordinates": [
     [
      [
       116.3467701440623,
       39.96673857340379
      ],
      [
       116.34676542960455,
       39.96723388491247
      ],
      [
       116.34612170476295,
       39.967230255560196
      ],
      [
       116.34612642386574,
       39.96673494411484
      ],
      [
       116.3467701440623,
       39.96673857340379
      ]
     ]
    ]
   }
  },
  {
   "type": "Feature",
   "id": "BLD-068",
   "properties": {
    "id": "BLD-068",
    "layer": "BUILDING_FOOTPRINT",
    "source_type": "agent_generated_design",
    "confidence": "medium",
    "geometry_role": "design_proposal",
    "building_type": "education",
    "name_zh": "教育科研配套",
    "design_note_zh": "概念建筑基底建议（非现状，非权属）",
    "area_sqm_declared": 3025.0
   },
   "geometry": {
    "type": "Polygon",
    "coordinates": [
     [
      [
       116.35195978426204,
       39.965146064782374
      ],
      [
       116.35195510752072,
       39.965641376938194
      ],
      [
       116.35131139695105,
       39.965637776522655
      ],
      [
       116.35131607833704,
       39.96514246442964
      ],
      [
       116.35195978426204,
       39.965146064782374
      ]
     ]
    ]
   }
  },
  {
   "type": "Feature",
   "id": "BLD-069",
   "properties": {
    "id": "BLD-069",
    "layer": "BUILDING_FOOTPRINT",
    "source_type": "agent_generated_design",
    "confidence": "medium",
    "geometry_role": "design_proposal",
    "building_type": "education",
    "name_zh": "教育科研配套",
    "design_note_zh": "概念建筑基底建议（非现状，非权属）",
    "area_sqm_declared": 3025.0
   },
   "geometry": {
    "type": "Polygon",
    "coordinates": [
     [
      [
       116.35322802758594,
       39.96515314781548
      ],
      [
       116.35322335999565,
       39.96564846009488
      ],
      [
       116.35257964919806,
       39.965644866721185
      ],
      [
       116.35258432143301,
       39.965149554504485
      ],
      [
       116.35322802758594,
       39.96515314781548
      ]
     ]
    ]
   }
  },
  {
   "type": "Feature",
   "id": "BLD-070",
   "properties": {
    "id": "BLD-070",
    "layer": "BUILDING_FOOTPRINT",
    "source_type": "agent_generated_design",
    "confidence": "medium",
    "geometry_role": "design_proposal",
    "building_type": "education",
    "name_zh": "教育科研配套",
    "design_note_zh": "概念建筑基底建议（非现状，非权属）",
    "area_sqm_declared": 3025.0
   },
   "geometry": {
    "type": "Polygon",
    "coordinates": [
     [
      [
       116.35449627135827,
       39.96516021697482
      ],
      [
       116.354491612919,
       39.96565552937756
      ],
      [
       116.35384790189393,
       39.96565194304572
      ],
      [
       116.35385256497786,
       39.965156630705565
      ],
      [
       116.35449627135827,
       39.96516021697482
      ]
     ]
    ]
   }
  },
  {
   "type": "Feature",
   "id": "BLD-071",
   "properties": {
    "id": "BLD-071",
    "layer": "BUILDING_FOOTPRINT",
    "source_type": "agent_generated_design",
    "confidence": "medium",
    "geometry_role": "design_proposal",
    "building_type": "education",
    "name_zh": "教育科研配套",
    "design_note_zh": "概念建筑基底建议（非现状，非权属）",
    "area_sqm_declared": 3025.0
   },
   "geometry": {
    "type": "Polygon",
    "coordinates": [
     [
      [
       116.35195212884946,
       39.965956840632245
      ],
      [
       116.35194745191866,
       39.96645215271783
      ],
      [
       116.3513037337459,
       39.96644855219947
      ],
      [
       116.35130841532154,
       39.9659532401767
      ],
      [
       116.35195212884946,
       39.965956840632245
      ]
     ]
    ]
   }
  },
  {
   "type": "Feature",
   "id": "BLD-072",
   "properties": {
    "id": "BLD-072",
    "layer": "BUILDING_FOOTPRINT",
    "source_type": "agent_generated_design",
    "confidence": "medium",
    "geometry_role": "design_proposal",
    "building_type": "education",
    "name_zh": "教育科研配套",
    "design_note_zh": "概念建筑基底建议（非现状，非权属）",
    "area_sqm_declared": 3025.0
   },
   "geometry": {
    "type": "Polygon",
    "coordinates": [
     [
      [
       116.34051863900787,
       39.97508153621784
      ],
      [
       116.34051387802836,
       39.9755768463909
      ],
      [
       116.33987007572632,
       39.975573181692354
      ],
      [
       116.33987484135277,
       39.97507787158321
      ],
      [
       116.34051863900787,
       39.97508153621784
      ]
     ]
    ]
   }
  },
  {
   "type": "Feature",
   "id": "BLD-073",
   "properties": {
    "id": "BLD-073",
    "layer": "BUILDING_FOOTPRINT",
    "source_type": "agent_generated_design",
    "confidence": "medium",
    "geometry_role": "design_proposal",
    "building_type": "education",
    "name_zh": "教育科研配套",
    "design_note_zh": "概念建筑基底建议（非现状，非权属）",
    "area_sqm_declared": 3025.0
   },
   "geometry": {
    "type": "Polygon",
    "coordinates": [
     [
      [
       116.3416427267349,
       39.975087926194014
      ],
      [
       116.34163797386907,
       39.97558323647856
      ],
      [
       116.34099417136139,
       39.975579578022696
      ],
      [
       116.34099892887417,
       39.975084267801975
      ],
      [
       116.3416427267349,
       39.975087926194014
      ]
     ]
    ]
   }
  },
  {
   "type": "Feature",
   "id": "BLD-074",
   "properties": {
    "id": "BLD-074",
    "layer": "BUILDING_FOOTPRINT",
    "source_type": "agent_generated_design",
    "confidence": "medium",
    "geometry_role": "design_proposal",
    "building_type": "education",
    "name_zh": "教育科研配套",
    "design_note_zh": "概念建筑基底建议（非现状，非权属）",
    "area_sqm_declared": 3025.0
   },
   "geometry": {
    "type": "Polygon",
    "coordinates": [
     [
      [
       116.34276681482056,
       39.97509430527049
      ],
      [
       116.34276207006843,
       39.975589615666316
      ],
      [
       116.3421182673554,
       39.97558596345314
      ],
      [
       116.34212301675451,
       39.975090653121036
      ],
      [
       116.34276681482056,
       39.97509430527049
      ]
     ]
    ]
   }
  },
  {
   "type": "Feature",
   "id": "BLD-075",
   "properties": {
    "id": "BLD-075",
    "layer": "BUILDING_FOOTPRINT",
    "source_type": "agent_generated_design",
    "confidence": "medium",
    "geometry_role": "design_proposal",
    "building_type": "education",
    "name_zh": "教育科研配套",
    "design_note_zh": "概念建筑基底建议（非现状，非权属）",
    "area_sqm_declared": 3025.0
   },
   "geometry": {
    "type": "Polygon",
    "coordinates": [
     [
      [
       116.34389090326422,
       39.97510067344725
      ],
      [
       116.34388616662577,
       39.97559598395417
      ],
      [
       116.34324236370782,
       39.975592337983684
      ],
      [
       116.3432471049932,
       39.97509702754038
      ],
      [
       116.34389090326422,
       39.97510067344725
      ]
     ]
    ]
   }
  },
  {
   "type": "Feature",
   "id": "BLD-076",
   "properties": {
    "id": "BLD-076",
    "layer": "BUILDING_FOOTPRINT",
    "source_type": "agent_generated_design",
    "confidence": "medium",
    "geometry_role": "design_proposal",
    "building_type": "ai_r_and_d",
    "name_zh": "AI研发办公",
    "design_note_zh": "概念建筑基底建议（非现状，非权属）",
    "area_sqm_declared": 3025.0
   },
   "geometry": {
    "type": "Polygon",
    "coordinates": [
     [
      [
       116.34536615491946,
       39.97510901448876
      ],
      [
       116.34536142892942,
       39.97560432514118
      ],
      [
       116.344717625743,
       39.97560068736361
      ],
      [
       116.34472235637999,
       39.97510537677466
      ],
      [
       116.34536615491946,
       39.97510901448876
      ]
     ]
    ]
   }
  },
  {
   "type": "Feature",
   "id": "BLD-077",
   "properties": {
    "id": "BLD-077",
    "layer": "BUILDING_FOOTPRINT",
    "source_type": "agent_generated_design",
    "confidence": "medium",
    "geometry_role": "design_proposal",
    "building_type": "ai_r_and_d",
    "name_zh": "AI研发办公",
    "design_note_zh": "概念建筑基底建议（非现状，非权属）",
    "area_sqm_declared": 3025.0
   },
   "geometry": {
    "type": "Polygon",
    "coordinates": [
     [
      [
       116.34669038593167,
       39.975116485670625
      ],
      [
       116.34668566949995,
       39.97561179645337
      ],
      [
       116.34604186607307,
       39.97560816603002
      ],
      [
       116.34604658715172,
       39.97511285531059
      ],
      [
       116.34669038593167,
       39.975116485670625
      ]
     ]
    ]
   }
  },
  {
   "type": "Feature",
   "id": "BLD-078",
   "properties": {
    "id": "BLD-078",
    "layer": "BUILDING_FOOTPRINT",
    "source_type": "agent_generated_design",
    "confidence": "medium",
    "geometry_role": "design_proposal",
    "building_type": "ai_r_and_d",
    "name_zh": "AI研发办公",
    "design_note_zh": "概念建筑基底建议（非现状，非权属）",
    "area_sqm_declared": 3025.0
   },
   "geometry": {
    "type": "Polygon",
    "coordinates": [
     [
      [
       116.3453583028228,
       39.975931952146084
      ],
      [
       116.34535357663842,
       39.976427262727185
      ],
      [
       116.34470976573101,
       39.97642362484419
      ],
      [
       116.34471449656255,
       39.97592831432654
      ],
      [
       116.3453583028228,
       39.975931952146084
      ]
     ]
    ]
   }
  },
  {
   "type": "Feature",
   "id": "BLD-079",
   "properties": {
    "id": "BLD-079",
    "layer": "BUILDING_FOOTPRINT",
    "source_type": "agent_generated_design",
    "confidence": "medium",
    "geometry_role": "design_proposal",
    "building_type": "ai_r_and_d",
    "name_zh": "AI研发办公",
    "design_note_zh": "概念建筑基底建议（非现状，非权属）",
    "area_sqm_declared": 3025.0
   },
   "geometry": {
    "type": "Polygon",
    "coordinates": [
     [
      [
       116.3466825497159,
       39.97593942354448
      ],
      [
       116.34667783309025,
       39.97643473425594
      ],
      [
       116.34603402194237,
       39.97643110372736
      ],
      [
       116.34603874321517,
       39.97593579307924
      ],
      [
       116.3466825497159,
       39.97593942354448
      ]
     ]
    ]
   }
  },
  {
   "type": "Feature",
   "id": "BLD-080",
   "properties": {
    "id": "BLD-080",
    "layer": "BUILDING_FOOTPRINT",
    "source_type": "agent_generated_design",
    "confidence": "medium",
    "geometry_role": "design_proposal",
    "building_type": "ai_r_and_d",
    "name_zh": "AI研发办公",
    "design_note_zh": "概念建筑基底建议（非现状，非权属）",
    "area_sqm_declared": 3025.0
   },
   "geometry": {
    "type": "Polygon",
    "coordinates": [
     [
      [
       116.34535045040323,
       39.97675488968491
      ],
      [
       116.3453457240245,
       39.97725020019472
      ],
      [
       116.34470190539581,
       39.97724656220627
      ],
      [
       116.34470663642189,
       39.976751251759936
      ],
      [
       116.34535045040323,
       39.97675488968491
      ]
     ]
    ]
   }
  },
  {
   "type": "Feature",
   "id": "BLD-081",
   "properties": {
    "id": "BLD-081",
    "layer": "BUILDING_FOOTPRINT",
    "source_type": "agent_generated_design",
    "confidence": "medium",
    "geometry_role": "design_proposal",
    "building_type": "ai_r_and_d",
    "name_zh": "AI研发办公",
    "design_note_zh": "概念建筑基底建议（非现状，非权属）",
    "area_sqm_declared": 3025.0
   },
   "geometry": {
    "type": "Polygon",
    "coordinates": [
     [
      [
       116.3466747131779,
       39.97676236129987
      ],
      [
       116.34666999635832,
       39.977257671940016
      ],
      [
       116.34602617748912,
       39.97725404130621
      ],
      [
       116.34603089895606,
       39.976758730729394
      ],
      [
       116.3466747131779,
       39.97676236129987
      ]
     ]
    ]
   }
  },
  {
   "type": "Feature",
   "id": "BLD-082",
   "properties": {
    "id": "BLD-082",
    "layer": "BUILDING_FOOTPRINT",
    "source_type": "agent_generated_design",
    "confidence": "medium",
    "geometry_role": "design_proposal",
    "building_type": "ai_r_and_d",
    "name_zh": "AI研发办公",
    "design_note_zh": "概念建筑基底建议（非现状，非权属）",
    "area_sqm_declared": 3025.0
   },
   "geometry": {
    "type": "Polygon",
    "coordinates": [
     [
      [
       116.35186534666367,
       39.97514553720514
      ],
      [
       116.35186066758513,
       39.97564084849469
      ],
      [
       116.35121686322319,
       39.975637246810905
      ],
      [
       116.35122154694872,
       39.975141935584176
      ],
      [
       116.35186534666367,
       39.97514553720514
      ]
     ]
    ]
   }
  },
  {
   "type": "Feature",
   "id": "BLD-083",
   "properties": {
    "id": "BLD-083",
    "layer": "BUILDING_FOOTPRINT",
    "source_type": "agent_generated_design",
    "confidence": "medium",
    "geometry_role": "design_proposal",
    "building_type": "ai_r_and_d",
    "name_zh": "AI研发办公",
    "design_note_zh": "概念建筑基底建议（非现状，非权属）",
    "area_sqm_declared": 3025.0
   },
   "geometry": {
    "type": "Polygon",
    "coordinates": [
     [
      [
       116.35289860671564,
       39.97515131011626
      ],
      [
       116.35289393509521,
       39.97564662150653
      ],
      [
       116.35225013054747,
       39.975643025561034
      ],
      [
       116.35225480681488,
       39.97514771423351
      ],
      [
       116.35289860671564,
       39.97515131011626
      ]
     ]
    ]
   }
  },
  {
   "type": "Feature",
   "id": "BLD-084",
   "properties": {
    "id": "BLD-084",
    "layer": "BUILDING_FOOTPRINT",
    "source_type": "agent_generated_design",
    "confidence": "medium",
    "geometry_role": "design_proposal",
    "building_type": "ai_r_and_d",
    "name_zh": "AI研发办公",
    "design_note_zh": "概念建筑基底建议（非现状，非权属）",
    "area_sqm_declared": 3025.0
   },
   "geometry": {
    "type": "Polygon",
    "coordinates": [
     [
      [
       116.3539318670654,
       39.97515707381791
      ],
      [
       116.35392720290315,
       39.97565238530873
      ],
      [
       116.35328339816989,
       39.97564879510154
      ],
      [
       116.35328806697916,
       39.97515348367336
      ],
      [
       116.3539318670654,
       39.97515707381791
      ]
     ]
    ]
   }
  },
  {
   "type": "Feature",
   "id": "BLD-085",
   "properties": {
    "id": "BLD-085",
    "layer": "BUILDING_FOOTPRINT",
    "source_type": "agent_generated_design",
    "confidence": "medium",
    "geometry_role": "design_proposal",
    "building_type": "ai_r_and_d",
    "name_zh": "AI研发办公",
    "design_note_zh": "概念建筑基底建议（非现状，非权属）",
    "area_sqm_declared": 3025.0
   },
   "geometry": {
    "type": "Polygon",
    "coordinates": [
     [
      [
       116.3518575725091,
       39.975968475921036
      ],
      [
       116.35185289323813,
       39.9764637871393
      ],
      [
       116.35120908115518,
       39.976460185351115
      ],
      [
       116.35121376507333,
       39.975964874195675
      ],
      [
       116.3518575725091,
       39.975968475921036
      ]
     ]
    ]
   }
  },
  {
   "type": "Feature",
   "id": "BLD-086",
   "properties": {
    "id": "BLD-086",
    "layer": "BUILDING_FOOTPRINT",
    "source_type": "agent_generated_design",
    "confidence": "medium",
    "geometry_role": "design_proposal",
    "building_type": "ai_r_and_d",
    "name_zh": "AI研发办公",
    "design_note_zh": "概念建筑基底建议（非现状，非权属）",
    "area_sqm_declared": 3025.0
   },
   "geometry": {
    "type": "Polygon",
    "coordinates": [
     [
      [
       116.35289084495255,
       39.97597424899948
      ],
      [
       116.35288617314004,
       39.976469560318456
      ],
      [
       116.35224236087126,
       39.97646596426874
      ],
      [
       116.35224703733095,
       39.9759706530125
      ],
      [
       116.35289084495255,
       39.97597424899948
      ]
     ]
    ]
   }
  },
  {
   "type": "Feature",
   "id": "BLD-087",
   "properties": {
    "id": "BLD-087",
    "layer": "BUILDING_FOOTPRINT",
    "source_type": "agent_generated_design",
    "confidence": "medium",
    "geometry_role": "design_proposal",
    "building_type": "ai_r_and_d",
    "name_zh": "AI研发办公",
    "design_note_zh": "概念建筑基底建议（非现状，非权属）",
    "area_sqm_declared": 3025.0
   },
   "geometry": {
    "type": "Polygon",
    "coordinates": [
     [
      [
       116.35392411769381,
       39.975980012868185
      ],
      [
       116.35391945333977,
       39.976475324287705
      ],
      [
       116.35327564088547,
       39.97647173397647
      ],
      [
       116.35328030988671,
       39.97597642261958
      ],
      [
       116.35392411769381,
       39.975980012868185
      ]
     ]
    ]
   }
  },
  {
   "type": "Feature",
   "id": "BLD-088",
   "properties": {
    "id": "BLD-088",
    "layer": "BUILDING_FOOTPRINT",
    "source_type": "agent_generated_design",
    "confidence": "medium",
    "geometry_role": "design_proposal",
    "building_type": "ai_r_and_d",
    "name_zh": "AI研发办公",
    "design_note_zh": "概念建筑基底建议（非现状，非权属）",
    "area_sqm_declared": 3025.0
   },
   "geometry": {
    "type": "Polygon",
    "coordinates": [
     [
      [
       116.34106285086406,
       39.983584628401815
      ],
      [
       116.3410580923814,
       39.98407993790034
      ],
      [
       116.34041421020535,
       39.98407627558135
      ],
      [
       116.34041897333692,
       39.98358096614672
      ],
      [
       116.34106285086406,
       39.983584628401815
      ]
     ]
    ]
   }
  },
  {
   "type": "Feature",
   "id": "BLD-089",
   "properties": {
    "id": "BLD-089",
    "layer": "BUILDING_FOOTPRINT",
    "source_type": "agent_generated_design",
    "confidence": "medium",
    "geometry_role": "design_proposal",
    "building_type": "ai_r_and_d",
    "name_zh": "AI研发办公",
    "design_note_zh": "概念建筑基底建议（非现状，非权属）",
    "area_sqm_declared": 3025.0
   },
   "geometry": {
    "type": "Polygon",
    "coordinates": [
     [
      [
       116.34203059630097,
       39.98359012602867
      ],
      [
       116.3420258448056,
       39.984085435623086
      ],
      [
       116.34138196245257,
       39.98408177867949
      ],
      [
       116.34138671859684,
       39.983586469148854
      ],
      [
       116.34203059630097,
       39.98359012602867
      ]
     ]
    ]
   }
  },
  {
   "type": "Feature",
   "id": "BLD-090",
   "properties": {
    "id": "BLD-090",
    "layer": "BUILDING_FOOTPRINT",
    "source_type": "agent_generated_design",
    "confidence": "medium",
    "geometry_role": "design_proposal",
    "building_type": "ai_r_and_d",
    "name_zh": "AI研发办公",
    "design_note_zh": "概念建筑基底建议（非现状，非权属）",
    "area_sqm_declared": 3025.0
   },
   "geometry": {
    "type": "Polygon",
    "coordinates": [
     [
      [
       116.34299834200353,
       39.983595615576505
      ],
      [
       116.34299359749546,
       39.984090925266685
      ],
      [
       116.34234971496574,
       39.98408727369846
      ],
      [
       116.3423544641227,
       39.98359196407196
      ],
      [
       116.34299834200353,
       39.983595615576505
      ]
     ]
    ]
   }
  },
  {
   "type": "Feature",
   "id": "BLD-091",
   "properties": {
    "id": "BLD-091",
    "layer": "BUILDING_FOOTPRINT",
    "source_type": "agent_generated_design",
    "confidence": "medium",
    "geometry_role": "design_proposal",
    "building_type": "ai_r_and_d",
    "name_zh": "AI研发办公",
    "design_note_zh": "概念建筑基底建议（非现状，非权属）",
    "area_sqm_declared": 3025.0
   },
   "geometry": {
    "type": "Polygon",
    "coordinates": [
     [
      [
       116.34396608797137,
       39.983601097045295
      ],
      [
       116.34396135045061,
       39.98409640683111
      ],
      [
       116.34331746774441,
       39.98409276063826
      ],
      [
       116.34332220991409,
       39.98359745091606
      ],
      [
       116.34396608797137,
       39.983601097045295
      ]
     ]
    ]
   }
  },
  {
   "type": "Feature",
   "id": "BLD-092",
   "properties": {
    "id": "BLD-092",
    "layer": "BUILDING_FOOTPRINT",
    "source_type": "agent_generated_design",
    "confidence": "medium",
    "geometry_role": "design_proposal",
    "building_type": "ai_r_and_d",
    "name_zh": "AI研发办公",
    "design_note_zh": "概念建筑基底建议（非现状，非权属）",
    "area_sqm_declared": 3025.0
   },
   "geometry": {
    "type": "Polygon",
    "coordinates": [
     [
      [
       116.3410550616228,
       39.98439540253545
      ],
      [
       116.34105030294734,
       39.98489071196369
      ],
      [
       116.34040641316125,
       39.98488704954015
      ],
      [
       116.34041117648579,
       39.98439174017579
      ],
      [
       116.3410550616228,
       39.98439540253545
      ]
     ]
    ]
   }
  },
  {
   "type": "Feature",
   "id": "BLD-093",
   "properties": {
    "id": "BLD-093",
    "layer": "BUILDING_FOOTPRINT",
    "source_type": "agent_generated_design",
    "confidence": "medium",
    "geometry_role": "design_proposal",
    "building_type": "ai_r_and_d",
    "name_zh": "AI研发办公",
    "design_note_zh": "概念建筑基底建议（非现状，非权属）",
    "area_sqm_declared": 3025.0
   },
   "geometry": {
    "type": "Polygon",
    "coordinates": [
     [
      [
       116.34202281849734,
       39.98440090031929
      ],
      [
       116.34201806680946,
       39.98489620984344
      ],
      [
       116.34137417684637,
       39.984892552795415
      ],
      [
       116.34137893318334,
       39.984397243335046
      ],
      [
       116.34202281849734,
       39.98440090031929
      ]
     ]
    ]
   }
  },
  {
   "type": "Feature",
   "id": "BLD-094",
   "properties": {
    "id": "BLD-094",
    "layer": "BUILDING_FOOTPRINT",
    "source_type": "agent_generated_design",
    "confidence": "medium",
    "geometry_role": "design_proposal",
    "building_type": "ai_r_and_d",
    "name_zh": "AI研发办公",
    "design_note_zh": "概念建筑基底建议（非现状，非权属）",
    "area_sqm_declared": 3025.0
   },
   "geometry": {
    "type": "Polygon",
    "coordinates": [
     [
      [
       116.3452850405626,
       39.98360855479344
      ],
      [
       116.34528031256494,
       39.98410386470935
      ],
      [
       116.34463642961866,
       39.984100225842674
      ],
      [
       116.34464116226525,
       39.983604915990256
      ],
      [
       116.3452850405626,
       39.98360855479344
      ]
     ]
    ]
   }
  },
  {
   "type": "Feature",
   "id": "BLD-095",
   "properties": {
    "id": "BLD-095",
    "layer": "BUILDING_FOOTPRINT",
    "source_type": "agent_generated_design",
    "confidence": "medium",
    "geometry_role": "design_proposal",
    "building_type": "ai_r_and_d",
    "name_zh": "AI研发办公",
    "design_note_zh": "概念建筑基底建议（非现状，非权属）",
    "area_sqm_declared": 3025.0
   },
   "geometry": {
    "type": "Polygon",
    "coordinates": [
     [
      [
       116.34660943562909,
       39.983616028212104
      ],
      [
       116.34660471719386,
       39.98411133825836
      ],
      [
       116.345960834007,
       39.98410770674811
      ],
      [
       116.34596555709119,
       39.98361239676518
      ],
      [
       116.34660943562909,
       39.983616028212104
      ]
     ]
    ]
   }
  },
  {
   "type": "Feature",
   "id": "BLD-096",
   "properties": {
    "id": "BLD-096",
    "layer": "BUILDING_FOOTPRINT",
    "source_type": "agent_generated_design",
    "confidence": "medium",
    "geometry_role": "design_proposal",
    "building_type": "ai_r_and_d",
    "name_zh": "AI研发办公",
    "design_note_zh": "概念建筑基底建议（非现状，非权属）",
    "area_sqm_declared": 3025.0
   },
   "geometry": {
    "type": "Polygon",
    "coordinates": [
     [
      [
       116.3452773012228,
       39.98441932961027
      ],
      [
       116.34527257303358,
       39.984914639455916
      ],
      [
       116.34462868247721,
       39.98491100048533
      ],
      [
       116.34463341531554,
       39.984415690703166
      ],
      [
       116.3452773012228,
       39.98441932961027
      ]
     ]
    ]
   }
  },
  {
   "type": "Feature",
   "id": "BLD-097",
   "properties": {
    "id": "BLD-097",
    "layer": "BUILDING_FOOTPRINT",
    "source_type": "agent_generated_design",
    "confidence": "medium",
    "geometry_role": "design_proposal",
    "building_type": "ai_r_and_d",
    "name_zh": "AI研发办公",
    "design_note_zh": "概念建筑基底建议（非现状，非权属）",
    "area_sqm_declared": 3025.0
   },
   "geometry": {
    "type": "Polygon",
    "coordinates": [
     [
      [
       116.34660171194214,
       39.98442680324232
      ],
      [
       116.34659699331574,
       39.98492211321834
      ],
      [
       116.34595310251876,
       39.984918481604375
      ],
      [
       116.34595782579431,
       39.984423171691724
      ],
      [
       116.34660171194214,
       39.98442680324232
      ]
     ]
    ]
   }
  },
  {
   "type": "Feature",
   "id": "BLD-098",
   "properties": {
    "id": "BLD-098",
    "layer": "BUILDING_FOOTPRINT",
    "source_type": "agent_generated_design",
    "confidence": "medium",
    "geometry_role": "design_proposal",
    "building_type": "ai_r_and_d",
    "name_zh": "AI研发办公",
    "design_note_zh": "概念建筑基底建议（非现状，非权属）",
    "area_sqm_declared": 3025.0
   },
   "geometry": {
    "type": "Polygon",
    "coordinates": [
     [
      [
       116.34526956156941,
       39.98523010431211
      ],
      [
       116.34526483318865,
       39.98572541408748
      ],
      [
       116.34462093502187,
       39.985721775013
      ],
      [
       116.34462566805193,
       39.98522646530111
      ],
      [
       116.34526956156941,
       39.98523010431211
      ]
     ]
    ]
   }
  },
  {
   "type": "Feature",
   "id": "BLD-099",
   "properties": {
    "id": "BLD-099",
    "layer": "BUILDING_FOOTPRINT",
    "source_type": "agent_generated_design",
    "confidence": "medium",
    "geometry_role": "design_proposal",
    "building_type": "ai_r_and_d",
    "name_zh": "AI研发办公",
    "design_note_zh": "概念建筑基底建议（非现状，非权属）",
    "area_sqm_declared": 3025.0
   },
   "geometry": {
    "type": "Polygon",
    "coordinates": [
     [
      [
       116.34659398794227,
       39.985237578157566
      ],
      [
       116.34658926912468,
       39.9857328880633
      ],
      [
       116.3459453707173,
       39.98572925634565
      ],
      [
       116.34595009418419,
       39.98523394650325
      ],
      [
       116.34659398794227,
       39.985237578157566
      ]
     ]
    ]
   }
  },
  {
   "type": "Feature",
   "id": "BLD-100",
   "properties": {
    "id": "BLD-100",
    "layer": "BUILDING_FOOTPRINT",
    "source_type": "agent_generated_design",
    "confidence": "medium",
    "geometry_role": "design_proposal",
    "building_type": "ai_r_and_d",
    "name_zh": "AI研发办公",
    "design_note_zh": "概念建筑基底建议（非现状，非权属）",
    "area_sqm_declared": 3025.0
   },
   "geometry": {
    "type": "Polygon",
    "coordinates": [
     [
      [
       116.35178503747042,
       39.98364508844433
      ],
      [
       116.35178035640418,
       39.98414039899751
      ],
      [
       116.35113647228184,
       39.98413679623542
      ],
      [
       116.35114115799703,
       39.98364148574508
      ],
      [
       116.35178503747042,
       39.98364508844433
      ]
     ]
    ]
   }
  },
  {
   "type": "Feature",
   "id": "BLD-101",
   "properties": {
    "id": "BLD-101",
    "layer": "BUILDING_FOOTPRINT",
    "source_type": "agent_generated_design",
    "confidence": "medium",
    "geometry_role": "design_proposal",
    "building_type": "ai_r_and_d",
    "name_zh": "AI研发办公",
    "design_note_zh": "概念建筑基底建议（非现状，非权属）",
    "area_sqm_declared": 3025.0
   },
   "geometry": {
    "type": "Polygon",
    "coordinates": [
     [
      [
       116.35303524275525,
       39.983652073503116
      ],
      [
       116.35303057071579,
       39.98414738417815
      ],
      [
       116.35238668636859,
       39.9841437883604
      ],
      [
       116.35239136305701,
       39.9836484777481
      ],
      [
       116.35303524275525,
       39.983652073503116
      ]
     ]
    ]
   }
  },
  {
   "type": "Feature",
   "id": "BLD-102",
   "properties": {
    "id": "BLD-102",
    "layer": "BUILDING_FOOTPRINT",
    "source_type": "agent_generated_design",
    "confidence": "medium",
    "geometry_role": "design_proposal",
    "building_type": "ai_r_and_d",
    "name_zh": "AI研发办公",
    "design_note_zh": "概念建筑基底建议（非现状，非权属）",
    "area_sqm_declared": 3025.0
   },
   "geometry": {
    "type": "Polygon",
    "coordinates": [
     [
      [
       116.35177737495341,
       39.984455864304344
      ],
      [
       116.35177269369753,
       39.984951174787284
      ],
      [
       116.35112880196505,
       39.98494757192232
      ],
      [
       116.35113348787009,
       39.98445226150223
      ],
      [
       116.35177737495341,
       39.984455864304344
      ]
     ]
    ]
   }
  },
  {
   "type": "Feature",
   "id": "BLD-103",
   "properties": {
    "id": "BLD-103",
    "layer": "BUILDING_FOOTPRINT",
    "source_type": "agent_generated_design",
    "confidence": "medium",
    "geometry_role": "design_proposal",
    "building_type": "ai_r_and_d",
    "name_zh": "AI研发办公",
    "design_note_zh": "概念建筑基底建议（非现状，非权属）",
    "area_sqm_declared": 3025.0
   },
   "geometry": {
    "type": "Polygon",
    "coordinates": [
     [
      [
       116.35302759501435,
       39.98446284956258
      ],
      [
       116.35302292278563,
       39.98495816016737
      ],
      [
       116.35237903082826,
       39.984954564246955
      ],
      [
       116.35238370770617,
       39.984459253704884
      ],
      [
       116.35302759501435,
       39.98446284956258
      ]
     ]
    ]
   }
  },
  {
   "type": "Feature",
   "id": "BLD-104",
   "properties": {
    "id": "BLD-104",
    "layer": "BUILDING_FOOTPRINT",
    "source_type": "agent_generated_design",
    "confidence": "medium",
    "geometry_role": "design_proposal",
    "building_type": "ai_r_and_d",
    "name_zh": "AI研发办公",
    "design_note_zh": "概念建筑基底建议（非现状，非权属）",
    "area_sqm_declared": 3025.0
   },
   "geometry": {
    "type": "Polygon",
    "coordinates": [
     [
      [
       116.351769712126,
       39.98526664004939
      ],
      [
       116.35176503068044,
       39.985761950462084
      ],
      [
       116.3511211313375,
       39.98575834749423
      ],
      [
       116.35112581743239,
       39.98526303714439
      ],
      [
       116.351769712126,
       39.98526664004939
      ]
     ]
    ]
   }
  },
  {
   "type": "Feature",
   "id": "BLD-105",
   "properties": {
    "id": "BLD-105",
    "layer": "BUILDING_FOOTPRINT",
    "source_type": "agent_generated_design",
    "confidence": "medium",
    "geometry_role": "design_proposal",
    "building_type": "ai_r_and_d",
    "name_zh": "AI研发办公",
    "design_note_zh": "概念建筑基底建议（非现状，非权属）",
    "area_sqm_declared": 3025.0
   },
   "geometry": {
    "type": "Polygon",
    "coordinates": [
     [
      [
       116.35301994696364,
       39.98527362550709
      ],
      [
       116.35301527454558,
       39.98576893604163
      ],
      [
       116.35237137497775,
       39.98576534001853
      ],
      [
       116.35237605204514,
       39.98527002954671
      ],
      [
       116.35301994696364,
       39.98527362550709
      ]
     ]
    ]
   }
  },
  {
   "type": "Feature",
   "id": "BLD-106",
   "properties": {
    "id": "BLD-106",
    "layer": "BUILDING_FOOTPRINT",
    "source_type": "agent_generated_design",
    "confidence": "medium",
    "geometry_role": "design_proposal",
    "building_type": "ai_r_and_d",
    "name_zh": "AI研发办公",
    "design_note_zh": "概念建筑基底建议（非现状，非权属）",
    "area_sqm_declared": 3025.0
   },
   "geometry": {
    "type": "Polygon",
    "coordinates": [
     [
      [
       116.34170833444331,
       39.99358829313756
      ],
      [
       116.34170357893849,
       39.99408360184291
      ],
      [
       116.34105960274853,
       39.99407994235396
      ],
      [
       116.34106436290459,
       39.99358463371243
      ],
      [
       116.34170833444331,
       39.99358829313756
      ]
     ]
    ]
   }
  },
  {
   "type": "Feature",
   "id": "BLD-107",
   "properties": {
    "id": "BLD-107",
    "layer": "BUILDING_FOOTPRINT",
    "source_type": "agent_generated_design",
    "confidence": "medium",
    "geometry_role": "design_proposal",
    "building_type": "ai_r_and_d",
    "name_zh": "AI研发办公",
    "design_note_zh": "概念建筑基底建议（非现状，非权属）",
    "area_sqm_declared": 3025.0
   },
   "geometry": {
    "type": "Polygon",
    "coordinates": [
     [
      [
       116.34275165934574,
       39.99359421432847
      ],
      [
       116.34274691137655,
       39.9940895231371
      ],
      [
       116.34210293499596,
       39.99408586944453
      ],
      [
       116.34210768761636,
       39.99359056069962
      ],
      [
       116.34275165934574,
       39.99359421432847
      ]
     ]
    ]
   }
  },
  {
   "type": "Feature",
   "id": "BLD-108",
   "properties": {
    "id": "BLD-108",
    "layer": "BUILDING_FOOTPRINT",
    "source_type": "agent_generated_design",
    "confidence": "medium",
    "geometry_role": "design_proposal",
    "building_type": "ai_r_and_d",
    "name_zh": "AI研发办公",
    "design_note_zh": "概念建筑基底建议（非现状，非权属）",
    "area_sqm_declared": 3025.0
   },
   "geometry": {
    "type": "Polygon",
    "coordinates": [
     [
      [
       116.34379498455661,
       39.993600126128584
      ],
      [
       116.34379024412311,
       39.99409543504033
      ],
      [
       116.34314626755217,
       39.99409178714416
      ],
      [
       116.34315101263691,
       39.99359647829603
      ],
      [
       116.34379498455661,
       39.993600126128584
      ]
     ]
    ]
   }
  },
  {
   "type": "Feature",
   "id": "BLD-109",
   "properties": {
    "id": "BLD-109",
    "layer": "BUILDING_FOOTPRINT",
    "source_type": "agent_generated_design",
    "confidence": "medium",
    "geometry_role": "design_proposal",
    "building_type": "ai_r_and_d",
    "name_zh": "AI研发办公",
    "design_note_zh": "概念建筑基底建议（非现状，非权属）",
    "area_sqm_declared": 3025.0
   },
   "geometry": {
    "type": "Polygon",
    "coordinates": [
     [
      [
       116.34170043328288,
       39.994411230246214
      ],
      [
       116.34169567758246,
       39.99490653888025
      ],
      [
       116.34105169366443,
       39.99490287928524
      ],
      [
       116.34105645401625,
       39.99440757071505
      ],
      [
       116.34170043328288,
       39.994411230246214
      ]
     ]
    ]
   }
  },
  {
   "type": "Feature",
   "id": "BLD-110",
   "properties": {
    "id": "BLD-110",
    "layer": "BUILDING_FOOTPRINT",
    "source_type": "agent_generated_design",
    "confidence": "medium",
    "geometry_role": "design_proposal",
    "building_type": "ai_r_and_d",
    "name_zh": "AI研发办公",
    "design_note_zh": "概念建筑基底建议（非现状，非权属）",
    "area_sqm_declared": 3025.0
   },
   "geometry": {
    "type": "Polygon",
    "coordinates": [
     [
      [
       116.34274377070562,
       39.99441715160873
      ],
      [
       116.34273902254118,
       39.99491246034605
      ],
      [
       116.34209503843248,
       39.994908806547585
      ],
      [
       116.34209979124834,
       39.994413497874014
      ],
      [
       116.34274377070562,
       39.99441715160873
      ]
     ]
    ]
   }
  },
  {
   "type": "Feature",
   "id": "BLD-111",
   "properties": {
    "id": "BLD-111",
    "layer": "BUILDING_FOOTPRINT",
    "source_type": "agent_generated_design",
    "confidence": "medium",
    "geometry_role": "design_proposal",
    "building_type": "ai_r_and_d",
    "name_zh": "AI研发办公",
    "design_note_zh": "概念建筑基底建议（非现状，非权属）",
    "area_sqm_declared": 3025.0
   },
   "geometry": {
    "type": "Polygon",
    "coordinates": [
     [
      [
       116.34378710843684,
       39.99442306358017
      ],
      [
       116.34378236780842,
       39.994918372420614
      ],
      [
       116.34313838350933,
       39.99491472441871
      ],
      [
       116.34314312878921,
       39.99441941564191
      ],
      [
       116.34378710843684,
       39.99442306358017
      ]
     ]
    ]
   }
  },
  {
   "type": "Feature",
   "id": "BLD-112",
   "properties": {
    "id": "BLD-112",
    "layer": "BUILDING_FOOTPRINT",
    "source_type": "agent_generated_design",
    "confidence": "medium",
    "geometry_role": "design_proposal",
    "building_type": "ai_r_and_d",
    "name_zh": "AI研发办公",
    "design_note_zh": "概念建筑基底建议（非现状，非权属）",
    "area_sqm_declared": 3025.0
   },
   "geometry": {
    "type": "Polygon",
    "coordinates": [
     [
      [
       116.34518956763924,
       39.99360801359519
      ],
      [
       116.34518483727848,
       39.994103322644534
      ],
      [
       116.34454086045358,
       39.99409968249621
      ],
      [
       116.3445455954656,
       39.99360437351037
      ],
      [
       116.34518956763924,
       39.99360801359519
      ]
     ]
    ]
   }
  },
  {
   "type": "Feature",
   "id": "BLD-113",
   "properties": {
    "id": "BLD-113",
    "layer": "BUILDING_FOOTPRINT",
    "source_type": "agent_generated_design",
    "confidence": "medium",
    "geometry_role": "design_proposal",
    "building_type": "ai_r_and_d",
    "name_zh": "AI研发办公",
    "design_note_zh": "概念建筑基底建议（非现状，非权属）",
    "area_sqm_declared": 3025.0
   },
   "geometry": {
    "type": "Polygon",
    "coordinates": [
     [
      [
       116.34651415580034,
       39.99361548964607
      ],
      [
       116.34650943500675,
       39.994110798825815
      ],
      [
       116.34586545794114,
       39.9941071660365
      ],
      [
       116.34587018338597,
       39.99361185692012
      ],
      [
       116.34651415580034,
       39.99361548964607
      ]
     ]
    ]
   }
  },
  {
   "type": "Feature",
   "id": "BLD-114",
   "properties": {
    "id": "BLD-114",
    "layer": "BUILDING_FOOTPRINT",
    "source_type": "agent_generated_design",
    "confidence": "medium",
    "geometry_role": "design_proposal",
    "building_type": "ai_r_and_d",
    "name_zh": "AI研发办公",
    "design_note_zh": "概念建筑基底建议（非现状，非权属）",
    "area_sqm_declared": 3025.0
   },
   "geometry": {
    "type": "Polygon",
    "coordinates": [
     [
      [
       116.3451817082551,
       39.994430951275376
      ],
      [
       116.34517697769978,
       39.99492626025339
      ],
      [
       116.34453299314674,
       39.994922619999585
      ],
      [
       116.3445377283535,
       39.99442731108506
      ],
      [
       116.3451817082551,
       39.994430951275376
      ]
     ]
    ]
   }
  },
  {
   "type": "Feature",
   "id": "BLD-115",
   "properties": {
    "id": "BLD-115",
    "layer": "BUILDING_FOOTPRINT",
    "source_type": "agent_generated_design",
    "confidence": "medium",
    "geometry_role": "design_proposal",
    "building_type": "ai_r_and_d",
    "name_zh": "AI研发办公",
    "design_note_zh": "概念建筑基底建议（非现状，非权属）",
    "area_sqm_declared": 3025.0
   },
   "geometry": {
    "type": "Polygon",
    "coordinates": [
     [
      [
       116.34650631231183,
       39.9944384275429
      ],
      [
       116.34650159132411,
       39.99493373665134
      ],
      [
       116.34585760653034,
       39.99493010375674
      ],
      [
       116.34586233216952,
       39.99443479471169
      ],
      [
       116.34650631231183,
       39.9944384275429
      ]
     ]
    ]
   }
  },
  {
   "type": "Feature",
   "id": "BLD-116",
   "properties": {
    "id": "BLD-116",
    "layer": "BUILDING_FOOTPRINT",
    "source_type": "agent_generated_design",
    "confidence": "medium",
    "geometry_role": "design_proposal",
    "building_type": "ai_r_and_d",
    "name_zh": "AI研发办公",
    "design_note_zh": "概念建筑基底建议（非现状，非权属）",
    "area_sqm_declared": 3025.0
   },
   "geometry": {
    "type": "Polygon",
    "coordinates": [
     [
      [
       116.34517384854773,
       39.99525388883708
      ],
      [
       116.34516911779787,
       39.99574919774378
      ],
      [
       116.34452512551638,
       39.995745557384474
      ],
      [
       116.34452986091787,
       39.99525024854127
      ],
      [
       116.34517384854773,
       39.99525388883708
      ]
     ]
    ]
   }
  },
  {
   "type": "Feature",
   "id": "BLD-117",
   "properties": {
    "id": "BLD-117",
    "layer": "BUILDING_FOOTPRINT",
    "source_type": "agent_generated_design",
    "confidence": "medium",
    "geometry_role": "design_proposal",
    "building_type": "ai_r_and_d",
    "name_zh": "AI研发办公",
    "design_note_zh": "概念建筑基底建议（非现状，非权属）",
    "area_sqm_declared": 3025.0
   },
   "geometry": {
    "type": "Polygon",
    "coordinates": [
     [
      [
       116.34649846850078,
       39.99526136532128
      ],
      [
       116.34649374731889,
       39.995756674358375
      ],
      [
       116.34584975479666,
       39.995753041358505
      ],
      [
       116.3458544806302,
       39.995257732384765
      ],
      [
       116.34649846850078,
       39.99526136532128
      ]
     ]
    ]
   }
  },
  {
   "type": "Feature",
   "id": "BLD-118",
   "properties": {
    "id": "BLD-118",
    "layer": "BUILDING_FOOTPRINT",
    "source_type": "agent_generated_design",
    "confidence": "medium",
    "geometry_role": "design_proposal",
    "building_type": "ai_r_and_d",
    "name_zh": "AI研发办公",
    "design_note_zh": "概念建筑基底建议（非现状，非权属）",
    "area_sqm_declared": 3025.0
   },
   "geometry": {
    "type": "Polygon",
    "coordinates": [
     [
      [
       116.3516905122377,
       39.993644560113644
      ],
      [
       116.3516858288318,
       39.994139869800456
      ],
      [
       116.35104185083019,
       39.994136265769434
      ],
      [
       116.35104653888736,
       39.993640956145484
      ],
      [
       116.3516905122377,
       39.993644560113644
      ]
     ]
    ]
   }
  },
  {
   "type": "Feature",
   "id": "BLD-119",
   "properties": {
    "id": "BLD-119",
    "layer": "BUILDING_FOOTPRINT",
    "source_type": "agent_generated_design",
    "confidence": "medium",
    "geometry_role": "design_proposal",
    "building_type": "ai_r_and_d",
    "name_zh": "AI研发办公",
    "design_note_zh": "概念建筑基底建议（非现状，非权属）",
    "area_sqm_declared": 3025.0
   },
   "geometry": {
    "type": "Polygon",
    "coordinates": [
     [
      [
       116.35262890901751,
       39.99364980540311
      ],
      [
       116.35262423238947,
       39.99414511518141
      ],
      [
       116.35198025421897,
       39.99414151636385
      ],
      [
       116.35198493549831,
       39.99364620664831
      ],
      [
       116.35262890901751,
       39.99364980540311
      ]
     ]
    ]
   }
  },
  {
   "type": "Feature",
   "id": "BLD-120",
   "properties": {
    "id": "BLD-120",
    "layer": "BUILDING_FOOTPRINT",
    "source_type": "agent_generated_design",
    "confidence": "medium",
    "geometry_role": "design_proposal",
    "building_type": "ai_r_and_d",
    "name_zh": "AI研发办公",
    "design_note_zh": "概念建筑基底建议（非现状，非权属）",
    "area_sqm_declared": 3025.0
   },
   "geometry": {
    "type": "Polygon",
    "coordinates": [
     [
      [
       116.35168273086798,
       39.99446749885297
      ],
      [
       116.35167804726946,
       39.99496280846848
      ],
      [
       116.35103406153964,
       39.994959204333
      ],
      [
       116.35103874978964,
       39.99446389478036
      ],
      [
       116.35168273086798,
       39.99446749885297
      ]
     ]
    ]
   }
  },
  {
   "type": "Feature",
   "id": "BLD-121",
   "properties": {
    "id": "BLD-121",
    "layer": "BUILDING_FOOTPRINT",
    "source_type": "agent_generated_design",
    "confidence": "medium",
    "geometry_role": "design_proposal",
    "building_type": "ai_r_and_d",
    "name_zh": "AI研发办公",
    "design_note_zh": "概念建筑基底建议（非现状，非权属）",
    "area_sqm_declared": 3025.0
   },
   "geometry": {
    "type": "Polygon",
    "coordinates": [
     [
      [
       116.35262113890902,
       39.99447274429444
      ],
      [
       116.35261646208865,
       39.99496805400143
      ],
      [
       116.35197247618993,
       39.99496445507959
      ],
      [
       116.35197715766179,
       39.99446914543535
      ],
      [
       116.35262113890902,
       39.99447274429444
      ]
     ]
    ]
   }
  },
  {
   "type": "Feature",
   "id": "BLD-122",
   "properties": {
    "id": "BLD-122",
    "layer": "BUILDING_FOOTPRINT",
    "source_type": "agent_generated_design",
    "confidence": "medium",
    "geometry_role": "design_proposal",
    "building_type": "ai_r_and_d",
    "name_zh": "AI研发办公",
    "design_note_zh": "概念建筑基底建议（非现状，非权属）",
    "area_sqm_declared": 3025.0
   },
   "geometry": {
    "type": "Polygon",
    "coordinates": [
     [
      [
       116.35167494917822,
       39.99529043747383
      ],
      [
       116.35167026538711,
       39.99578574701803
      ],
      [
       116.35102627192877,
       39.99578214277811
      ],
      [
       116.35103096037156,
       39.99528683329678
      ],
      [
       116.35167494917822,
       39.99529043747383
      ]
     ]
    ]
   }
  },
  {
   "type": "Feature",
   "id": "BLD-123",
   "properties": {
    "id": "BLD-123",
    "layer": "BUILDING_FOOTPRINT",
    "source_type": "agent_generated_design",
    "confidence": "medium",
    "geometry_role": "design_proposal",
    "building_type": "ai_r_and_d",
    "name_zh": "AI研发办公",
    "design_note_zh": "概念建筑基底建议（非现状，非权属）",
    "area_sqm_declared": 3025.0
   },
   "geometry": {
    "type": "Polygon",
    "coordinates": [
     [
      [
       116.35261336848099,
       39.99529568306732
      ],
      [
       116.35260869146826,
       39.99579099270302
      ],
      [
       116.35196469784104,
       39.99578739367686
      ],
      [
       116.35196937950543,
       39.99529208410394
      ],
      [
       116.35261336848099,
       39.99529568306732
      ]
     ]
    ]
   }
  },
  {
   "type": "Feature",
   "id": "BLD-124",
   "properties": {
    "id": "BLD-124",
    "layer": "BUILDING_FOOTPRINT",
    "source_type": "agent_generated_design",
    "confidence": "medium",
    "geometry_role": "design_proposal",
    "building_type": "ai_r_and_d",
    "name_zh": "AI研发办公",
    "design_note_zh": "概念建筑基底建议（非现状，非权属）",
    "area_sqm_declared": 3025.0
   },
   "geometry": {
    "type": "Polygon",
    "coordinates": [
     [
      [
       116.34225712878712,
       40.00209140644602
      ],
      [
       116.34225237581664,
       40.0025867144771
      ],
      [
       116.34160831967787,
       40.00258305739567
      ],
      [
       116.34161307730159,
       40.00208774942838
      ],
      [
       116.34225712878712,
       40.00209140644602
      ]
     ]
    ]
   }
  },
  {
   "type": "Feature",
   "id": "BLD-125",
   "properties": {
    "id": "BLD-125",
    "layer": "BUILDING_FOOTPRINT",
    "source_type": "agent_generated_design",
    "confidence": "medium",
    "geometry_role": "design_proposal",
    "building_type": "ai_r_and_d",
    "name_zh": "AI研发办公",
    "design_note_zh": "概念建筑基底建议（非现状，非权属）",
    "area_sqm_declared": 3025.0
   },
   "geometry": {
    "type": "Polygon",
    "coordinates": [
     [
      [
       116.34350710262188,
       40.00209849376392
      ],
      [
       116.34350235868234,
       40.0025938019186
      ],
      [
       116.34285830231535,
       40.00259015178284
      ],
      [
       116.34286305090812,
       40.00209484369182
      ],
      [
       116.34350710262188,
       40.00209849376392
      ]
     ]
    ]
   }
  },
  {
   "type": "Feature",
   "id": "BLD-126",
   "properties": {
    "id": "BLD-126",
    "layer": "BUILDING_FOOTPRINT",
    "source_type": "agent_generated_design",
    "confidence": "medium",
    "geometry_role": "design_proposal",
    "building_type": "ai_r_and_d",
    "name_zh": "AI研发办公",
    "design_note_zh": "概念建筑基底建议（非现状，非权属）",
    "area_sqm_declared": 3025.0
   },
   "geometry": {
    "type": "Polygon",
    "coordinates": [
     [
      [
       116.34224876495114,
       40.002962995290204
      ],
      [
       116.34224401177359,
       40.00345830324574
      ],
      [
       116.34159994744633,
       40.00345464605208
      ],
      [
       116.34160470527729,
       40.00295933816032
      ],
      [
       116.34224876495114,
       40.002962995290204
      ]
     ]
    ]
   }
  },
  {
   "type": "Feature",
   "id": "BLD-127",
   "properties": {
    "id": "BLD-127",
    "layer": "BUILDING_FOOTPRINT",
    "source_type": "agent_generated_design",
    "confidence": "medium",
    "geometry_role": "design_proposal",
    "building_type": "ai_r_and_d",
    "name_zh": "AI研发办公",
    "design_note_zh": "概念建筑基底建议（非现状，非权属）",
    "area_sqm_declared": 3025.0
   },
   "geometry": {
    "type": "Polygon",
    "coordinates": [
     [
      [
       116.34349875467773,
       40.00297008282563
      ],
      [
       116.34349401053154,
       40.00346539090478
      ],
      [
       116.34284994597603,
       40.003461740656995
      ],
      [
       116.34285469477564,
       40.00296643264151
      ],
      [
       116.34349875467773,
       40.00297008282563
      ]
     ]
    ]
   }
  },
  {
   "type": "Feature",
   "id": "BLD-128",
   "properties": {
    "id": "BLD-128",
    "layer": "BUILDING_FOOTPRINT",
    "source_type": "agent_generated_design",
    "confidence": "medium",
    "geometry_role": "design_proposal",
    "building_type": "ai_r_and_d",
    "name_zh": "AI研发办公",
    "design_note_zh": "概念建筑基底建议（非现状，非权属）",
    "area_sqm_declared": 3025.0
   },
   "geometry": {
    "type": "Polygon",
    "coordinates": [
     [
      [
       116.34349040636991,
       40.003841671754415
      ],
      [
       116.34348566201707,
       40.00433697975803
      ],
      [
       116.3428415892727,
       40.00433332939821
      ],
      [
       116.34284633827916,
       40.003838021458265
      ],
      [
       116.34349040636991,
       40.003841671754415
      ]
     ]
    ]
   }
  },
  {
   "type": "Feature",
   "id": "BLD-129",
   "properties": {
    "id": "BLD-129",
    "layer": "BUILDING_FOOTPRINT",
    "source_type": "agent_generated_design",
    "confidence": "medium",
    "geometry_role": "design_proposal",
    "building_type": "ai_r_and_d",
    "name_zh": "AI研发办公",
    "design_note_zh": "概念建筑基底建议（非现状，非权属）",
    "area_sqm_declared": 3025.0
   },
   "geometry": {
    "type": "Polygon",
    "coordinates": [
     [
      [
       116.34348205769847,
       40.00471326055028
      ],
      [
       116.34347731313896,
       40.00520856847834
      ],
      [
       116.34283323220538,
       40.00520491800648
      ],
      [
       116.34283798141868,
       40.004709610142086
      ],
      [
       116.34348205769847,
       40.00471326055028
      ]
     ]
    ]
   }
  },
  {
   "type": "Feature",
   "id": "BLD-130",
   "properties": {
    "id": "BLD-130",
    "layer": "BUILDING_FOOTPRINT",
    "source_type": "agent_generated_design",
    "confidence": "medium",
    "geometry_role": "design_proposal",
    "building_type": "ai_r_and_d",
    "name_zh": "AI研发办公",
    "design_note_zh": "概念建筑基底建议（非现状，非权属）",
    "area_sqm_declared": 3025.0
   },
   "geometry": {
    "type": "Polygon",
    "coordinates": [
     [
      [
       116.34510837800741,
       40.00210755325341
      ],
      [
       116.34510364563697,
       40.00260286156612
      ],
      [
       116.34445958897821,
       40.00259922032811
      ],
      [
       116.34446432600187,
       40.00210391207891
      ],
      [
       116.34510837800741,
       40.00210755325341
      ]
     ]
    ]
   }
  },
  {
   "type": "Feature",
   "id": "BLD-131",
   "properties": {
    "id": "BLD-131",
    "layer": "BUILDING_FOOTPRINT",
    "source_type": "agent_generated_design",
    "confidence": "medium",
    "geometry_role": "design_proposal",
    "building_type": "ai_r_and_d",
    "name_zh": "AI研发办公",
    "design_note_zh": "概念建筑基底建议（非现状，非权属）",
    "area_sqm_declared": 3025.0
   },
   "geometry": {
    "type": "Polygon",
    "coordinates": [
     [
      [
       116.34643313037502,
       40.00211503154227
      ],
      [
       116.34642840757583,
       40.00261033998542
      ],
      [
       116.34578435067624,
       40.00260670610861
      ],
      [
       116.34578907812867,
       40.00211139772885
      ],
      [
       116.34643313037502,
       40.00211503154227
      ]
     ]
    ]
   }
  },
  {
   "type": "Feature",
   "id": "BLD-132",
   "properties": {
    "id": "BLD-132",
    "layer": "BUILDING_FOOTPRINT",
    "source_type": "agent_generated_design",
    "confidence": "medium",
    "geometry_role": "design_proposal",
    "building_type": "ai_r_and_d",
    "name_zh": "AI研发办公",
    "design_note_zh": "概念建筑基底建议（非现状，非权属）",
    "area_sqm_declared": 3025.0
   },
   "geometry": {
    "type": "Polygon",
    "coordinates": [
     [
      [
       116.34510005042144,
       40.00297914259318
      ],
      [
       116.34509531784488,
       40.00347445083035
      ],
      [
       116.34445125299759,
       40.00347080948059
      ],
      [
       116.3444559902276,
       40.00297550130693
      ],
      [
       116.34510005042144,
       40.00297914259318
      ]
     ]
    ]
   }
  },
  {
   "type": "Feature",
   "id": "BLD-133",
   "properties": {
    "id": "BLD-133",
    "layer": "BUILDING_FOOTPRINT",
    "source_type": "agent_generated_design",
    "confidence": "medium",
    "geometry_role": "design_proposal",
    "building_type": "ai_r_and_d",
    "name_zh": "AI研发办公",
    "design_note_zh": "概念建筑基底建议（非现状，非权属）",
    "area_sqm_declared": 3025.0
   },
   "geometry": {
    "type": "Polygon",
    "coordinates": [
     [
      [
       116.34642481963166,
       40.002986621111575
      ],
      [
       116.34642009662673,
       40.00348192947919
      ],
      [
       116.34577603153862,
       40.00347829549085
      ],
      [
       116.34578075919697,
       40.00298298718661
      ],
      [
       116.34642481963166,
       40.002986621111575
      ]
     ]
    ]
   }
  },
  {
   "type": "Feature",
   "id": "BLD-134",
   "properties": {
    "id": "BLD-134",
    "layer": "BUILDING_FOOTPRINT",
    "source_type": "agent_generated_design",
    "confidence": "medium",
    "geometry_role": "design_proposal",
    "building_type": "ai_r_and_d",
    "name_zh": "AI研发办公",
    "design_note_zh": "概念建筑基底建议（非现状，非权属）",
    "area_sqm_declared": 3025.0
   },
   "geometry": {
    "type": "Polygon",
    "coordinates": [
     [
      [
       116.34509172247273,
       40.003850731800036
      ],
      [
       116.34508698969002,
       40.004346039961675
      ],
      [
       116.34444291665388,
       40.00434239850015
      ],
      [
       116.34444765409022,
       40.00384709040202
      ],
      [
       116.34509172247273,
       40.003850731800036
      ]
     ]
    ]
   }
  },
  {
   "type": "Feature",
   "id": "BLD-135",
   "properties": {
    "id": "BLD-135",
    "layer": "BUILDING_FOOTPRINT",
    "source_type": "agent_generated_design",
    "confidence": "medium",
    "geometry_role": "design_proposal",
    "building_type": "ai_r_and_d",
    "name_zh": "AI研发办公",
    "design_note_zh": "概念建筑基底建议（非现状，非权属）",
    "area_sqm_declared": 3025.0
   },
   "geometry": {
    "type": "Polygon",
    "coordinates": [
     [
      [
       116.34641650852629,
       40.00385821054795
      ],
      [
       116.34641178531564,
       40.00435351884003
      ],
      [
       116.34576771203864,
       40.004349884740165
      ],
      [
       116.34577243990292,
       40.003854576511465
      ],
      [
       116.34641650852629,
       40.00385821054795
      ]
     ]
    ]
   }
  },
  {
   "type": "Feature",
   "id": "BLD-136",
   "properties": {
    "id": "BLD-136",
    "layer": "BUILDING_FOOTPRINT",
    "source_type": "agent_generated_design",
    "confidence": "medium",
    "geometry_role": "design_proposal",
    "building_type": "ai_r_and_d",
    "name_zh": "AI研发办公",
    "design_note_zh": "概念建筑基底建议（非现状，非权属）",
    "area_sqm_declared": 3025.0
   },
   "geometry": {
    "type": "Polygon",
    "coordinates": [
     [
      [
       116.35161012851654,
       40.00214411071221
      ],
      [
       116.3516054431209,
       40.00263941966256
      ],
      [
       116.35096138528489,
       40.00263581455264
      ],
      [
       116.35096607533377,
       40.002140505665196
      ],
      [
       116.35161012851654,
       40.00214411071221
      ]
     ]
    ]
   }
  },
  {
   "type": "Feature",
   "id": "BLD-137",
   "properties": {
    "id": "BLD-137",
    "layer": "BUILDING_FOOTPRINT",
    "source_type": "agent_generated_design",
    "confidence": "medium",
    "geometry_role": "design_proposal",
    "building_type": "ai_r_and_d",
    "name_zh": "AI研发办公",
    "design_note_zh": "概念建筑基底建议（非现状，非权属）",
    "area_sqm_declared": 3025.0
   },
   "geometry": {
    "type": "Polygon",
    "coordinates": [
     [
      [
       116.35266639151882,
       40.00215001532882
      ],
      [
       116.35266171375467,
       40.00264532438215
      ],
      [
       116.3520176557285,
       40.002641725141565
      ],
      [
       116.35202233814593,
       40.00214641615102
      ],
      [
       116.35266639151882,
       40.00215001532882
      ]
     ]
    ]
   }
  },
  {
   "type": "Feature",
   "id": "BLD-138",
   "properties": {
    "id": "BLD-138",
    "layer": "BUILDING_FOOTPRINT",
    "source_type": "agent_generated_design",
    "confidence": "medium",
    "geometry_role": "design_proposal",
    "building_type": "ai_r_and_d",
    "name_zh": "AI研发办公",
    "design_note_zh": "概念建筑基底建议（非现状，非权属）",
    "area_sqm_declared": 3025.0
   },
   "geometry": {
    "type": "Polygon",
    "coordinates": [
     [
      [
       116.35372265483255,
       40.002155910319786
      ],
      [
       116.35371798469986,
       40.00265121947592
      ],
      [
       116.35307392648384,
       40.00264762610466
      ],
      [
       116.35307860126981,
       40.002152317011195
      ],
      [
       116.35372265483255,
       40.002155910319786
      ]
     ]
    ]
   }
  },
  {
   "type": "Feature",
   "id": "BLD-139",
   "properties": {
    "id": "BLD-139",
    "layer": "BUILDING_FOOTPRINT",
    "source_type": "agent_generated_design",
    "confidence": "medium",
    "geometry_role": "design_proposal",
    "building_type": "ai_r_and_d",
    "name_zh": "AI研发办公",
    "design_note_zh": "概念建筑基底建议（非现状，非权属）",
    "area_sqm_declared": 3025.0
   },
   "geometry": {
    "type": "Polygon",
    "coordinates": [
     [
      [
       116.3516018835925,
       40.00301570117402
      ],
      [
       116.35159719799277,
       40.00351101004884
      ],
      [
       116.35095313196818,
       40.00350740482829
      ],
      [
       116.35095782222136,
       40.00301209601635
      ],
      [
       116.3516018835925,
       40.00301570117402
      ]
     ]
    ]
   }
  },
  {
   "type": "Feature",
   "id": "BLD-140",
   "properties": {
    "id": "BLD-140",
    "layer": "BUILDING_FOOTPRINT",
    "source_type": "agent_generated_design",
    "confidence": "medium",
    "geometry_role": "design_proposal",
    "building_type": "ai_r_and_d",
    "name_zh": "AI研发办公",
    "design_note_zh": "概念建筑基底建议（非现状，非权属）",
    "area_sqm_declared": 3025.0
   },
   "geometry": {
    "type": "Polygon",
    "coordinates": [
     [
      [
       116.35265816002395,
       40.00302160597187
      ],
      [
       116.35265348205601,
       40.00351691494968
      ],
      [
       116.35200941584127,
       40.003513315598624
      ],
      [
       116.35201409846263,
       40.0030180066836
      ],
      [
       116.35265816002395,
       40.00302160597187
      ]
     ]
    ]
   }
  },
  {
   "type": "Feature",
   "id": "BLD-141",
   "properties": {
    "id": "BLD-141",
    "layer": "BUILDING_FOOTPRINT",
    "source_type": "agent_generated_design",
    "confidence": "medium",
    "geometry_role": "design_proposal",
    "building_type": "ai_r_and_d",
    "name_zh": "AI研发办公",
    "design_note_zh": "概念建筑基底建议（非现状，非权属）",
    "area_sqm_declared": 3025.0
   },
   "geometry": {
    "type": "Polygon",
    "coordinates": [
     [
      [
       116.35371443676684,
       40.00302750114375
      ],
      [
       116.3537097664307,
       40.00352281022438
      ],
      [
       116.3530657000261,
       40.00351921674283
      ],
      [
       116.35307037501568,
       40.00302390772488
      ],
      [
       116.35371443676684,
       40.00302750114375
      ]
     ]
    ]
   }
  },
  {
   "type": "Feature",
   "id": "BLD-142",
   "properties": {
    "id": "BLD-142",
    "layer": "BUILDING_FOOTPRINT",
    "source_type": "agent_generated_design",
    "confidence": "medium",
    "geometry_role": "design_proposal",
    "building_type": "ai_r_and_d",
    "name_zh": "AI研发办公",
    "design_note_zh": "概念建筑基底建议（非现状，非权属）",
    "area_sqm_declared": 3025.0
   },
   "geometry": {
    "type": "Polygon",
    "coordinates": [
     [
      [
       116.34258935821748,
       40.00759328997938
      ],
      [
       116.34258460672264,
       40.00808859757186
      ],
      [
       116.34194049883833,
       40.00808494192174
      ],
      [
       116.34194525498766,
       40.007589634393014
      ],
      [
       116.34258935821748,
       40.00759328997938
      ]
     ]
    ]
   }
  },
  {
   "type": "Feature",
   "id": "BLD-143",
   "properties": {
    "id": "BLD-143",
    "layer": "BUILDING_FOOTPRINT",
    "source_type": "agent_generated_design",
    "confidence": "medium",
    "geometry_role": "design_proposal",
    "building_type": "ai_r_and_d",
    "name_zh": "AI研发办公",
    "design_note_zh": "概念建筑基底建议（非现状，非权属）",
    "area_sqm_declared": 3025.0
   },
   "geometry": {
    "type": "Polygon",
    "coordinates": [
     [
      [
       116.3436469268518,
       40.00759928440994
      ],
      [
       116.3436421829993,
       40.00809459210697
      ],
      [
       116.34299807492195,
       40.008090942334064
      ],
      [
       116.34300282342895,
       40.00759563470069
      ],
      [
       116.3436469268518,
       40.00759928440994
      ]
     ]
    ]
   }
  },
  {
   "type": "Feature",
   "id": "BLD-144",
   "properties": {
    "id": "BLD-144",
    "layer": "BUILDING_FOOTPRINT",
    "source_type": "agent_generated_design",
    "confidence": "medium",
    "geometry_role": "design_proposal",
    "building_type": "ai_r_and_d",
    "name_zh": "AI研发办公",
    "design_note_zh": "概念建筑基底建议（非现状，非权属）",
    "area_sqm_declared": 3025.0
   },
   "geometry": {
    "type": "Polygon",
    "coordinates": [
     [
      [
       116.34258165237799,
       40.00839655957216
      ],
      [
       116.34257690069239,
       40.00889186709502
      ],
      [
       116.3419327852594,
       40.0088882113415
      ],
      [
       116.34193754159968,
       40.00839290388241
      ],
      [
       116.34258165237799,
       40.00839655957216
      ]
     ]
    ]
   }
  },
  {
   "type": "Feature",
   "id": "BLD-145",
   "properties": {
    "id": "BLD-145",
    "layer": "BUILDING_FOOTPRINT",
    "source_type": "agent_generated_design",
    "confidence": "medium",
    "geometry_role": "design_proposal",
    "building_type": "ai_r_and_d",
    "name_zh": "AI研发办公",
    "design_note_zh": "概念建筑基底建议（非现状，非权属）",
    "area_sqm_declared": 3025.0
   },
   "geometry": {
    "type": "Polygon",
    "coordinates": [
     [
      [
       116.34363923340646,
       40.00840255417228
      ],
      [
       116.34363448936348,
       40.008897861799696
      ],
      [
       116.34299037373742,
       40.00889421192355
      ],
      [
       116.34299512243504,
       40.0083989043598
      ],
      [
       116.34363923340646,
       40.00840255417228
      ]
     ]
    ]
   }
  },
  {
   "type": "Feature",
   "id": "BLD-146",
   "properties": {
    "id": "BLD-146",
    "layer": "BUILDING_FOOTPRINT",
    "source_type": "agent_generated_design",
    "confidence": "medium",
    "geometry_role": "design_proposal",
    "building_type": "ai_r_and_d",
    "name_zh": "AI研发办公",
    "design_note_zh": "概念建筑基底建议（非现状，非权属）",
    "area_sqm_declared": 3025.0
   },
   "geometry": {
    "type": "Polygon",
    "coordinates": [
     [
      [
       116.34257394622918,
       40.00919982905203
      ],
      [
       116.3425691943528,
       40.009695136505265
      ],
      [
       116.34192507137078,
       40.00969148064834
      ],
      [
       116.341929827902,
       40.00919617325887
      ],
      [
       116.34257394622918,
       40.00919982905203
      ]
     ]
    ]
   }
  },
  {
   "type": "Feature",
   "id": "BLD-147",
   "properties": {
    "id": "BLD-147",
    "layer": "BUILDING_FOOTPRINT",
    "source_type": "agent_generated_design",
    "confidence": "medium",
    "geometry_role": "design_proposal",
    "building_type": "ai_r_and_d",
    "name_zh": "AI研发办公",
    "design_note_zh": "概念建筑基底建议（非现状，非权属）",
    "area_sqm_declared": 3025.0
   },
   "geometry": {
    "type": "Polygon",
    "coordinates": [
     [
      [
       116.34363153965224,
       40.0092058238217
      ],
      [
       116.34362679541881,
       40.009701131379494
      ],
      [
       116.34298267224372,
       40.00969748140012
      ],
      [
       116.342987421132,
       40.00920217390598
      ],
      [
       116.34363153965224,
       40.0092058238217
      ]
     ]
    ]
   }
  },
  {
   "type": "Feature",
   "id": "BLD-148",
   "properties": {
    "id": "BLD-148",
    "layer": "BUILDING_FOOTPRINT",
    "source_type": "agent_generated_design",
    "confidence": "medium",
    "geometry_role": "design_proposal",
    "building_type": "ai_r_and_d",
    "name_zh": "AI研发办公",
    "design_note_zh": "概念建筑基底建议（非现状，非权属）",
    "area_sqm_declared": 3025.0
   },
   "geometry": {
    "type": "Polygon",
    "coordinates": [
     [
      [
       116.35155809726079,
       40.00764381976613
      ],
      [
       116.3515534105772,
       40.00813912823992
      ],
      [
       116.35090930106547,
       40.00813552243178
      ],
      [
       116.35091399240363,
       40.00764021402089
      ],
      [
       116.35155809726079,
       40.00764381976613
      ]
     ]
    ]
   }
  },
  {
   "type": "Feature",
   "id": "BLD-149",
   "properties": {
    "id": "BLD-149",
    "layer": "BUILDING_FOOTPRINT",
    "source_type": "agent_generated_design",
    "confidence": "medium",
    "geometry_role": "design_proposal",
    "building_type": "ai_r_and_d",
    "name_zh": "AI研发办公",
    "design_note_zh": "概念建筑基底建议（非现状，非权属）",
    "area_sqm_declared": 3025.0
   },
   "geometry": {
    "type": "Polygon",
    "coordinates": [
     [
      [
       116.35277502611075,
       40.00765062244958
      ],
      [
       116.35277034822113,
       40.008145931041994
      ],
      [
       116.3521262384903,
       40.00814233199671
      ],
      [
       116.35213092103447,
       40.00764702346706
      ],
      [
       116.35277502611075,
       40.00765062244958
      ]
     ]
    ]
   }
  },
  {
   "type": "Feature",
   "id": "BLD-150",
   "properties": {
    "id": "BLD-150",
    "layer": "BUILDING_FOOTPRINT",
    "source_type": "agent_generated_design",
    "confidence": "medium",
    "geometry_role": "design_proposal",
    "building_type": "ai_r_and_d",
    "name_zh": "AI研发办公",
    "design_note_zh": "概念建筑基底建议（非现状，非权属）",
    "area_sqm_declared": 3025.0
   },
   "geometry": {
    "type": "Polygon",
    "coordinates": [
     [
      [
       116.35399195537401,
       40.00765741235593
      ],
      [
       116.35398728627837,
       40.008152721066786
      ],
      [
       116.35334317632888,
       40.00814912878436
      ],
      [
       116.35334785007906,
       40.00765382013616
      ],
      [
       116.35399195537401,
       40.00765741235593
      ]
     ]
    ]
   }
  },
  {
   "type": "Feature",
   "id": "BLD-151",
   "properties": {
    "id": "BLD-151",
    "layer": "BUILDING_FOOTPRINT",
    "source_type": "agent_generated_design",
    "confidence": "medium",
    "geometry_role": "design_proposal",
    "building_type": "ai_r_and_d",
    "name_zh": "AI研发办公",
    "design_note_zh": "概念建筑基底建议（非现状，非权属）",
    "area_sqm_declared": 3025.0
   },
   "geometry": {
    "type": "Polygon",
    "coordinates": [
     [
      [
       116.35155049653035,
       40.00844709078819
      ],
      [
       116.35154580965857,
       40.00894239919237
      ],
      [
       116.35090169259806,
       40.00893879328224
      ],
      [
       116.35090638412456,
       40.00844348494095
      ],
      [
       116.35155049653035,
       40.00844709078819
      ]
     ]
    ]
   }
  },
  {
   "type": "Feature",
   "id": "BLD-152",
   "properties": {
    "id": "BLD-152",
    "layer": "BUILDING_FOOTPRINT",
    "source_type": "agent_generated_design",
    "confidence": "medium",
    "geometry_role": "design_proposal",
    "building_type": "ai_r_and_d",
    "name_zh": "AI研发办公",
    "design_note_zh": "概念建筑基底建议（非现状，非权属）",
    "area_sqm_declared": 3025.0
   },
   "geometry": {
    "type": "Polygon",
    "coordinates": [
     [
      [
       116.35276743964211,
       40.00845389366405
      ],
      [
       116.35276276156468,
       40.00894920218688
      ],
      [
       116.35211864428506,
       40.00894560303979
      ],
      [
       116.35212332701721,
       40.008450294579724
      ],
      [
       116.35276743964211,
       40.00845389366405
      ]
     ]
    ]
   }
  },
  {
   "type": "Feature",
   "id": "BLD-153",
   "properties": {
    "id": "BLD-153",
    "layer": "BUILDING_FOOTPRINT",
    "source_type": "agent_generated_design",
    "confidence": "medium",
    "geometry_role": "design_proposal",
    "building_type": "ai_r_and_d",
    "name_zh": "AI研发办公",
    "design_note_zh": "概念建筑基底建议（非现状，非权属）",
    "area_sqm_declared": 3025.0
   },
   "geometry": {
    "type": "Polygon",
    "coordinates": [
     [
      [
       116.35398438316724,
       40.008460683762465
      ],
      [
       116.35397971388417,
       40.00895599240372
      ],
      [
       116.35333559638586,
       40.00895240001969
      ],
      [
       116.35334027032368,
       40.00845709144109
      ],
      [
       116.35398438316724,
       40.008460683762465
      ]
     ]
    ]
   }
  },
  {
   "type": "Feature",
   "id": "BLD-154",
   "properties": {
    "id": "BLD-154",
    "layer": "BUILDING_FOOTPRINT",
    "source_type": "agent_generated_design",
    "confidence": "medium",
    "geometry_role": "design_proposal",
    "building_type": "ai_r_and_d",
    "name_zh": "AI研发办公",
    "design_note_zh": "概念建筑基底建议（非现状，非权属）",
    "area_sqm_declared": 3025.0
   },
   "geometry": {
    "type": "Polygon",
    "coordinates": [
     [
      [
       116.34295535662343,
       40.01509536362763
      ],
      [
       116.34295060651294,
       40.015590670613356
      ],
      [
       116.3423064280595,
       40.01558701643197
      ],
      [
       116.34231118282621,
       40.015091709509974
      ],
      [
       116.34295535662343,
       40.01509536362763
      ]
     ]
    ]
   }
  },
  {
   "type": "Feature",
   "id": "BLD-155",
   "properties": {
    "id": "BLD-155",
    "layer": "BUILDING_FOOTPRINT",
    "source_type": "agent_generated_design",
    "confidence": "medium",
    "geometry_role": "design_proposal",
    "building_type": "ai_r_and_d",
    "name_zh": "AI研发办公",
    "design_note_zh": "概念建筑基底建议（非现状，非权属）",
    "area_sqm_declared": 3025.0
   },
   "geometry": {
    "type": "Polygon",
    "coordinates": [
     [
      [
       116.34294763615632,
       40.01590039155613
      ],
      [
       116.34294288585473,
       40.01639569847208
      ],
      [
       116.3422986998332,
       40.016392044187114
      ],
      [
       116.34230345479122,
       40.0158967373349
      ],
      [
       116.34294763615632,
       40.01590039155613
      ]
     ]
    ]
   }
  },
  {
   "type": "Feature",
   "id": "BLD-156",
   "properties": {
    "id": "BLD-156",
    "layer": "BUILDING_FOOTPRINT",
    "source_type": "agent_generated_design",
    "confidence": "medium",
    "geometry_role": "design_proposal",
    "building_type": "ai_r_and_d",
    "name_zh": "AI研发办公",
    "design_note_zh": "概念建筑基底建议（非现状，非权属）",
    "area_sqm_declared": 3025.0
   },
   "geometry": {
    "type": "Polygon",
    "coordinates": [
     [
      [
       116.34293991537858,
       40.01670541937121
      ],
      [
       116.34293516488584,
       40.017200726217396
      ],
      [
       116.34229097129591,
       40.01719707182884
      ],
      [
       116.34229572644526,
       40.016701765046406
      ],
      [
       116.34293991537858,
       40.01670541937121
      ]
     ]
    ]
   }
  },
  {
   "type": "Feature",
   "id": "BLD-157",
   "properties": {
    "id": "BLD-157",
    "layer": "BUILDING_FOOTPRINT",
    "source_type": "agent_generated_design",
    "confidence": "medium",
    "geometry_role": "design_proposal",
    "building_type": "ai_r_and_d",
    "name_zh": "AI研发办公",
    "design_note_zh": "概念建筑基底建议（非现状，非权属）",
    "area_sqm_declared": 3025.0
   },
   "geometry": {
    "type": "Polygon",
    "coordinates": [
     [
      [
       116.34498413867514,
       40.015106848626424
      ],
      [
       116.34497940322923,
       40.015602155812466
      ],
      [
       116.34433522440582,
       40.01559851290735
      ],
      [
       116.34433996450798,
       40.015103205784854
      ],
      [
       116.34498413867514,
       40.015106848626424
      ]
     ]
    ]
   }
  },
  {
   "type": "Feature",
   "id": "BLD-158",
   "properties": {
    "id": "BLD-158",
    "layer": "BUILDING_FOOTPRINT",
    "source_type": "agent_generated_design",
    "confidence": "medium",
    "geometry_role": "design_proposal",
    "building_type": "ai_r_and_d",
    "name_zh": "AI研发办公",
    "design_note_zh": "概念建筑基底建议（非现状，非权属）",
    "area_sqm_declared": 3025.0
   },
   "geometry": {
    "type": "Polygon",
    "coordinates": [
     [
      [
       116.34630914231755,
       40.015114330339166
      ],
      [
       116.34630441644909,
       40.015609637655686
      ],
      [
       116.34566023738469,
       40.01560600211515
      ],
      [
       116.3456649679094,
       40.01511069486204
      ],
      [
       116.34630914231755,
       40.015114330339166
      ]
     ]
    ]
   }
  },
  {
   "type": "Feature",
   "id": "BLD-159",
   "properties": {
    "id": "BLD-159",
    "layer": "BUILDING_FOOTPRINT",
    "source_type": "agent_generated_design",
    "confidence": "medium",
    "geometry_role": "design_proposal",
    "building_type": "ai_r_and_d",
    "name_zh": "AI研发办公",
    "design_note_zh": "概念建筑基底建议（非现状，非权属）",
    "area_sqm_declared": 3025.0
   },
   "geometry": {
    "type": "Polygon",
    "coordinates": [
     [
      [
       116.3449764472416,
       40.015911333108214
      ],
      [
       116.34497171160527,
       40.01640664022453
      ],
      [
       116.34432752521889,
       40.016402997216225
      ],
      [
       116.34433226551165,
       40.015907690163445
      ],
      [
       116.3449764472416,
       40.015911333108214
      ]
     ]
    ]
   }
  },
  {
   "type": "Feature",
   "id": "BLD-160",
   "properties": {
    "id": "BLD-160",
    "layer": "BUILDING_FOOTPRINT",
    "source_type": "agent_generated_design",
    "confidence": "medium",
    "geometry_role": "design_proposal",
    "building_type": "ai_r_and_d",
    "name_zh": "AI研发办公",
    "design_note_zh": "概念建筑基底建议（非现状，非权属）",
    "area_sqm_declared": 3025.0
   },
   "geometry": {
    "type": "Polygon",
    "coordinates": [
     [
      [
       116.34630146644,
       40.015918815032876
      ],
      [
       116.3462967403815,
       40.016414122279684
      ],
      [
       116.3456525537541,
       40.01641048663616
      ],
      [
       116.34565728446903,
       40.01591517945276
      ],
      [
       116.34630146644,
       40.015918815032876
      ]
     ]
    ]
   }
  },
  {
   "type": "Feature",
   "id": "BLD-161",
   "properties": {
    "id": "BLD-161",
    "layer": "BUILDING_FOOTPRINT",
    "source_type": "agent_generated_design",
    "confidence": "medium",
    "geometry_role": "design_proposal",
    "building_type": "ai_r_and_d",
    "name_zh": "AI研发办公",
    "design_note_zh": "概念建筑基底建议（非现状，非权属）",
    "area_sqm_declared": 3025.0
   },
   "geometry": {
    "type": "Polygon",
    "coordinates": [
     [
      [
       116.34496875549883,
       40.016715817476744
      ],
      [
       116.34496401967206,
       40.01721112452332
      ],
      [
       116.34431982572237,
       40.01720748141182
      ],
      [
       116.34432456620574,
       40.016712174428775
      ],
      [
       116.34496875549883,
       40.016715817476744
      ]
     ]
    ]
   }
  },
  {
   "type": "Feature",
   "id": "BLD-162",
   "properties": {
    "id": "BLD-162",
    "layer": "BUILDING_FOOTPRINT",
    "source_type": "agent_generated_design",
    "confidence": "medium",
    "geometry_role": "design_proposal",
    "building_type": "ai_r_and_d",
    "name_zh": "AI研发办公",
    "design_note_zh": "概念建筑基底建议（非现状，非权属）",
    "area_sqm_declared": 3025.0
   },
   "geometry": {
    "type": "Polygon",
    "coordinates": [
     [
      [
       116.34629379025378,
       40.01672329961334
      ],
      [
       116.34628906400528,
       40.017218606790415
      ],
      [
       116.34564486981458,
       40.017214971043906
      ],
      [
       116.3456496007197,
       40.016719663930246
      ],
      [
       116.34629379025378,
       40.01672329961334
      ]
     ]
    ]
   }
  }
 ]
}