{
  "type": "FeatureCollection",
  "name": "public_foyer_reversible_phasing",
  "features": [
    {
      "type": "Feature",
      "id": "PHASE-001",
      "properties": {
        "id": "PHASE-001",
        "layer": "PHASE",
        "source_type": "agent_generated_design",
        "confidence": "medium",
        "geometry_role": "design_proposal",
        "phase": "phase_1",
        "name_zh": "一期·三厅十二间可逆试点",
        "activation_trigger": "完成权属、安全、无障碍与活动许可核验后，以轻量设施和运营先行",
        "area_sqm_declared": 319396.862,
        "concept_note": "阶段是概念性优先序，不是已批准开发时序或投资承诺。"
      },
      "geometry": {
        "type": "MultiPolygon",
        "coordinates": [
          [
            [
              [
                116.35288926819898,
                39.94758544612408
              ],
              [
                116.35287765527886,
                39.94755981586321
              ],
              [
                116.35286439092363,
                39.947535
              ],
              [
                116.35284953193329,
                39.9475111047998
              ],
              [
                116.35283314193633,
                39.94748823258553
              ],
              [
                116.35281529111721,
                39.94746648129951
              ],
              [
                116.3527960559159,
                39.94744594408409
              ],
              [
                116.3527755187005,
                39.94742670888278
              ],
              [
                116.35275376741447,
                39.947408858063675
              ],
              [
                116.3527308952002,
                39.94739246806671
              ],
              [
                116.352707,
                39.94737760907637
              ],
              [
                116.3526821841368,
                39.94736434472114
              ],
              [
                116.35265655387592,
                39.94735273180102
              ],
              [
                116.35263021897008,
                39.94734282004432
              ],
              [
                116.35260329218939,
                39.94733465189469
              ],
              [
                116.35257588883846,
                39.94732826232943
              ],
              [
                116.35254812626265,
                39.94732367870961
              ],
              [
                116.35252012334557,
                39.947320920663
              ],
              [
                116.352492,
                39.94732
              ],
              [
                116.35246387665443,
                39.947320920663
              ],
              [
                116.35243587373735,
                39.94732367870961
              ],
              [
                116.35240811116154,
                39.94732826232943
              ],
              [
                116.35238070781061,
                39.94733465189469
              ],
              [
                116.35235378102992,
                39.94734282004432
              ],
              [
                116.35232744612408,
                39.94735273180102
              ],
              [
                116.3523018158632,
                39.94736434472114
              ],
              [
                116.352277,
                39.94737760907637
              ],
              [
                116.3522531047998,
                39.94739246806671
              ],
              [
                116.35223023258553,
                39.947408858063675
              ],
              [
                116.3522084812995,
                39.94742670888278
              ],
              [
                116.3521879440841,
                39.94744594408409
              ],
              [
                116.35216870888279,
                39.94746648129951
              ],
              [
                116.35215085806367,
                39.94748823258553
              ],
              [
                116.35213446806671,
                39.9475111047998
              ],
              [
                116.35211960907637,
                39.947535
              ],
              [
                116.35210634472114,
                39.94755981586321
              ],
              [
                116.35209473180102,
                39.94758544612408
              ],
              [
                116.35208482004431,
                39.94761178102992
              ],
              [
                116.35207665189469,
                39.947638707810604
              ],
              [
                116.35207026232942,
                39.94766611116153
              ],
              [
                116.35206567870961,
                39.94769387373734
              ],
              [
                116.352062920663,
                39.94772187665443
              ],
              [
                116.352062,
                39.94775
              ],
              [
                116.352062920663,
                39.94777812334557
              ],
              [
                116.35206567870961,
                39.947806126262655
              ],
              [
                116.35207026232942,
                39.94783388883847
              ],
              [
                116.35207665189469,
                39.947861292189394
              ],
              [
                116.35208482004431,
                39.94788821897008
              ],
              [
                116.35209473180102,
                39.94791455387592
              ],
              [
                116.35210634472114,
                39.94794018413679
              ],
              [
                116.35211960907637,
                39.947964999999996
              ],
              [
                116.35213446806671,
                39.9479888952002
              ],
              [
                116.35215085806367,
                39.94801176741447
              ],
              [
                116.35216870888279,
                39.94803351870049
              ],
              [
                116.3521879440841,
                39.94805405591591
              ],
              [
                116.3522084812995,
                39.94807329111722
              ],
              [
                116.35223023258553,
                39.948091141936324
              ],
              [
                116.3522531047998,
                39.94810753193329
              ],
              [
                116.352277,
                39.94812239092363
              ],
              [
                116.3523018158632,
                39.94813565527886
              ],
              [
                116.35232744612408,
                39.94814726819898
              ],
              [
                116.35235378102992,
                39.94815717995568
              ],
              [
                116.35238070781061,
                39.948165348105306
              ],
              [
                116.35240811116154,
                39.94817173767057
              ],
              [
                116.35243587373735,
                39.94817632129039
              ],
              [
                116.35246387665443,
                39.948179079336995
              ],
              [
                116.352492,
                39.94818
              ],
              [
                116.35252012334557,
                39.948179079336995
              ],
              [
                116.35254812626265,
                39.94817632129039
              ],
              [
                116.35257588883846,
                39.94817173767057
              ],
              [
                116.35260329218939,
                39.948165348105306
              ],
              [
                116.35263021897008,
                39.94815717995568
              ],
              [
                116.35265655387592,
                39.94814726819898
              ],
              [
                116.3526821841368,
                39.94813565527886
              ],
              [
                116.352707,
                39.94812239092363
              ],
              [
                116.3527308952002,
                39.94810753193329
              ],
              [
                116.35275376741447,
                39.948091141936324
              ],
              [
                116.3527755187005,
                39.94807329111722
              ],
              [
                116.3527960559159,
                39.94805405591591
              ],
              [
                116.35281529111721,
                39.94803351870049
              ],
              [
                116.35283314193633,
                39.94801176741447
              ],
              [
                116.35284953193329,
                39.9479888952002
              ],
              [
                116.35286439092363,
                39.947964999999996
              ],
              [
                116.35287765527886,
                39.94794018413679
              ],
              [
                116.35288926819898,
                39.94791455387592
              ],
              [
                116.35289917995568,
                39.94788821897008
              ],
              [
                116.3529073481053,
                39.947861292189394
              ],
              [
                116.35291373767058,
                39.94783388883847
              ],
              [
                116.35291832129039,
                39.947806126262655
              ],
              [
                116.352921079337,
                39.94777812334557
              ],
              [
                116.35292199999999,
                39.94775
              ],
              [
                116.352921079337,
                39.94772187665443
              ],
              [
                116.35291832129039,
                39.94769387373734
              ],
              [
                116.35291373767058,
                39.94766611116153
              ],
              [
                116.3529073481053,
                39.947638707810604
              ],
              [
                116.35289917995568,
                39.94761178102992
              ],
              [
                116.35288926819898,
                39.94758544612408
              ]
            ]
          ],
          [
            [
              [
                116.35262176819899,
                39.97152294612408
              ],
              [
                116.35261015527887,
                39.97149731586321
              ],
              [
                116.35259689092364,
                39.971472500000004
              ],
              [
                116.3525820319333,
                39.971448604799804
              ],
              [
                116.35256564193634,
                39.97142573258553
              ],
              [
                116.35254779111722,
                39.97140398129951
              ],
              [
                116.35252855591591,
                39.97138344408409
              ],
              [
                116.3525080187005,
                39.97136420888278
              ],
              [
                116.35248626741448,
                39.97134635806368
              ],
              [
                116.3524633952002,
                39.97132996806671
              ],
              [
                116.3524395,
                39.97131510907637
              ],
              [
                116.3524146841368,
                39.97130184472114
              ],
              [
                116.35238905387592,
                39.97129023180102
              ],
              [
                116.35236271897008,
                39.97128032004432
              ],
              [
                116.3523357921894,
                39.971272151894695
              ],
              [
                116.35230838883847,
                39.97126576232943
              ],
              [
                116.35228062626265,
                39.97126117870961
              ],
              [
                116.35225262334558,
                39.971258420663005
              ],
              [
                116.3522245,
                39.9712575
              ],
              [
                116.35219637665443,
                39.971258420663005
              ],
              [
                116.35216837373736,
                39.97126117870961
              ],
              [
                116.35214061116154,
                39.97126576232943
              ],
              [
                116.35211320781062,
                39.971272151894695
              ],
              [
                116.35208628102993,
                39.97128032004432
              ],
              [
                116.35205994612409,
                39.97129023180102
              ],
              [
                116.35203431586321,
                39.97130184472114
              ],
              [
                116.35200950000001,
                39.97131510907637
              ],
              [
                116.35198560479981,
                39.97132996806671
              ],
              [
                116.35196273258553,
                39.97134635806368
              ],
              [
                116.3519409812995,
                39.97136420888278
              ],
              [
                116.3519204440841,
                39.97138344408409
              ],
              [
                116.3519012088828,
                39.97140398129951
              ],
              [
                116.35188335806367,
                39.97142573258553
              ],
              [
                116.35186696806672,
                39.971448604799804
              ],
              [
                116.35185210907638,
                39.971472500000004
              ],
              [
                116.35183884472114,
                39.97149731586321
              ],
              [
                116.35182723180102,
                39.97152294612408
              ],
              [
                116.35181732004432,
                39.97154928102992
              ],
              [
                116.3518091518947,
                39.97157620781061
              ],
              [
                116.35180276232943,
                39.971603611161534
              ],
              [
                116.35179817870961,
                39.971631373737345
              ],
              [
                116.35179542066301,
                39.97165937665443
              ],
              [
                116.35179450000001,
                39.9716875
              ],
              [
                116.35179542066301,
                39.971715623345574
              ],
              [
                116.35179817870961,
                39.97174362626266
              ],
              [
                116.35180276232943,
                39.97177138883847
              ],
              [
                116.3518091518947,
                39.9717987921894
              ],
              [
                116.35181732004432,
                39.97182571897008
              ],
              [
                116.35182723180102,
                39.97185205387592
              ],
              [
                116.35183884472114,
                39.97187768413679
              ],
              [
                116.35185210907638,
                39.9719025
              ],
              [
                116.35186696806672,
                39.9719263952002
              ],
              [
                116.35188335806367,
                39.97194926741447
              ],
              [
                116.3519012088828,
                39.97197101870049
              ],
              [
                116.3519204440841,
                39.97199155591591
              ],
              [
                116.3519409812995,
                39.97201079111722
              ],
              [
                116.35196273258553,
                39.972028641936326
              ],
              [
                116.35198560479981,
                39.97204503193329
              ],
              [
                116.35200950000001,
                39.97205989092363
              ],
              [
                116.35203431586321,
                39.97207315527886
              ],
              [
                116.35205994612409,
                39.97208476819898
              ],
              [
                116.35208628102993,
                39.97209467995568
              ],
              [
                116.35211320781062,
                39.97210284810531
              ],
              [
                116.35214061116154,
                39.97210923767057
              ],
              [
                116.35216837373736,
                39.97211382129039
              ],
              [
                116.35219637665443,
                39.972116579337
              ],
              [
                116.3522245,
                39.9721175
              ],
              [
                116.35225262334558,
                39.972116579337
              ],
              [
                116.35228062626265,
                39.97211382129039
              ],
              [
                116.35230838883847,
                39.97210923767057
              ],
              [
                116.3523357921894,
                39.97210284810531
              ],
              [
                116.35236271897008,
                39.97209467995568
              ],
              [
                116.35238905387592,
                39.97208476819898
              ],
              [
                116.3524146841368,
                39.97207315527886
              ],
              [
                116.3524395,
                39.97205989092363
              ],
              [
                116.3524633952002,
                39.97204503193329
              ],
              [
                116.35248626741448,
                39.972028641936326
              ],
              [
                116.3525080187005,
                39.97201079111722
              ],
              [
                116.35252855591591,
                39.97199155591591
              ],
              [
                116.35254779111722,
                39.97197101870049
              ],
              [
                116.35256564193634,
                39.97194926741447
              ],
              [
                116.3525820319333,
                39.9719263952002
              ],
              [
                116.35259689092364,
                39.9719025
              ],
              [
                116.35261015527887,
                39.97187768413679
              ],
              [
                116.35262176819899,
                39.97185205387592
              ],
              [
                116.35263167995569,
                39.97182571897008
              ],
              [
                116.35263984810531,
                39.9717987921894
              ],
              [
                116.35264623767058,
                39.97177138883847
              ],
              [
                116.3526508212904,
                39.97174362626266
              ],
              [
                116.352653579337,
                39.971715623345574
              ],
              [
                116.3526545,
                39.9716875
              ],
              [
                116.352653579337,
                39.97165937665443
              ],
              [
                116.3526508212904,
                39.971631373737345
              ],
              [
                116.35264623767058,
                39.971603611161534
              ],
              [
                116.35263984810531,
                39.97157620781061
              ],
              [
                116.35263167995569,
                39.97154928102992
              ],
              [
                116.35262176819899,
                39.97152294612408
              ]
            ]
          ],
          [
            [
              [
                116.35255365176062,
                40.014085446124085
              ],
              [
                116.3525420388405,
                40.01405981586321
              ],
              [
                116.35252877448526,
                40.01403500000001
              ],
              [
                116.35251391549492,
                40.014011104799806
              ],
              [
                116.35249752549797,
                40.01398823258553
              ],
              [
                116.35247967467885,
                40.01396648129951
              ],
              [
                116.35246043947754,
                40.01394594408409
              ],
              [
                116.35243990226213,
                40.013926708882785
              ],
              [
                116.3524181509761,
                40.01390885806368
              ],
              [
                116.35239527876183,
                40.013892468066715
              ],
              [
                116.35237138356163,
                40.013877609076374
              ],
              [
                116.35234656769843,
                40.01386434472114
              ],
              [
                116.35232093743755,
                40.01385273180102
              ],
              [
                116.35229460253171,
                40.013842820044324
              ],
              [
                116.35226767575102,
                40.0138346518947
              ],
              [
                116.3522402724001,
                40.01382826232943
              ],
              [
                116.35221250982428,
                40.01382367870961
              ],
              [
                116.35218450690721,
                40.01382092066301
              ],
              [
                116.35215638356163,
                40.01382
              ],
              [
                116.35212826021606,
                40.01382092066301
              ],
              [
                116.35210025729899,
                40.01382367870961
              ],
              [
                116.35207249472317,
                40.01382826232943
              ],
              [
                116.35204509137225,
                40.0138346518947
              ],
              [
                116.35201816459156,
                40.013842820044324
              ],
              [
                116.35199182968572,
                40.01385273180102
              ],
              [
                116.35196619942484,
                40.01386434472114
              ],
              [
                116.35194138356164,
                40.013877609076374
              ],
              [
                116.35191748836144,
                40.013892468066715
              ],
              [
                116.35189461614716,
                40.01390885806368
              ],
              [
                116.35187286486114,
                40.013926708882785
              ],
              [
                116.35185232764573,
                40.01394594408409
              ],
              [
                116.35183309244442,
                40.01396648129951
              ],
              [
                116.3518152416253,
                40.01398823258553
              ],
              [
                116.35179885162835,
                40.014011104799806
              ],
              [
                116.351783992638,
                40.01403500000001
              ],
              [
                116.35177072828277,
                40.01405981586321
              ],
              [
                116.35175911536265,
                40.014085446124085
              ],
              [
                116.35174920360595,
                40.014111781029925
              ],
              [
                116.35174103545633,
                40.01413870781061
              ],
              [
                116.35173464589106,
                40.014166111161536
              ],
              [
                116.35173006227124,
                40.01419387373735
              ],
              [
                116.35172730422464,
                40.01422187665443
              ],
              [
                116.35172638356164,
                40.014250000000004
              ],
              [
                116.35172730422464,
                40.014278123345576
              ],
              [
                116.35173006227124,
                40.01430612626266
              ],
              [
                116.35173464589106,
                40.01433388883847
              ],
              [
                116.35174103545633,
                40.0143612921894
              ],
              [
                116.35174920360595,
                40.01438821897008
              ],
              [
                116.35175911536265,
                40.01441455387592
              ],
              [
                116.35177072828277,
                40.014440184136795
              ],
              [
                116.351783992638,
                40.014465
              ],
              [
                116.35179885162835,
                40.0144888952002
              ],
              [
                116.3518152416253,
                40.014511767414476
              ],
              [
                116.35183309244442,
                40.014533518700496
              ],
              [
                116.35185232764573,
                40.014554055915916
              ],
              [
                116.35187286486114,
                40.01457329111722
              ],
              [
                116.35189461614716,
                40.01459114193633
              ],
              [
                116.35191748836144,
                40.014607531933294
              ],
              [
                116.35194138356164,
                40.014622390923634
              ],
              [
                116.35196619942484,
                40.014635655278866
              ],
              [
                116.35199182968572,
                40.014647268198985
              ],
              [
                116.35201816459156,
                40.014657179955684
              ],
              [
                116.35204509137225,
                40.01466534810531
              ],
              [
                116.35207249472317,
                40.014671737670575
              ],
              [
                116.35210025729899,
                40.014676321290395
              ],
              [
                116.35212826021606,
                40.014679079337
              ],
              [
                116.35215638356163,
                40.014680000000006
              ],
              [
                116.35218450690721,
                40.014679079337
              ],
              [
                116.35221250982428,
                40.014676321290395
              ],
              [
                116.3522402724001,
                40.014671737670575
              ],
              [
                116.35226767575102,
                40.01466534810531
              ],
              [
                116.35229460253171,
                40.014657179955684
              ],
              [
                116.35232093743755,
                40.014647268198985
              ],
              [
                116.35234656769843,
                40.014635655278866
              ],
              [
                116.35237138356163,
                40.014622390923634
              ],
              [
                116.35239527876183,
                40.014607531933294
              ],
              [
                116.3524181509761,
                40.01459114193633
              ],
              [
                116.35243990226213,
                40.01457329111722
              ],
              [
                116.35246043947754,
                40.014554055915916
              ],
              [
                116.35247967467885,
                40.014533518700496
              ],
              [
                116.35249752549797,
                40.014511767414476
              ],
              [
                116.35251391549492,
                40.0144888952002
              ],
              [
                116.35252877448526,
                40.014465
              ],
              [
                116.3525420388405,
                40.014440184136795
              ],
              [
                116.35255365176062,
                40.01441455387592
              ],
              [
                116.35256356351732,
                40.01438821897008
              ],
              [
                116.35257173166694,
                40.0143612921894
              ],
              [
                116.35257812123221,
                40.01433388883847
              ],
              [
                116.35258270485203,
                40.01430612626266
              ],
              [
                116.35258546289863,
                40.014278123345576
              ],
              [
                116.35258638356163,
                40.014250000000004
              ],
              [
                116.35258546289863,
                40.01422187665443
              ],
              [
                116.35258270485203,
                40.01419387373735
              ],
              [
                116.35257812123221,
                40.014166111161536
              ],
              [
                116.35257173166694,
                40.01413870781061
              ],
              [
                116.35256356351732,
                40.014111781029925
              ],
              [
                116.35255365176062,
                40.014085446124085
              ]
            ]
          ],
          [
            [
              [
                116.35205365176063,
                39.99583544612408
              ],
              [
                116.35204203884051,
                39.99580981586321
              ],
              [
                116.35202877448528,
                39.995785000000005
              ],
              [
                116.35201391549494,
                39.995761104799804
              ],
              [
                116.35199752549798,
                39.99573823258553
              ],
              [
                116.35197967467886,
                39.99571648129951
              ],
              [
                116.35196043947755,
                39.99569594408409
              ],
              [
                116.35193990226215,
                39.99567670888278
              ],
              [
                116.35191815097612,
                39.99565885806368
              ],
              [
                116.35189527876184,
                39.99564246806671
              ],
              [
                116.35187138356164,
                39.99562760907637
              ],
              [
                116.35184656769844,
                39.99561434472114
              ],
              [
                116.35182093743757,
                39.99560273180102
              ],
              [
                116.35179460253173,
                39.99559282004432
              ],
              [
                116.35176767575103,
                39.995584651894696
              ],
              [
                116.35174027240011,
                39.99557826232943
              ],
              [
                116.3517125098243,
                39.99557367870961
              ],
              [
                116.35168450690722,
                39.995570920663006
              ],
              [
                116.35165638356165,
                39.99557
              ],
              [
                116.35162826021607,
                39.995570920663006
              ],
              [
                116.351600257299,
                39.99557367870961
              ],
              [
                116.35157249472319,
                39.99557826232943
              ],
              [
                116.35154509137226,
                39.995584651894696
              ],
              [
                116.35151816459157,
                39.99559282004432
              ],
              [
                116.35149182968573,
                39.99560273180102
              ],
              [
                116.35146619942485,
                39.99561434472114
              ],
              [
                116.35144138356165,
                39.99562760907637
              ],
              [
                116.35141748836145,
                39.99564246806671
              ],
              [
                116.35139461614718,
                39.99565885806368
              ],
              [
                116.35137286486115,
                39.99567670888278
              ],
              [
                116.35135232764574,
                39.99569594408409
              ],
              [
                116.35133309244443,
                39.99571648129951
              ],
              [
                116.35131524162531,
                39.99573823258553
              ],
              [
                116.35129885162836,
                39.995761104799804
              ],
              [
                116.35128399263802,
                39.995785000000005
              ],
              [
                116.35127072828278,
                39.99580981586321
              ],
              [
                116.35125911536267,
                39.99583544612408
              ],
              [
                116.35124920360596,
                39.99586178102992
              ],
              [
                116.35124103545634,
                39.99588870781061
              ],
              [
                116.35123464589107,
                39.995916111161534
              ],
              [
                116.35123006227126,
                39.995943873737346
              ],
              [
                116.35122730422465,
                39.99597187665443
              ],
              [
                116.35122638356165,
                39.996
              ],
              [
                116.35122730422465,
                39.996028123345575
              ],
              [
                116.35123006227126,
                39.99605612626266
              ],
              [
                116.35123464589107,
                39.99608388883847
              ],
              [
                116.35124103545634,
                39.9961112921894
              ],
              [
                116.35124920360596,
                39.99613821897008
              ],
              [
                116.35125911536267,
                39.99616455387592
              ],
              [
                116.35127072828278,
                39.99619018413679
              ],
              [
                116.35128399263802,
                39.996215
              ],
              [
                116.35129885162836,
                39.9962388952002
              ],
              [
                116.35131524162531,
                39.996261767414474
              ],
              [
                116.35133309244443,
                39.996283518700494
              ],
              [
                116.35135232764574,
                39.996304055915914
              ],
              [
                116.35137286486115,
                39.99632329111722
              ],
              [
                116.35139461614718,
                39.99634114193633
              ],
              [
                116.35141748836145,
                39.99635753193329
              ],
              [
                116.35144138356165,
                39.99637239092363
              ],
              [
                116.35146619942485,
                39.996385655278864
              ],
              [
                116.35149182968573,
                39.99639726819898
              ],
              [
                116.35151816459157,
                39.99640717995568
              ],
              [
                116.35154509137226,
                39.99641534810531
              ],
              [
                116.35157249472319,
                39.99642173767057
              ],
              [
                116.351600257299,
                39.99642632129039
              ],
              [
                116.35162826021607,
                39.996429079337
              ],
              [
                116.35165638356165,
                39.996430000000004
              ],
              [
                116.35168450690722,
                39.996429079337
              ],
              [
                116.3517125098243,
                39.99642632129039
              ],
              [
                116.35174027240011,
                39.99642173767057
              ],
              [
                116.35176767575103,
                39.99641534810531
              ],
              [
                116.35179460253173,
                39.99640717995568
              ],
              [
                116.35182093743757,
                39.99639726819898
              ],
              [
                116.35184656769844,
                39.996385655278864
              ],
              [
                116.35187138356164,
                39.99637239092363
              ],
              [
                116.35189527876184,
                39.99635753193329
              ],
              [
                116.35191815097612,
                39.99634114193633
              ],
              [
                116.35193990226215,
                39.99632329111722
              ],
              [
                116.35196043947755,
                39.996304055915914
              ],
              [
                116.35197967467886,
                39.996283518700494
              ],
              [
                116.35199752549798,
                39.996261767414474
              ],
              [
                116.35201391549494,
                39.9962388952002
              ],
              [
                116.35202877448528,
                39.996215
              ],
              [
                116.35204203884051,
                39.99619018413679
              ],
              [
                116.35205365176063,
                39.99616455387592
              ],
              [
                116.35206356351733,
                39.99613821897008
              ],
              [
                116.35207173166695,
                39.9961112921894
              ],
              [
                116.35207812123222,
                39.99608388883847
              ],
              [
                116.35208270485204,
                39.99605612626266
              ],
              [
                116.35208546289864,
                39.996028123345575
              ],
              [
                116.35208638356164,
                39.996
              ],
              [
                116.35208546289864,
                39.99597187665443
              ],
              [
                116.35208270485204,
                39.995943873737346
              ],
              [
                116.35207812123222,
                39.995916111161534
              ],
              [
                116.35207173166695,
                39.99588870781061
              ],
              [
                116.35206356351733,
                39.99586178102992
              ],
              [
                116.35205365176063,
                39.99583544612408
              ]
            ]
          ],
          [
            [
              [
                116.346817,
                39.94737760907637
              ],
              [
                116.3467931047998,
                39.94739246806671
              ],
              [
                116.34677023258553,
                39.947408858063675
              ],
              [
                116.3467484812995,
                39.94742670888278
              ],
              [
                116.3467279440841,
                39.94744594408409
              ],
              [
                116.34670870888279,
                39.94746648129951
              ],
              [
                116.34669085806367,
                39.94748823258553
              ],
              [
                116.34667446806671,
                39.9475111047998
              ],
              [
                116.34665960907637,
                39.947535
              ],
              [
                116.34664634472114,
                39.94755981586321
              ],
              [
                116.34663473180102,
                39.94758544612408
              ],
              [
                116.34662482004431,
                39.94761178102992
              ],
              [
                116.34661665189469,
                39.947638707810604
              ],
              [
                116.34661026232942,
                39.94766611116153
              ],
              [
                116.34660567870961,
                39.94769387373734
              ],
              [
                116.346602920663,
                39.94772187665443
              ],
              [
                116.346602,
                39.94775
              ],
              [
                116.346602920663,
                39.94777812334557
              ],
              [
                116.34660567870961,
                39.947806126262655
              ],
              [
                116.34661026232942,
                39.94783388883847
              ],
              [
                116.34661665189469,
                39.947861292189394
              ],
              [
                116.34662482004431,
                39.94788821897008
              ],
              [
                116.34663473180102,
                39.94791455387592
              ],
              [
                116.34664634472114,
                39.94794018413679
              ],
              [
                116.34665960907637,
                39.947964999999996
              ],
              [
                116.34667446806671,
                39.9479888952002
              ],
              [
                116.34669085806367,
                39.94801176741447
              ],
              [
                116.34670870888279,
                39.94803351870049
              ],
              [
                116.3467279440841,
                39.94805405591591
              ],
              [
                116.3467484812995,
                39.94807329111722
              ],
              [
                116.34677023258553,
                39.948091141936324
              ],
              [
                116.3467931047998,
                39.94810753193329
              ],
              [
                116.346817,
                39.94812239092363
              ],
              [
                116.3468418158632,
                39.94813565527886
              ],
              [
                116.34686744612408,
                39.94814726819898
              ],
              [
                116.34689378102992,
                39.94815717995568
              ],
              [
                116.34692070781061,
                39.948165348105306
              ],
              [
                116.34694811116154,
                39.94817173767057
              ],
              [
                116.34697587373735,
                39.94817632129039
              ],
              [
                116.34700387665443,
                39.948179079336995
              ],
              [
                116.347032,
                39.94818
              ],
              [
                116.34706012334557,
                39.948179079336995
              ],
              [
                116.34708812626265,
                39.94817632129039
              ],
              [
                116.34711588883846,
                39.94817173767057
              ],
              [
                116.34714329218939,
                39.948165348105306
              ],
              [
                116.34717021897008,
                39.94815717995568
              ],
              [
                116.34719655387592,
                39.94814726819898
              ],
              [
                116.3472221841368,
                39.94813565527886
              ],
              [
                116.347247,
                39.94812239092363
              ],
              [
                116.3472708952002,
                39.94810753193329
              ],
              [
                116.34727872453826,
                39.94810192150898
              ],
              [
                116.34729791847198,
                39.94812208152802
              ],
              [
                116.34735834977675,
                39.94817961691311
              ],
              [
                116.34742153141693,
                39.948234117770724
              ],
              [
                116.34748731118236,
                39.948285452803525
              ],
              [
                116.34755553060387,
                39.94833349834092
              ],
              [
                116.34762602533488,
                39.948378138637004
              ],
              [
                116.3476986255474,
                39.9484192661494
              ],
              [
                116.34777315634118,
                39.94845678179831
              ],
              [
                116.34784943816499,
                39.94849059520528
              ],
              [
                116.34792728724923,
                39.94852062491082
              ],
              [
                116.34800651604867,
                39.94854679857075
              ],
              [
                116.34808693369416,
                39.948569053130434
              ],
              [
                116.34816834645257,
                39.94858733497669
              ],
              [
                116.34825055819343,
                39.948601600066944
              ],
              [
                116.34833337086144,
                39.948611814035345
              ],
              [
                116.34841658495364,
                39.948617952275555
              ],
              [
                116.3485,
                39.948620000000005
              ],
              [
                116.34858341504636,
                39.948617952275555
              ],
              [
                116.34866662913856,
                39.948611814035345
              ],
              [
                116.34874944180658,
                39.948601600066944
              ],
              [
                116.34883165354744,
                39.94858733497669
              ],
              [
                116.34891306630584,
                39.948569053130434
              ],
              [
                116.34899348395133,
                39.94854679857075
              ],
              [
                116.34907271275077,
                39.94852062491082
              ],
              [
                116.34915056183502,
                39.94849059520528
              ],
              [
                116.34922684365883,
                39.94845678179831
              ],
              [
                116.34930137445261,
                39.9484192661494
              ],
              [
                116.34937397466513,
                39.948378138637004
              ],
              [
                116.34944446939613,
                39.94833349834092
              ],
              [
                116.34951268881764,
                39.948285452803525
              ],
              [
                116.34957846858308,
                39.948234117770724
              ],
              [
                116.34964165022325,
                39.94817961691311
              ],
              [
                116.34970208152802,
                39.94812208152802
              ],
              [
                116.3497596169131,
                39.948061650223245
              ],
              [
                116.34981411777072,
                39.94799846858309
              ],
              [
                116.34986545280351,
                39.947932688817644
              ],
              [
                116.34991349834091,
                39.94786446939614
              ],
              [
                116.349958138637,
                39.94779397466513
              ],
              [
                116.3499992661494,
                39.94772137445261
              ],
              [
                116.35003678179831,
                39.94764684365884
              ],
              [
                116.35007059520527,
                39.94757056183503
              ],
              [
                116.35010062491081,
                39.94749271275077
              ],
              [
                116.35012679857074,
                39.94741348395134
              ],
              [
                116.35014905313044,
                39.947333066305845
              ],
              [
                116.35016733497669,
                39.94725165354743
              ],
              [
                116.35018160006695,
                39.94716944180658
              ],
              [
                116.35019181403534,
                39.94708662913857
              ],
              [
                116.35019795227555,
                39.94700341504636
              ],
              [
                116.3502,
                39.946920000000006
              ],
              [
                116.35019795227555,
                39.94683658495365
              ],
              [
                116.35019181403534,
                39.946753370861444
              ],
              [
                116.35018160006695,
                39.94667055819343
              ],
              [
                116.35016733497669,
                39.94658834645258
              ],
              [
                116.35014905313044,
                39.94650693369417
              ],
              [
                116.35012679857074,
                39.946426516048675
              ],
              [
                116.35010062491081,
                39.94634728724924
              ],
              [
                116.35007059520527,
                39.94626943816498
              ],
              [
                116.35003678179831,
                39.946193156341174
              ],
              [
                116.3499992661494,
                39.9461186255474
              ],
              [
                116.349958138637,
                39.94604602533488
              ],
              [
                116.34991349834091,
                39.945975530603874
              ],
              [
                116.34986545280351,
                39.94590731118237
              ],
              [
                116.34981411777072,
                39.945841531416924
              ],
              [
                116.3497596169131,
                39.945778349776766
              ],
              [
                116.34970208152802,
                39.94571791847199
              ],
              [
                116.34964165022325,
                39.9456603830869
              ],
              [
                116.34957846858308,
                39.94560588222929
              ],
              [
                116.34951268881764,
                39.94555454719649
              ],
              [
                116.34944446939613,
                39.94550650165909
              ],
              [
                116.34937397466513,
                39.94546186136301
              ],
              [
                116.34930137445261,
                39.94542073385061
              ],
              [
                116.34922684365883,
                39.9453832182017
              ],
              [
                116.34915056183502,
                39.94534940479473
              ],
              [
                116.34907271275077,
                39.94531937508919
              ],
              [
                116.34899348395133,
                39.94529320142926
              ],
              [
                116.34891306630584,
                39.94527094686958
              ],
              [
                116.34883165354744,
                39.94525266502332
              ],
              [
                116.34874944180658,
                39.94523839993307
              ],
              [
                116.34866662913856,
                39.945228185964666
              ],
              [
                116.34858341504636,
                39.94522204772446
              ],
              [
                116.3485,
                39.945220000000006
              ],
              [
                116.34841658495364,
                39.94522204772446
              ],
              [
                116.34833337086144,
                39.945228185964666
              ],
              [
                116.34825055819343,
                39.94523839993307
              ],
              [
                116.34816834645257,
                39.94525266502332
              ],
              [
                116.34808693369416,
                39.94527094686958
              ],
              [
                116.34800651604867,
                39.94529320142926
              ],
              [
                116.34792728724923,
                39.94531937508919
              ],
              [
                116.34784943816499,
                39.94534940479473
              ],
              [
                116.34777315634118,
                39.9453832182017
              ],
              [
                116.3476986255474,
                39.94542073385061
              ],
              [
                116.34762602533488,
                39.94546186136301
              ],
              [
                116.34755553060387,
                39.94550650165909
              ],
              [
                116.34748731118236,
                39.94555454719649
              ],
              [
                116.34742153141693,
                39.94560588222929
              ],
              [
                116.34735834977675,
                39.9456603830869
              ],
              [
                116.34729791847198,
                39.94571791847199
              ],
              [
                116.3472403830869,
                39.945778349776766
              ],
              [
                116.34718588222928,
                39.945841531416924
              ],
              [
                116.34713454719649,
                39.94590731118237
              ],
              [
                116.34708650165909,
                39.945975530603874
              ],
              [
                116.347041861363,
                39.94604602533488
              ],
              [
                116.3470007338506,
                39.9461186255474
              ],
              [
                116.3469632182017,
                39.946193156341174
              ],
              [
                116.34692940479474,
                39.94626943816498
              ],
              [
                116.3468993750892,
                39.94634728724924
              ],
              [
                116.34687320142926,
                39.946426516048675
              ],
              [
                116.34685094686957,
                39.94650693369417
              ],
              [
                116.34683266502331,
                39.94658834645258
              ],
              [
                116.34681839993306,
                39.94667055819343
              ],
              [
                116.34680818596466,
                39.946753370861444
              ],
              [
                116.34680204772445,
                39.94683658495365
              ],
              [
                116.3468,
                39.946920000000006
              ],
              [
                116.34680204772445,
                39.94700341504636
              ],
              [
                116.34680818596466,
                39.94708662913857
              ],
              [
                116.34681839993306,
                39.94716944180658
              ],
              [
                116.34683266502331,
                39.94725165354743
              ],
              [
                116.34685094686957,
                39.947333066305845
              ],
              [
                116.34685762099816,
                39.947357183507656
              ],
              [
                116.3468418158632,
                39.94736434472114
              ],
              [
                116.346817,
                39.94737760907637
              ]
            ]
          ],
          [
            [
              [
                116.35010062491081,
                40.016177287249235
              ],
              [
                116.35007059520527,
                40.01609943816498
              ],
              [
                116.35003678179831,
                40.01602315634117
              ],
              [
                116.3499992661494,
                40.015948625547395
              ],
              [
                116.349958138637,
                40.015876025334876
              ],
              [
                116.34991349834091,
                40.01580553060387
              ],
              [
                116.34986545280351,
                40.01573731118236
              ],
              [
                116.34981411777072,
                40.01567153141692
              ],
              [
                116.3497596169131,
                40.01560834977676
              ],
              [
                116.34970208152802,
                40.01554791847199
              ],
              [
                116.34964165022325,
                40.0154903830869
              ],
              [
                116.34957846858308,
                40.01543588222928
              ],
              [
                116.34951268881764,
                40.01538454719648
              ],
              [
                116.34944446939613,
                40.015336501659085
              ],
              [
                116.34937397466513,
                40.015291861363
              ],
              [
                116.34930137445261,
                40.01525073385061
              ],
              [
                116.34922684365883,
                40.015213218201694
              ],
              [
                116.34915056183502,
                40.01517940479473
              ],
              [
                116.34907271275077,
                40.01514937508919
              ],
              [
                116.34899348395133,
                40.015123201429255
              ],
              [
                116.34891306630584,
                40.01510094686957
              ],
              [
                116.34883165354744,
                40.015082665023314
              ],
              [
                116.34874944180658,
                40.015068399933064
              ],
              [
                116.34866662913856,
                40.01505818596466
              ],
              [
                116.34858341504636,
                40.01505204772445
              ],
              [
                116.3485,
                40.01505
              ],
              [
                116.34841658495364,
                40.01505204772445
              ],
              [
                116.34833337086144,
                40.01505818596466
              ],
              [
                116.34825055819343,
                40.015068399933064
              ],
              [
                116.34816834645257,
                40.015082665023314
              ],
              [
                116.34808693369416,
                40.01510094686957
              ],
              [
                116.34800651604867,
                40.015123201429255
              ],
              [
                116.34792728724923,
                40.01514937508919
              ],
              [
                116.34784943816499,
                40.01517940479473
              ],
              [
                116.34777315634118,
                40.015213218201694
              ],
              [
                116.3476986255474,
                40.01525073385061
              ],
              [
                116.34762602533488,
                40.015291861363
              ],
              [
                116.34755553060387,
                40.015336501659085
              ],
              [
                116.34748731118236,
                40.01538454719648
              ],
              [
                116.34742153141693,
                40.01543588222928
              ],
              [
                116.34735834977675,
                40.0154903830869
              ],
              [
                116.34729791847198,
                40.01554791847199
              ],
              [
                116.3472403830869,
                40.01560834977676
              ],
              [
                116.34718588222928,
                40.01567153141692
              ],
              [
                116.34713454719649,
                40.01573731118236
              ],
              [
                116.34708650165909,
                40.01580553060387
              ],
              [
                116.347041861363,
                40.015876025334876
              ],
              [
                116.3470007338506,
                40.015948625547395
              ],
              [
                116.3469632182017,
                40.01602315634117
              ],
              [
                116.34692940479474,
                40.01609943816498
              ],
              [
                116.3468993750892,
                40.016177287249235
              ],
              [
                116.34687320142926,
                40.01625651604867
              ],
              [
                116.34685094686957,
                40.01633693369416
              ],
              [
                116.34683266502331,
                40.016418346452575
              ],
              [
                116.34681839993306,
                40.01650055819343
              ],
              [
                116.34680818596466,
                40.01658337086144
              ],
              [
                116.34680204772445,
                40.01666658495365
              ],
              [
                116.3468,
                40.01675
              ],
              [
                116.34680204772445,
                40.01683341504636
              ],
              [
                116.34680818596466,
                40.016916629138564
              ],
              [
                116.34681839993306,
                40.016999441806576
              ],
              [
                116.34683266502331,
                40.01708165354743
              ],
              [
                116.34685094686957,
                40.01716306630584
              ],
              [
                116.34687320142926,
                40.01724348395133
              ],
              [
                116.3468993750892,
                40.01732271275077
              ],
              [
                116.34692940479474,
                40.017400561835025
              ],
              [
                116.3469632182017,
                40.017476843658834
              ],
              [
                116.3470007338506,
                40.01755137445261
              ],
              [
                116.347041861363,
                40.01762397466513
              ],
              [
                116.34708650165909,
                40.01769446939613
              ],
              [
                116.34713454719649,
                40.01776268881764
              ],
              [
                116.34718588222928,
                40.01782846858308
              ],
              [
                116.3472403830869,
                40.01789165022324
              ],
              [
                116.34729791847198,
                40.017952081528016
              ],
              [
                116.34735834977675,
                40.018009616913105
              ],
              [
                116.34742153141693,
                40.01806411777072
              ],
              [
                116.34748731118236,
                40.01811545280352
              ],
              [
                116.34755553060387,
                40.01816349834092
              ],
              [
                116.34762602533488,
                40.018208138637
              ],
              [
                116.3476986255474,
                40.0182492661494
              ],
              [
                116.34777315634118,
                40.01828678179831
              ],
              [
                116.34784943816499,
                40.018320595205275
              ],
              [
                116.34792728724923,
                40.018350624910816
              ],
              [
                116.34800651604867,
                40.01837679857075
              ],
              [
                116.34808693369416,
                40.01839905313043
              ],
              [
                116.34816834645257,
                40.01841733497669
              ],
              [
                116.34825055819343,
                40.01843160006694
              ],
              [
                116.34833337086144,
                40.01844181403534
              ],
              [
                116.34841658495364,
                40.01844795227555
              ],
              [
                116.3485,
                40.01845
              ],
              [
                116.34858341504636,
                40.01844795227555
              ],
              [
                116.34866662913856,
                40.01844181403534
              ],
              [
                116.34874944180658,
                40.01843160006694
              ],
              [
                116.34883165354744,
                40.01841733497669
              ],
              [
                116.34891306630584,
                40.01839905313043
              ],
              [
                116.34899348395133,
                40.01837679857075
              ],
              [
                116.34907271275077,
                40.018350624910816
              ],
              [
                116.34915056183502,
                40.018320595205275
              ],
              [
                116.34922684365883,
                40.01828678179831
              ],
              [
                116.34930137445261,
                40.0182492661494
              ],
              [
                116.34937397466513,
                40.018208138637
              ],
              [
                116.34944446939613,
                40.01816349834092
              ],
              [
                116.34951268881764,
                40.01811545280352
              ],
              [
                116.34957846858308,
                40.01806411777072
              ],
              [
                116.34964165022325,
                40.018009616913105
              ],
              [
                116.34970208152802,
                40.017952081528016
              ],
              [
                116.3497596169131,
                40.01789165022324
              ],
              [
                116.34981411777072,
                40.01782846858308
              ],
              [
                116.34986545280351,
                40.01776268881764
              ],
              [
                116.34991349834091,
                40.01769446939613
              ],
              [
                116.349958138637,
                40.01762397466513
              ],
              [
                116.3499992661494,
                40.01755137445261
              ],
              [
                116.35003678179831,
                40.017476843658834
              ],
              [
                116.35007059520527,
                40.017400561835025
              ],
              [
                116.35010062491081,
                40.01732271275077
              ],
              [
                116.35012679857074,
                40.01724348395133
              ],
              [
                116.35014905313044,
                40.01716306630584
              ],
              [
                116.35016733497669,
                40.01708165354743
              ],
              [
                116.35018160006695,
                40.016999441806576
              ],
              [
                116.35019181403534,
                40.016916629138564
              ],
              [
                116.35019795227555,
                40.01683341504636
              ],
              [
                116.3502,
                40.01675
              ],
              [
                116.35019795227555,
                40.01666658495365
              ],
              [
                116.35019181403534,
                40.01658337086144
              ],
              [
                116.35018160006695,
                40.01650055819343
              ],
              [
                116.35016733497669,
                40.016418346452575
              ],
              [
                116.35014905313044,
                40.01633693369416
              ],
              [
                116.35012679857074,
                40.01625651604867
              ],
              [
                116.35010062491081,
                40.016177287249235
              ]
            ]
          ],
          [
            [
              [
                116.34663473180102,
                39.990022946124085
              ],
              [
                116.34662482004431,
                39.990049281029926
              ],
              [
                116.34661665189469,
                39.99007620781061
              ],
              [
                116.34661026232942,
                39.99010361116154
              ],
              [
                116.34660567870961,
                39.99013137373735
              ],
              [
                116.346602920663,
                39.99015937665443
              ],
              [
                116.346602,
                39.990187500000005
              ],
              [
                116.346602920663,
                39.99021562334558
              ],
              [
                116.34660567870961,
                39.99024362626266
              ],
              [
                116.34661026232942,
                39.99027138883847
              ],
              [
                116.34661665189469,
                39.9902987921894
              ],
              [
                116.34662482004431,
                39.990325718970084
              ],
              [
                116.34663473180102,
                39.990352053875924
              ],
              [
                116.34664634472114,
                39.990377684136796
              ],
              [
                116.34665960907637,
                39.9904025
              ],
              [
                116.34667446806671,
                39.9904263952002
              ],
              [
                116.34669085806367,
                39.990449267414476
              ],
              [
                116.34670870888279,
                39.9904710187005
              ],
              [
                116.3467279440841,
                39.990491555915916
              ],
              [
                116.3467484812995,
                39.990510791117224
              ],
              [
                116.34677023258553,
                39.99052864193633
              ],
              [
                116.3467931047998,
                39.990545031933294
              ],
              [
                116.346817,
                39.990559890923635
              ],
              [
                116.3468418158632,
                39.99057315527887
              ],
              [
                116.34686744612408,
                39.990584768198985
              ],
              [
                116.34689378102992,
                39.990594679955684
              ],
              [
                116.34692070781061,
                39.99060284810531
              ],
              [
                116.34694811116154,
                39.990609237670576
              ],
              [
                116.34697587373735,
                39.990613821290395
              ],
              [
                116.34700387665443,
                39.990616579337
              ],
              [
                116.347032,
                39.990617500000006
              ],
              [
                116.34706012334557,
                39.990616579337
              ],
              [
                116.34708812626265,
                39.990613821290395
              ],
              [
                116.34711588883846,
                39.990609237670576
              ],
              [
                116.34714329218939,
                39.99060284810531
              ],
              [
                116.34717021897008,
                39.990594679955684
              ],
              [
                116.34719655387592,
                39.990584768198985
              ],
              [
                116.3472221841368,
                39.99057315527887
              ],
              [
                116.347247,
                39.990559890923635
              ],
              [
                116.3472708952002,
                39.990545031933294
              ],
              [
                116.34729376741447,
                39.99052864193633
              ],
              [
                116.3473155187005,
                39.990510791117224
              ],
              [
                116.3473360559159,
                39.990491555915916
              ],
              [
                116.34735529111721,
                39.9904710187005
              ],
              [
                116.34737314193633,
                39.990449267414476
              ],
              [
                116.34738953193329,
                39.9904263952002
              ],
              [
                116.34740439092363,
                39.9904025
              ],
              [
                116.34741765527886,
                39.990377684136796
              ],
              [
                116.34742926819898,
                39.990352053875924
              ],
              [
                116.34743917995569,
                39.990325718970084
              ],
              [
                116.3474473481053,
                39.9902987921894
              ],
              [
                116.34745373767058,
                39.99027138883847
              ],
              [
                116.34745832129039,
                39.99024362626266
              ],
              [
                116.347461079337,
                39.99021562334558
              ],
              [
                116.34746162163471,
                39.99019905786402
              ],
              [
                116.3475,
                39.9902
              ],
              [
                116.34758341504636,
                39.99019795227555
              ],
              [
                116.34766662913856,
                39.99019181403534
              ],
              [
                116.34774944180657,
                39.99018160006694
              ],
              [
                116.34783165354743,
                39.99016733497669
              ],
              [
                116.34791306630584,
                39.99014905313043
              ],
              [
                116.34799348395133,
                39.99012679857075
              ],
              [
                116.34807271275076,
                39.990100624910816
              ],
              [
                116.34815056183501,
                39.990070595205275
              ],
              [
                116.34822684365882,
                39.99003678179831
              ],
              [
                116.3483013744526,
                39.9899992661494
              ],
              [
                116.34837397466512,
                39.989958138637
              ],
              [
                116.34844446939613,
                39.98991349834092
              ],
              [
                116.34851268881764,
                39.98986545280352
              ],
              [
                116.34857846858307,
                39.98981411777072
              ],
              [
                116.34864165022324,
                39.989759616913105
              ],
              [
                116.34870208152802,
                39.989702081528016
              ],
              [
                116.3487596169131,
                39.98964165022324
              ],
              [
                116.34881411777071,
                39.98957846858308
              ],
              [
                116.34886545280351,
                39.98951268881764
              ],
              [
                116.3489134983409,
                39.98944446939613
              ],
              [
                116.348958138637,
                39.98937397466513
              ],
              [
                116.34899926614939,
                39.98930137445261
              ],
              [
                116.3490367817983,
                39.989226843658834
              ],
              [
                116.34907059520526,
                39.989150561835025
              ],
              [
                116.3491006249108,
                39.98907271275077
              ],
              [
                116.34912679857074,
                39.98899348395133
              ],
              [
                116.34914905313043,
                39.98891306630584
              ],
              [
                116.34916733497668,
                39.98883165354743
              ],
              [
                116.34918160006694,
                39.988749441806576
              ],
              [
                116.34919181403534,
                39.988666629138564
              ],
              [
                116.34919795227555,
                39.98858341504636
              ],
              [
                116.3492,
                39.9885
              ],
              [
                116.34919795227555,
                39.98841658495365
              ],
              [
                116.34919181403534,
                39.98833337086144
              ],
              [
                116.34918160006694,
                39.98825055819343
              ],
              [
                116.34916733497668,
                39.988168346452575
              ],
              [
                116.34914905313043,
                39.98808693369416
              ],
              [
                116.34912679857074,
                39.98800651604867
              ],
              [
                116.3491006249108,
                39.987927287249235
              ],
              [
                116.34907059520526,
                39.98784943816498
              ],
              [
                116.3490367817983,
                39.98777315634117
              ],
              [
                116.34899926614939,
                39.987698625547395
              ],
              [
                116.348958138637,
                39.987626025334876
              ],
              [
                116.3489134983409,
                39.98755553060387
              ],
              [
                116.34886545280351,
                39.98748731118236
              ],
              [
                116.34881411777071,
                39.98742153141692
              ],
              [
                116.3487596169131,
                39.98735834977676
              ],
              [
                116.34870208152802,
                39.98729791847199
              ],
              [
                116.34864165022324,
                39.9872403830869
              ],
              [
                116.34857846858307,
                39.987185882229284
              ],
              [
                116.34851268881764,
                39.98713454719648
              ],
              [
                116.34844446939613,
                39.987086501659086
              ],
              [
                116.34837397466512,
                39.987041861363004
              ],
              [
                116.3483013744526,
                39.98700073385061
              ],
              [
                116.34822684365882,
                39.986963218201694
              ],
              [
                116.34815056183501,
                39.98692940479473
              ],
              [
                116.34807271275076,
                39.98689937508919
              ],
              [
                116.34799348395133,
                39.986873201429255
              ],
              [
                116.34791306630584,
                39.98685094686957
              ],
              [
                116.34783165354743,
                39.986832665023314
              ],
              [
                116.34774944180657,
                39.986818399933064
              ],
              [
                116.34766662913856,
                39.98680818596466
              ],
              [
                116.34758341504636,
                39.98680204772445
              ],
              [
                116.3475,
                39.9868
              ],
              [
                116.34741658495363,
                39.98680204772445
              ],
              [
                116.34733337086143,
                39.98680818596466
              ],
              [
                116.34725055819342,
                39.986818399933064
              ],
              [
                116.34716834645256,
                39.986832665023314
              ],
              [
                116.34708693369416,
                39.98685094686957
              ],
              [
                116.34700651604867,
                39.986873201429255
              ],
              [
                116.34692728724923,
                39.98689937508919
              ],
              [
                116.34684943816498,
                39.98692940479473
              ],
              [
                116.34677315634117,
                39.986963218201694
              ],
              [
                116.34669862554739,
                39.98700073385061
              ],
              [
                116.34662602533487,
                39.987041861363004
              ],
              [
                116.34655553060387,
                39.987086501659086
              ],
              [
                116.34648731118236,
                39.98713454719648
              ],
              [
                116.34642153141692,
                39.987185882229284
              ],
              [
                116.34635834977675,
                39.9872403830869
              ],
              [
                116.34629791847198,
                39.98729791847199
              ],
              [
                116.3462403830869,
                39.98735834977676
              ],
              [
                116.34618588222928,
                39.98742153141692
              ],
              [
                116.34613454719648,
                39.98748731118236
              ],
              [
                116.34608650165909,
                39.98755553060387
              ],
              [
                116.34604186136299,
                39.987626025334876
              ],
              [
                116.3460007338506,
                39.987698625547395
              ],
              [
                116.34596321820169,
                39.98777315634117
              ],
              [
                116.34592940479473,
                39.98784943816498
              ],
              [
                116.34589937508919,
                39.987927287249235
              ],
              [
                116.34587320142926,
                39.98800651604867
              ],
              [
                116.34585094686956,
                39.98808693369416
              ],
              [
                116.34583266502331,
                39.988168346452575
              ],
              [
                116.34581839993305,
                39.98825055819343
              ],
              [
                116.34580818596466,
                39.98833337086144
              ],
              [
                116.34580204772445,
                39.98841658495365
              ],
              [
                116.3458,
                39.9885
              ],
              [
                116.34580204772445,
                39.98858341504636
              ],
              [
                116.34580818596466,
                39.988666629138564
              ],
              [
                116.34581839993305,
                39.988749441806576
              ],
              [
                116.34583266502331,
                39.98883165354743
              ],
              [
                116.34585094686956,
                39.98891306630584
              ],
              [
                116.34587320142926,
                39.98899348395133
              ],
              [
                116.34589937508919,
                39.98907271275077
              ],
              [
                116.34592940479473,
                39.989150561835025
              ],
              [
                116.34596321820169,
                39.989226843658834
              ],
              [
                116.3460007338506,
                39.98930137445261
              ],
              [
                116.34604186136299,
                39.98937397466513
              ],
              [
                116.34608650165909,
                39.98944446939613
              ],
              [
                116.34613454719648,
                39.98951268881764
              ],
              [
                116.34618588222928,
                39.98957846858308
              ],
              [
                116.3462403830869,
                39.98964165022324
              ],
              [
                116.34629791847198,
                39.989702081528016
              ],
              [
                116.34635834977675,
                39.989759616913105
              ],
              [
                116.34642153141692,
                39.98981411777072
              ],
              [
                116.34648731118236,
                39.98986545280352
              ],
              [
                116.34655553060387,
                39.98991349834092
              ],
              [
                116.34662602533487,
                39.989958138637
              ],
              [
                116.34665769569925,
                39.98997607967682
              ],
              [
                116.34664634472114,
                39.989997315863214
              ],
              [
                116.34663473180102,
                39.990022946124085
              ]
            ]
          ],
          [
            [
              [
                116.34742926819898,
                39.96727294612408
              ],
              [
                116.34741765527886,
                39.96724731586321
              ],
              [
                116.34740439092363,
                39.967222500000005
              ],
              [
                116.34738953193329,
                39.967198604799805
              ],
              [
                116.34737314193633,
                39.96717573258553
              ],
              [
                116.34735529111721,
                39.96715398129951
              ],
              [
                116.3473360559159,
                39.96713344408409
              ],
              [
                116.3473155187005,
                39.96711420888278
              ],
              [
                116.34729376741447,
                39.96709635806368
              ],
              [
                116.3472708952002,
                39.96707996806671
              ],
              [
                116.347247,
                39.96706510907637
              ],
              [
                116.3472221841368,
                39.96705184472114
              ],
              [
                116.34719655387592,
                39.96704023180102
              ],
              [
                116.34717021897008,
                39.96703032004432
              ],
              [
                116.34714329218939,
                39.967022151894696
              ],
              [
                116.34711588883846,
                39.96701576232943
              ],
              [
                116.34708812626265,
                39.96701117870961
              ],
              [
                116.34706012334557,
                39.96700842066301
              ],
              [
                116.347032,
                39.9670075
              ],
              [
                116.34700387665443,
                39.96700842066301
              ],
              [
                116.34697587373735,
                39.96701117870961
              ],
              [
                116.34694811116154,
                39.96701576232943
              ],
              [
                116.34692070781061,
                39.967022151894696
              ],
              [
                116.34689378102992,
                39.96703032004432
              ],
              [
                116.34686744612408,
                39.96704023180102
              ],
              [
                116.3468418158632,
                39.96705184472114
              ],
              [
                116.346817,
                39.96706510907637
              ],
              [
                116.3467931047998,
                39.96707996806671
              ],
              [
                116.34677023258553,
                39.96709635806368
              ],
              [
                116.3467484812995,
                39.96711420888278
              ],
              [
                116.3467279440841,
                39.96713344408409
              ],
              [
                116.34670870888279,
                39.96715398129951
              ],
              [
                116.34669085806367,
                39.96717573258553
              ],
              [
                116.34667446806671,
                39.967198604799805
              ],
              [
                116.34665960907637,
                39.967222500000005
              ],
              [
                116.34664634472114,
                39.96724731586321
              ],
              [
                116.34663473180102,
                39.96727294612408
              ],
              [
                116.34662482004431,
                39.96729928102992
              ],
              [
                116.34661665189469,
                39.96732620781061
              ],
              [
                116.34661026232942,
                39.967353611161535
              ],
              [
                116.34660567870961,
                39.96738137373735
              ],
              [
                116.346602920663,
                39.96740937665443
              ],
              [
                116.346602,
                39.9674375
              ],
              [
                116.346602920663,
                39.967465623345575
              ],
              [
                116.34660567870961,
                39.96749362626266
              ],
              [
                116.34661026232942,
                39.96752138883847
              ],
              [
                116.34661665189469,
                39.9675487921894
              ],
              [
                116.34662482004431,
                39.96757571897008
              ],
              [
                116.34663473180102,
                39.96760205387592
              ],
              [
                116.34664634472114,
                39.967627684136794
              ],
              [
                116.34665960907637,
                39.9676525
              ],
              [
                116.34667446806671,
                39.9676763952002
              ],
              [
                116.34669085806367,
                39.967699267414474
              ],
              [
                116.34670870888279,
                39.967721018700495
              ],
              [
                116.3467279440841,
                39.967741555915914
              ],
              [
                116.3467484812995,
                39.96776079111722
              ],
              [
                116.34677023258553,
                39.96777864193633
              ],
              [
                116.3467931047998,
                39.96779503193329
              ],
              [
                116.346817,
                39.96780989092363
              ],
              [
                116.3468418158632,
                39.967823155278865
              ],
              [
                116.34686744612408,
                39.96783476819898
              ],
              [
                116.34689378102992,
                39.96784467995568
              ],
              [
                116.34692070781061,
                39.96785284810531
              ],
              [
                116.34694811116154,
                39.967859237670574
              ],
              [
                116.34697587373735,
                39.96786382129039
              ],
              [
                116.34700387665443,
                39.967866579337
              ],
              [
                116.347032,
                39.967867500000004
              ],
              [
                116.34706012334557,
                39.967866579337
              ],
              [
                116.34708812626265,
                39.96786382129039
              ],
              [
                116.34711588883846,
                39.967859237670574
              ],
              [
                116.34714329218939,
                39.96785284810531
              ],
              [
                116.34717021897008,
                39.96784467995568
              ],
              [
                116.34719655387592,
                39.96783476819898
              ],
              [
                116.3472221841368,
                39.967823155278865
              ],
              [
                116.347247,
                39.96780989092363
              ],
              [
                116.3472708952002,
                39.96779503193329
              ],
              [
                116.34729376741447,
                39.96777864193633
              ],
              [
                116.3473155187005,
                39.96776079111722
              ],
              [
                116.3473360559159,
                39.967741555915914
              ],
              [
                116.34735529111721,
                39.967721018700495
              ],
              [
                116.34737314193633,
                39.967699267414474
              ],
              [
                116.34738953193329,
                39.9676763952002
              ],
              [
                116.34740439092363,
                39.9676525
              ],
              [
                116.34741765527886,
                39.967627684136794
              ],
              [
                116.34742926819898,
                39.96760205387592
              ],
              [
                116.34743917995569,
                39.96757571897008
              ],
              [
                116.3474473481053,
                39.9675487921894
              ],
              [
                116.34745373767058,
                39.96752138883847
              ],
              [
                116.34745832129039,
                39.96749362626266
              ],
              [
                116.347461079337,
                39.967465623345575
              ],
              [
                116.347462,
                39.9674375
              ],
              [
                116.347461079337,
                39.96740937665443
              ],
              [
                116.34745832129039,
                39.96738137373735
              ],
              [
                116.34745373767058,
                39.967353611161535
              ],
              [
                116.3474473481053,
                39.96732620781061
              ],
              [
                116.34743917995569,
                39.96729928102992
              ],
              [
                116.34742926819898,
                39.96727294612408
              ]
            ]
          ],
          [
            [
              [
                116.34742926819898,
                40.014085446124085
              ],
              [
                116.34741765527886,
                40.01405981586321
              ],
              [
                116.34740439092363,
                40.01403500000001
              ],
              [
                116.34738953193329,
                40.014011104799806
              ],
              [
                116.34737314193633,
                40.01398823258553
              ],
              [
                116.34735529111721,
                40.01396648129951
              ],
              [
                116.3473360559159,
                40.01394594408409
              ],
              [
                116.3473155187005,
                40.013926708882785
              ],
              [
                116.34729376741447,
                40.01390885806368
              ],
              [
                116.3472708952002,
                40.013892468066715
              ],
              [
                116.347247,
                40.013877609076374
              ],
              [
                116.3472221841368,
                40.01386434472114
              ],
              [
                116.34719655387592,
                40.01385273180102
              ],
              [
                116.34717021897008,
                40.013842820044324
              ],
              [
                116.34714329218939,
                40.0138346518947
              ],
              [
                116.34711588883846,
                40.01382826232943
              ],
              [
                116.34708812626265,
                40.01382367870961
              ],
              [
                116.34706012334557,
                40.01382092066301
              ],
              [
                116.347032,
                40.01382
              ],
              [
                116.34700387665443,
                40.01382092066301
              ],
              [
                116.34697587373735,
                40.01382367870961
              ],
              [
                116.34694811116154,
                40.01382826232943
              ],
              [
                116.34692070781061,
                40.0138346518947
              ],
              [
                116.34689378102992,
                40.013842820044324
              ],
              [
                116.34686744612408,
                40.01385273180102
              ],
              [
                116.3468418158632,
                40.01386434472114
              ],
              [
                116.346817,
                40.013877609076374
              ],
              [
                116.3467931047998,
                40.013892468066715
              ],
              [
                116.34677023258553,
                40.01390885806368
              ],
              [
                116.3467484812995,
                40.013926708882785
              ],
              [
                116.3467279440841,
                40.01394594408409
              ],
              [
                116.34670870888279,
                40.01396648129951
              ],
              [
                116.34669085806367,
                40.01398823258553
              ],
              [
                116.34667446806671,
                40.014011104799806
              ],
              [
                116.34665960907637,
                40.01403500000001
              ],
              [
                116.34664634472114,
                40.01405981586321
              ],
              [
                116.34663473180102,
                40.014085446124085
              ],
              [
                116.34662482004431,
                40.014111781029925
              ],
              [
                116.34661665189469,
                40.01413870781061
              ],
              [
                116.34661026232942,
                40.014166111161536
              ],
              [
                116.34660567870961,
                40.01419387373735
              ],
              [
                116.346602920663,
                40.01422187665443
              ],
              [
                116.346602,
                40.014250000000004
              ],
              [
                116.346602920663,
                40.014278123345576
              ],
              [
                116.34660567870961,
                40.01430612626266
              ],
              [
                116.34661026232942,
                40.01433388883847
              ],
              [
                116.34661665189469,
                40.0143612921894
              ],
              [
                116.34662482004431,
                40.01438821897008
              ],
              [
                116.34663473180102,
                40.01441455387592
              ],
              [
                116.34664634472114,
                40.014440184136795
              ],
              [
                116.34665960907637,
                40.014465
              ],
              [
                116.34667446806671,
                40.0144888952002
              ],
              [
                116.34669085806367,
                40.014511767414476
              ],
              [
                116.34670870888279,
                40.014533518700496
              ],
              [
                116.3467279440841,
                40.014554055915916
              ],
              [
                116.3467484812995,
                40.01457329111722
              ],
              [
                116.34677023258553,
                40.01459114193633
              ],
              [
                116.3467931047998,
                40.014607531933294
              ],
              [
                116.346817,
                40.014622390923634
              ],
              [
                116.3468418158632,
                40.014635655278866
              ],
              [
                116.34686744612408,
                40.014647268198985
              ],
              [
                116.34689378102992,
                40.014657179955684
              ],
              [
                116.34692070781061,
                40.01466534810531
              ],
              [
                116.34694811116154,
                40.014671737670575
              ],
              [
                116.34697587373735,
                40.014676321290395
              ],
              [
                116.34700387665443,
                40.014679079337
              ],
              [
                116.347032,
                40.014680000000006
              ],
              [
                116.34706012334557,
                40.014679079337
              ],
              [
                116.34708812626265,
                40.014676321290395
              ],
              [
                116.34711588883846,
                40.014671737670575
              ],
              [
                116.34714329218939,
                40.01466534810531
              ],
              [
                116.34717021897008,
                40.014657179955684
              ],
              [
                116.34719655387592,
                40.014647268198985
              ],
              [
                116.3472221841368,
                40.014635655278866
              ],
              [
                116.347247,
                40.014622390923634
              ],
              [
                116.3472708952002,
                40.014607531933294
              ],
              [
                116.34729376741447,
                40.01459114193633
              ],
              [
                116.3473155187005,
                40.01457329111722
              ],
              [
                116.3473360559159,
                40.014554055915916
              ],
              [
                116.34735529111721,
                40.014533518700496
              ],
              [
                116.34737314193633,
                40.014511767414476
              ],
              [
                116.34738953193329,
                40.0144888952002
              ],
              [
                116.34740439092363,
                40.014465
              ],
              [
                116.34741765527886,
                40.014440184136795
              ],
              [
                116.34742926819898,
                40.01441455387592
              ],
              [
                116.34743917995569,
                40.01438821897008
              ],
              [
                116.3474473481053,
                40.0143612921894
              ],
              [
                116.34745373767058,
                40.01433388883847
              ],
              [
                116.34745832129039,
                40.01430612626266
              ],
              [
                116.347461079337,
                40.014278123345576
              ],
              [
                116.347462,
                40.014250000000004
              ],
              [
                116.347461079337,
                40.01422187665443
              ],
              [
                116.34745832129039,
                40.01419387373735
              ],
              [
                116.34745373767058,
                40.014166111161536
              ],
              [
                116.3474473481053,
                40.01413870781061
              ],
              [
                116.34743917995569,
                40.014111781029925
              ],
              [
                116.34742926819898,
                40.014085446124085
              ]
            ]
          ],
          [
            [
              [
                116.34368726819898,
                40.01608544612408
              ],
              [
                116.34367565527886,
                40.01605981586321
              ],
              [
                116.34366239092363,
                40.016035
              ],
              [
                116.34364753193329,
                40.0160111047998
              ],
              [
                116.34363114193633,
                40.01598823258553
              ],
              [
                116.34361329111721,
                40.01596648129951
              ],
              [
                116.3435940559159,
                40.01594594408409
              ],
              [
                116.3435735187005,
                40.01592670888278
              ],
              [
                116.34355176741447,
                40.015908858063675
              ],
              [
                116.3435288952002,
                40.01589246806671
              ],
              [
                116.343505,
                40.01587760907637
              ],
              [
                116.3434801841368,
                40.01586434472114
              ],
              [
                116.34345455387592,
                40.01585273180102
              ],
              [
                116.34342821897008,
                40.01584282004432
              ],
              [
                116.34340129218938,
                40.01583465189469
              ],
              [
                116.34337388883846,
                40.01582826232943
              ],
              [
                116.34334612626265,
                40.01582367870961
              ],
              [
                116.34331812334557,
                40.015820920663
              ],
              [
                116.34329,
                40.01582
              ],
              [
                116.34326187665442,
                40.015820920663
              ],
              [
                116.34323387373735,
                40.01582367870961
              ],
              [
                116.34320611116154,
                40.01582826232943
              ],
              [
                116.34317870781061,
                40.01583465189469
              ],
              [
                116.34315178102992,
                40.01584282004432
              ],
              [
                116.34312544612408,
                40.01585273180102
              ],
              [
                116.3430998158632,
                40.01586434472114
              ],
              [
                116.343075,
                40.01587760907637
              ],
              [
                116.3430511047998,
                40.01589246806671
              ],
              [
                116.34302823258552,
                40.015908858063675
              ],
              [
                116.3430064812995,
                40.01592670888278
              ],
              [
                116.34298594408409,
                40.01594594408409
              ],
              [
                116.34296670888278,
                40.01596648129951
              ],
              [
                116.34294885806366,
                40.01598823258553
              ],
              [
                116.3429324680667,
                40.0160111047998
              ],
              [
                116.34291760907637,
                40.016035
              ],
              [
                116.34290434472113,
                40.01605981586321
              ],
              [
                116.34289273180102,
                40.01608544612408
              ],
              [
                116.34288282004431,
                40.01611178102992
              ],
              [
                116.34287465189469,
                40.016138707810605
              ],
              [
                116.34286826232942,
                40.01616611116153
              ],
              [
                116.3428636787096,
                40.01619387373734
              ],
              [
                116.342860920663,
                40.01622187665443
              ],
              [
                116.34286,
                40.01625
              ],
              [
                116.342860920663,
                40.01627812334557
              ],
              [
                116.3428636787096,
                40.016306126262656
              ],
              [
                116.34286826232942,
                40.01633388883847
              ],
              [
                116.34287465189469,
                40.016361292189394
              ],
              [
                116.34288282004431,
                40.01638821897008
              ],
              [
                116.34289273180102,
                40.01641455387592
              ],
              [
                116.34290434472113,
                40.01644018413679
              ],
              [
                116.34291760907637,
                40.016465
              ],
              [
                116.3429324680667,
                40.0164888952002
              ],
              [
                116.34294885806366,
                40.01651176741447
              ],
              [
                116.34296670888278,
                40.01653351870049
              ],
              [
                116.34298594408409,
                40.01655405591591
              ],
              [
                116.3430064812995,
                40.01657329111722
              ],
              [
                116.34302823258552,
                40.016591141936324
              ],
              [
                116.3430511047998,
                40.01660753193329
              ],
              [
                116.343075,
                40.01662239092363
              ],
              [
                116.3430998158632,
                40.01663565527886
              ],
              [
                116.34312544612408,
                40.01664726819898
              ],
              [
                116.34315178102992,
                40.01665717995568
              ],
              [
                116.34317870781061,
                40.016665348105306
              ],
              [
                116.34320611116154,
                40.01667173767057
              ],
              [
                116.34323387373735,
                40.01667632129039
              ],
              [
                116.34326187665442,
                40.016679079336996
              ],
              [
                116.34329,
                40.01668
              ],
              [
                116.34331812334557,
                40.016679079336996
              ],
              [
                116.34334612626265,
                40.01667632129039
              ],
              [
                116.34337388883846,
                40.01667173767057
              ],
              [
                116.34340129218938,
                40.016665348105306
              ],
              [
                116.34342821897008,
                40.01665717995568
              ],
              [
                116.34345455387592,
                40.01664726819898
              ],
              [
                116.3434801841368,
                40.01663565527886
              ],
              [
                116.343505,
                40.01662239092363
              ],
              [
                116.3435288952002,
                40.01660753193329
              ],
              [
                116.34355176741447,
                40.016591141936324
              ],
              [
                116.3435735187005,
                40.01657329111722
              ],
              [
                116.3435940559159,
                40.01655405591591
              ],
              [
                116.34361329111721,
                40.01653351870049
              ],
              [
                116.34363114193633,
                40.01651176741447
              ],
              [
                116.34364753193329,
                40.0164888952002
              ],
              [
                116.34366239092363,
                40.016465
              ],
              [
                116.34367565527886,
                40.01644018413679
              ],
              [
                116.34368726819898,
                40.01641455387592
              ],
              [
                116.34369717995568,
                40.01638821897008
              ],
              [
                116.3437053481053,
                40.016361292189394
              ],
              [
                116.34371173767057,
                40.01633388883847
              ],
              [
                116.34371632129039,
                40.016306126262656
              ],
              [
                116.34371907933699,
                40.01627812334557
              ],
              [
                116.34371999999999,
                40.01625
              ],
              [
                116.34371907933699,
                40.01622187665443
              ],
              [
                116.34371632129039,
                40.01619387373734
              ],
              [
                116.34371173767057,
                40.01616611116153
              ],
              [
                116.3437053481053,
                40.016138707810605
              ],
              [
                116.34369717995568,
                40.01611178102992
              ],
              [
                116.34368726819898,
                40.01608544612408
              ]
            ]
          ],
          [
            [
              [
                116.34292718755381,
                39.990022946124085
              ],
              [
                116.3429155746337,
                39.989997315863214
              ],
              [
                116.34290231027846,
                39.98997250000001
              ],
              [
                116.34288745128812,
                39.98994860479981
              ],
              [
                116.34287106129116,
                39.98992573258553
              ],
              [
                116.34285321047204,
                39.98990398129951
              ],
              [
                116.34283397527074,
                39.98988344408409
              ],
              [
                116.34281343805533,
                39.989864208882786
              ],
              [
                116.3427916867693,
                39.98984635806368
              ],
              [
                116.34276881455503,
                39.989829968066715
              ],
              [
                116.34274491935483,
                39.989815109076375
              ],
              [
                116.34272010349163,
                39.98980184472114
              ],
              [
                116.34269447323075,
                39.989790231801024
              ],
              [
                116.34266813832491,
                39.989780320044325
              ],
              [
                116.34264121154422,
                39.9897721518947
              ],
              [
                116.34261380819329,
                39.989765762329434
              ],
              [
                116.34258604561748,
                39.989761178709614
              ],
              [
                116.3425580427004,
                39.98975842066301
              ],
              [
                116.34252991935483,
                39.9897575
              ],
              [
                116.34250179600926,
                39.98975842066301
              ],
              [
                116.34247379309218,
                39.989761178709614
              ],
              [
                116.34244603051637,
                39.989765762329434
              ],
              [
                116.34241862716544,
                39.9897721518947
              ],
              [
                116.34239170038475,
                39.989780320044325
              ],
              [
                116.34236536547891,
                39.989790231801024
              ],
              [
                116.34233973521803,
                39.98980184472114
              ],
              [
                116.34231491935483,
                39.989815109076375
              ],
              [
                116.34229102415463,
                39.989829968066715
              ],
              [
                116.34226815194036,
                39.98984635806368
              ],
              [
                116.34224640065433,
                39.989864208882786
              ],
              [
                116.34222586343893,
                39.98988344408409
              ],
              [
                116.34220662823762,
                39.98990398129951
              ],
              [
                116.3421887774185,
                39.98992573258553
              ],
              [
                116.34217238742154,
                39.98994860479981
              ],
              [
                116.3421575284312,
                39.98997250000001
              ],
              [
                116.34214426407597,
                39.989997315863214
              ],
              [
                116.34213265115585,
                39.990022946124085
              ],
              [
                116.34212273939914,
                39.990049281029926
              ],
              [
                116.34211457124952,
                39.99007620781061
              ],
              [
                116.34210818168425,
                39.99010361116154
              ],
              [
                116.34210359806444,
                39.99013137373735
              ],
              [
                116.34210084001784,
                39.99015937665443
              ],
              [
                116.34209991935484,
                39.990187500000005
              ],
              [
                116.34210084001784,
                39.99021562334558
              ],
              [
                116.34210359806444,
                39.99024362626266
              ],
              [
                116.34210818168425,
                39.99027138883847
              ],
              [
                116.34211457124952,
                39.9902987921894
              ],
              [
                116.34212273939914,
                39.990325718970084
              ],
              [
                116.34213265115585,
                39.990352053875924
              ],
              [
                116.34214426407597,
                39.990377684136796
              ],
              [
                116.3421575284312,
                39.9904025
              ],
              [
                116.34217238742154,
                39.9904263952002
              ],
              [
                116.3421887774185,
                39.990449267414476
              ],
              [
                116.34220662823762,
                39.9904710187005
              ],
              [
                116.34222586343893,
                39.990491555915916
              ],
              [
                116.34224640065433,
                39.990510791117224
              ],
              [
                116.34226815194036,
                39.99052864193633
              ],
              [
                116.34229102415463,
                39.990545031933294
              ],
              [
                116.34231491935483,
                39.990559890923635
              ],
              [
                116.34233973521803,
                39.99057315527887
              ],
              [
                116.34236536547891,
                39.990584768198985
              ],
              [
                116.34239170038475,
                39.990594679955684
              ],
              [
                116.34241862716544,
                39.99060284810531
              ],
              [
                116.34244603051637,
                39.990609237670576
              ],
              [
                116.34247379309218,
                39.990613821290395
              ],
              [
                116.34250179600926,
                39.990616579337
              ],
              [
                116.34252991935483,
                39.990617500000006
              ],
              [
                116.3425580427004,
                39.990616579337
              ],
              [
                116.34258604561748,
                39.990613821290395
              ],
              [
                116.34261380819329,
                39.990609237670576
              ],
              [
                116.34264121154422,
                39.99060284810531
              ],
              [
                116.34266813832491,
                39.990594679955684
              ],
              [
                116.34269447323075,
                39.990584768198985
              ],
              [
                116.34272010349163,
                39.99057315527887
              ],
              [
                116.34274491935483,
                39.990559890923635
              ],
              [
                116.34276881455503,
                39.990545031933294
              ],
              [
                116.3427916867693,
                39.99052864193633
              ],
              [
                116.34281343805533,
                39.990510791117224
              ],
              [
                116.34283397527074,
                39.990491555915916
              ],
              [
                116.34285321047204,
                39.9904710187005
              ],
              [
                116.34287106129116,
                39.990449267414476
              ],
              [
                116.34288745128812,
                39.9904263952002
              ],
              [
                116.34290231027846,
                39.9904025
              ],
              [
                116.3429155746337,
                39.990377684136796
              ],
              [
                116.34292718755381,
                39.990352053875924
              ],
              [
                116.34293709931052,
                39.990325718970084
              ],
              [
                116.34294526746014,
                39.9902987921894
              ],
              [
                116.34295165702541,
                39.99027138883847
              ],
              [
                116.34295624064522,
                39.99024362626266
              ],
              [
                116.34295899869183,
                39.99021562334558
              ],
              [
                116.34295991935483,
                39.990187500000005
              ],
              [
                116.34295899869183,
                39.99015937665443
              ],
              [
                116.34295624064522,
                39.99013137373735
              ],
              [
                116.34295165702541,
                39.99010361116154
              ],
              [
                116.34294526746014,
                39.99007620781061
              ],
              [
                116.34293709931052,
                39.990049281029926
              ],
              [
                116.34292718755381,
                39.990022946124085
              ]
            ]
          ],
          [
            [
              [
                116.34282565217791,
                39.94761178102992
              ],
              [
                116.3428157404212,
                39.94758544612408
              ],
              [
                116.34280412750108,
                39.94755981586321
              ],
              [
                116.34279086314585,
                39.947535
              ],
              [
                116.34277600415551,
                39.9475111047998
              ],
              [
                116.34275961415855,
                39.94748823258553
              ],
              [
                116.34274176333943,
                39.94746648129951
              ],
              [
                116.34272252813813,
                39.94744594408409
              ],
              [
                116.34270199092272,
                39.94742670888278
              ],
              [
                116.34268023963669,
                39.947408858063675
              ],
              [
                116.34265736742242,
                39.94739246806671
              ],
              [
                116.34263347222222,
                39.94737760907637
              ],
              [
                116.34260865635902,
                39.94736434472114
              ],
              [
                116.34258302609814,
                39.94735273180102
              ],
              [
                116.3425566911923,
                39.94734282004432
              ],
              [
                116.34252976441161,
                39.94733465189469
              ],
              [
                116.34250236106068,
                39.94732826232943
              ],
              [
                116.34247459848487,
                39.94732367870961
              ],
              [
                116.3424465955678,
                39.947320920663
              ],
              [
                116.34241847222222,
                39.94732
              ],
              [
                116.34239034887665,
                39.947320920663
              ],
              [
                116.34236234595957,
                39.94732367870961
              ],
              [
                116.34233458338376,
                39.94732826232943
              ],
              [
                116.34230718003283,
                39.94733465189469
              ],
              [
                116.34228025325214,
                39.94734282004432
              ],
              [
                116.3422539183463,
                39.94735273180102
              ],
              [
                116.34222828808542,
                39.94736434472114
              ],
              [
                116.34220347222222,
                39.94737760907637
              ],
              [
                116.34217957702202,
                39.94739246806671
              ],
              [
                116.34215670480775,
                39.947408858063675
              ],
              [
                116.34213495352172,
                39.94742670888278
              ],
              [
                116.34211441630632,
                39.94744594408409
              ],
              [
                116.34209518110501,
                39.94746648129951
              ],
              [
                116.34207733028589,
                39.94748823258553
              ],
              [
                116.34206094028893,
                39.9475111047998
              ],
              [
                116.34204608129859,
                39.947535
              ],
              [
                116.34203281694336,
                39.94755981586321
              ],
              [
                116.34202120402324,
                39.94758544612408
              ],
              [
                116.34201129226653,
                39.94761178102992
              ],
              [
                116.34200312411691,
                39.947638707810604
              ],
              [
                116.34199673455164,
                39.94766611116153
              ],
              [
                116.34199215093183,
                39.94769387373734
              ],
              [
                116.34198939288522,
                39.94772187665443
              ],
              [
                116.34198847222223,
                39.94775
              ],
              [
                116.34198939288522,
                39.94777812334557
              ],
              [
                116.34199215093183,
                39.947806126262655
              ],
              [
                116.34199673455164,
                39.94783388883847
              ],
              [
                116.34200312411691,
                39.947861292189394
              ],
              [
                116.34201129226653,
                39.94788821897008
              ],
              [
                116.34202120402324,
                39.94791455387592
              ],
              [
                116.34203281694336,
                39.94794018413679
              ],
              [
                116.34204608129859,
                39.947964999999996
              ],
              [
                116.34206094028893,
                39.9479888952002
              ],
              [
                116.34207733028589,
                39.94801176741447
              ],
              [
                116.34209518110501,
                39.94803351870049
              ],
              [
                116.34211441630632,
                39.94805405591591
              ],
              [
                116.34213495352172,
                39.94807329111722
              ],
              [
                116.34215670480775,
                39.948091141936324
              ],
              [
                116.34217957702202,
                39.94810753193329
              ],
              [
                116.34220347222222,
                39.94812239092363
              ],
              [
                116.34222828808542,
                39.94813565527886
              ],
              [
                116.3422539183463,
                39.94814726819898
              ],
              [
                116.34228025325214,
                39.94815717995568
              ],
              [
                116.34230718003283,
                39.948165348105306
              ],
              [
                116.34233458338376,
                39.94817173767057
              ],
              [
                116.34236234595957,
                39.94817632129039
              ],
              [
                116.34239034887665,
                39.948179079336995
              ],
              [
                116.34241847222222,
                39.94818
              ],
              [
                116.3424465955678,
                39.948179079336995
              ],
              [
                116.34247459848487,
                39.94817632129039
              ],
              [
                116.34250236106068,
                39.94817173767057
              ],
              [
                116.34252976441161,
                39.948165348105306
              ],
              [
                116.3425566911923,
                39.94815717995568
              ],
              [
                116.34258302609814,
                39.94814726819898
              ],
              [
                116.34260865635902,
                39.94813565527886
              ],
              [
                116.34263347222222,
                39.94812239092363
              ],
              [
                116.34265736742242,
                39.94810753193329
              ],
              [
                116.34268023963669,
                39.948091141936324
              ],
              [
                116.34270199092272,
                39.94807329111722
              ],
              [
                116.34272252813813,
                39.94805405591591
              ],
              [
                116.34274176333943,
                39.94803351870049
              ],
              [
                116.34275961415855,
                39.94801176741447
              ],
              [
                116.34277600415551,
                39.9479888952002
              ],
              [
                116.34279086314585,
                39.947964999999996
              ],
              [
                116.34280412750108,
                39.94794018413679
              ],
              [
                116.3428157404212,
                39.94791455387592
              ],
              [
                116.34282565217791,
                39.94788821897008
              ],
              [
                116.34283382032753,
                39.947861292189394
              ],
              [
                116.3428402098928,
                39.94783388883847
              ],
              [
                116.34284479351261,
                39.947806126262655
              ],
              [
                116.34284755155922,
                39.94777812334557
              ],
              [
                116.34284847222222,
                39.94775
              ],
              [
                116.34284755155922,
                39.94772187665443
              ],
              [
                116.34284479351261,
                39.94769387373734
              ],
              [
                116.3428402098928,
                39.94766611116153
              ],
              [
                116.34283382032753,
                39.947638707810604
              ],
              [
                116.34282565217791,
                39.94761178102992
              ]
            ]
          ],
          [
            [
              [
                116.34256574042121,
                39.96558544612408
              ],
              [
                116.34255412750109,
                39.96555981586321
              ],
              [
                116.34254086314586,
                39.965535
              ],
              [
                116.34252600415552,
                39.9655111047998
              ],
              [
                116.34250961415856,
                39.96548823258553
              ],
              [
                116.34249176333944,
                39.96546648129951
              ],
              [
                116.34247252813813,
                39.96544594408409
              ],
              [
                116.34245199092273,
                39.96542670888278
              ],
              [
                116.3424302396367,
                39.965408858063675
              ],
              [
                116.34240736742242,
                39.96539246806671
              ],
              [
                116.34238347222222,
                39.96537760907637
              ],
              [
                116.34235865635902,
                39.96536434472114
              ],
              [
                116.34233302609815,
                39.96535273180102
              ],
              [
                116.3423066911923,
                39.96534282004432
              ],
              [
                116.34227976441161,
                39.96533465189469
              ],
              [
                116.34225236106069,
                39.96532826232943
              ],
              [
                116.34222459848488,
                39.96532367870961
              ],
              [
                116.3421965955678,
                39.965320920663004
              ],
              [
                116.34216847222223,
                39.96532
              ],
              [
                116.34214034887665,
                39.965320920663004
              ],
              [
                116.34211234595958,
                39.96532367870961
              ],
              [
                116.34208458338377,
                39.96532826232943
              ],
              [
                116.34205718003284,
                39.96533465189469
              ],
              [
                116.34203025325215,
                39.96534282004432
              ],
              [
                116.34200391834631,
                39.96535273180102
              ],
              [
                116.34197828808543,
                39.96536434472114
              ],
              [
                116.34195347222223,
                39.96537760907637
              ],
              [
                116.34192957702203,
                39.96539246806671
              ],
              [
                116.34190670480776,
                39.965408858063675
              ],
              [
                116.34188495352173,
                39.96542670888278
              ],
              [
                116.34186441630632,
                39.96544594408409
              ],
              [
                116.34184518110501,
                39.96546648129951
              ],
              [
                116.3418273302859,
                39.96548823258553
              ],
              [
                116.34181094028894,
                39.9655111047998
              ],
              [
                116.3417960812986,
                39.965535
              ],
              [
                116.34178281694336,
                39.96555981586321
              ],
              [
                116.34177120402325,
                39.96558544612408
              ],
              [
                116.34176129226654,
                39.96561178102992
              ],
              [
                116.34175312411692,
                39.965638707810605
              ],
              [
                116.34174673455165,
                39.96566611116153
              ],
              [
                116.34174215093184,
                39.965693873737344
              ],
              [
                116.34173939288523,
                39.96572187665443
              ],
              [
                116.34173847222223,
                39.96575
              ],
              [
                116.34173939288523,
                39.96577812334557
              ],
              [
                116.34174215093184,
                39.965806126262656
              ],
              [
                116.34174673455165,
                39.96583388883847
              ],
              [
                116.34175312411692,
                39.965861292189395
              ],
              [
                116.34176129226654,
                39.96588821897008
              ],
              [
                116.34177120402325,
                39.96591455387592
              ],
              [
                116.34178281694336,
                39.96594018413679
              ],
              [
                116.3417960812986,
                39.965965
              ],
              [
                116.34181094028894,
                39.9659888952002
              ],
              [
                116.3418273302859,
                39.96601176741447
              ],
              [
                116.34184518110501,
                39.96603351870049
              ],
              [
                116.34186441630632,
                39.96605405591591
              ],
              [
                116.34188495352173,
                39.96607329111722
              ],
              [
                116.34190670480776,
                39.966091141936325
              ],
              [
                116.34192957702203,
                39.96610753193329
              ],
              [
                116.34195347222223,
                39.96612239092363
              ],
              [
                116.34197828808543,
                39.96613565527886
              ],
              [
                116.34200391834631,
                39.96614726819898
              ],
              [
                116.34203025325215,
                39.96615717995568
              ],
              [
                116.34205718003284,
                39.96616534810531
              ],
              [
                116.34208458338377,
                39.96617173767057
              ],
              [
                116.34211234595958,
                39.96617632129039
              ],
              [
                116.34214034887665,
                39.966179079336996
              ],
              [
                116.34216847222223,
                39.96618
              ],
              [
                116.3421965955678,
                39.966179079336996
              ],
              [
                116.34222459848488,
                39.96617632129039
              ],
              [
                116.34225236106069,
                39.96617173767057
              ],
              [
                116.34227976441161,
                39.96616534810531
              ],
              [
                116.3423066911923,
                39.96615717995568
              ],
              [
                116.34233302609815,
                39.96614726819898
              ],
              [
                116.34235865635902,
                39.96613565527886
              ],
              [
                116.34238347222222,
                39.96612239092363
              ],
              [
                116.34240736742242,
                39.96610753193329
              ],
              [
                116.3424302396367,
                39.966091141936325
              ],
              [
                116.34245199092273,
                39.96607329111722
              ],
              [
                116.34247252813813,
                39.96605405591591
              ],
              [
                116.34249176333944,
                39.96603351870049
              ],
              [
                116.34250961415856,
                39.96601176741447
              ],
              [
                116.34252600415552,
                39.9659888952002
              ],
              [
                116.34254086314586,
                39.965965
              ],
              [
                116.34255412750109,
                39.96594018413679
              ],
              [
                116.34256574042121,
                39.96591455387592
              ],
              [
                116.34257565217791,
                39.96588821897008
              ],
              [
                116.34258382032753,
                39.965861292189395
              ],
              [
                116.3425902098928,
                39.96583388883847
              ],
              [
                116.34259479351262,
                39.965806126262656
              ],
              [
                116.34259755155922,
                39.96577812334557
              ],
              [
                116.34259847222222,
                39.96575
              ],
              [
                116.34259755155922,
                39.96572187665443
              ],
              [
                116.34259479351262,
                39.965693873737344
              ],
              [
                116.3425902098928,
                39.96566611116153
              ],
              [
                116.34258382032753,
                39.965638707810605
              ],
              [
                116.34257565217791,
                39.96561178102992
              ],
              [
                116.34256574042121,
                39.96558544612408
              ]
            ]
          ]
        ]
      }
    },
    {
      "type": "Feature",
      "id": "PHASE-002",
      "properties": {
        "id": "PHASE-002",
        "layer": "PHASE",
        "source_type": "agent_generated_design",
        "confidence": "medium",
        "geometry_role": "design_proposal",
        "phase": "phase_2",
        "name_zh": "二期·开门支路与蓝绿主廊缝合",
        "activation_trigger": "完成道路红线、文保、蓝线、市政与交通专项复核后深化",
        "area_sqm_declared": 1237166.411,
        "concept_note": "阶段是概念性优先序，不是已批准开发时序或投资承诺。"
      },
      "geometry": {
        "type": "MultiPolygon",
        "coordinates": [
          [
            [
              [
                116.34792507469784,
                39.94932
              ],
              [
                116.341004,
                39.94932
              ],
              [
                116.341004,
                39.94968
              ],
              [
                116.34796188975866,
                39.94968
              ],
              [
                116.34805522107816,
                39.950592650265136
              ],
              [
                116.34818703132675,
                39.95856861617213
              ],
              [
                116.34769315338278,
                39.963319999999996
              ],
              [
                116.34063066666666,
                39.963319999999996
              ],
              [
                116.34063066666666,
                39.96368
              ],
              [
                116.34765573353495,
                39.96368
              ],
              [
                116.34735766763814,
                39.9665475617104
              ],
              [
                116.34726096928722,
                39.967073795737385
              ],
              [
                116.3472708952002,
                39.96707996806671
              ],
              [
                116.34729376741447,
                39.96709635806368
              ],
              [
                116.3473155187005,
                39.96711420888278
              ],
              [
                116.3473360559159,
                39.96713344408409
              ],
              [
                116.34735529111721,
                39.96715398129951
              ],
              [
                116.34737314193633,
                39.96717573258553
              ],
              [
                116.34738953193329,
                39.967198604799805
              ],
              [
                116.34740439092363,
                39.967222500000005
              ],
              [
                116.34741765527886,
                39.96724731586321
              ],
              [
                116.34742926819898,
                39.96727294612408
              ],
              [
                116.34743917995569,
                39.96729928102992
              ],
              [
                116.3474473481053,
                39.96732620781061
              ],
              [
                116.34745373767058,
                39.967353611161535
              ],
              [
                116.34745832129039,
                39.96738137373735
              ],
              [
                116.347461079337,
                39.96740937665443
              ],
              [
                116.347462,
                39.9674375
              ],
              [
                116.347461079337,
                39.967465623345575
              ],
              [
                116.34745832129039,
                39.96749362626266
              ],
              [
                116.34745373767058,
                39.96752138883847
              ],
              [
                116.3474473481053,
                39.9675487921894
              ],
              [
                116.34743917995569,
                39.96757571897008
              ],
              [
                116.34742926819898,
                39.96760205387592
              ],
              [
                116.34741765527886,
                39.967627684136794
              ],
              [
                116.34740439092363,
                39.9676525
              ],
              [
                116.34738953193329,
                39.9676763952002
              ],
              [
                116.34737314193633,
                39.967699267414474
              ],
              [
                116.34735529111721,
                39.967721018700495
              ],
              [
                116.3473360559159,
                39.967741555915914
              ],
              [
                116.3473155187005,
                39.96776079111722
              ],
              [
                116.34729376741447,
                39.96777864193633
              ],
              [
                116.3472708952002,
                39.96779503193329
              ],
              [
                116.347247,
                39.96780989092363
              ],
              [
                116.3472221841368,
                39.967823155278865
              ],
              [
                116.34719655387592,
                39.96783476819898
              ],
              [
                116.34717021897008,
                39.96784467995568
              ],
              [
                116.34714329218939,
                39.96785284810531
              ],
              [
                116.34711667370883,
                39.96785905466447
              ],
              [
                116.34588352418905,
                39.974569874771724
              ],
              [
                116.34587768634721,
                39.97460709987398
              ],
              [
                116.3458738039506,
                39.97464457941015
              ],
              [
                116.34525232715363,
                39.98269457941016
              ],
              [
                116.3452503510319,
                39.982734822257925
              ],
              [
                116.34525062912003,
                39.98277511263544
              ],
              [
                116.34530454552686,
                39.98432
              ],
              [
                116.34084998709677,
                39.98432
              ],
              [
                116.34084998709677,
                39.98468
              ],
              [
                116.34531710948906,
                39.98468
              ],
              [
                116.34553157327488,
                39.990825112635434
              ],
              [
                116.34553445995132,
                39.990869112925296
              ],
              [
                116.34554003465543,
                39.990912853993905
              ],
              [
                116.34643784232989,
                39.99657
              ],
              [
                116.34160589129473,
                39.99657
              ],
              [
                116.34160589129473,
                39.99693
              ],
              [
                116.34649497551374,
                39.99693
              ],
              [
                116.34681739937444,
                39.99896161423966
              ],
              [
                116.34806159493452,
                40.00698192565048
              ],
              [
                116.34832752061968,
                40.01057
              ],
              [
                116.34243191847645,
                40.01057
              ],
              [
                116.34243191847645,
                40.01093
              ],
              [
                116.34835420157367,
                40.01093
              ],
              [
                116.34865364796882,
                40.01497036161036
              ],
              [
                116.34865213219824,
                40.0150571166061
              ],
              [
                116.34866662913856,
                40.01505818596466
              ],
              [
                116.34874944180658,
                40.015068399933064
              ],
              [
                116.34883165354744,
                40.015082665023314
              ],
              [
                116.34891306630584,
                40.01510094686957
              ],
              [
                116.34899348395133,
                40.015123201429255
              ],
              [
                116.34907271275077,
                40.01514937508919
              ],
              [
                116.34915056183502,
                40.01517940479473
              ],
              [
                116.34922684365883,
                40.015213218201694
              ],
              [
                116.34930137445261,
                40.01525073385061
              ],
              [
                116.34937397466513,
                40.015291861363
              ],
              [
                116.34944446939613,
                40.015336501659085
              ],
              [
                116.34951268881764,
                40.01538454719648
              ],
              [
                116.34957846858308,
                40.01543588222928
              ],
              [
                116.34964165022325,
                40.0154903830869
              ],
              [
                116.34970208152802,
                40.01554791847199
              ],
              [
                116.3497596169131,
                40.01560834977676
              ],
              [
                116.34981411777072,
                40.01567153141692
              ],
              [
                116.34986545280351,
                40.01573731118236
              ],
              [
                116.34991349834091,
                40.01580553060387
              ],
              [
                116.349958138637,
                40.015876025334876
              ],
              [
                116.3499992661494,
                40.015948625547395
              ],
              [
                116.35003678179831,
                40.01602315634117
              ],
              [
                116.35007059520527,
                40.01609943816498
              ],
              [
                116.35007398705254,
                40.0161082311984
              ],
              [
                116.35009400374067,
                40.014962577814906
              ],
              [
                116.350093826242,
                40.01492965967102
              ],
              [
                116.35009214429446,
                40.014896784045476
              ],
              [
                116.34979815100938,
                40.01093
              ],
              [
                116.35393677514199,
                40.01093
              ],
              [
                116.35393677514199,
                40.01057
              ],
              [
                116.34977147005539,
                40.01057
              ],
              [
                116.34949552851761,
                40.00684678404548
              ],
              [
                116.34949282915679,
                40.00681813975907
              ],
              [
                116.34948898755414,
                40.00678962618718
              ],
              [
                116.34824018638601,
                39.998739626187174
              ],
              [
                116.3482397972048,
                39.99873714600609
              ],
              [
                116.3479529971909,
                39.99693
              ],
              [
                116.35316719752542,
                39.99693
              ],
              [
                116.35316719752542,
                39.99657
              ],
              [
                116.34789586400706,
                39.99657
              ],
              [
                116.34696915697586,
                39.99073075722059
              ],
              [
                116.34696501334665,
                39.99061202823263
              ],
              [
                116.34694811116154,
                39.990609237670576
              ],
              [
                116.34692070781061,
                39.99060284810531
              ],
              [
                116.34689378102992,
                39.990594679955684
              ],
              [
                116.34686744612408,
                39.990584768198985
              ],
              [
                116.3468418158632,
                39.99057315527887
              ],
              [
                116.346817,
                39.990559890923635
              ],
              [
                116.3467931047998,
                39.990545031933294
              ],
              [
                116.34677023258553,
                39.99052864193633
              ],
              [
                116.3467484812995,
                39.990510791117224
              ],
              [
                116.3467279440841,
                39.990491555915916
              ],
              [
                116.34670870888279,
                39.9904710187005
              ],
              [
                116.34669085806367,
                39.990449267414476
              ],
              [
                116.34667446806671,
                39.9904263952002
              ],
              [
                116.34665960907637,
                39.9904025
              ],
              [
                116.34664634472114,
                39.990377684136796
              ],
              [
                116.34663473180102,
                39.990352053875924
              ],
              [
                116.34662482004431,
                39.990325718970084
              ],
              [
                116.34661665189469,
                39.9902987921894
              ],
              [
                116.34661026232942,
                39.99027138883847
              ],
              [
                116.34660567870961,
                39.99024362626266
              ],
              [
                116.346602920663,
                39.99021562334558
              ],
              [
                116.346602,
                39.990187500000005
              ],
              [
                116.346602920663,
                39.99015937665443
              ],
              [
                116.34660567870961,
                39.99013137373735
              ],
              [
                116.34661026232942,
                39.99010361116154
              ],
              [
                116.34661665189469,
                39.99007620781061
              ],
              [
                116.34662482004431,
                39.990049281029926
              ],
              [
                116.34663473180102,
                39.990022946124085
              ],
              [
                116.34664634472114,
                39.989997315863214
              ],
              [
                116.34665769569925,
                39.98997607967682
              ],
              [
                116.34662602533487,
                39.989958138637
              ],
              [
                116.34655553060387,
                39.98991349834092
              ],
              [
                116.34648731118236,
                39.98986545280352
              ],
              [
                116.34642153141692,
                39.98981411777072
              ],
              [
                116.34635834977675,
                39.989759616913105
              ],
              [
                116.34629791847198,
                39.989702081528016
              ],
              [
                116.3462403830869,
                39.98964165022324
              ],
              [
                116.34618588222928,
                39.98957846858308
              ],
              [
                116.34613454719648,
                39.98951268881764
              ],
              [
                116.34608650165909,
                39.98944446939613
              ],
              [
                116.34604186136299,
                39.98937397466513
              ],
              [
                116.3460007338506,
                39.98930137445261
              ],
              [
                116.34596321820169,
                39.989226843658834
              ],
              [
                116.34592940479473,
                39.989150561835025
              ],
              [
                116.34589937508919,
                39.98907271275077
              ],
              [
                116.34587320142926,
                39.98899348395133
              ],
              [
                116.34585094686956,
                39.98891306630584
              ],
              [
                116.34583266502331,
                39.98883165354743
              ],
              [
                116.34581839993305,
                39.988749441806576
              ],
              [
                116.34580818596466,
                39.988666629138564
              ],
              [
                116.34580204772445,
                39.98858341504636
              ],
              [
                116.3458,
                39.9885
              ],
              [
                116.34580204772445,
                39.98841658495365
              ],
              [
                116.34580818596466,
                39.98833337086144
              ],
              [
                116.34581839993305,
                39.98825055819343
              ],
              [
                116.34583266502331,
                39.988168346452575
              ],
              [
                116.34585094686956,
                39.98808693369416
              ],
              [
                116.34587320142926,
                39.98800651604867
              ],
              [
                116.34589937508919,
                39.987927287249235
              ],
              [
                116.34592940479473,
                39.98784943816498
              ],
              [
                116.34596321820169,
                39.98777315634117
              ],
              [
                116.3460007338506,
                39.987698625547395
              ],
              [
                116.34604186136299,
                39.987626025334876
              ],
              [
                116.34608650165909,
                39.98755553060387
              ],
              [
                116.34613454719648,
                39.98748731118236
              ],
              [
                116.34618588222928,
                39.98742153141692
              ],
              [
                116.3462403830869,
                39.98735834977676
              ],
              [
                116.34629791847198,
                39.98729791847199
              ],
              [
                116.34635834977675,
                39.9872403830869
              ],
              [
                116.34642153141692,
                39.987185882229284
              ],
              [
                116.34648731118236,
                39.98713454719648
              ],
              [
                116.34655553060387,
                39.987086501659086
              ],
              [
                116.34662602533487,
                39.987041861363004
              ],
              [
                116.34669862554739,
                39.98700073385061
              ],
              [
                116.34677315634117,
                39.986963218201694
              ],
              [
                116.34683668742993,
                39.986935056806864
              ],
              [
                116.34675798618412,
                39.98468
              ],
              [
                116.35320291612904,
                39.98468
              ],
              [
                116.35320291612904,
                39.98432
              ],
              [
                116.3467454222219,
                39.98432
              ],
              [
                116.34669115991903,
                39.98276520154427
              ],
              [
                116.34730662838848,
                39.97479302751744
              ],
              [
                116.34877904255724,
                39.966780125228276
              ],
              [
                116.34878358566692,
                39.9667523600833
              ],
              [
                116.34878704057775,
                39.96672443864508
              ],
              [
                116.3491034917745,
                39.96368
              ],
              [
                116.35468877777778,
                39.96368
              ],
              [
                116.35468877777778,
                39.963319999999996
              ],
              [
                116.34914091162233,
                39.963319999999996
              ],
              [
                116.34962378995287,
                39.958674438645076
              ],
              [
                116.34962696643639,
                39.95863132726306
              ],
              [
                116.34962754998709,
                39.958588102955375
              ],
              [
                116.34949451625631,
                39.95053810295538
              ],
              [
                116.34949335252367,
                39.95050738859755
              ],
              [
                116.34949087897142,
                39.950476751894236
              ],
              [
                116.34940939988964,
                39.94968
              ],
              [
                116.35470433333333,
                39.94968
              ],
              [
                116.35470433333333,
                39.94932
              ],
              [
                116.34937258482881,
                39.94932
              ],
              [
                116.34928149541182,
                39.94842927241765
              ],
              [
                116.34922684365883,
                39.94845678179831
              ],
              [
                116.34915056183502,
                39.94849059520528
              ],
              [
                116.34907271275077,
                39.94852062491082
              ],
              [
                116.34899348395133,
                39.94854679857075
              ],
              [
                116.34891306630584,
                39.948569053130434
              ],
              [
                116.34883165354744,
                39.94858733497669
              ],
              [
                116.34874944180658,
                39.948601600066944
              ],
              [
                116.34866662913856,
                39.948611814035345
              ],
              [
                116.34858341504636,
                39.948617952275555
              ],
              [
                116.3485,
                39.948620000000005
              ],
              [
                116.34841658495364,
                39.948617952275555
              ],
              [
                116.34833337086144,
                39.948611814035345
              ],
              [
                116.34825055819343,
                39.948601600066944
              ],
              [
                116.34816834645257,
                39.94858733497669
              ],
              [
                116.34808693369416,
                39.948569053130434
              ],
              [
                116.34800651604867,
                39.94854679857075
              ],
              [
                116.34792728724923,
                39.94852062491082
              ],
              [
                116.34784943816499,
                39.94849059520528
              ],
              [
                116.34783982042039,
                39.94848633195231
              ],
              [
                116.34792507469784,
                39.94932
              ]
            ]
          ],
          [
            [
              [
                116.34856236385208,
                40.020195
              ],
              [
                116.34290374607417,
                40.020195
              ],
              [
                116.34290374607417,
                40.020555
              ],
              [
                116.34855607398481,
                40.020555
              ],
              [
                116.34851357506065,
                40.02298742218509
              ],
              [
                116.34851382503571,
                40.023022760670045
              ],
              [
                116.34851580868694,
                40.02305804432255
              ],
              [
                116.34851952123554,
                40.0230931881412
              ],
              [
                116.34852495373767,
                40.02312810746146
              ],
              [
                116.34853209310594,
                40.02316271815962
              ],
              [
                116.348540922141,
                40.023196936855484
              ],
              [
                116.34855141957291,
                40.02323068111321
              ],
              [
                116.34856356011247,
                40.023263869639926
              ],
              [
                116.34857731451203,
                40.02329642248157
              ],
              [
                116.34859264963605,
                40.0233282612155
              ],
              [
                116.34860952854086,
                40.0233593091394
              ],
              [
                116.34862791056372,
                40.023389491456115
              ],
              [
                116.34864775142071,
                40.023418735453795
              ],
              [
                116.34866900331347,
                40.02344697068109
              ],
              [
                116.34869161504434,
                40.02347412911687
              ],
              [
                116.34871553213966,
                40.023500145334076
              ],
              [
                116.34874069698108,
                40.02352495665736
              ],
              [
                116.34876704894427,
                40.023548503314075
              ],
              [
                116.34879452454504,
                40.02357072857827
              ],
              [
                116.34882305759228,
                40.02359157890733
              ],
              [
                116.34885257934737,
                40.02361100407098
              ],
              [
                116.34888301868982,
                40.02362895727231
              ],
              [
                116.34891430228858,
                40.02364539526047
              ],
              [
                116.34894635477872,
                40.02366027843493
              ],
              [
                116.348979098943,
                40.0236735709408
              ],
              [
                116.34901245589785,
                40.023685240755285
              ],
              [
                116.34904634528343,
                40.023695259764764
              ],
              [
                116.34908068545727,
                40.02370360383257
              ],
              [
                116.34911539369085,
                40.02371025285712
              ],
              [
                116.34915038636903,
                40.02371519082032
              ],
              [
                116.34918557919136,
                40.023718405826195
              ],
              [
                116.34922088737527,
                40.02371989012951
              ],
              [
                116.34925622586022,
                40.02371964015445
              ],
              [
                116.34929150951272,
                40.02371765650322
              ],
              [
                116.34932665333137,
                40.02371394395462
              ],
              [
                116.34936157265163,
                40.02370851145249
              ],
              [
                116.3493961833498,
                40.02370137208422
              ],
              [
                116.34943040204566,
                40.023692543049165
              ],
              [
                116.34946414630338,
                40.02368204561724
              ],
              [
                116.3494973348301,
                40.02366990507769
              ],
              [
                116.34952988767175,
                40.02365615067813
              ],
              [
                116.34956172640567,
                40.02364081555411
              ],
              [
                116.34959277432957,
                40.023623936649294
              ],
              [
                116.34962295664629,
                40.02360555462644
              ],
              [
                116.34965220064397,
                40.02358571376945
              ],
              [
                116.34968043587126,
                40.02356446187669
              ],
              [
                116.34970759430703,
                40.023541850145826
              ],
              [
                116.34973361052424,
                40.0235179330505
              ],
              [
                116.34975842184753,
                40.02349276820909
              ],
              [
                116.34978196850425,
                40.023466416245896
              ],
              [
                116.34980419376843,
                40.02343894064512
              ],
              [
                116.3498250440975,
                40.023410407597886
              ],
              [
                116.34984446926114,
                40.02338088584279
              ],
              [
                116.34986242246248,
                40.023350446500345
              ],
              [
                116.34987886045064,
                40.023319162901586
              ],
              [
                116.3498937436251,
                40.02328711041144
              ],
              [
                116.34990703613097,
                40.023254366247166
              ],
              [
                116.34991870594546,
                40.02322100929232
              ],
              [
                116.34992872495494,
                40.02318711990673
              ],
              [
                116.34993706902274,
                40.0231527797329
              ],
              [
                116.34994371804729,
                40.023118071499304
              ],
              [
                116.3499486560105,
                40.02308307882113
              ],
              [
                116.34995187101637,
                40.0230478859988
              ],
              [
                116.34995335531968,
                40.0230125778149
              ],
              [
                116.34999629375932,
                40.020555
              ],
              [
                116.35446185699968,
                40.020555
              ],
              [
                116.35446185699968,
                40.020195
              ],
              [
                116.3500025836266,
                40.020195
              ],
              [
                116.3500506203132,
                40.017445624469495
              ],
              [
                116.35003678179831,
                40.017476843658834
              ],
              [
                116.3499992661494,
                40.01755137445261
              ],
              [
                116.349958138637,
                40.01762397466513
              ],
              [
                116.34991349834091,
                40.01769446939613
              ],
              [
                116.34986545280351,
                40.01776268881764
              ],
              [
                116.34981411777072,
                40.01782846858308
              ],
              [
                116.3497596169131,
                40.01789165022324
              ],
              [
                116.34970208152802,
                40.017952081528016
              ],
              [
                116.34964165022325,
                40.018009616913105
              ],
              [
                116.34957846858308,
                40.01806411777072
              ],
              [
                116.34951268881764,
                40.01811545280352
              ],
              [
                116.34944446939613,
                40.01816349834092
              ],
              [
                116.34937397466513,
                40.018208138637
              ],
              [
                116.34930137445261,
                40.0182492661494
              ],
              [
                116.34922684365883,
                40.01828678179831
              ],
              [
                116.34915056183502,
                40.018320595205275
              ],
              [
                116.34907271275077,
                40.018350624910816
              ],
              [
                116.34899348395133,
                40.01837679857075
              ],
              [
                116.34891306630584,
                40.01839905313043
              ],
              [
                116.34883165354744,
                40.01841733497669
              ],
              [
                116.34874944180658,
                40.01843160006694
              ],
              [
                116.34866662913856,
                40.01844181403534
              ],
              [
                116.34859290023857,
                40.01844725260574
              ],
              [
                116.34856236385208,
                40.020195
              ]
            ]
          ],
          [
            [
              [
                116.34866319641979,
                39.94239169469565
              ],
              [
                116.34865702472705,
                39.94235689841402
              ],
              [
                116.34864915309575,
                39.942322446876645
              ],
              [
                116.34863960048938,
                39.9422884230803
              ],
              [
                116.34862838992098,
                39.94225490899129
              ],
              [
                116.34861554839779,
                39.94222198534798
              ],
              [
                116.34860110685617,
                39.94218973146632
              ],
              [
                116.34858510008705,
                39.94215822504873
              ],
              [
                116.34856756665216,
                39.94212754199694
              ],
              [
                116.34854854879107,
                39.9420977562291
              ],
              [
                116.34852809231946,
                39.94206893950174
              ],
              [
                116.34850624651878,
                39.94204116123687
              ],
              [
                116.34848306401746,
                39.94201448835477
              ],
              [
                116.3484586006642,
                39.94198898511276
              ],
              [
                116.34843291539333,
                39.94196471295036
              ],
              [
                116.34840607008294,
                39.941941730341355
              ],
              [
                116.34837812940575,
                39.94192009265286
              ],
              [
                116.34834916067325,
                39.94189985201195
              ],
              [
                116.34831923367369,
                39.94188105718011
              ],
              [
                116.34828842050382,
                39.94186375343574
              ],
              [
                116.34825679539527,
                39.94184798246507
              ],
              [
                116.34822443453571,
                39.94183378226175
              ],
              [
                116.34819141588525,
                39.94182118703532
              ],
              [
                116.34815781898874,
                39.941810227128784
              ],
              [
                116.34812372478405,
                39.941800928945504
              ],
              [
                116.34808921540707,
                39.94179331488562
              ],
              [
                116.34805437399395,
                39.94178740329208
              ],
              [
                116.3480192844807,
                39.941783208406434
              ],
              [
                116.34798403140101,
                39.94178074033451
              ],
              [
                116.34794869968265,
                39.941780005022125
              ],
              [
                116.34791337444283,
                39.9417810042407
              ],
              [
                116.34787814078312,
                39.941783735583044
              ],
              [
                116.34784308358454,
                39.9417881924691
              ],
              [
                116.34780828730291,
                39.941794364161844
              ],
              [
                116.34777383576554,
                39.94180223579313
              ],
              [
                116.34773981196919,
                39.94181178839951
              ],
              [
                116.34770629788017,
                39.941822998967915
              ],
              [
                116.34767337423686,
                39.9418358404911
              ],
              [
                116.3476411203552,
                39.941850282032725
              ],
              [
                116.34760961393762,
                39.94186628880183
              ],
              [
                116.34757893088583,
                39.941883822236726
              ],
              [
                116.34754914511798,
                39.941902840097825
              ],
              [
                116.34752032839062,
                39.94192329656943
              ],
              [
                116.34749255012575,
                39.941945142370116
              ],
              [
                116.34746587724366,
                39.941968324871425
              ],
              [
                116.34744037400164,
                39.941992788224695
              ],
              [
                116.34741610183924,
                39.94201847349555
              ],
              [
                116.34739311923023,
                39.94204531880594
              ],
              [
                116.34737148154174,
                39.94207325948315
              ],
              [
                116.34735124090084,
                39.94210222821564
              ],
              [
                116.347332446069,
                39.9421321552152
              ],
              [
                116.34731514232463,
                39.94216296838507
              ],
              [
                116.34729937135396,
                39.94219459349362
              ],
              [
                116.34728517115065,
                39.94222695435319
              ],
              [
                116.34727257592421,
                39.94225997300364
              ],
              [
                116.34726161601766,
                39.942293569900144
              ],
              [
                116.34725231783439,
                39.94232766410485
              ],
              [
                116.3472447037745,
                39.94236217348182
              ],
              [
                116.34723879218097,
                39.94239701489494
              ],
              [
                116.34723459729531,
                39.9424321044082
              ],
              [
                116.3472321292234,
                39.942467357487885
              ],
              [
                116.347231393911,
                39.94250268920624
              ],
              [
                116.34723239312959,
                39.94253801444607
              ],
              [
                116.34723512447192,
                39.94257324810577
              ],
              [
                116.34753646409978,
                39.945519929806316
              ],
              [
                116.34755553060387,
                39.94550650165909
              ],
              [
                116.34762602533488,
                39.94546186136301
              ],
              [
                116.3476986255474,
                39.94542073385061
              ],
              [
                116.34777315634118,
                39.9453832182017
              ],
              [
                116.34784943816499,
                39.94534940479473
              ],
              [
                116.34792728724923,
                39.94531937508919
              ],
              [
                116.34800651604867,
                39.94529320142926
              ],
              [
                116.34808693369416,
                39.94527094686958
              ],
              [
                116.34816834645257,
                39.94525266502332
              ],
              [
                116.34825055819343,
                39.94523839993307
              ],
              [
                116.34833337086144,
                39.945228185964666
              ],
              [
                116.34841658495364,
                39.94522204772446
              ],
              [
                116.3485,
                39.945220000000006
              ],
              [
                116.34858341504636,
                39.94522204772446
              ],
              [
                116.34866662913856,
                39.945228185964666
              ],
              [
                116.34874944180658,
                39.94523839993307
              ],
              [
                116.34883165354744,
                39.94525266502332
              ],
              [
                116.34891306630584,
                39.94527094686958
              ],
              [
                116.34895983581534,
                39.94528388973596
              ],
              [
                116.34866765330585,
                39.94242675189424
              ],
              [
                116.34866319641979,
                39.94239169469565
              ]
            ]
          ]
        ]
      }
    },
    {
      "type": "Feature",
      "id": "PHASE-003",
      "properties": {
        "id": "PHASE-003",
        "layer": "PHASE",
        "source_type": "agent_generated_design",
        "confidence": "medium",
        "geometry_role": "design_proposal",
        "phase": "phase_3",
        "name_zh": "三期·片区载体与长效运营",
        "activation_trigger": "完成控规条件、现状建筑、产权和实施主体确认后滚动更新",
        "area_sqm_declared": 9856262.113,
        "concept_note": "阶段是概念性优先序，不是已批准开发时序或投资承诺。"
      },
      "geometry": {
        "type": "Polygon",
        "coordinates": [
          [
            [
              116.3397,
              39.975
            ],
            [
              116.3417,
              40.006
            ],
            [
              116.3427,
              40.0265
            ],
            [
              116.3553,
              40.0265
            ],
            [
              116.3533,
              39.99
            ],
            [
              116.3553,
              39.965
            ],
            [
              116.3553,
              39.939
            ],
            [
              116.3407,
              39.939
            ],
            [
              116.3397,
              39.975
            ]
          ],
          [
            [
              116.34719655387592,
              39.96704023180102
            ],
            [
              116.3472221841368,
              39.96705184472114
            ],
            [
              116.347247,
              39.96706510907637
            ],
            [
              116.34726096928722,
              39.967073795737385
            ],
            [
              116.34735766763814,
              39.9665475617104
            ],
            [
              116.34765573353495,
              39.96368
            ],
            [
              116.34063066666666,
              39.96368
            ],
            [
              116.34063066666666,
              39.963319999999996
            ],
            [
              116.34769315338278,
              39.963319999999996
            ],
            [
              116.34818703132675,
              39.95856861617213
            ],
            [
              116.34805522107816,
              39.950592650265136
            ],
            [
              116.34796188975866,
              39.94968
            ],
            [
              116.341004,
              39.94968
            ],
            [
              116.341004,
              39.94932
            ],
            [
              116.34792507469784,
              39.94932
            ],
            [
              116.34783982042039,
              39.94848633195231
            ],
            [
              116.34784943816499,
              39.94849059520528
            ],
            [
              116.34777315634118,
              39.94845678179831
            ],
            [
              116.3476986255474,
              39.9484192661494
            ],
            [
              116.34762602533488,
              39.948378138637004
            ],
            [
              116.34755553060387,
              39.94833349834092
            ],
            [
              116.34748731118236,
              39.948285452803525
            ],
            [
              116.34742153141693,
              39.948234117770724
            ],
            [
              116.34735834977675,
              39.94817961691311
            ],
            [
              116.34729791847198,
              39.94812208152802
            ],
            [
              116.34727872453826,
              39.94810192150898
            ],
            [
              116.3472708952002,
              39.94810753193329
            ],
            [
              116.347247,
              39.94812239092363
            ],
            [
              116.3472221841368,
              39.94813565527886
            ],
            [
              116.34719655387592,
              39.94814726819898
            ],
            [
              116.34717021897008,
              39.94815717995568
            ],
            [
              116.34714329218939,
              39.948165348105306
            ],
            [
              116.34711588883846,
              39.94817173767057
            ],
            [
              116.34708812626265,
              39.94817632129039
            ],
            [
              116.34706012334557,
              39.948179079336995
            ],
            [
              116.347032,
              39.94818
            ],
            [
              116.34700387665443,
              39.948179079336995
            ],
            [
              116.34697587373735,
              39.94817632129039
            ],
            [
              116.34694811116154,
              39.94817173767057
            ],
            [
              116.34692070781061,
              39.948165348105306
            ],
            [
              116.34689378102992,
              39.94815717995568
            ],
            [
              116.34686744612408,
              39.94814726819898
            ],
            [
              116.3468418158632,
              39.94813565527886
            ],
            [
              116.346817,
              39.94812239092363
            ],
            [
              116.3467931047998,
              39.94810753193329
            ],
            [
              116.34677023258553,
              39.948091141936324
            ],
            [
              116.3467484812995,
              39.94807329111722
            ],
            [
              116.3467279440841,
              39.94805405591591
            ],
            [
              116.34670870888279,
              39.94803351870049
            ],
            [
              116.34669085806367,
              39.94801176741447
            ],
            [
              116.34667446806671,
              39.9479888952002
            ],
            [
              116.34665960907637,
              39.947964999999996
            ],
            [
              116.34664634472114,
              39.94794018413679
            ],
            [
              116.34663473180102,
              39.94791455387592
            ],
            [
              116.34662482004431,
              39.94788821897008
            ],
            [
              116.34661665189469,
              39.947861292189394
            ],
            [
              116.34661026232942,
              39.94783388883847
            ],
            [
              116.34660567870961,
              39.947806126262655
            ],
            [
              116.346602920663,
              39.94777812334557
            ],
            [
              116.346602,
              39.94775
            ],
            [
              116.346602920663,
              39.94772187665443
            ],
            [
              116.34660567870961,
              39.94769387373734
            ],
            [
              116.34661026232942,
              39.94766611116153
            ],
            [
              116.34661665189469,
              39.947638707810604
            ],
            [
              116.34662482004431,
              39.94761178102992
            ],
            [
              116.34663473180102,
              39.94758544612408
            ],
            [
              116.34664634472114,
              39.94755981586321
            ],
            [
              116.34665960907637,
              39.947535
            ],
            [
              116.34667446806671,
              39.9475111047998
            ],
            [
              116.34669085806367,
              39.94748823258553
            ],
            [
              116.34670870888279,
              39.94746648129951
            ],
            [
              116.3467279440841,
              39.94744594408409
            ],
            [
              116.3467484812995,
              39.94742670888278
            ],
            [
              116.34677023258553,
              39.947408858063675
            ],
            [
              116.3467931047998,
              39.94739246806671
            ],
            [
              116.346817,
              39.94737760907637
            ],
            [
              116.3468418158632,
              39.94736434472114
            ],
            [
              116.34685762099816,
              39.947357183507656
            ],
            [
              116.34685094686957,
              39.947333066305845
            ],
            [
              116.34683266502331,
              39.94725165354743
            ],
            [
              116.34681839993306,
              39.94716944180658
            ],
            [
              116.34680818596466,
              39.94708662913857
            ],
            [
              116.34680204772445,
              39.94700341504636
            ],
            [
              116.3468,
              39.946920000000006
            ],
            [
              116.34680204772445,
              39.94683658495365
            ],
            [
              116.34680818596466,
              39.946753370861444
            ],
            [
              116.34681839993306,
              39.94667055819343
            ],
            [
              116.34683266502331,
              39.94658834645258
            ],
            [
              116.34685094686957,
              39.94650693369417
            ],
            [
              116.34687320142926,
              39.946426516048675
            ],
            [
              116.3468993750892,
              39.94634728724924
            ],
            [
              116.34692940479474,
              39.94626943816498
            ],
            [
              116.3469632182017,
              39.946193156341174
            ],
            [
              116.3470007338506,
              39.9461186255474
            ],
            [
              116.347041861363,
              39.94604602533488
            ],
            [
              116.34708650165909,
              39.945975530603874
            ],
            [
              116.34713454719649,
              39.94590731118237
            ],
            [
              116.34718588222928,
              39.945841531416924
            ],
            [
              116.3472403830869,
              39.945778349776766
            ],
            [
              116.34729791847198,
              39.94571791847199
            ],
            [
              116.34735834977675,
              39.9456603830869
            ],
            [
              116.34742153141693,
              39.94560588222929
            ],
            [
              116.34748731118236,
              39.94555454719649
            ],
            [
              116.34753646409978,
              39.945519929806316
            ],
            [
              116.34723512447192,
              39.94257324810577
            ],
            [
              116.34723239312959,
              39.94253801444607
            ],
            [
              116.347231393911,
              39.94250268920624
            ],
            [
              116.3472321292234,
              39.942467357487885
            ],
            [
              116.34723459729531,
              39.9424321044082
            ],
            [
              116.34723879218097,
              39.94239701489494
            ],
            [
              116.3472447037745,
              39.94236217348182
            ],
            [
              116.34725231783439,
              39.94232766410485
            ],
            [
              116.34726161601766,
              39.942293569900144
            ],
            [
              116.34727257592421,
              39.94225997300364
            ],
            [
              116.34728517115065,
              39.94222695435319
            ],
            [
              116.34729937135396,
              39.94219459349362
            ],
            [
              116.34731514232463,
              39.94216296838507
            ],
            [
              116.347332446069,
              39.9421321552152
            ],
            [
              116.34735124090084,
              39.94210222821564
            ],
            [
              116.34737148154174,
              39.94207325948315
            ],
            [
              116.34739311923023,
              39.94204531880594
            ],
            [
              116.34741610183924,
              39.94201847349555
            ],
            [
              116.34744037400164,
              39.941992788224695
            ],
            [
              116.34746587724366,
              39.941968324871425
            ],
            [
              116.34749255012575,
              39.941945142370116
            ],
            [
              116.34752032839062,
              39.94192329656943
            ],
            [
              116.34754914511798,
              39.941902840097825
            ],
            [
              116.34757893088583,
              39.941883822236726
            ],
            [
              116.34760961393762,
              39.94186628880183
            ],
            [
              116.3476411203552,
              39.941850282032725
            ],
            [
              116.34767337423686,
              39.9418358404911
            ],
            [
              116.34770629788017,
              39.941822998967915
            ],
            [
              116.34773981196919,
              39.94181178839951
            ],
            [
              116.34777383576554,
              39.94180223579313
            ],
            [
              116.34780828730291,
              39.941794364161844
            ],
            [
              116.34784308358454,
              39.9417881924691
            ],
            [
              116.34787814078312,
              39.941783735583044
            ],
            [
              116.34791337444283,
              39.9417810042407
            ],
            [
              116.34794869968265,
              39.941780005022125
            ],
            [
              116.34798403140101,
              39.94178074033451
            ],
            [
              116.3480192844807,
              39.941783208406434
            ],
            [
              116.34805437399395,
              39.94178740329208
            ],
            [
              116.34808921540707,
              39.94179331488562
            ],
            [
              116.34812372478405,
              39.941800928945504
            ],
            [
              116.34815781898874,
              39.941810227128784
            ],
            [
              116.34819141588525,
              39.94182118703532
            ],
            [
              116.34822443453571,
              39.94183378226175
            ],
            [
              116.34825679539527,
              39.94184798246507
            ],
            [
              116.34828842050382,
              39.94186375343574
            ],
            [
              116.34831923367369,
              39.94188105718011
            ],
            [
              116.34834916067325,
              39.94189985201195
            ],
            [
              116.34837812940575,
              39.94192009265286
            ],
            [
              116.34840607008294,
              39.941941730341355
            ],
            [
              116.34843291539333,
              39.94196471295036
            ],
            [
              116.3484586006642,
              39.94198898511276
            ],
            [
              116.34848306401746,
              39.94201448835477
            ],
            [
              116.34850624651878,
              39.94204116123687
            ],
            [
              116.34852809231946,
              39.94206893950174
            ],
            [
              116.34854854879107,
              39.9420977562291
            ],
            [
              116.34856756665216,
              39.94212754199694
            ],
            [
              116.34858510008705,
              39.94215822504873
            ],
            [
              116.34860110685617,
              39.94218973146632
            ],
            [
              116.34861554839779,
              39.94222198534798
            ],
            [
              116.34862838992098,
              39.94225490899129
            ],
            [
              116.34863960048938,
              39.9422884230803
            ],
            [
              116.34864915309575,
              39.942322446876645
            ],
            [
              116.34865702472705,
              39.94235689841402
            ],
            [
              116.34866319641979,
              39.94239169469565
            ],
            [
              116.34866765330585,
              39.94242675189424
            ],
            [
              116.34895983581534,
              39.94528388973596
            ],
            [
              116.34899348395133,
              39.94529320142926
            ],
            [
              116.34907271275077,
              39.94531937508919
            ],
            [
              116.34915056183502,
              39.94534940479473
            ],
            [
              116.34922684365883,
              39.9453832182017
            ],
            [
              116.34930137445261,
              39.94542073385061
            ],
            [
              116.34937397466513,
              39.94546186136301
            ],
            [
              116.34944446939613,
              39.94550650165909
            ],
            [
              116.34951268881764,
              39.94555454719649
            ],
            [
              116.34957846858308,
              39.94560588222929
            ],
            [
              116.34964165022325,
              39.9456603830869
            ],
            [
              116.34970208152802,
              39.94571791847199
            ],
            [
              116.3497596169131,
              39.945778349776766
            ],
            [
              116.34981411777072,
              39.945841531416924
            ],
            [
              116.34986545280351,
              39.94590731118237
            ],
            [
              116.34991349834091,
              39.945975530603874
            ],
            [
              116.349958138637,
              39.94604602533488
            ],
            [
              116.3499992661494,
              39.9461186255474
            ],
            [
              116.35003678179831,
              39.946193156341174
            ],
            [
              116.35007059520527,
              39.94626943816498
            ],
            [
              116.35010062491081,
              39.94634728724924
            ],
            [
              116.35012679857074,
              39.946426516048675
            ],
            [
              116.35014905313044,
              39.94650693369417
            ],
            [
              116.35016733497669,
              39.94658834645258
            ],
            [
              116.35018160006695,
              39.94667055819343
            ],
            [
              116.35019181403534,
              39.946753370861444
            ],
            [
              116.35019795227555,
              39.94683658495365
            ],
            [
              116.3502,
              39.946920000000006
            ],
            [
              116.35019795227555,
              39.94700341504636
            ],
            [
              116.35019181403534,
              39.94708662913857
            ],
            [
              116.35018160006695,
              39.94716944180658
            ],
            [
              116.35016733497669,
              39.94725165354743
            ],
            [
              116.35014905313044,
              39.947333066305845
            ],
            [
              116.35012679857074,
              39.94741348395134
            ],
            [
              116.35010062491081,
              39.94749271275077
            ],
            [
              116.35007059520527,
              39.94757056183503
            ],
            [
              116.35003678179831,
              39.94764684365884
            ],
            [
              116.3499992661494,
              39.94772137445261
            ],
            [
              116.349958138637,
              39.94779397466513
            ],
            [
              116.34991349834091,
              39.94786446939614
            ],
            [
              116.34986545280351,
              39.947932688817644
            ],
            [
              116.34981411777072,
              39.94799846858309
            ],
            [
              116.3497596169131,
              39.948061650223245
            ],
            [
              116.34970208152802,
              39.94812208152802
            ],
            [
              116.34964165022325,
              39.94817961691311
            ],
            [
              116.34957846858308,
              39.948234117770724
            ],
            [
              116.34951268881764,
              39.948285452803525
            ],
            [
              116.34944446939613,
              39.94833349834092
            ],
            [
              116.34937397466513,
              39.948378138637004
            ],
            [
              116.34930137445261,
              39.9484192661494
            ],
            [
              116.34922684365883,
              39.94845678179831
            ],
            [
              116.34928149541182,
              39.94842927241765
            ],
            [
              116.34937258482881,
              39.94932
            ],
            [
              116.35470433333333,
              39.94932
            ],
            [
              116.35470433333333,
              39.94968
            ],
            [
              116.34940939988964,
              39.94968
            ],
            [
              116.34949087897142,
              39.950476751894236
            ],
            [
              116.34949335252367,
              39.95050738859755
            ],
            [
              116.34949451625631,
              39.95053810295538
            ],
            [
              116.34962754998709,
              39.958588102955375
            ],
            [
              116.34962696643639,
              39.95863132726306
            ],
            [
              116.34962378995287,
              39.958674438645076
            ],
            [
              116.34914091162233,
              39.963319999999996
            ],
            [
              116.35468877777778,
              39.963319999999996
            ],
            [
              116.35468877777778,
              39.96368
            ],
            [
              116.3491034917745,
              39.96368
            ],
            [
              116.34878704057775,
              39.96672443864508
            ],
            [
              116.34878358566692,
              39.9667523600833
            ],
            [
              116.34877904255724,
              39.966780125228276
            ],
            [
              116.34730662838848,
              39.97479302751744
            ],
            [
              116.34669115991903,
              39.98276520154427
            ],
            [
              116.3467454222219,
              39.98432
            ],
            [
              116.35320291612904,
              39.98432
            ],
            [
              116.35320291612904,
              39.98468
            ],
            [
              116.34675798618412,
              39.98468
            ],
            [
              116.34683668742993,
              39.98693505680686
            ],
            [
              116.34684943816498,
              39.98692940479473
            ],
            [
              116.34692728724923,
              39.98689937508919
            ],
            [
              116.34700651604867,
              39.986873201429255
            ],
            [
              116.34708693369416,
              39.98685094686957
            ],
            [
              116.34716834645256,
              39.986832665023314
            ],
            [
              116.34725055819342,
              39.986818399933064
            ],
            [
              116.34733337086143,
              39.98680818596466
            ],
            [
              116.34741658495363,
              39.98680204772445
            ],
            [
              116.3475,
              39.9868
            ],
            [
              116.34758341504636,
              39.98680204772445
            ],
            [
              116.34766662913856,
              39.98680818596466
            ],
            [
              116.34774944180657,
              39.986818399933064
            ],
            [
              116.34783165354743,
              39.986832665023314
            ],
            [
              116.34791306630584,
              39.98685094686957
            ],
            [
              116.34799348395133,
              39.986873201429255
            ],
            [
              116.34807271275076,
              39.98689937508919
            ],
            [
              116.34815056183501,
              39.98692940479473
            ],
            [
              116.34822684365882,
              39.986963218201694
            ],
            [
              116.3483013744526,
              39.98700073385061
            ],
            [
              116.34837397466512,
              39.987041861363004
            ],
            [
              116.34844446939613,
              39.987086501659086
            ],
            [
              116.34851268881764,
              39.98713454719648
            ],
            [
              116.34857846858307,
              39.987185882229284
            ],
            [
              116.34864165022324,
              39.9872403830869
            ],
            [
              116.34870208152802,
              39.98729791847199
            ],
            [
              116.3487596169131,
              39.98735834977676
            ],
            [
              116.34881411777071,
              39.98742153141692
            ],
            [
              116.34886545280351,
              39.98748731118236
            ],
            [
              116.3489134983409,
              39.98755553060387
            ],
            [
              116.348958138637,
              39.987626025334876
            ],
            [
              116.34899926614939,
              39.987698625547395
            ],
            [
              116.3490367817983,
              39.98777315634117
            ],
            [
              116.34907059520526,
              39.98784943816498
            ],
            [
              116.3491006249108,
              39.987927287249235
            ],
            [
              116.34912679857074,
              39.98800651604867
            ],
            [
              116.34914905313043,
              39.98808693369416
            ],
            [
              116.34916733497668,
              39.988168346452575
            ],
            [
              116.34918160006694,
              39.98825055819343
            ],
            [
              116.34919181403534,
              39.98833337086144
            ],
            [
              116.34919795227555,
              39.98841658495365
            ],
            [
              116.3492,
              39.9885
            ],
            [
              116.34919795227555,
              39.98858341504636
            ],
            [
              116.34919181403534,
              39.988666629138564
            ],
            [
              116.34918160006694,
              39.988749441806576
            ],
            [
              116.34916733497668,
              39.98883165354743
            ],
            [
              116.34914905313043,
              39.98891306630584
            ],
            [
              116.34912679857074,
              39.98899348395133
            ],
            [
              116.3491006249108,
              39.98907271275077
            ],
            [
              116.34907059520526,
              39.989150561835025
            ],
            [
              116.3490367817983,
              39.989226843658834
            ],
            [
              116.34899926614939,
              39.98930137445261
            ],
            [
              116.348958138637,
              39.98937397466513
            ],
            [
              116.3489134983409,
              39.98944446939613
            ],
            [
              116.34886545280351,
              39.98951268881764
            ],
            [
              116.34881411777071,
              39.98957846858308
            ],
            [
              116.3487596169131,
              39.98964165022324
            ],
            [
              116.34870208152802,
              39.989702081528016
            ],
            [
              116.34864165022324,
              39.989759616913105
            ],
            [
              116.34857846858307,
              39.98981411777072
            ],
            [
              116.34851268881764,
              39.98986545280352
            ],
            [
              116.34844446939613,
              39.98991349834092
            ],
            [
              116.34837397466512,
              39.989958138637
            ],
            [
              116.3483013744526,
              39.9899992661494
            ],
            [
              116.34822684365882,
              39.99003678179831
            ],
            [
              116.34815056183501,
              39.990070595205275
            ],
            [
              116.34807271275076,
              39.990100624910816
            ],
            [
              116.34799348395133,
              39.99012679857075
            ],
            [
              116.34791306630584,
              39.99014905313043
            ],
            [
              116.34783165354743,
              39.99016733497669
            ],
            [
              116.34774944180657,
              39.99018160006694
            ],
            [
              116.34766662913856,
              39.99019181403534
            ],
            [
              116.34758341504636,
              39.99019795227555
            ],
            [
              116.3475,
              39.9902
            ],
            [
              116.34746162163471,
              39.99019905786402
            ],
            [
              116.347461079337,
              39.99021562334558
            ],
            [
              116.34745832129039,
              39.99024362626266
            ],
            [
              116.34745373767058,
              39.99027138883847
            ],
            [
              116.3474473481053,
              39.9902987921894
            ],
            [
              116.34743917995569,
              39.990325718970084
            ],
            [
              116.34742926819898,
              39.990352053875924
            ],
            [
              116.34741765527886,
              39.990377684136796
            ],
            [
              116.34740439092363,
              39.9904025
            ],
            [
              116.34738953193329,
              39.9904263952002
            ],
            [
              116.34737314193633,
              39.990449267414476
            ],
            [
              116.34735529111721,
              39.9904710187005
            ],
            [
              116.3473360559159,
              39.990491555915916
            ],
            [
              116.3473155187005,
              39.990510791117224
            ],
            [
              116.34729376741447,
              39.99052864193633
            ],
            [
              116.3472708952002,
              39.990545031933294
            ],
            [
              116.347247,
              39.990559890923635
            ],
            [
              116.3472221841368,
              39.99057315527887
            ],
            [
              116.34719655387592,
              39.990584768198985
            ],
            [
              116.34717021897008,
              39.990594679955684
            ],
            [
              116.34714329218939,
              39.99060284810531
            ],
            [
              116.34711588883846,
              39.990609237670576
            ],
            [
              116.34708812626265,
              39.990613821290395
            ],
            [
              116.34706012334557,
              39.990616579337
            ],
            [
              116.347032,
              39.990617500000006
            ],
            [
              116.34700387665443,
              39.990616579337
            ],
            [
              116.34697587373735,
              39.990613821290395
            ],
            [
              116.34694811116154,
              39.990609237670576
            ],
            [
              116.34696501334665,
              39.99061202823263
            ],
            [
              116.34696915697586,
              39.99073075722059
            ],
            [
              116.34789586400706,
              39.99657
            ],
            [
              116.35316719752542,
              39.99657
            ],
            [
              116.35316719752542,
              39.99693
            ],
            [
              116.3479529971909,
              39.99693
            ],
            [
              116.3482397972048,
              39.99873714600609
            ],
            [
              116.34824018638601,
              39.998739626187174
            ],
            [
              116.34948898755414,
              40.00678962618718
            ],
            [
              116.34949282915679,
              40.00681813975907
            ],
            [
              116.34949552851761,
              40.00684678404548
            ],
            [
              116.34977147005539,
              40.01057
            ],
            [
              116.35393677514199,
              40.01057
            ],
            [
              116.35393677514199,
              40.01093
            ],
            [
              116.34979815100938,
              40.01093
            ],
            [
              116.35009214429446,
              40.014896784045476
            ],
            [
              116.350093826242,
              40.01492965967102
            ],
            [
              116.35009400374067,
              40.014962577814906
            ],
            [
              116.35007398705254,
              40.01610823119839
            ],
            [
              116.35010062491081,
              40.016177287249235
            ],
            [
              116.35012679857074,
              40.01625651604867
            ],
            [
              116.35014905313044,
              40.01633693369416
            ],
            [
              116.35016733497669,
              40.016418346452575
            ],
            [
              116.35018160006695,
              40.01650055819343
            ],
            [
              116.35019181403534,
              40.01658337086144
            ],
            [
              116.35019795227555,
              40.01666658495365
            ],
            [
              116.3502,
              40.01675
            ],
            [
              116.35019795227555,
              40.01683341504636
            ],
            [
              116.35019181403534,
              40.016916629138564
            ],
            [
              116.35018160006695,
              40.016999441806576
            ],
            [
              116.35016733497669,
              40.01708165354743
            ],
            [
              116.35014905313044,
              40.01716306630584
            ],
            [
              116.35012679857074,
              40.01724348395133
            ],
            [
              116.35010062491081,
              40.01732271275077
            ],
            [
              116.35007059520527,
              40.017400561835025
            ],
            [
              116.35003678179831,
              40.017476843658834
            ],
            [
              116.3500506203132,
              40.017445624469495
            ],
            [
              116.3500025836266,
              40.020195
            ],
            [
              116.35446185699968,
              40.020195
            ],
            [
              116.35446185699968,
              40.020555
            ],
            [
              116.34999629375932,
              40.020555
            ],
            [
              116.34995335531968,
              40.0230125778149
            ],
            [
              116.34995187101637,
              40.0230478859988
            ],
            [
              116.3499486560105,
              40.02308307882113
            ],
            [
              116.34994371804729,
              40.023118071499304
            ],
            [
              116.34993706902274,
              40.0231527797329
            ],
            [
              116.34992872495494,
              40.02318711990673
            ],
            [
              116.34991870594546,
              40.02322100929232
            ],
            [
              116.34990703613097,
              40.023254366247166
            ],
            [
              116.3498937436251,
              40.02328711041144
            ],
            [
              116.34987886045064,
              40.023319162901586
            ],
            [
              116.34986242246248,
              40.023350446500345
            ],
            [
              116.34984446926114,
              40.02338088584279
            ],
            [
              116.3498250440975,
              40.023410407597886
            ],
            [
              116.34980419376843,
              40.02343894064512
            ],
            [
              116.34978196850425,
              40.023466416245896
            ],
            [
              116.34975842184753,
              40.02349276820909
            ],
            [
              116.34973361052424,
              40.0235179330505
            ],
            [
              116.34970759430703,
              40.023541850145826
            ],
            [
              116.34968043587126,
              40.02356446187669
            ],
            [
              116.34965220064397,
              40.02358571376945
            ],
            [
              116.34962295664629,
              40.02360555462644
            ],
            [
              116.34959277432957,
              40.023623936649294
            ],
            [
              116.34956172640567,
              40.02364081555411
            ],
            [
              116.34952988767175,
              40.02365615067813
            ],
            [
              116.3494973348301,
              40.02366990507769
            ],
            [
              116.34946414630338,
              40.02368204561724
            ],
            [
              116.34943040204566,
              40.023692543049165
            ],
            [
              116.3493961833498,
              40.02370137208422
            ],
            [
              116.34936157265163,
              40.02370851145249
            ],
            [
              116.34932665333137,
              40.02371394395462
            ],
            [
              116.34929150951272,
              40.02371765650322
            ],
            [
              116.34925622586022,
              40.02371964015445
            ],
            [
              116.34922088737527,
              40.02371989012951
            ],
            [
              116.34918557919136,
              40.023718405826195
            ],
            [
              116.34915038636903,
              40.02371519082032
            ],
            [
              116.34911539369085,
              40.02371025285712
            ],
            [
              116.34908068545727,
              40.02370360383257
            ],
            [
              116.34904634528343,
              40.023695259764764
            ],
            [
              116.34901245589785,
              40.023685240755285
            ],
            [
              116.348979098943,
              40.0236735709408
            ],
            [
              116.34894635477872,
              40.02366027843493
            ],
            [
              116.34891430228858,
              40.02364539526047
            ],
            [
              116.34888301868982,
              40.02362895727231
            ],
            [
              116.34885257934737,
              40.02361100407098
            ],
            [
              116.34882305759228,
              40.02359157890733
            ],
            [
              116.34879452454504,
              40.02357072857827
            ],
            [
              116.34876704894427,
              40.023548503314075
            ],
            [
              116.34874069698108,
              40.02352495665736
            ],
            [
              116.34871553213966,
              40.023500145334076
            ],
            [
              116.34869161504434,
              40.02347412911687
            ],
            [
              116.34866900331347,
              40.02344697068109
            ],
            [
              116.34864775142071,
              40.023418735453795
            ],
            [
              116.34862791056372,
              40.023389491456115
            ],
            [
              116.34860952854086,
              40.0233593091394
            ],
            [
              116.34859264963605,
              40.0233282612155
            ],
            [
              116.34857731451203,
              40.02329642248157
            ],
            [
              116.34856356011247,
              40.023263869639926
            ],
            [
              116.34855141957291,
              40.02323068111321
            ],
            [
              116.348540922141,
              40.023196936855484
            ],
            [
              116.34853209310594,
              40.02316271815962
            ],
            [
              116.34852495373767,
              40.02312810746146
            ],
            [
              116.34851952123554,
              40.0230931881412
            ],
            [
              116.34851580868694,
              40.02305804432255
            ],
            [
              116.34851382503571,
              40.023022760670045
            ],
            [
              116.34851357506065,
              40.02298742218509
            ],
            [
              116.34855607398481,
              40.020555
            ],
            [
              116.34290374607417,
              40.020555
            ],
            [
              116.34290374607417,
              40.020195
            ],
            [
              116.34856236385208,
              40.020195
            ],
            [
              116.34859290023857,
              40.01844725260574
            ],
            [
              116.34858341504636,
              40.01844795227555
            ],
            [
              116.3485,
              40.01845
            ],
            [
              116.34841658495364,
              40.01844795227555
            ],
            [
              116.34833337086144,
              40.01844181403534
            ],
            [
              116.34825055819343,
              40.01843160006694
            ],
            [
              116.34816834645257,
              40.01841733497669
            ],
            [
              116.34808693369416,
              40.01839905313043
            ],
            [
              116.34800651604867,
              40.01837679857075
            ],
            [
              116.34792728724923,
              40.018350624910816
            ],
            [
              116.34784943816499,
              40.018320595205275
            ],
            [
              116.34777315634118,
              40.01828678179831
            ],
            [
              116.3476986255474,
              40.0182492661494
            ],
            [
              116.34762602533488,
              40.018208138637
            ],
            [
              116.34755553060387,
              40.01816349834092
            ],
            [
              116.34748731118236,
              40.01811545280352
            ],
            [
              116.34742153141693,
              40.01806411777072
            ],
            [
              116.34735834977675,
              40.018009616913105
            ],
            [
              116.34729791847198,
              40.017952081528016
            ],
            [
              116.3472403830869,
              40.01789165022324
            ],
            [
              116.34718588222928,
              40.01782846858308
            ],
            [
              116.34713454719649,
              40.01776268881764
            ],
            [
              116.34708650165909,
              40.01769446939613
            ],
            [
              116.347041861363,
              40.01762397466513
            ],
            [
              116.3470007338506,
              40.01755137445261
            ],
            [
              116.3469632182017,
              40.017476843658834
            ],
            [
              116.34692940479474,
              40.017400561835025
            ],
            [
              116.3468993750892,
              40.01732271275077
            ],
            [
              116.34687320142926,
              40.01724348395133
            ],
            [
              116.34685094686957,
              40.01716306630584
            ],
            [
              116.34683266502331,
              40.01708165354743
            ],
            [
              116.34681839993306,
              40.016999441806576
            ],
            [
              116.34680818596466,
              40.016916629138564
            ],
            [
              116.34680204772445,
              40.01683341504636
            ],
            [
              116.3468,
              40.01675
            ],
            [
              116.34680204772445,
              40.01666658495365
            ],
            [
              116.34680818596466,
              40.01658337086144
            ],
            [
              116.34681839993306,
              40.01650055819343
            ],
            [
              116.34683266502331,
              40.016418346452575
            ],
            [
              116.34685094686957,
              40.01633693369416
            ],
            [
              116.34687320142926,
              40.01625651604867
            ],
            [
              116.3468993750892,
              40.016177287249235
            ],
            [
              116.34692940479474,
              40.01609943816498
            ],
            [
              116.3469632182017,
              40.01602315634117
            ],
            [
              116.3470007338506,
              40.015948625547395
            ],
            [
              116.347041861363,
              40.015876025334876
            ],
            [
              116.34708650165909,
              40.01580553060387
            ],
            [
              116.34713454719649,
              40.01573731118236
            ],
            [
              116.34718588222928,
              40.01567153141692
            ],
            [
              116.3472403830869,
              40.01560834977676
            ],
            [
              116.34729791847198,
              40.01554791847199
            ],
            [
              116.34735834977675,
              40.0154903830869
            ],
            [
              116.34742153141693,
              40.01543588222928
            ],
            [
              116.34748731118236,
              40.01538454719648
            ],
            [
              116.34755553060387,
              40.015336501659085
            ],
            [
              116.34762602533488,
              40.015291861363
            ],
            [
              116.3476986255474,
              40.01525073385061
            ],
            [
              116.34777315634118,
              40.015213218201694
            ],
            [
              116.34784943816499,
              40.01517940479473
            ],
            [
              116.34792728724923,
              40.01514937508919
            ],
            [
              116.34800651604867,
              40.015123201429255
            ],
            [
              116.34808693369416,
              40.01510094686957
            ],
            [
              116.34816834645257,
              40.015082665023314
            ],
            [
              116.34825055819343,
              40.015068399933064
            ],
            [
              116.34833337086144,
              40.01505818596466
            ],
            [
              116.34841658495364,
              40.01505204772445
            ],
            [
              116.3485,
              40.01505
            ],
            [
              116.34858341504636,
              40.01505204772445
            ],
            [
              116.34865213219824,
              40.0150571166061
            ],
            [
              116.34865364796882,
              40.01497036161036
            ],
            [
              116.34835420157367,
              40.01093
            ],
            [
              116.34243191847645,
              40.01093
            ],
            [
              116.34243191847645,
              40.01057
            ],
            [
              116.34832752061968,
              40.01057
            ],
            [
              116.34806159493452,
              40.00698192565048
            ],
            [
              116.34681739937444,
              39.99896161423966
            ],
            [
              116.34649497551374,
              39.99693
            ],
            [
              116.34160589129473,
              39.99693
            ],
            [
              116.34160589129473,
              39.99657
            ],
            [
              116.34643784232989,
              39.99657
            ],
            [
              116.34554003465543,
              39.990912853993905
            ],
            [
              116.34553445995132,
              39.990869112925296
            ],
            [
              116.34553157327488,
              39.990825112635434
            ],
            [
              116.34531710948906,
              39.98468
            ],
            [
              116.34084998709677,
              39.98468
            ],
            [
              116.34084998709677,
              39.98432
            ],
            [
              116.34530454552686,
              39.98432
            ],
            [
              116.34525062912003,
              39.98277511263544
            ],
            [
              116.3452503510319,
              39.982734822257925
            ],
            [
              116.34525232715363,
              39.98269457941016
            ],
            [
              116.3458738039506,
              39.97464457941015
            ],
            [
              116.34587768634721,
              39.97460709987398
            ],
            [
              116.34588352418905,
              39.974569874771724
            ],
            [
              116.34711667370883,
              39.96785905466447
            ],
            [
              116.34714329218939,
              39.96785284810531
            ],
            [
              116.34711588883846,
              39.967859237670574
            ],
            [
              116.34708812626265,
              39.96786382129039
            ],
            [
              116.34706012334557,
              39.967866579337
            ],
            [
              116.347032,
              39.967867500000004
            ],
            [
              116.34700387665443,
              39.967866579337
            ],
            [
              116.34697587373735,
              39.96786382129039
            ],
            [
              116.34694811116154,
              39.967859237670574
            ],
            [
              116.34692070781061,
              39.96785284810531
            ],
            [
              116.34689378102992,
              39.96784467995568
            ],
            [
              116.34686744612408,
              39.96783476819898
            ],
            [
              116.3468418158632,
              39.967823155278865
            ],
            [
              116.346817,
              39.96780989092363
            ],
            [
              116.3467931047998,
              39.96779503193329
            ],
            [
              116.34677023258553,
              39.96777864193633
            ],
            [
              116.3467484812995,
              39.96776079111722
            ],
            [
              116.3467279440841,
              39.967741555915914
            ],
            [
              116.34670870888279,
              39.967721018700495
            ],
            [
              116.34669085806367,
              39.967699267414474
            ],
            [
              116.34667446806671,
              39.9676763952002
            ],
            [
              116.34665960907637,
              39.9676525
            ],
            [
              116.34664634472114,
              39.967627684136794
            ],
            [
              116.34663473180102,
              39.96760205387592
            ],
            [
              116.34662482004431,
              39.96757571897008
            ],
            [
              116.34661665189469,
              39.9675487921894
            ],
            [
              116.34661026232942,
              39.96752138883847
            ],
            [
              116.34660567870961,
              39.96749362626266
            ],
            [
              116.346602920663,
              39.967465623345575
            ],
            [
              116.346602,
              39.9674375
            ],
            [
              116.346602920663,
              39.96740937665443
            ],
            [
              116.34660567870961,
              39.96738137373735
            ],
            [
              116.34661026232942,
              39.967353611161535
            ],
            [
              116.34661665189469,
              39.96732620781061
            ],
            [
              116.34662482004431,
              39.96729928102992
            ],
            [
              116.34663473180102,
              39.96727294612408
            ],
            [
              116.34664634472114,
              39.96724731586321
            ],
            [
              116.34665960907637,
              39.967222500000005
            ],
            [
              116.34667446806671,
              39.967198604799805
            ],
            [
              116.34669085806367,
              39.96717573258553
            ],
            [
              116.34670870888279,
              39.96715398129951
            ],
            [
              116.3467279440841,
              39.96713344408409
            ],
            [
              116.3467484812995,
              39.96711420888278
            ],
            [
              116.34677023258553,
              39.96709635806368
            ],
            [
              116.3467931047998,
              39.96707996806671
            ],
            [
              116.346817,
              39.96706510907637
            ],
            [
              116.3468418158632,
              39.96705184472114
            ],
            [
              116.34686744612408,
              39.96704023180102
            ],
            [
              116.34689378102992,
              39.96703032004432
            ],
            [
              116.34692070781061,
              39.967022151894696
            ],
            [
              116.34694811116154,
              39.96701576232943
            ],
            [
              116.34697587373735,
              39.96701117870961
            ],
            [
              116.34700387665443,
              39.96700842066301
            ],
            [
              116.347032,
              39.9670075
            ],
            [
              116.34706012334557,
              39.96700842066301
            ],
            [
              116.34708812626265,
              39.96701117870961
            ],
            [
              116.34711588883846,
              39.96701576232943
            ],
            [
              116.34714329218939,
              39.967022151894696
            ],
            [
              116.34717021897008,
              39.96703032004432
            ],
            [
              116.34719655387592,
              39.96704023180102
            ]
          ],
          [
            [
              116.35284953193329,
              39.9475111047998
            ],
            [
              116.35286439092363,
              39.947535
            ],
            [
              116.35287765527886,
              39.94755981586321
            ],
            [
              116.35288926819898,
              39.94758544612408
            ],
            [
              116.35289917995568,
              39.94761178102992
            ],
            [
              116.3529073481053,
              39.947638707810604
            ],
            [
              116.35291373767058,
              39.94766611116153
            ],
            [
              116.35291832129039,
              39.94769387373734
            ],
            [
              116.352921079337,
              39.94772187665443
            ],
            [
              116.35292199999999,
              39.94775
            ],
            [
              116.352921079337,
              39.94777812334557
            ],
            [
              116.35291832129039,
              39.947806126262655
            ],
            [
              116.35291373767058,
              39.94783388883847
            ],
            [
              116.3529073481053,
              39.947861292189394
            ],
            [
              116.35289917995568,
              39.94788821897008
            ],
            [
              116.35288926819898,
              39.94791455387592
            ],
            [
              116.35287765527886,
              39.94794018413679
            ],
            [
              116.35286439092363,
              39.947964999999996
            ],
            [
              116.35284953193329,
              39.9479888952002
            ],
            [
              116.35283314193633,
              39.94801176741447
            ],
            [
              116.35281529111721,
              39.94803351870049
            ],
            [
              116.3527960559159,
              39.94805405591591
            ],
            [
              116.3527755187005,
              39.94807329111722
            ],
            [
              116.35275376741447,
              39.948091141936324
            ],
            [
              116.3527308952002,
              39.94810753193329
            ],
            [
              116.352707,
              39.94812239092363
            ],
            [
              116.3526821841368,
              39.94813565527886
            ],
            [
              116.35265655387592,
              39.94814726819898
            ],
            [
              116.35263021897008,
              39.94815717995568
            ],
            [
              116.35260329218939,
              39.948165348105306
            ],
            [
              116.35257588883846,
              39.94817173767057
            ],
            [
              116.35254812626265,
              39.94817632129039
            ],
            [
              116.35252012334557,
              39.948179079336995
            ],
            [
              116.352492,
              39.94818
            ],
            [
              116.35246387665443,
              39.948179079336995
            ],
            [
              116.35243587373735,
              39.94817632129039
            ],
            [
              116.35240811116154,
              39.94817173767057
            ],
            [
              116.35238070781061,
              39.948165348105306
            ],
            [
              116.35235378102992,
              39.94815717995568
            ],
            [
              116.35232744612408,
              39.94814726819898
            ],
            [
              116.3523018158632,
              39.94813565527886
            ],
            [
              116.352277,
              39.94812239092363
            ],
            [
              116.3522531047998,
              39.94810753193329
            ],
            [
              116.35223023258553,
              39.948091141936324
            ],
            [
              116.3522084812995,
              39.94807329111722
            ],
            [
              116.3521879440841,
              39.94805405591591
            ],
            [
              116.35216870888279,
              39.94803351870049
            ],
            [
              116.35215085806367,
              39.94801176741447
            ],
            [
              116.35213446806671,
              39.9479888952002
            ],
            [
              116.35211960907637,
              39.947964999999996
            ],
            [
              116.35210634472114,
              39.94794018413679
            ],
            [
              116.35209473180102,
              39.94791455387592
            ],
            [
              116.35208482004431,
              39.94788821897008
            ],
            [
              116.35207665189469,
              39.947861292189394
            ],
            [
              116.35207026232942,
              39.94783388883847
            ],
            [
              116.35206567870961,
              39.947806126262655
            ],
            [
              116.352062920663,
              39.94777812334557
            ],
            [
              116.352062,
              39.94775
            ],
            [
              116.352062920663,
              39.94772187665443
            ],
            [
              116.35206567870961,
              39.94769387373734
            ],
            [
              116.35207026232942,
              39.94766611116153
            ],
            [
              116.35207665189469,
              39.947638707810604
            ],
            [
              116.35208482004431,
              39.94761178102992
            ],
            [
              116.35209473180102,
              39.94758544612408
            ],
            [
              116.35210634472114,
              39.94755981586321
            ],
            [
              116.35211960907637,
              39.947535
            ],
            [
              116.35213446806671,
              39.9475111047998
            ],
            [
              116.35215085806367,
              39.94748823258553
            ],
            [
              116.35216870888279,
              39.94746648129951
            ],
            [
              116.3521879440841,
              39.94744594408409
            ],
            [
              116.3522084812995,
              39.94742670888278
            ],
            [
              116.35223023258553,
              39.947408858063675
            ],
            [
              116.3522531047998,
              39.94739246806671
            ],
            [
              116.352277,
              39.94737760907637
            ],
            [
              116.3523018158632,
              39.94736434472114
            ],
            [
              116.35232744612408,
              39.94735273180102
            ],
            [
              116.35235378102992,
              39.94734282004432
            ],
            [
              116.35238070781061,
              39.94733465189469
            ],
            [
              116.35240811116154,
              39.94732826232943
            ],
            [
              116.35243587373735,
              39.94732367870961
            ],
            [
              116.35246387665443,
              39.947320920663
            ],
            [
              116.352492,
              39.94732
            ],
            [
              116.35252012334557,
              39.947320920663
            ],
            [
              116.35254812626265,
              39.94732367870961
            ],
            [
              116.35257588883846,
              39.94732826232943
            ],
            [
              116.35260329218939,
              39.94733465189469
            ],
            [
              116.35263021897008,
              39.94734282004432
            ],
            [
              116.35265655387592,
              39.94735273180102
            ],
            [
              116.3526821841368,
              39.94736434472114
            ],
            [
              116.352707,
              39.94737760907637
            ],
            [
              116.3527308952002,
              39.94739246806671
            ],
            [
              116.35275376741447,
              39.947408858063675
            ],
            [
              116.3527755187005,
              39.94742670888278
            ],
            [
              116.3527960559159,
              39.94744594408409
            ],
            [
              116.35281529111721,
              39.94746648129951
            ],
            [
              116.35283314193633,
              39.94748823258553
            ],
            [
              116.35284953193329,
              39.9475111047998
            ]
          ],
          [
            [
              116.3525820319333,
              39.971448604799804
            ],
            [
              116.35259689092364,
              39.971472500000004
            ],
            [
              116.35261015527887,
              39.97149731586321
            ],
            [
              116.35262176819899,
              39.97152294612408
            ],
            [
              116.35263167995569,
              39.97154928102992
            ],
            [
              116.35263984810531,
              39.97157620781061
            ],
            [
              116.35264623767058,
              39.971603611161534
            ],
            [
              116.3526508212904,
              39.971631373737345
            ],
            [
              116.352653579337,
              39.97165937665443
            ],
            [
              116.3526545,
              39.9716875
            ],
            [
              116.352653579337,
              39.971715623345574
            ],
            [
              116.3526508212904,
              39.97174362626266
            ],
            [
              116.35264623767058,
              39.97177138883847
            ],
            [
              116.35263984810531,
              39.9717987921894
            ],
            [
              116.35263167995569,
              39.97182571897008
            ],
            [
              116.35262176819899,
              39.97185205387592
            ],
            [
              116.35261015527887,
              39.97187768413679
            ],
            [
              116.35259689092364,
              39.9719025
            ],
            [
              116.3525820319333,
              39.9719263952002
            ],
            [
              116.35256564193634,
              39.97194926741447
            ],
            [
              116.35254779111722,
              39.97197101870049
            ],
            [
              116.35252855591591,
              39.97199155591591
            ],
            [
              116.3525080187005,
              39.97201079111722
            ],
            [
              116.35248626741448,
              39.972028641936326
            ],
            [
              116.3524633952002,
              39.97204503193329
            ],
            [
              116.3524395,
              39.97205989092363
            ],
            [
              116.3524146841368,
              39.97207315527886
            ],
            [
              116.35238905387592,
              39.97208476819898
            ],
            [
              116.35236271897008,
              39.97209467995568
            ],
            [
              116.3523357921894,
              39.97210284810531
            ],
            [
              116.35230838883847,
              39.97210923767057
            ],
            [
              116.35228062626265,
              39.97211382129039
            ],
            [
              116.35225262334558,
              39.972116579337
            ],
            [
              116.3522245,
              39.9721175
            ],
            [
              116.35219637665443,
              39.972116579337
            ],
            [
              116.35216837373736,
              39.97211382129039
            ],
            [
              116.35214061116154,
              39.97210923767057
            ],
            [
              116.35211320781062,
              39.97210284810531
            ],
            [
              116.35208628102993,
              39.97209467995568
            ],
            [
              116.35205994612409,
              39.97208476819898
            ],
            [
              116.35203431586321,
              39.97207315527886
            ],
            [
              116.35200950000001,
              39.97205989092363
            ],
            [
              116.35198560479981,
              39.97204503193329
            ],
            [
              116.35196273258553,
              39.972028641936326
            ],
            [
              116.3519409812995,
              39.97201079111722
            ],
            [
              116.3519204440841,
              39.97199155591591
            ],
            [
              116.3519012088828,
              39.97197101870049
            ],
            [
              116.35188335806367,
              39.97194926741447
            ],
            [
              116.35186696806672,
              39.9719263952002
            ],
            [
              116.35185210907638,
              39.9719025
            ],
            [
              116.35183884472114,
              39.97187768413679
            ],
            [
              116.35182723180102,
              39.97185205387592
            ],
            [
              116.35181732004432,
              39.97182571897008
            ],
            [
              116.3518091518947,
              39.9717987921894
            ],
            [
              116.35180276232943,
              39.97177138883847
            ],
            [
              116.35179817870961,
              39.97174362626266
            ],
            [
              116.35179542066301,
              39.971715623345574
            ],
            [
              116.35179450000001,
              39.9716875
            ],
            [
              116.35179542066301,
              39.97165937665443
            ],
            [
              116.35179817870961,
              39.971631373737345
            ],
            [
              116.35180276232943,
              39.971603611161534
            ],
            [
              116.3518091518947,
              39.97157620781061
            ],
            [
              116.35181732004432,
              39.97154928102992
            ],
            [
              116.35182723180102,
              39.97152294612408
            ],
            [
              116.35183884472114,
              39.97149731586321
            ],
            [
              116.35185210907638,
              39.971472500000004
            ],
            [
              116.35186696806672,
              39.971448604799804
            ],
            [
              116.35188335806367,
              39.97142573258553
            ],
            [
              116.3519012088828,
              39.97140398129951
            ],
            [
              116.3519204440841,
              39.97138344408409
            ],
            [
              116.3519409812995,
              39.97136420888278
            ],
            [
              116.35196273258553,
              39.97134635806368
            ],
            [
              116.35198560479981,
              39.97132996806671
            ],
            [
              116.35200950000001,
              39.97131510907637
            ],
            [
              116.35203431586321,
              39.97130184472114
            ],
            [
              116.35205994612409,
              39.97129023180102
            ],
            [
              116.35208628102993,
              39.97128032004432
            ],
            [
              116.35211320781062,
              39.971272151894695
            ],
            [
              116.35214061116154,
              39.97126576232943
            ],
            [
              116.35216837373736,
              39.97126117870961
            ],
            [
              116.35219637665443,
              39.971258420663005
            ],
            [
              116.3522245,
              39.9712575
            ],
            [
              116.35225262334558,
              39.971258420663005
            ],
            [
              116.35228062626265,
              39.97126117870961
            ],
            [
              116.35230838883847,
              39.97126576232943
            ],
            [
              116.3523357921894,
              39.971272151894695
            ],
            [
              116.35236271897008,
              39.97128032004432
            ],
            [
              116.35238905387592,
              39.97129023180102
            ],
            [
              116.3524146841368,
              39.97130184472114
            ],
            [
              116.3524395,
              39.97131510907637
            ],
            [
              116.3524633952002,
              39.97132996806671
            ],
            [
              116.35248626741448,
              39.97134635806368
            ],
            [
              116.3525080187005,
              39.97136420888278
            ],
            [
              116.35252855591591,
              39.97138344408409
            ],
            [
              116.35254779111722,
              39.97140398129951
            ],
            [
              116.35256564193634,
              39.97142573258553
            ],
            [
              116.3525820319333,
              39.971448604799804
            ]
          ],
          [
            [
              116.35251391549492,
              40.014011104799806
            ],
            [
              116.35252877448526,
              40.01403500000001
            ],
            [
              116.3525420388405,
              40.01405981586321
            ],
            [
              116.35255365176062,
              40.014085446124085
            ],
            [
              116.35256356351732,
              40.014111781029925
            ],
            [
              116.35257173166694,
              40.01413870781061
            ],
            [
              116.35257812123221,
              40.014166111161536
            ],
            [
              116.35258270485203,
              40.01419387373735
            ],
            [
              116.35258546289863,
              40.01422187665443
            ],
            [
              116.35258638356163,
              40.014250000000004
            ],
            [
              116.35258546289863,
              40.014278123345576
            ],
            [
              116.35258270485203,
              40.01430612626266
            ],
            [
              116.35257812123221,
              40.01433388883847
            ],
            [
              116.35257173166694,
              40.0143612921894
            ],
            [
              116.35256356351732,
              40.01438821897008
            ],
            [
              116.35255365176062,
              40.01441455387592
            ],
            [
              116.3525420388405,
              40.014440184136795
            ],
            [
              116.35252877448526,
              40.014465
            ],
            [
              116.35251391549492,
              40.0144888952002
            ],
            [
              116.35249752549797,
              40.014511767414476
            ],
            [
              116.35247967467885,
              40.014533518700496
            ],
            [
              116.35246043947754,
              40.014554055915916
            ],
            [
              116.35243990226213,
              40.01457329111722
            ],
            [
              116.3524181509761,
              40.01459114193633
            ],
            [
              116.35239527876183,
              40.014607531933294
            ],
            [
              116.35237138356163,
              40.014622390923634
            ],
            [
              116.35234656769843,
              40.014635655278866
            ],
            [
              116.35232093743755,
              40.014647268198985
            ],
            [
              116.35229460253171,
              40.014657179955684
            ],
            [
              116.35226767575102,
              40.01466534810531
            ],
            [
              116.3522402724001,
              40.014671737670575
            ],
            [
              116.35221250982428,
              40.014676321290395
            ],
            [
              116.35218450690721,
              40.014679079337
            ],
            [
              116.35215638356163,
              40.014680000000006
            ],
            [
              116.35212826021606,
              40.014679079337
            ],
            [
              116.35210025729899,
              40.014676321290395
            ],
            [
              116.35207249472317,
              40.014671737670575
            ],
            [
              116.35204509137225,
              40.01466534810531
            ],
            [
              116.35201816459156,
              40.014657179955684
            ],
            [
              116.35199182968572,
              40.014647268198985
            ],
            [
              116.35196619942484,
              40.014635655278866
            ],
            [
              116.35194138356164,
              40.014622390923634
            ],
            [
              116.35191748836144,
              40.014607531933294
            ],
            [
              116.35189461614716,
              40.01459114193633
            ],
            [
              116.35187286486114,
              40.01457329111722
            ],
            [
              116.35185232764573,
              40.014554055915916
            ],
            [
              116.35183309244442,
              40.014533518700496
            ],
            [
              116.3518152416253,
              40.014511767414476
            ],
            [
              116.35179885162835,
              40.0144888952002
            ],
            [
              116.351783992638,
              40.014465
            ],
            [
              116.35177072828277,
              40.014440184136795
            ],
            [
              116.35175911536265,
              40.01441455387592
            ],
            [
              116.35174920360595,
              40.01438821897008
            ],
            [
              116.35174103545633,
              40.0143612921894
            ],
            [
              116.35173464589106,
              40.01433388883847
            ],
            [
              116.35173006227124,
              40.01430612626266
            ],
            [
              116.35172730422464,
              40.014278123345576
            ],
            [
              116.35172638356164,
              40.014250000000004
            ],
            [
              116.35172730422464,
              40.01422187665443
            ],
            [
              116.35173006227124,
              40.01419387373735
            ],
            [
              116.35173464589106,
              40.014166111161536
            ],
            [
              116.35174103545633,
              40.01413870781061
            ],
            [
              116.35174920360595,
              40.014111781029925
            ],
            [
              116.35175911536265,
              40.014085446124085
            ],
            [
              116.35177072828277,
              40.01405981586321
            ],
            [
              116.351783992638,
              40.01403500000001
            ],
            [
              116.35179885162835,
              40.014011104799806
            ],
            [
              116.3518152416253,
              40.01398823258553
            ],
            [
              116.35183309244442,
              40.01396648129951
            ],
            [
              116.35185232764573,
              40.01394594408409
            ],
            [
              116.35187286486114,
              40.013926708882785
            ],
            [
              116.35189461614716,
              40.01390885806368
            ],
            [
              116.35191748836144,
              40.013892468066715
            ],
            [
              116.35194138356164,
              40.013877609076374
            ],
            [
              116.35196619942484,
              40.01386434472114
            ],
            [
              116.35199182968572,
              40.01385273180102
            ],
            [
              116.35201816459156,
              40.013842820044324
            ],
            [
              116.35204509137225,
              40.0138346518947
            ],
            [
              116.35207249472317,
              40.01382826232943
            ],
            [
              116.35210025729899,
              40.01382367870961
            ],
            [
              116.35212826021606,
              40.01382092066301
            ],
            [
              116.35215638356163,
              40.01382
            ],
            [
              116.35218450690721,
              40.01382092066301
            ],
            [
              116.35221250982428,
              40.01382367870961
            ],
            [
              116.3522402724001,
              40.01382826232943
            ],
            [
              116.35226767575102,
              40.0138346518947
            ],
            [
              116.35229460253171,
              40.013842820044324
            ],
            [
              116.35232093743755,
              40.01385273180102
            ],
            [
              116.35234656769843,
              40.01386434472114
            ],
            [
              116.35237138356163,
              40.013877609076374
            ],
            [
              116.35239527876183,
              40.013892468066715
            ],
            [
              116.3524181509761,
              40.01390885806368
            ],
            [
              116.35243990226213,
              40.013926708882785
            ],
            [
              116.35246043947754,
              40.01394594408409
            ],
            [
              116.35247967467885,
              40.01396648129951
            ],
            [
              116.35249752549797,
              40.01398823258553
            ],
            [
              116.35251391549492,
              40.014011104799806
            ]
          ],
          [
            [
              116.35201391549494,
              39.995761104799804
            ],
            [
              116.35202877448528,
              39.995785000000005
            ],
            [
              116.35204203884051,
              39.99580981586321
            ],
            [
              116.35205365176063,
              39.99583544612408
            ],
            [
              116.35206356351733,
              39.99586178102992
            ],
            [
              116.35207173166695,
              39.99588870781061
            ],
            [
              116.35207812123222,
              39.995916111161534
            ],
            [
              116.35208270485204,
              39.995943873737346
            ],
            [
              116.35208546289864,
              39.99597187665443
            ],
            [
              116.35208638356164,
              39.996
            ],
            [
              116.35208546289864,
              39.996028123345575
            ],
            [
              116.35208270485204,
              39.99605612626266
            ],
            [
              116.35207812123222,
              39.99608388883847
            ],
            [
              116.35207173166695,
              39.9961112921894
            ],
            [
              116.35206356351733,
              39.99613821897008
            ],
            [
              116.35205365176063,
              39.99616455387592
            ],
            [
              116.35204203884051,
              39.99619018413679
            ],
            [
              116.35202877448528,
              39.996215
            ],
            [
              116.35201391549494,
              39.9962388952002
            ],
            [
              116.35199752549798,
              39.996261767414474
            ],
            [
              116.35197967467886,
              39.996283518700494
            ],
            [
              116.35196043947755,
              39.996304055915914
            ],
            [
              116.35193990226215,
              39.99632329111722
            ],
            [
              116.35191815097612,
              39.99634114193633
            ],
            [
              116.35189527876184,
              39.99635753193329
            ],
            [
              116.35187138356164,
              39.99637239092363
            ],
            [
              116.35184656769844,
              39.996385655278864
            ],
            [
              116.35182093743757,
              39.99639726819898
            ],
            [
              116.35179460253173,
              39.99640717995568
            ],
            [
              116.35176767575103,
              39.99641534810531
            ],
            [
              116.35174027240011,
              39.99642173767057
            ],
            [
              116.3517125098243,
              39.99642632129039
            ],
            [
              116.35168450690722,
              39.996429079337
            ],
            [
              116.35165638356165,
              39.996430000000004
            ],
            [
              116.35162826021607,
              39.996429079337
            ],
            [
              116.351600257299,
              39.99642632129039
            ],
            [
              116.35157249472319,
              39.99642173767057
            ],
            [
              116.35154509137226,
              39.99641534810531
            ],
            [
              116.35151816459157,
              39.99640717995568
            ],
            [
              116.35149182968573,
              39.99639726819898
            ],
            [
              116.35146619942485,
              39.996385655278864
            ],
            [
              116.35144138356165,
              39.99637239092363
            ],
            [
              116.35141748836145,
              39.99635753193329
            ],
            [
              116.35139461614718,
              39.99634114193633
            ],
            [
              116.35137286486115,
              39.99632329111722
            ],
            [
              116.35135232764574,
              39.996304055915914
            ],
            [
              116.35133309244443,
              39.996283518700494
            ],
            [
              116.35131524162531,
              39.996261767414474
            ],
            [
              116.35129885162836,
              39.9962388952002
            ],
            [
              116.35128399263802,
              39.996215
            ],
            [
              116.35127072828278,
              39.99619018413679
            ],
            [
              116.35125911536267,
              39.99616455387592
            ],
            [
              116.35124920360596,
              39.99613821897008
            ],
            [
              116.35124103545634,
              39.9961112921894
            ],
            [
              116.35123464589107,
              39.99608388883847
            ],
            [
              116.35123006227126,
              39.99605612626266
            ],
            [
              116.35122730422465,
              39.996028123345575
            ],
            [
              116.35122638356165,
              39.996
            ],
            [
              116.35122730422465,
              39.99597187665443
            ],
            [
              116.35123006227126,
              39.995943873737346
            ],
            [
              116.35123464589107,
              39.995916111161534
            ],
            [
              116.35124103545634,
              39.99588870781061
            ],
            [
              116.35124920360596,
              39.99586178102992
            ],
            [
              116.35125911536267,
              39.99583544612408
            ],
            [
              116.35127072828278,
              39.99580981586321
            ],
            [
              116.35128399263802,
              39.995785000000005
            ],
            [
              116.35129885162836,
              39.995761104799804
            ],
            [
              116.35131524162531,
              39.99573823258553
            ],
            [
              116.35133309244443,
              39.99571648129951
            ],
            [
              116.35135232764574,
              39.99569594408409
            ],
            [
              116.35137286486115,
              39.99567670888278
            ],
            [
              116.35139461614718,
              39.99565885806368
            ],
            [
              116.35141748836145,
              39.99564246806671
            ],
            [
              116.35144138356165,
              39.99562760907637
            ],
            [
              116.35146619942485,
              39.99561434472114
            ],
            [
              116.35149182968573,
              39.99560273180102
            ],
            [
              116.35151816459157,
              39.99559282004432
            ],
            [
              116.35154509137226,
              39.995584651894696
            ],
            [
              116.35157249472319,
              39.99557826232943
            ],
            [
              116.351600257299,
              39.99557367870961
            ],
            [
              116.35162826021607,
              39.995570920663006
            ],
            [
              116.35165638356165,
              39.99557
            ],
            [
              116.35168450690722,
              39.995570920663006
            ],
            [
              116.3517125098243,
              39.99557367870961
            ],
            [
              116.35174027240011,
              39.99557826232943
            ],
            [
              116.35176767575103,
              39.995584651894696
            ],
            [
              116.35179460253173,
              39.99559282004432
            ],
            [
              116.35182093743757,
              39.99560273180102
            ],
            [
              116.35184656769844,
              39.99561434472114
            ],
            [
              116.35187138356164,
              39.99562760907637
            ],
            [
              116.35189527876184,
              39.99564246806671
            ],
            [
              116.35191815097612,
              39.99565885806368
            ],
            [
              116.35193990226215,
              39.99567670888278
            ],
            [
              116.35196043947755,
              39.99569594408409
            ],
            [
              116.35197967467886,
              39.99571648129951
            ],
            [
              116.35199752549798,
              39.99573823258553
            ],
            [
              116.35201391549494,
              39.995761104799804
            ]
          ],
          [
            [
              116.34738953193329,
              40.014011104799806
            ],
            [
              116.34740439092363,
              40.01403500000001
            ],
            [
              116.34741765527886,
              40.01405981586321
            ],
            [
              116.34742926819898,
              40.014085446124085
            ],
            [
              116.34743917995569,
              40.014111781029925
            ],
            [
              116.3474473481053,
              40.01413870781061
            ],
            [
              116.34745373767058,
              40.014166111161536
            ],
            [
              116.34745832129039,
              40.01419387373735
            ],
            [
              116.347461079337,
              40.01422187665443
            ],
            [
              116.347462,
              40.014250000000004
            ],
            [
              116.347461079337,
              40.014278123345576
            ],
            [
              116.34745832129039,
              40.01430612626266
            ],
            [
              116.34745373767058,
              40.01433388883847
            ],
            [
              116.3474473481053,
              40.0143612921894
            ],
            [
              116.34743917995569,
              40.01438821897008
            ],
            [
              116.34742926819898,
              40.01441455387592
            ],
            [
              116.34741765527886,
              40.014440184136795
            ],
            [
              116.34740439092363,
              40.014465
            ],
            [
              116.34738953193329,
              40.0144888952002
            ],
            [
              116.34737314193633,
              40.014511767414476
            ],
            [
              116.34735529111721,
              40.014533518700496
            ],
            [
              116.3473360559159,
              40.014554055915916
            ],
            [
              116.3473155187005,
              40.01457329111722
            ],
            [
              116.34729376741447,
              40.01459114193633
            ],
            [
              116.3472708952002,
              40.014607531933294
            ],
            [
              116.347247,
              40.014622390923634
            ],
            [
              116.3472221841368,
              40.014635655278866
            ],
            [
              116.34719655387592,
              40.014647268198985
            ],
            [
              116.34717021897008,
              40.014657179955684
            ],
            [
              116.34714329218939,
              40.01466534810531
            ],
            [
              116.34711588883846,
              40.014671737670575
            ],
            [
              116.34708812626265,
              40.014676321290395
            ],
            [
              116.34706012334557,
              40.014679079337
            ],
            [
              116.347032,
              40.014680000000006
            ],
            [
              116.34700387665443,
              40.014679079337
            ],
            [
              116.34697587373735,
              40.014676321290395
            ],
            [
              116.34694811116154,
              40.014671737670575
            ],
            [
              116.34692070781061,
              40.01466534810531
            ],
            [
              116.34689378102992,
              40.014657179955684
            ],
            [
              116.34686744612408,
              40.014647268198985
            ],
            [
              116.3468418158632,
              40.014635655278866
            ],
            [
              116.346817,
              40.014622390923634
            ],
            [
              116.3467931047998,
              40.014607531933294
            ],
            [
              116.34677023258553,
              40.01459114193633
            ],
            [
              116.3467484812995,
              40.01457329111722
            ],
            [
              116.3467279440841,
              40.014554055915916
            ],
            [
              116.34670870888279,
              40.014533518700496
            ],
            [
              116.34669085806367,
              40.014511767414476
            ],
            [
              116.34667446806671,
              40.0144888952002
            ],
            [
              116.34665960907637,
              40.014465
            ],
            [
              116.34664634472114,
              40.014440184136795
            ],
            [
              116.34663473180102,
              40.01441455387592
            ],
            [
              116.34662482004431,
              40.01438821897008
            ],
            [
              116.34661665189469,
              40.0143612921894
            ],
            [
              116.34661026232942,
              40.01433388883847
            ],
            [
              116.34660567870961,
              40.01430612626266
            ],
            [
              116.346602920663,
              40.014278123345576
            ],
            [
              116.346602,
              40.014250000000004
            ],
            [
              116.346602920663,
              40.01422187665443
            ],
            [
              116.34660567870961,
              40.01419387373735
            ],
            [
              116.34661026232942,
              40.014166111161536
            ],
            [
              116.34661665189469,
              40.01413870781061
            ],
            [
              116.34662482004431,
              40.014111781029925
            ],
            [
              116.34663473180102,
              40.014085446124085
            ],
            [
              116.34664634472114,
              40.01405981586321
            ],
            [
              116.34665960907637,
              40.01403500000001
            ],
            [
              116.34667446806671,
              40.014011104799806
            ],
            [
              116.34669085806367,
              40.01398823258553
            ],
            [
              116.34670870888279,
              40.01396648129951
            ],
            [
              116.3467279440841,
              40.01394594408409
            ],
            [
              116.3467484812995,
              40.013926708882785
            ],
            [
              116.34677023258553,
              40.01390885806368
            ],
            [
              116.3467931047998,
              40.013892468066715
            ],
            [
              116.346817,
              40.013877609076374
            ],
            [
              116.3468418158632,
              40.01386434472114
            ],
            [
              116.34686744612408,
              40.01385273180102
            ],
            [
              116.34689378102992,
              40.013842820044324
            ],
            [
              116.34692070781061,
              40.0138346518947
            ],
            [
              116.34694811116154,
              40.01382826232943
            ],
            [
              116.34697587373735,
              40.01382367870961
            ],
            [
              116.34700387665443,
              40.01382092066301
            ],
            [
              116.347032,
              40.01382
            ],
            [
              116.34706012334557,
              40.01382092066301
            ],
            [
              116.34708812626265,
              40.01382367870961
            ],
            [
              116.34711588883846,
              40.01382826232943
            ],
            [
              116.34714329218939,
              40.0138346518947
            ],
            [
              116.34717021897008,
              40.013842820044324
            ],
            [
              116.34719655387592,
              40.01385273180102
            ],
            [
              116.3472221841368,
              40.01386434472114
            ],
            [
              116.347247,
              40.013877609076374
            ],
            [
              116.3472708952002,
              40.013892468066715
            ],
            [
              116.34729376741447,
              40.01390885806368
            ],
            [
              116.3473155187005,
              40.013926708882785
            ],
            [
              116.3473360559159,
              40.01394594408409
            ],
            [
              116.34735529111721,
              40.01396648129951
            ],
            [
              116.34737314193633,
              40.01398823258553
            ],
            [
              116.34738953193329,
              40.014011104799806
            ]
          ],
          [
            [
              116.34364753193329,
              40.0160111047998
            ],
            [
              116.34366239092363,
              40.016035
            ],
            [
              116.34367565527886,
              40.01605981586321
            ],
            [
              116.34368726819898,
              40.01608544612408
            ],
            [
              116.34369717995568,
              40.01611178102992
            ],
            [
              116.3437053481053,
              40.016138707810605
            ],
            [
              116.34371173767057,
              40.01616611116153
            ],
            [
              116.34371632129039,
              40.01619387373734
            ],
            [
              116.34371907933699,
              40.01622187665443
            ],
            [
              116.34371999999999,
              40.01625
            ],
            [
              116.34371907933699,
              40.01627812334557
            ],
            [
              116.34371632129039,
              40.016306126262656
            ],
            [
              116.34371173767057,
              40.01633388883847
            ],
            [
              116.3437053481053,
              40.016361292189394
            ],
            [
              116.34369717995568,
              40.01638821897008
            ],
            [
              116.34368726819898,
              40.01641455387592
            ],
            [
              116.34367565527886,
              40.01644018413679
            ],
            [
              116.34366239092363,
              40.016465
            ],
            [
              116.34364753193329,
              40.0164888952002
            ],
            [
              116.34363114193633,
              40.01651176741447
            ],
            [
              116.34361329111721,
              40.01653351870049
            ],
            [
              116.3435940559159,
              40.01655405591591
            ],
            [
              116.3435735187005,
              40.01657329111722
            ],
            [
              116.34355176741447,
              40.016591141936324
            ],
            [
              116.3435288952002,
              40.01660753193329
            ],
            [
              116.343505,
              40.01662239092363
            ],
            [
              116.3434801841368,
              40.01663565527886
            ],
            [
              116.34345455387592,
              40.01664726819898
            ],
            [
              116.34342821897008,
              40.01665717995568
            ],
            [
              116.34340129218938,
              40.016665348105306
            ],
            [
              116.34337388883846,
              40.01667173767057
            ],
            [
              116.34334612626265,
              40.01667632129039
            ],
            [
              116.34331812334557,
              40.016679079336996
            ],
            [
              116.34329,
              40.01668
            ],
            [
              116.34326187665442,
              40.016679079336996
            ],
            [
              116.34323387373735,
              40.01667632129039
            ],
            [
              116.34320611116154,
              40.01667173767057
            ],
            [
              116.34317870781061,
              40.016665348105306
            ],
            [
              116.34315178102992,
              40.01665717995568
            ],
            [
              116.34312544612408,
              40.01664726819898
            ],
            [
              116.3430998158632,
              40.01663565527886
            ],
            [
              116.343075,
              40.01662239092363
            ],
            [
              116.3430511047998,
              40.01660753193329
            ],
            [
              116.34302823258552,
              40.016591141936324
            ],
            [
              116.3430064812995,
              40.01657329111722
            ],
            [
              116.34298594408409,
              40.01655405591591
            ],
            [
              116.34296670888278,
              40.01653351870049
            ],
            [
              116.34294885806366,
              40.01651176741447
            ],
            [
              116.3429324680667,
              40.0164888952002
            ],
            [
              116.34291760907637,
              40.016465
            ],
            [
              116.34290434472113,
              40.01644018413679
            ],
            [
              116.34289273180102,
              40.01641455387592
            ],
            [
              116.34288282004431,
              40.01638821897008
            ],
            [
              116.34287465189469,
              40.016361292189394
            ],
            [
              116.34286826232942,
              40.01633388883847
            ],
            [
              116.3428636787096,
              40.016306126262656
            ],
            [
              116.342860920663,
              40.01627812334557
            ],
            [
              116.34286,
              40.01625
            ],
            [
              116.342860920663,
              40.01622187665443
            ],
            [
              116.3428636787096,
              40.01619387373734
            ],
            [
              116.34286826232942,
              40.01616611116153
            ],
            [
              116.34287465189469,
              40.016138707810605
            ],
            [
              116.34288282004431,
              40.01611178102992
            ],
            [
              116.34289273180102,
              40.01608544612408
            ],
            [
              116.34290434472113,
              40.01605981586321
            ],
            [
              116.34291760907637,
              40.016035
            ],
            [
              116.3429324680667,
              40.0160111047998
            ],
            [
              116.34294885806366,
              40.01598823258553
            ],
            [
              116.34296670888278,
              40.01596648129951
            ],
            [
              116.34298594408409,
              40.01594594408409
            ],
            [
              116.3430064812995,
              40.01592670888278
            ],
            [
              116.34302823258552,
              40.015908858063675
            ],
            [
              116.3430511047998,
              40.01589246806671
            ],
            [
              116.343075,
              40.01587760907637
            ],
            [
              116.3430998158632,
              40.01586434472114
            ],
            [
              116.34312544612408,
              40.01585273180102
            ],
            [
              116.34315178102992,
              40.01584282004432
            ],
            [
              116.34317870781061,
              40.01583465189469
            ],
            [
              116.34320611116154,
              40.01582826232943
            ],
            [
              116.34323387373735,
              40.01582367870961
            ],
            [
              116.34326187665442,
              40.015820920663
            ],
            [
              116.34329,
              40.01582
            ],
            [
              116.34331812334557,
              40.015820920663
            ],
            [
              116.34334612626265,
              40.01582367870961
            ],
            [
              116.34337388883846,
              40.01582826232943
            ],
            [
              116.34340129218938,
              40.01583465189469
            ],
            [
              116.34342821897008,
              40.01584282004432
            ],
            [
              116.34345455387592,
              40.01585273180102
            ],
            [
              116.3434801841368,
              40.01586434472114
            ],
            [
              116.343505,
              40.01587760907637
            ],
            [
              116.3435288952002,
              40.01589246806671
            ],
            [
              116.34355176741447,
              40.015908858063675
            ],
            [
              116.3435735187005,
              40.01592670888278
            ],
            [
              116.3435940559159,
              40.01594594408409
            ],
            [
              116.34361329111721,
              40.01596648129951
            ],
            [
              116.34363114193633,
              40.01598823258553
            ],
            [
              116.34364753193329,
              40.0160111047998
            ]
          ],
          [
            [
              116.34288745128812,
              39.98994860479981
            ],
            [
              116.34290231027846,
              39.98997250000001
            ],
            [
              116.3429155746337,
              39.989997315863214
            ],
            [
              116.34292718755381,
              39.990022946124085
            ],
            [
              116.34293709931052,
              39.990049281029926
            ],
            [
              116.34294526746014,
              39.99007620781061
            ],
            [
              116.34295165702541,
              39.99010361116154
            ],
            [
              116.34295624064522,
              39.99013137373735
            ],
            [
              116.34295899869183,
              39.99015937665443
            ],
            [
              116.34295991935483,
              39.990187500000005
            ],
            [
              116.34295899869183,
              39.99021562334558
            ],
            [
              116.34295624064522,
              39.99024362626266
            ],
            [
              116.34295165702541,
              39.99027138883847
            ],
            [
              116.34294526746014,
              39.9902987921894
            ],
            [
              116.34293709931052,
              39.990325718970084
            ],
            [
              116.34292718755381,
              39.990352053875924
            ],
            [
              116.3429155746337,
              39.990377684136796
            ],
            [
              116.34290231027846,
              39.9904025
            ],
            [
              116.34288745128812,
              39.9904263952002
            ],
            [
              116.34287106129116,
              39.990449267414476
            ],
            [
              116.34285321047204,
              39.9904710187005
            ],
            [
              116.34283397527074,
              39.990491555915916
            ],
            [
              116.34281343805533,
              39.990510791117224
            ],
            [
              116.3427916867693,
              39.99052864193633
            ],
            [
              116.34276881455503,
              39.990545031933294
            ],
            [
              116.34274491935483,
              39.990559890923635
            ],
            [
              116.34272010349163,
              39.99057315527887
            ],
            [
              116.34269447323075,
              39.990584768198985
            ],
            [
              116.34266813832491,
              39.990594679955684
            ],
            [
              116.34264121154422,
              39.99060284810531
            ],
            [
              116.34261380819329,
              39.990609237670576
            ],
            [
              116.34258604561748,
              39.990613821290395
            ],
            [
              116.3425580427004,
              39.990616579337
            ],
            [
              116.34252991935483,
              39.990617500000006
            ],
            [
              116.34250179600926,
              39.990616579337
            ],
            [
              116.34247379309218,
              39.990613821290395
            ],
            [
              116.34244603051637,
              39.990609237670576
            ],
            [
              116.34241862716544,
              39.99060284810531
            ],
            [
              116.34239170038475,
              39.990594679955684
            ],
            [
              116.34236536547891,
              39.990584768198985
            ],
            [
              116.34233973521803,
              39.99057315527887
            ],
            [
              116.34231491935483,
              39.990559890923635
            ],
            [
              116.34229102415463,
              39.990545031933294
            ],
            [
              116.34226815194036,
              39.99052864193633
            ],
            [
              116.34224640065433,
              39.990510791117224
            ],
            [
              116.34222586343893,
              39.990491555915916
            ],
            [
              116.34220662823762,
              39.9904710187005
            ],
            [
              116.3421887774185,
              39.990449267414476
            ],
            [
              116.34217238742154,
              39.9904263952002
            ],
            [
              116.3421575284312,
              39.9904025
            ],
            [
              116.34214426407597,
              39.990377684136796
            ],
            [
              116.34213265115585,
              39.990352053875924
            ],
            [
              116.34212273939914,
              39.990325718970084
            ],
            [
              116.34211457124952,
              39.9902987921894
            ],
            [
              116.34210818168425,
              39.99027138883847
            ],
            [
              116.34210359806444,
              39.99024362626266
            ],
            [
              116.34210084001784,
              39.99021562334558
            ],
            [
              116.34209991935484,
              39.990187500000005
            ],
            [
              116.34210084001784,
              39.99015937665443
            ],
            [
              116.34210359806444,
              39.99013137373735
            ],
            [
              116.34210818168425,
              39.99010361116154
            ],
            [
              116.34211457124952,
              39.99007620781061
            ],
            [
              116.34212273939914,
              39.990049281029926
            ],
            [
              116.34213265115585,
              39.990022946124085
            ],
            [
              116.34214426407597,
              39.989997315863214
            ],
            [
              116.3421575284312,
              39.98997250000001
            ],
            [
              116.34217238742154,
              39.98994860479981
            ],
            [
              116.3421887774185,
              39.98992573258553
            ],
            [
              116.34220662823762,
              39.98990398129951
            ],
            [
              116.34222586343893,
              39.98988344408409
            ],
            [
              116.34224640065433,
              39.989864208882786
            ],
            [
              116.34226815194036,
              39.98984635806368
            ],
            [
              116.34229102415463,
              39.989829968066715
            ],
            [
              116.34231491935483,
              39.989815109076375
            ],
            [
              116.34233973521803,
              39.98980184472114
            ],
            [
              116.34236536547891,
              39.989790231801024
            ],
            [
              116.34239170038475,
              39.989780320044325
            ],
            [
              116.34241862716544,
              39.9897721518947
            ],
            [
              116.34244603051637,
              39.989765762329434
            ],
            [
              116.34247379309218,
              39.989761178709614
            ],
            [
              116.34250179600926,
              39.98975842066301
            ],
            [
              116.34252991935483,
              39.9897575
            ],
            [
              116.3425580427004,
              39.98975842066301
            ],
            [
              116.34258604561748,
              39.989761178709614
            ],
            [
              116.34261380819329,
              39.989765762329434
            ],
            [
              116.34264121154422,
              39.9897721518947
            ],
            [
              116.34266813832491,
              39.989780320044325
            ],
            [
              116.34269447323075,
              39.989790231801024
            ],
            [
              116.34272010349163,
              39.98980184472114
            ],
            [
              116.34274491935483,
              39.989815109076375
            ],
            [
              116.34276881455503,
              39.989829968066715
            ],
            [
              116.3427916867693,
              39.98984635806368
            ],
            [
              116.34281343805533,
              39.989864208882786
            ],
            [
              116.34283397527074,
              39.98988344408409
            ],
            [
              116.34285321047204,
              39.98990398129951
            ],
            [
              116.34287106129116,
              39.98992573258553
            ],
            [
              116.34288745128812,
              39.98994860479981
            ]
          ],
          [
            [
              116.34279086314585,
              39.947535
            ],
            [
              116.34280412750108,
              39.94755981586321
            ],
            [
              116.3428157404212,
              39.94758544612408
            ],
            [
              116.34282565217791,
              39.94761178102992
            ],
            [
              116.34283382032753,
              39.947638707810604
            ],
            [
              116.3428402098928,
              39.94766611116153
            ],
            [
              116.34284479351261,
              39.94769387373734
            ],
            [
              116.34284755155922,
              39.94772187665443
            ],
            [
              116.34284847222222,
              39.94775
            ],
            [
              116.34284755155922,
              39.94777812334557
            ],
            [
              116.34284479351261,
              39.947806126262655
            ],
            [
              116.3428402098928,
              39.94783388883847
            ],
            [
              116.34283382032753,
              39.947861292189394
            ],
            [
              116.34282565217791,
              39.94788821897008
            ],
            [
              116.3428157404212,
              39.94791455387592
            ],
            [
              116.34280412750108,
              39.94794018413679
            ],
            [
              116.34279086314585,
              39.947964999999996
            ],
            [
              116.34277600415551,
              39.9479888952002
            ],
            [
              116.34275961415855,
              39.94801176741447
            ],
            [
              116.34274176333943,
              39.94803351870049
            ],
            [
              116.34272252813813,
              39.94805405591591
            ],
            [
              116.34270199092272,
              39.94807329111722
            ],
            [
              116.34268023963669,
              39.948091141936324
            ],
            [
              116.34265736742242,
              39.94810753193329
            ],
            [
              116.34263347222222,
              39.94812239092363
            ],
            [
              116.34260865635902,
              39.94813565527886
            ],
            [
              116.34258302609814,
              39.94814726819898
            ],
            [
              116.3425566911923,
              39.94815717995568
            ],
            [
              116.34252976441161,
              39.948165348105306
            ],
            [
              116.34250236106068,
              39.94817173767057
            ],
            [
              116.34247459848487,
              39.94817632129039
            ],
            [
              116.3424465955678,
              39.948179079336995
            ],
            [
              116.34241847222222,
              39.94818
            ],
            [
              116.34239034887665,
              39.948179079336995
            ],
            [
              116.34236234595957,
              39.94817632129039
            ],
            [
              116.34233458338376,
              39.94817173767057
            ],
            [
              116.34230718003283,
              39.948165348105306
            ],
            [
              116.34228025325214,
              39.94815717995568
            ],
            [
              116.3422539183463,
              39.94814726819898
            ],
            [
              116.34222828808542,
              39.94813565527886
            ],
            [
              116.34220347222222,
              39.94812239092363
            ],
            [
              116.34217957702202,
              39.94810753193329
            ],
            [
              116.34215670480775,
              39.948091141936324
            ],
            [
              116.34213495352172,
              39.94807329111722
            ],
            [
              116.34211441630632,
              39.94805405591591
            ],
            [
              116.34209518110501,
              39.94803351870049
            ],
            [
              116.34207733028589,
              39.94801176741447
            ],
            [
              116.34206094028893,
              39.9479888952002
            ],
            [
              116.34204608129859,
              39.947964999999996
            ],
            [
              116.34203281694336,
              39.94794018413679
            ],
            [
              116.34202120402324,
              39.94791455387592
            ],
            [
              116.34201129226653,
              39.94788821897008
            ],
            [
              116.34200312411691,
              39.947861292189394
            ],
            [
              116.34199673455164,
              39.94783388883847
            ],
            [
              116.34199215093183,
              39.947806126262655
            ],
            [
              116.34198939288522,
              39.94777812334557
            ],
            [
              116.34198847222223,
              39.94775
            ],
            [
              116.34198939288522,
              39.94772187665443
            ],
            [
              116.34199215093183,
              39.94769387373734
            ],
            [
              116.34199673455164,
              39.94766611116153
            ],
            [
              116.34200312411691,
              39.947638707810604
            ],
            [
              116.34201129226653,
              39.94761178102992
            ],
            [
              116.34202120402324,
              39.94758544612408
            ],
            [
              116.34203281694336,
              39.94755981586321
            ],
            [
              116.34204608129859,
              39.947535
            ],
            [
              116.34206094028893,
              39.9475111047998
            ],
            [
              116.34207733028589,
              39.94748823258553
            ],
            [
              116.34209518110501,
              39.94746648129951
            ],
            [
              116.34211441630632,
              39.94744594408409
            ],
            [
              116.34213495352172,
              39.94742670888278
            ],
            [
              116.34215670480775,
              39.947408858063675
            ],
            [
              116.34217957702202,
              39.94739246806671
            ],
            [
              116.34220347222222,
              39.94737760907637
            ],
            [
              116.34222828808542,
              39.94736434472114
            ],
            [
              116.3422539183463,
              39.94735273180102
            ],
            [
              116.34228025325214,
              39.94734282004432
            ],
            [
              116.34230718003283,
              39.94733465189469
            ],
            [
              116.34233458338376,
              39.94732826232943
            ],
            [
              116.34236234595957,
              39.94732367870961
            ],
            [
              116.34239034887665,
              39.947320920663
            ],
            [
              116.34241847222222,
              39.94732
            ],
            [
              116.3424465955678,
              39.947320920663
            ],
            [
              116.34247459848487,
              39.94732367870961
            ],
            [
              116.34250236106068,
              39.94732826232943
            ],
            [
              116.34252976441161,
              39.94733465189469
            ],
            [
              116.3425566911923,
              39.94734282004432
            ],
            [
              116.34258302609814,
              39.94735273180102
            ],
            [
              116.34260865635902,
              39.94736434472114
            ],
            [
              116.34263347222222,
              39.94737760907637
            ],
            [
              116.34265736742242,
              39.94739246806671
            ],
            [
              116.34268023963669,
              39.947408858063675
            ],
            [
              116.34270199092272,
              39.94742670888278
            ],
            [
              116.34272252813813,
              39.94744594408409
            ],
            [
              116.34274176333943,
              39.94746648129951
            ],
            [
              116.34275961415855,
              39.94748823258553
            ],
            [
              116.34277600415551,
              39.9475111047998
            ],
            [
              116.34279086314585,
              39.947535
            ]
          ],
          [
            [
              116.34252600415552,
              39.9655111047998
            ],
            [
              116.34254086314586,
              39.965535
            ],
            [
              116.34255412750109,
              39.96555981586321
            ],
            [
              116.34256574042121,
              39.96558544612408
            ],
            [
              116.34257565217791,
              39.96561178102992
            ],
            [
              116.34258382032753,
              39.965638707810605
            ],
            [
              116.3425902098928,
              39.96566611116153
            ],
            [
              116.34259479351262,
              39.965693873737344
            ],
            [
              116.34259755155922,
              39.96572187665443
            ],
            [
              116.34259847222222,
              39.96575
            ],
            [
              116.34259755155922,
              39.96577812334557
            ],
            [
              116.34259479351262,
              39.965806126262656
            ],
            [
              116.3425902098928,
              39.96583388883847
            ],
            [
              116.34258382032753,
              39.965861292189395
            ],
            [
              116.34257565217791,
              39.96588821897008
            ],
            [
              116.34256574042121,
              39.96591455387592
            ],
            [
              116.34255412750109,
              39.96594018413679
            ],
            [
              116.34254086314586,
              39.965965
            ],
            [
              116.34252600415552,
              39.9659888952002
            ],
            [
              116.34250961415856,
              39.96601176741447
            ],
            [
              116.34249176333944,
              39.96603351870049
            ],
            [
              116.34247252813813,
              39.96605405591591
            ],
            [
              116.34245199092273,
              39.96607329111722
            ],
            [
              116.3424302396367,
              39.966091141936325
            ],
            [
              116.34240736742242,
              39.96610753193329
            ],
            [
              116.34238347222222,
              39.96612239092363
            ],
            [
              116.34235865635902,
              39.96613565527886
            ],
            [
              116.34233302609815,
              39.96614726819898
            ],
            [
              116.3423066911923,
              39.96615717995568
            ],
            [
              116.34227976441161,
              39.96616534810531
            ],
            [
              116.34225236106069,
              39.96617173767057
            ],
            [
              116.34222459848488,
              39.96617632129039
            ],
            [
              116.3421965955678,
              39.966179079336996
            ],
            [
              116.34216847222223,
              39.96618
            ],
            [
              116.34214034887665,
              39.966179079336996
            ],
            [
              116.34211234595958,
              39.96617632129039
            ],
            [
              116.34208458338377,
              39.96617173767057
            ],
            [
              116.34205718003284,
              39.96616534810531
            ],
            [
              116.34203025325215,
              39.96615717995568
            ],
            [
              116.34200391834631,
              39.96614726819898
            ],
            [
              116.34197828808543,
              39.96613565527886
            ],
            [
              116.34195347222223,
              39.96612239092363
            ],
            [
              116.34192957702203,
              39.96610753193329
            ],
            [
              116.34190670480776,
              39.966091141936325
            ],
            [
              116.34188495352173,
              39.96607329111722
            ],
            [
              116.34186441630632,
              39.96605405591591
            ],
            [
              116.34184518110501,
              39.96603351870049
            ],
            [
              116.3418273302859,
              39.96601176741447
            ],
            [
              116.34181094028894,
              39.9659888952002
            ],
            [
              116.3417960812986,
              39.965965
            ],
            [
              116.34178281694336,
              39.96594018413679
            ],
            [
              116.34177120402325,
              39.96591455387592
            ],
            [
              116.34176129226654,
              39.96588821897008
            ],
            [
              116.34175312411692,
              39.965861292189395
            ],
            [
              116.34174673455165,
              39.96583388883847
            ],
            [
              116.34174215093184,
              39.965806126262656
            ],
            [
              116.34173939288523,
              39.96577812334557
            ],
            [
              116.34173847222223,
              39.96575
            ],
            [
              116.34173939288523,
              39.96572187665443
            ],
            [
              116.34174215093184,
              39.965693873737344
            ],
            [
              116.34174673455165,
              39.96566611116153
            ],
            [
              116.34175312411692,
              39.965638707810605
            ],
            [
              116.34176129226654,
              39.96561178102992
            ],
            [
              116.34177120402325,
              39.96558544612408
            ],
            [
              116.34178281694336,
              39.96555981586321
            ],
            [
              116.3417960812986,
              39.965535
            ],
            [
              116.34181094028894,
              39.9655111047998
            ],
            [
              116.3418273302859,
              39.96548823258553
            ],
            [
              116.34184518110501,
              39.96546648129951
            ],
            [
              116.34186441630632,
              39.96544594408409
            ],
            [
              116.34188495352173,
              39.96542670888278
            ],
            [
              116.34190670480776,
              39.965408858063675
            ],
            [
              116.34192957702203,
              39.96539246806671
            ],
            [
              116.34195347222223,
              39.96537760907637
            ],
            [
              116.34197828808543,
              39.96536434472114
            ],
            [
              116.34200391834631,
              39.96535273180102
            ],
            [
              116.34203025325215,
              39.96534282004432
            ],
            [
              116.34205718003284,
              39.96533465189469
            ],
            [
              116.34208458338377,
              39.96532826232943
            ],
            [
              116.34211234595958,
              39.96532367870961
            ],
            [
              116.34214034887665,
              39.965320920663004
            ],
            [
              116.34216847222223,
              39.96532
            ],
            [
              116.3421965955678,
              39.965320920663004
            ],
            [
              116.34222459848488,
              39.96532367870961
            ],
            [
              116.34225236106069,
              39.96532826232943
            ],
            [
              116.34227976441161,
              39.96533465189469
            ],
            [
              116.3423066911923,
              39.96534282004432
            ],
            [
              116.34233302609815,
              39.96535273180102
            ],
            [
              116.34235865635902,
              39.96536434472114
            ],
            [
              116.34238347222222,
              39.96537760907637
            ],
            [
              116.34240736742242,
              39.96539246806671
            ],
            [
              116.3424302396367,
              39.965408858063675
            ],
            [
              116.34245199092273,
              39.96542670888278
            ],
            [
              116.34247252813813,
              39.96544594408409
            ],
            [
              116.34249176333944,
              39.96546648129951
            ],
            [
              116.34250961415856,
              39.96548823258553
            ],
            [
              116.34252600415552,
              39.9655111047998
            ]
          ]
        ]
      }
    }
  ]
}
