{
  "type": "FeatureCollection",
  "name": "open_yard_three_fields_twelve_stations",
  "features": [
    {
      "type": "Feature",
      "id": "OY-ST01",
      "properties": {
        "id": "OY-ST01",
        "layer": "PUBLIC_SPACE",
        "source_type": "agent_generated_design",
        "confidence": "medium",
        "geometry_role": "design_proposal",
        "name_zh": "全栈基座站",
        "public_space_type": "open_yard_station",
        "station_id": "OY-ST01",
        "station_index": 1,
        "field_id": "north_field",
        "field_name_zh": "北场·全栈验证场",
        "key_area_id": "zhongzhiyuan_ai_acceleration_area",
        "scenario_id": "open_stack_foundation",
        "scenario_card_id": "SC-01",
        "industry_test_validation": false,
        "persona_ids": [
          "open_source_developer",
          "enterprise_engineer"
        ],
        "project_id": "OY-01",
        "human_review_required": true,
        "privacy_rule": "data minimization; no personal tracking; human appeal and shutdown path",
        "planning_status": "conceptual public-space suggestion pending site survey and approval",
        "area_sqm_declared": 34611.336
      },
      "geometry": {
        "type": "Polygon",
        "coordinates": [
          [
            [
              116.3479715984,
              40.010127089
            ],
            [
              116.3479590713,
              40.0100659642
            ],
            [
              116.3479413721,
              40.0100056003
            ],
            [
              116.3479185766,
              40.0099462557
            ],
            [
              116.3478907825,
              40.0098881847
            ],
            [
              116.3478581088,
              40.0098316358
            ],
            [
              116.3478206954,
              40.0097768512
            ],
            [
              116.3477787025,
              40.0097240655
            ],
            [
              116.3477323101,
              40.0096735048
            ],
            [
              116.3476817166,
              40.0096253855
            ],
            [
              116.3476271388,
              40.0095799136
            ],
            [
              116.3475688104,
              40.009537284
            ],
            [
              116.3475069812,
              40.0094976791
            ],
            [
              116.3474419159,
              40.0094612685
            ],
            [
              116.3473738931,
              40.0094282082
            ],
            [
              116.3473032042,
              40.0093986396
            ],
            [
              116.3472301517,
              40.0093726895
            ],
            [
              116.3471550486,
              40.0093504689
            ],
            [
              116.3470782164,
              40.009332073
            ],
            [
              116.3469999841,
              40.0093175805
            ],
            [
              116.3469206867,
              40.0093070536
            ],
            [
              116.3468406637,
              40.0093005372
            ],
            [
              116.3467602579,
              40.0092980593
            ],
            [
              116.3466798134,
              40.0092996306
            ],
            [
              116.3465996749,
              40.0093052441
            ],
            [
              116.3465201853,
              40.009314876
            ],
            [
              116.3464416851,
              40.009328485
            ],
            [
              116.3463645105,
              40.0093460128
            ],
            [
              116.3462889918,
              40.0093673844
            ],
            [
              116.3462154525,
              40.0093925082
            ],
            [
              116.3461442075,
              40.0094212767
            ],
            [
              116.3460755618,
              40.0094535667
            ],
            [
              116.3460098093,
              40.0094892399
            ],
            [
              116.3459472317,
              40.0095281435
            ],
            [
              116.3458880969,
              40.009570111
            ],
            [
              116.3458326581,
              40.0096149627
            ],
            [
              116.3457811527,
              40.0096625065
            ],
            [
              116.3457338013,
              40.0097125388
            ],
            [
              116.3456908067,
              40.0097648454
            ],
            [
              116.3456523529,
              40.0098192023
            ],
            [
              116.3456186046,
              40.0098753768
            ],
            [
              116.3455897064,
              40.0099331283
            ],
            [
              116.345565782,
              40.0099922095
            ],
            [
              116.3455469338,
              40.0100523673
            ],
            [
              116.3455332427,
              40.0101133443
            ],
            [
              116.3455247672,
              40.0101748794
            ],
            [
              116.3455215437,
              40.0102367089
            ],
            [
              116.3455235859,
              40.0102985681
            ],
            [
              116.3455308851,
              40.0103601922
            ],
            [
              116.3455434101,
              40.0104213172
            ],
            [
              116.3455611073,
              40.0104816815
            ],
            [
              116.3455839009,
              40.0105410265
            ],
            [
              116.3456116933,
              40.0105990981
            ],
            [
              116.3456443655,
              40.0106556476
            ],
            [
              116.3456817776,
              40.0107104328
            ],
            [
              116.3457237695,
              40.0107632193
            ],
            [
              116.3457701612,
              40.0108137808
            ],
            [
              116.3458207542,
              40.0108619009
            ],
            [
              116.3458753317,
              40.0109073736
            ],
            [
              116.3459336602,
              40.0109500041
            ],
            [
              116.3459954898,
              40.0109896098
            ],
            [
              116.3460605558,
              40.0110260212
            ],
            [
              116.3461285795,
              40.0110590823
            ],
            [
              116.3461992696,
              40.0110886516
            ],
            [
              116.3462723235,
              40.0111146023
            ],
            [
              116.3463474283,
              40.0111368235
            ],
            [
              116.3464242623,
              40.0111552199
            ],
            [
              116.3465024965,
              40.0111697128
            ],
            [
              116.346581796,
              40.01118024
            ],
            [
              116.3466618211,
              40.0111867566
            ],
            [
              116.3467422292,
              40.0111892346
            ],
            [
              116.3468226759,
              40.0111876633
            ],
            [
              116.3469028166,
              40.0111820496
            ],
            [
              116.3469823083,
              40.0111724175
            ],
            [
              116.3470608105,
              40.0111588081
            ],
            [
              116.347137987,
              40.0111412799
            ],
            [
              116.3472135074,
              40.0111199078
            ],
            [
              116.3472870482,
              40.0110947833
            ],
            [
              116.3473582945,
              40.0110660142
            ],
            [
              116.3474269412,
              40.0110337235
            ],
            [
              116.3474926945,
              40.0109980495
            ],
            [
              116.3475552726,
              40.010959145
            ],
            [
              116.3476144076,
              40.0109171767
            ],
            [
              116.3476698463,
              40.0108723242
            ],
            [
              116.3477213513,
              40.0108247795
            ],
            [
              116.347768702,
              40.0107747464
            ],
            [
              116.3478116957,
              40.010722439
            ],
            [
              116.3478501484,
              40.0106680814
            ],
            [
              116.3478838952,
              40.0106119063
            ],
            [
              116.3479127918,
              40.0105541542
            ],
            [
              116.3479367144,
              40.0104950725
            ],
            [
              116.3479555606,
              40.0104349143
            ],
            [
              116.3479692496,
              40.010373937
            ],
            [
              116.3479777229,
              40.0103124018
            ],
            [
              116.3479809443,
              40.0102505722
            ],
            [
              116.3479788999,
              40.0101887129
            ],
            [
              116.3479715984,
              40.010127089
            ]
          ]
        ]
      }
    },
    {
      "type": "Feature",
      "id": "OY-ST02",
      "properties": {
        "id": "OY-ST02",
        "layer": "PUBLIC_SPACE",
        "source_type": "agent_generated_design",
        "confidence": "medium",
        "geometry_role": "design_proposal",
        "name_zh": "可信评测站",
        "public_space_type": "open_yard_station",
        "station_id": "OY-ST02",
        "station_index": 2,
        "field_id": "north_field",
        "field_name_zh": "北场·全栈验证场",
        "key_area_id": "zhongzhiyuan_ai_acceleration_area",
        "scenario_id": "trustworthy_ai_benchmark",
        "scenario_card_id": "SC-02",
        "industry_test_validation": true,
        "persona_ids": [
          "ai_scientist",
          "university_student"
        ],
        "project_id": "OY-02",
        "human_review_required": true,
        "privacy_rule": "data minimization; no personal tracking; human appeal and shutdown path",
        "planning_status": "conceptual public-space suggestion pending site survey and approval",
        "area_sqm_declared": 34611.336
      },
      "geometry": {
        "type": "Polygon",
        "coordinates": [
          [
            [
              116.351469187,
              40.014477815
            ],
            [
              116.351456656,
              40.0144166905
            ],
            [
              116.3514389526,
              40.0143563272
            ],
            [
              116.3514161527,
              40.0142969833
            ],
            [
              116.3513883539,
              40.0142389131
            ],
            [
              116.3513556753,
              40.0141823652
            ],
            [
              116.3513182567,
              40.0141275818
            ],
            [
              116.3512762586,
              40.0140747974
            ],
            [
              116.3512298606,
              40.014024238
            ],
            [
              116.3511792615,
              40.0139761202
            ],
            [
              116.3511246779,
              40.01393065
            ],
            [
              116.3510663436,
              40.0138880221
            ],
            [
              116.3510045085,
              40.0138484191
            ],
            [
              116.3509394372,
              40.0138120104
            ],
            [
              116.3508714084,
              40.0137789521
            ],
            [
              116.3508007135,
              40.0137493857
            ],
            [
              116.350727655,
              40.0137234377
            ],
            [
              116.350652546,
              40.0137012194
            ],
            [
              116.350575708,
              40.0136828258
            ],
            [
              116.3504974699,
              40.0136683356
            ],
            [
              116.3504181669,
              40.013657811
            ],
            [
              116.3503381385,
              40.013651297
            ],
            [
              116.3502577274,
              40.0136488215
            ],
            [
              116.3501772779,
              40.0136503951
            ],
            [
              116.3500971345,
              40.0136560111
            ],
            [
              116.3500176404,
              40.0136656454
            ],
            [
              116.3499391359,
              40.0136792567
            ],
            [
              116.3498619572,
              40.0136967868
            ],
            [
              116.3497864347,
              40.0137181606
            ],
            [
              116.349712892,
              40.0137432866
            ],
            [
              116.3496416439,
              40.0137720572
            ],
            [
              116.3495729954,
              40.0138043491
            ],
            [
              116.3495072405,
              40.0138400243
            ],
            [
              116.3494446609,
              40.0138789297
            ],
            [
              116.3493855244,
              40.013920899
            ],
            [
              116.3493300843,
              40.0139657523
            ],
            [
              116.349278578,
              40.0140132976
            ],
            [
              116.3492312261,
              40.0140633313
            ],
            [
              116.3491882313,
              40.0141156392
            ],
            [
              116.3491497778,
              40.0141699972
            ],
            [
              116.3491160302,
              40.0142261727
            ],
            [
              116.349087133,
              40.014283925
            ],
            [
              116.34906321,
              40.0143430069
            ],
            [
              116.3490443637,
              40.0144031653
            ],
            [
              116.3490306748,
              40.0144641427
            ],
            [
              116.3490222018,
              40.0145256779
            ],
            [
              116.3490189811,
              40.0145875075
            ],
            [
              116.3490210266,
              40.0146493667
            ],
            [
              116.3490283294,
              40.0147109905
            ],
            [
              116.3490408583,
              40.0147721152
            ],
            [
              116.3490585596,
              40.0148324789
            ],
            [
              116.3490813577,
              40.0148918232
            ],
            [
              116.3491091548,
              40.0149498939
            ],
            [
              116.3491418319,
              40.0150064424
            ],
            [
              116.3491792491,
              40.0150612266
            ],
            [
              116.3492212463,
              40.0151140117
            ],
            [
              116.3492676435,
              40.0151645719
            ],
            [
              116.3493182421,
              40.0152126905
            ],
            [
              116.3493728255,
              40.0152581615
            ],
            [
              116.3494311598,
              40.0153007903
            ],
            [
              116.3494929954,
              40.0153403941
            ],
            [
              116.3495580673,
              40.0153768036
            ],
            [
              116.3496260971,
              40.0154098627
            ],
            [
              116.3496967932,
              40.0154394298
            ],
            [
              116.349769853,
              40.0154653784
            ],
            [
              116.3498449637,
              40.0154875973
            ],
            [
              116.3499218036,
              40.0155059915
            ],
            [
              116.3500000436,
              40.015520482
            ],
            [
              116.3500793486,
              40.0155310069
            ],
            [
              116.3501593792,
              40.0155375211
            ],
            [
              116.3502397925,
              40.0155399967
            ],
            [
              116.3503202442,
              40.015538423
            ],
            [
              116.3504003898,
              40.0155328069
            ],
            [
              116.3504798861,
              40.0155231724
            ],
            [
              116.3505583926,
              40.0155095608
            ],
            [
              116.3506355732,
              40.0154920302
            ],
            [
              116.3507110973,
              40.0154706559
            ],
            [
              116.3507846416,
              40.0154455293
            ],
            [
              116.350855891,
              40.015416758
            ],
            [
              116.3509245405,
              40.0153844653
            ],
            [
              116.3509902961,
              40.0153487894
            ],
            [
              116.3510528763,
              40.0153098831
            ],
            [
              116.351112013,
              40.015267913
            ],
            [
              116.351167453,
              40.0152230588
            ],
            [
              116.3512189589,
              40.0151755127
            ],
            [
              116.3512663101,
              40.0151254782
            ],
            [
              116.351309304,
              40.0150731695
            ],
            [
              116.3513477563,
              40.0150188108
            ],
            [
              116.3513815025,
              40.0149626347
            ],
            [
              116.351410398,
              40.0149048818
            ],
            [
              116.3514343192,
              40.0148457994
            ],
            [
              116.3514531635,
              40.0147856406
            ],
            [
              116.3514668504,
              40.0147246629
            ],
            [
              116.3514753212,
              40.0146631275
            ],
            [
              116.3514785396,
              40.0146012978
            ],
            [
              116.351476492,
              40.0145394387
            ],
            [
              116.351469187,
              40.014477815
            ]
          ]
        ]
      }
    },
    {
      "type": "Feature",
      "id": "OY-ST03",
      "properties": {
        "id": "OY-ST03",
        "layer": "PUBLIC_SPACE",
        "source_type": "agent_generated_design",
        "confidence": "medium",
        "geometry_role": "design_proposal",
        "name_zh": "端侧算力站",
        "public_space_type": "open_yard_station",
        "station_id": "OY-ST03",
        "station_index": 3,
        "field_id": "north_field",
        "field_name_zh": "北场·全栈验证场",
        "key_area_id": "zhongzhiyuan_ai_acceleration_area",
        "scenario_id": "edge_compute_energy_test",
        "scenario_card_id": "SC-03",
        "industry_test_validation": true,
        "persona_ids": [
          "startup_founder",
          "local_resident"
        ],
        "project_id": "OY-03",
        "human_review_required": true,
        "privacy_rule": "data minimization; no personal tracking; human appeal and shutdown path",
        "planning_status": "conceptual public-space suggestion pending site survey and approval",
        "area_sqm_declared": 34611.336
      },
      "geometry": {
        "type": "Polygon",
        "coordinates": [
          [
            [
              116.3489554312,
              40.0187948166
            ],
            [
              116.3489429016,
              40.018733692
            ],
            [
              116.3489251994,
              40.0186733283
            ],
            [
              116.3489024003,
              40.018613984
            ],
            [
              116.348874602,
              40.0185559132
            ],
            [
              116.3488419234,
              40.0184993646
            ],
            [
              116.3488045046,
              40.0184445804
            ],
            [
              116.3487625057,
              40.0183917951
            ],
            [
              116.3487161067,
              40.0183412348
            ],
            [
              116.3486655063,
              40.0182931159
            ],
            [
              116.348610921,
              40.0182476446
            ],
            [
              116.3485525847,
              40.0182050154
            ],
            [
              116.3484907471,
              40.018165411
            ],
            [
              116.3484256731,
              40.018129001
            ],
            [
              116.3483576413,
              40.0180959412
            ],
            [
              116.348286943,
              40.0180663732
            ],
            [
              116.348213881,
              40.0180404237
            ],
            [
              116.3481387681,
              40.0180182037
            ],
            [
              116.3480619259,
              40.0179998084
            ],
            [
              116.3479836835,
              40.0179853165
            ],
            [
              116.347904376,
              40.0179747902
            ],
            [
              116.3478243428,
              40.0179682744
            ],
            [
              116.3477439267,
              40.0179657971
            ],
            [
              116.3476634721,
              40.0179673689
            ],
            [
              116.3475833235,
              40.0179729831
            ],
            [
              116.347503824,
              40.0179826156
            ],
            [
              116.347425314,
              40.0179962252
            ],
            [
              116.3473481298,
              40.0180137535
            ],
            [
              116.3472726019,
              40.0180351256
            ],
            [
              116.3471990536,
              40.01806025
            ],
            [
              116.3471277999,
              40.018089019
            ],
            [
              116.3470591459,
              40.0181213094
            ],
            [
              116.3469933856,
              40.018156983
            ],
            [
              116.3469308005,
              40.0181958871
            ],
            [
              116.3468716587,
              40.018237855
            ],
            [
              116.3468162135,
              40.018282707
            ],
            [
              116.3467647022,
              40.0183302511
            ],
            [
              116.3467173454,
              40.0183802837
            ],
            [
              116.346674346,
              40.0184325906
            ],
            [
              116.346635888,
              40.0184869477
            ],
            [
              116.3466021362,
              40.0185431223
            ],
            [
              116.346573235,
              40.018600874
            ],
            [
              116.3465493083,
              40.0186599552
            ],
            [
              116.3465304586,
              40.0187201132
            ],
            [
              116.3465167665,
              40.0187810902
            ],
            [
              116.3465082907,
              40.0188426252
            ],
            [
              116.3465050675,
              40.0189044546
            ],
            [
              116.3465071107,
              40.0189663138
            ],
            [
              116.3465144117,
              40.0190279377
            ],
            [
              116.3465269391,
              40.0190890626
            ],
            [
              116.3465446393,
              40.0191494266
            ],
            [
              116.3465674365,
              40.0192087714
            ],
            [
              116.3465952332,
              40.0192668427
            ],
            [
              116.3466279102,
              40.0193233918
            ],
            [
              116.3466653277,
              40.0193781768
            ],
            [
              116.3467073256,
              40.0194309628
            ],
            [
              116.3467537238,
              40.0194815239
            ],
            [
              116.3468043238,
              40.0195296436
            ],
            [
              116.3468589089,
              40.0195751158
            ],
            [
              116.3469172453,
              40.0196177458
            ],
            [
              116.3469790832,
              40.019657351
            ],
            [
              116.3470441579,
              40.0196937619
            ],
            [
              116.3471121906,
              40.0197268224
            ],
            [
              116.3471828901,
              40.0197563911
            ],
            [
              116.3472559535,
              40.0197823413
            ],
            [
              116.3473310681,
              40.0198045619
            ],
            [
              116.347407912,
              40.0198229577
            ],
            [
              116.3474861564,
              40.0198374499
            ],
            [
              116.3475654661,
              40.0198479766
            ],
            [
              116.3476455014,
              40.0198544925
            ],
            [
              116.3477259197,
              40.0198569699
            ],
            [
              116.3478063765,
              40.0198553981
            ],
            [
              116.3478865273,
              40.0198497838
            ],
            [
              116.347966029,
              40.019840151
            ],
            [
              116.3480445409,
              40.0198265411
            ],
            [
              116.348121727,
              40.0198090123
            ],
            [
              116.3481972566,
              40.0197876397
            ],
            [
              116.3482708064,
              40.0197625147
            ],
            [
              116.3483420614,
              40.0197337451
            ],
            [
              116.3484107165,
              40.0197014539
            ],
            [
              116.3484764775,
              40.0196657795
            ],
            [
              116.3485390631,
              40.0196268746
            ],
            [
              116.348598205,
              40.0195849059
            ],
            [
              116.3486536502,
              40.019540053
            ],
            [
              116.3487051611,
              40.019492508
            ],
            [
              116.3487525172,
              40.0194424746
            ],
            [
              116.3487955157,
              40.019390167
            ],
            [
              116.3488339725,
              40.0193358091
            ],
            [
              116.348867723,
              40.0192796339
            ],
            [
              116.3488966225,
              40.0192218817
            ],
            [
              116.3489205473,
              40.0191627999
            ],
            [
              116.3489393951,
              40.0191026416
            ],
            [
              116.3489530852,
              40.0190416642
            ],
            [
              116.3489615588,
              40.0189801291
            ],
            [
              116.3489647797,
              40.0189182995
            ],
            [
              116.3489627343,
              40.0188564404
            ],
            [
              116.3489554312,
              40.0187948166
            ]
          ]
        ]
      }
    },
    {
      "type": "Feature",
      "id": "OY-ST04",
      "properties": {
        "id": "OY-ST04",
        "layer": "PUBLIC_SPACE",
        "source_type": "agent_generated_design",
        "confidence": "medium",
        "geometry_role": "design_proposal",
        "name_zh": "清河花园站",
        "public_space_type": "open_yard_station",
        "station_id": "OY-ST04",
        "station_index": 4,
        "field_id": "north_field",
        "field_name_zh": "北场·全栈验证场",
        "key_area_id": "zhongzhiyuan_ai_acceleration_area",
        "scenario_id": "river_garden_robotics",
        "scenario_card_id": "SC-04",
        "industry_test_validation": false,
        "persona_ids": [
          "enterprise_engineer",
          "cultural_creator"
        ],
        "project_id": "OY-04",
        "human_review_required": true,
        "privacy_rule": "data minimization; no personal tracking; human appeal and shutdown path",
        "planning_status": "conceptual public-space suggestion pending site survey and approval",
        "landmark_id": "LM-01",
        "landmark_status": "conceptual honor-display node; not an approved structure",
        "area_sqm_declared": 34611.336
      },
      "geometry": {
        "type": "Polygon",
        "coordinates": [
          [
            [
              116.350485663,
              40.0231344972
            ],
            [
              116.3504731314,
              40.0230733727
            ],
            [
              116.3504554268,
              40.0230130093
            ],
            [
              116.350432625,
              40.0229536653
            ],
            [
              116.3504048236,
              40.0228955949
            ],
            [
              116.3503721417,
              40.0228390468
            ],
            [
              116.3503347194,
              40.0227842631
            ],
            [
              116.3502927167,
              40.0227314784
            ],
            [
              116.3502463137,
              40.0226809186
            ],
            [
              116.350195709,
              40.0226328004
            ],
            [
              116.3501411192,
              40.0225873298
            ],
            [
              116.3500827783,
              40.0225447014
            ],
            [
              116.350020936,
              40.0225050978
            ],
            [
              116.349955857,
              40.0224686887
            ],
            [
              116.3498878202,
              40.0224356298
            ],
            [
              116.3498171168,
              40.0224060627
            ],
            [
              116.3497440496,
              40.0223801141
            ],
            [
              116.3496689314,
              40.0223578951
            ],
            [
              116.349592084,
              40.0223395007
            ],
            [
              116.3495138363,
              40.0223250099
            ],
            [
              116.3494345234,
              40.0223144846
            ],
            [
              116.3493544851,
              40.0223079698
            ],
            [
              116.3492740638,
              40.0223054936
            ],
            [
              116.3491936042,
              40.0223070664
            ],
            [
              116.3491134505,
              40.0223126816
            ],
            [
              116.3490339462,
              40.0223223151
            ],
            [
              116.3489554315,
              40.0223359256
            ],
            [
              116.3488782428,
              40.022353455
            ],
            [
              116.3488027105,
              40.022374828
            ],
            [
              116.3487291581,
              40.0223999533
            ],
            [
              116.3486579005,
              40.0224287231
            ],
            [
              116.3485892428,
              40.0224610144
            ],
            [
              116.3485234791,
              40.0224966888
            ],
            [
              116.3484608909,
              40.0225355937
            ],
            [
              116.3484017463,
              40.0225775623
            ],
            [
              116.3483462985,
              40.022622415
            ],
            [
              116.3482947849,
              40.0226699598
            ],
            [
              116.3482474262,
              40.0227199929
            ],
            [
              116.3482044252,
              40.0227723003
            ],
            [
              116.3481659659,
              40.0228266579
            ],
            [
              116.3481322131,
              40.0228828329
            ],
            [
              116.3481033114,
              40.0229405849
            ],
            [
              116.3480793844,
              40.0229996664
            ],
            [
              116.3480605348,
              40.0230598246
            ],
            [
              116.3480468431,
              40.0231208017
            ],
            [
              116.3480383681,
              40.0231823368
            ],
            [
              116.3480351461,
              40.0232441662
            ],
            [
              116.3480371908,
              40.0233060253
            ],
            [
              116.3480444935,
              40.0233676491
            ],
            [
              116.348057023,
              40.0234287738
            ],
            [
              116.3480747256,
              40.0234891376
            ],
            [
              116.3480975256,
              40.023548482
            ],
            [
              116.3481253252,
              40.0236065529
            ],
            [
              116.3481580056,
              40.0236631017
            ],
            [
              116.3481954267,
              40.0237178861
            ],
            [
              116.3482374283,
              40.0237706715
            ],
            [
              116.3482838305,
              40.0238212321
            ],
            [
              116.3483344348,
              40.0238693511
            ],
            [
              116.3483890243,
              40.0239148226
            ],
            [
              116.3484473653,
              40.0239574518
            ],
            [
              116.348509208,
              40.0239970562
            ],
            [
              116.3485742876,
              40.0240334662
            ],
            [
              116.3486423254,
              40.0240665259
            ],
            [
              116.34871303,
              40.0240960936
            ],
            [
              116.3487860986,
              40.0241220429
            ],
            [
              116.3488612184,
              40.0241442625
            ],
            [
              116.3489380677,
              40.0241626573
            ],
            [
              116.3490163173,
              40.0241771486
            ],
            [
              116.3490956323,
              40.0241876742
            ],
            [
              116.3491756728,
              40.0241941891
            ],
            [
              116.3492560963,
              40.0241966655
            ],
            [
              116.3493365582,
              40.0241950926
            ],
            [
              116.349416714,
              40.0241894773
            ],
            [
              116.3494962204,
              40.0241798436
            ],
            [
              116.3495747371,
              40.0241662327
            ],
            [
              116.3496519277,
              40.0241487029
            ],
            [
              116.3497274617,
              40.0241273293
            ],
            [
              116.3498010156,
              40.0241022034
            ],
            [
              116.3498722745,
              40.0240734329
            ],
            [
              116.3499409332,
              40.0240411409
            ],
            [
              116.3500066977,
              40.0240054656
            ],
            [
              116.3500692864,
              40.02396656
            ],
            [
              116.3501284312,
              40.0239245905
            ],
            [
              116.3501838789,
              40.023879737
            ],
            [
              116.3502353921,
              40.0238321914
            ],
            [
              116.3502827501,
              40.0237821574
            ],
            [
              116.3503257503,
              40.0237298492
            ],
            [
              116.3503642083,
              40.0236754909
            ],
            [
              116.3503979597,
              40.0236193153
            ],
            [
              116.3504268598,
              40.0235615627
            ],
            [
              116.3504507849,
              40.0235024807
            ],
            [
              116.3504696326,
              40.0234423221
            ],
            [
              116.3504833222,
              40.0233813447
            ],
            [
              116.350491795,
              40.0233198094
            ],
            [
              116.3504950149,
              40.0232579799
            ],
            [
              116.350492968,
              40.0231961208
            ],
            [
              116.350485663,
              40.0231344972
            ]
          ]
        ]
      }
    },
    {
      "type": "Feature",
      "id": "PUBLIC-FIELD-04",
      "properties": {
        "id": "PUBLIC-FIELD-04",
        "layer": "PUBLIC_SPACE",
        "source_type": "agent_generated_design",
        "confidence": "medium",
        "geometry_role": "design_proposal",
        "name_zh": "北场·全栈验证场共享中庭",
        "public_space_type": "field_common",
        "field_id": "north_field",
        "key_area_id": "zhongzhiyuan_ai_acceleration_area",
        "station_ids": [
          "OY-ST01",
          "OY-ST02",
          "OY-ST03",
          "OY-ST04"
        ],
        "planning_status": "conceptual common-space envelope pending detailed design",
        "area_sqm_declared": 193742.08
      },
      "geometry": {
        "type": "Polygon",
        "coordinates": [
          [
            [
              116.3470838723,
              40.0186872525
            ],
            [
              116.3470584833,
              40.0187372825
            ],
            [
              116.34703958,
              40.0187889818
            ],
            [
              116.3470273434,
              40.0188418547
            ],
            [
              116.3470218911,
              40.0188953943
            ],
            [
              116.3470232751,
              40.0189490872
            ],
            [
              116.3470314824,
              40.0190024185
            ],
            [
              116.3470464342,
              40.0190548771
            ],
            [
              116.3485765504,
              40.0233945818
            ],
            [
              116.3499536073,
              40.0231075733
            ],
            [
              116.34849003,
              40.0189568348
            ],
            [
              116.3508997832,
              40.0148185224
            ],
            [
              116.3509250557,
              40.0147687489
            ],
            [
              116.3509439092,
              40.0147173207
            ],
            [
              116.3509561649,
              40.0146647259
            ],
            [
              116.3509617063,
              40.0146114638
            ],
            [
              116.3509604809,
              40.0145580397
            ],
            [
              116.3509525004,
              40.0145049609
            ],
            [
              116.3509378405,
              40.0144527311
            ],
            [
              116.3509166404,
              40.0144018461
            ],
            [
              116.3508891013,
              40.0143527887
            ],
            [
              116.3508554846,
              40.0143060246
            ],
            [
              116.3473579439,
              40.0099552804
            ],
            [
              116.3461445385,
              40.0105320105
            ],
            [
              116.3494432773,
              40.0146355646
            ],
            [
              116.3470838723,
              40.0186872525
            ]
          ]
        ]
      }
    },
    {
      "type": "Feature",
      "id": "OY-ST05",
      "properties": {
        "id": "OY-ST05",
        "layer": "PUBLIC_SPACE",
        "source_type": "agent_generated_design",
        "confidence": "medium",
        "geometry_role": "design_proposal",
        "name_zh": "开源原点站",
        "public_space_type": "open_yard_station",
        "station_id": "OY-ST05",
        "station_index": 5,
        "field_id": "origin_field",
        "field_name_zh": "中场·开源原点场",
        "key_area_id": "beijing_ai_origin_community",
        "scenario_id": "open_source_release",
        "scenario_card_id": "SC-05",
        "industry_test_validation": false,
        "persona_ids": [
          "university_student",
          "accessibility_user"
        ],
        "project_id": "OY-05",
        "human_review_required": true,
        "privacy_rule": "data minimization; no personal tracking; human appeal and shutdown path",
        "planning_status": "conceptual public-space suggestion pending site survey and approval",
        "landmark_id": "LM-02",
        "landmark_status": "conceptual honor-display node; not an approved structure",
        "area_sqm_declared": 21108.991
      },
      "geometry": {
        "type": "Polygon",
        "coordinates": [
          [
            [
              116.3467039252,
              39.9848775803
            ],
            [
              116.3466941464,
              39.9848298444
            ],
            [
              116.3466803299,
              39.9847827028
            ],
            [
              116.3466625349,
              39.9847363572
            ],
            [
              116.3466408376,
              39.9846910061
            ],
            [
              116.3466153309,
              39.9846468437
            ],
            [
              116.3465861241,
              39.9846040592
            ],
            [
              116.3465533423,
              39.9845628356
            ],
            [
              116.3465171258,
              39.9845233496
            ],
            [
              116.3464776297,
              39.9844857703
            ],
            [
              116.3464350231,
              39.9844502585
            ],
            [
              116.3463894885,
              39.9844169663
            ],
            [
              116.3463412209,
              39.9843860363
            ],
            [
              116.3462904269,
              39.9843576009
            ],
            [
              116.3462373241,
              39.9843317819
            ],
            [
              116.3461821399,
              39.9843086898
            ],
            [
              116.3461251105,
              39.9842884235
            ],
            [
              116.3460664802,
              39.9842710698
            ],
            [
              116.3460065,
              39.9842567031
            ],
            [
              116.3459454268,
              39.9842453847
            ],
            [
              116.345883522,
              39.9842371632
            ],
            [
              116.3458210508,
              39.9842320739
            ],
            [
              116.3457582807,
              39.9842301384
            ],
            [
              116.3456954804,
              39.9842313651
            ],
            [
              116.3456329188,
              39.9842357487
            ],
            [
              116.3455708639,
              39.9842432705
            ],
            [
              116.3455095813,
              39.9842538982
            ],
            [
              116.3454493335,
              39.9842675863
            ],
            [
              116.3453903785,
              39.9842842763
            ],
            [
              116.3453329687,
              39.9843038966
            ],
            [
              116.3452773499,
              39.9843263632
            ],
            [
              116.3452237603,
              39.98435158
            ],
            [
              116.3451724293,
              39.984379439
            ],
            [
              116.3451235769,
              39.9844098208
            ],
            [
              116.3450774121,
              39.9844425954
            ],
            [
              116.3450341327,
              39.9844776224
            ],
            [
              116.344993924,
              39.9845147518
            ],
            [
              116.3449569581,
              39.9845538247
            ],
            [
              116.3449233934,
              39.9845946737
            ],
            [
              116.3448933736,
              39.984637124
            ],
            [
              116.3448670272,
              39.9846809936
            ],
            [
              116.3448444671,
              39.9847260949
            ],
            [
              116.3448257899,
              39.9847722346
            ],
            [
              116.3448110755,
              39.9848192152
            ],
            [
              116.3448003871,
              39.9848668355
            ],
            [
              116.3447937703,
              39.9849148916
            ],
            [
              116.3447912535,
              39.9849631777
            ],
            [
              116.3447928475,
              39.985011487
            ],
            [
              116.3447985455,
              39.9850596127
            ],
            [
              116.344808323,
              39.9851073487
            ],
            [
              116.3448221383,
              39.9851544906
            ],
            [
              116.3448399322,
              39.9852008365
            ],
            [
              116.3448616284,
              39.9852461879
            ],
            [
              116.3448871342,
              39.9852903506
            ],
            [
              116.3449163402,
              39.9853331356
            ],
            [
              116.3449491214,
              39.9853743596
            ],
            [
              116.3449853374,
              39.985413846
            ],
            [
              116.3450248333,
              39.9854514259
            ],
            [
              116.3450674397,
              39.9854869382
            ],
            [
              116.3451129744,
              39.9855202309
            ],
            [
              116.3451612422,
              39.9855511614
            ],
            [
              116.3452120366,
              39.9855795973
            ],
            [
              116.3452651399,
              39.9856054168
            ],
            [
              116.3453203249,
              39.9856285093
            ],
            [
              116.3453773551,
              39.985648776
            ],
            [
              116.3454359864,
              39.98566613
            ],
            [
              116.3454959677,
              39.9856804971
            ],
            [
              116.3455570421,
              39.9856918157
            ],
            [
              116.3456189482,
              39.9857000373
            ],
            [
              116.3456814207,
              39.9857051268
            ],
            [
              116.3457441922,
              39.9857070624
            ],
            [
              116.3458069939,
              39.9857058357
            ],
            [
              116.3458695567,
              39.985701452
            ],
            [
              116.345931613,
              39.98569393
            ],
            [
              116.3459928968,
              39.9856833021
            ],
            [
              116.3460531457,
              39.9856696137
            ],
            [
              116.3461121018,
              39.9856529234
            ],
            [
              116.3461695125,
              39.9856333027
            ],
            [
              116.3462251321,
              39.9856108357
            ],
            [
              116.3462787223,
              39.9855856184
            ],
            [
              116.3463300537,
              39.985557759
            ],
            [
              116.3463789064,
              39.9855273767
            ],
            [
              116.3464250713,
              39.9854946016
            ],
            [
              116.3464683507,
              39.9854595741
            ],
            [
              116.3465085592,
              39.9854224441
            ],
            [
              116.3465455247,
              39.9853833707
            ],
            [
              116.3465790888,
              39.9853425213
            ],
            [
              116.3466091079,
              39.9853000706
            ],
            [
              116.3466354534,
              39.9852562005
            ],
            [
              116.3466580125,
              39.9852110989
            ],
            [
              116.3466766887,
              39.9851649589
            ],
            [
              116.3466914018,
              39.985117978
            ],
            [
              116.346702089,
              39.9850703576
            ],
            [
              116.3467087045,
              39.9850223013
            ],
            [
              116.3467112199,
              39.9849740152
            ],
            [
              116.3467096246,
              39.9849257059
            ],
            [
              116.3467039252,
              39.9848775803
            ]
          ]
        ]
      }
    },
    {
      "type": "Feature",
      "id": "OY-ST06",
      "properties": {
        "id": "OY-ST06",
        "layer": "PUBLIC_SPACE",
        "source_type": "agent_generated_design",
        "confidence": "medium",
        "geometry_role": "design_proposal",
        "name_zh": "成果转化站",
        "public_space_type": "open_yard_station",
        "station_id": "OY-ST06",
        "station_index": 6,
        "field_id": "origin_field",
        "field_name_zh": "中场·开源原点场",
        "key_area_id": "beijing_ai_origin_community",
        "scenario_id": "research_transfer_validation",
        "scenario_card_id": "SC-06",
        "industry_test_validation": true,
        "persona_ids": [
          "local_resident",
          "international_visitor"
        ],
        "project_id": "OY-06",
        "human_review_required": true,
        "privacy_rule": "data minimization; no personal tracking; human appeal and shutdown path",
        "planning_status": "conceptual public-space suggestion pending site survey and approval",
        "area_sqm_declared": 21108.991
      },
      "geometry": {
        "type": "Polygon",
        "coordinates": [
          [
            [
              116.3502014764,
              39.9872450251
            ],
            [
              116.3501916948,
              39.9871972895
            ],
            [
              116.3501778754,
              39.9871501483
            ],
            [
              116.3501600774,
              39.9871038032
            ],
            [
              116.3501383771,
              39.9870584528
            ],
            [
              116.3501128673,
              39.9870142912
            ],
            [
              116.3500836573,
              39.9869715075
            ],
            [
              116.3500508722,
              39.986930285
            ],
            [
              116.3500146525,
              39.9868908001
            ],
            [
              116.3499751531,
              39.9868532219
            ],
            [
              116.3499325432,
              39.9868177114
            ],
            [
              116.3498870054,
              39.9867844206
            ],
            [
              116.3498387345,
              39.986753492
            ],
            [
              116.3497879373,
              39.9867250581
            ],
            [
              116.3497348314,
              39.9866992407
            ],
            [
              116.3496796441,
              39.9866761502
            ],
            [
              116.3496226117,
              39.9866558857
            ],
            [
              116.3495639784,
              39.9866385337
            ],
            [
              116.3495039954,
              39.9866241687
            ],
            [
              116.3494429195,
              39.9866128522
            ],
            [
              116.3493810121,
              39.9866046326
            ],
            [
              116.3493185385,
              39.9865995451
            ],
            [
              116.3492557661,
              39.9865976115
            ],
            [
              116.3491929636,
              39.9865988401
            ],
            [
              116.3491304001,
              39.9866032256
            ],
            [
              116.3490683434,
              39.9866107492
            ],
            [
              116.3490070592,
              39.9866213787
            ],
            [
              116.34894681,
              39.9866350687
            ],
            [
              116.3488878538,
              39.9866517604
            ],
            [
              116.3488304429,
              39.9866713824
            ],
            [
              116.3487748233,
              39.9866938507
            ],
            [
              116.3487212331,
              39.9867190691
            ],
            [
              116.3486699018,
              39.9867469296
            ],
            [
              116.3486210492,
              39.9867773129
            ],
            [
              116.3485748845,
              39.9868100888
            ],
            [
              116.3485316053,
              39.9868451171
            ],
            [
              116.348491397,
              39.9868822478
            ],
            [
              116.3484544318,
              39.9869213218
            ],
            [
              116.348420868,
              39.9869621718
            ],
            [
              116.3483908493,
              39.9870046229
            ],
            [
              116.3483645042,
              39.9870484934
            ],
            [
              116.3483419456,
              39.9870935953
            ],
            [
              116.3483232701,
              39.9871397356
            ],
            [
              116.3483085576,
              39.9871867166
            ],
            [
              116.3482978711,
              39.9872343373
            ],
            [
              116.3482912565,
              39.9872823936
            ],
            [
              116.3482887421,
              39.9873306797
            ],
            [
              116.3482903386,
              39.987378989
            ],
            [
              116.3482960392,
              39.9874271145
            ],
            [
              116.3483058196,
              39.9874748502
            ],
            [
              116.3483196377,
              39.9875219917
            ],
            [
              116.3483374345,
              39.987568337
            ],
            [
              116.3483591338,
              39.9876136878
            ],
            [
              116.3483846427,
              39.9876578498
            ],
            [
              116.3484138519,
              39.9877006339
            ],
            [
              116.3484466363,
              39.9877418569
            ],
            [
              116.3484828556,
              39.9877813423
            ],
            [
              116.3485223547,
              39.9878189209
            ],
            [
              116.3485649645,
              39.987854432
            ],
            [
              116.3486105024,
              39.9878877233
            ],
            [
              116.3486587735,
              39.9879186524
            ],
            [
              116.348709571,
              39.9879470868
            ],
            [
              116.3487626776,
              39.9879729047
            ],
            [
              116.3488178656,
              39.9879959955
            ],
            [
              116.3488748989,
              39.9880162605
            ],
            [
              116.3489335331,
              39.9880336128
            ],
            [
              116.3489935172,
              39.9880479781
            ],
            [
              116.3490545943,
              39.9880592948
            ],
            [
              116.3491165029,
              39.9880675146
            ],
            [
              116.3491789779,
              39.9880726022
            ],
            [
              116.3492417517,
              39.9880745359
            ],
            [
              116.3493045555,
              39.9880733073
            ],
            [
              116.3493671204,
              39.9880689217
            ],
            [
              116.3494291784,
              39.988061398
            ],
            [
              116.3494904638,
              39.9880507682
            ],
            [
              116.3495507141,
              39.988037078
            ],
            [
              116.3496096714,
              39.988020386
            ],
            [
              116.3496670832,
              39.9880007636
            ],
            [
              116.3497227035,
              39.9879782948
            ],
            [
              116.3497762944,
              39.987953076
            ],
            [
              116.3498276261,
              39.987925215
            ],
            [
              116.349876479,
              39.9878948312
            ],
            [
              116.3499226439,
              39.9878620548
            ],
            [
              116.349965923,
              39.987827026
            ],
            [
              116.350006131,
              39.9877898948
            ],
            [
              116.3500430958,
              39.9877508203
            ],
            [
              116.3500766591,
              39.9877099698
            ],
            [
              116.3501066771,
              39.9876675183
            ],
            [
              116.3501330213,
              39.9876236474
            ],
            [
              116.3501555789,
              39.9875785451
            ],
            [
              116.3501742534,
              39.9875324045
            ],
            [
              116.3501889646,
              39.9874854233
            ],
            [
              116.3501996498,
              39.9874378025
            ],
            [
              116.3502062631,
              39.987389746
            ],
            [
              116.3502087762,
              39.9873414598
            ],
            [
              116.3502071783,
              39.9872931505
            ],
            [
              116.3502014764,
              39.9872450251
            ]
          ]
        ]
      }
    },
    {
      "type": "Feature",
      "id": "OY-ST07",
      "properties": {
        "id": "OY-ST07",
        "layer": "PUBLIC_SPACE",
        "source_type": "agent_generated_design",
        "confidence": "medium",
        "geometry_role": "design_proposal",
        "name_zh": "人才会客站",
        "public_space_type": "open_yard_station",
        "station_id": "OY-ST07",
        "station_index": 7,
        "field_id": "origin_field",
        "field_name_zh": "中场·开源原点场",
        "key_area_id": "beijing_ai_origin_community",
        "scenario_id": "talent_life_copilot",
        "scenario_card_id": "SC-07",
        "industry_test_validation": false,
        "persona_ids": [
          "cultural_creator",
          "open_source_developer"
        ],
        "project_id": "OY-07",
        "human_review_required": true,
        "privacy_rule": "data minimization; no personal tracking; human appeal and shutdown path",
        "planning_status": "conceptual public-space suggestion pending site survey and approval",
        "area_sqm_declared": 21108.991
      },
      "geometry": {
        "type": "Polygon",
        "coordinates": [
          [
            [
              116.3476876685,
              39.9895786875
            ],
            [
              116.3476778883,
              39.9895309518
            ],
            [
              116.3476640702,
              39.9894838103
            ],
            [
              116.3476462734,
              39.9894374648
            ],
            [
              116.347624574,
              39.989392114
            ],
            [
              116.347599065,
              39.9893479518
            ],
            [
              116.3475698557,
              39.9893051675
            ],
            [
              116.347537071,
              39.9892639443
            ],
            [
              116.3475008515,
              39.9892244586
            ],
            [
              116.3474613521,
              39.9891868796
            ],
            [
              116.3474187422,
              39.9891513682
            ],
            [
              116.347373204,
              39.9891180764
            ],
            [
              116.3473249326,
              39.9890871468
            ],
            [
              116.3472741348,
              39.9890587118
            ],
            [
              116.347221028,
              39.9890328932
            ],
            [
              116.3471658397,
              39.9890098016
            ],
            [
              116.3471088062,
              39.9889895358
            ],
            [
              116.3470501716,
              39.9889721826
            ],
            [
              116.3469901871,
              39.9889578163
            ],
            [
              116.3469291095,
              39.9889464984
            ],
            [
              116.3468672004,
              39.9889382774
            ],
            [
              116.3468047248,
              39.9889331886
            ],
            [
              116.3467419503,
              39.9889312536
            ],
            [
              116.3466791457,
              39.9889324808
            ],
            [
              116.3466165799,
              39.9889368649
            ],
            [
              116.3465545208,
              39.9889443871
            ],
            [
              116.3464932342,
              39.9889550153
            ],
            [
              116.3464329825,
              39.9889687039
            ],
            [
              116.3463740236,
              39.9889853944
            ],
            [
              116.3463166101,
              39.9890050151
            ],
            [
              116.3462609878,
              39.9890274822
            ],
            [
              116.3462073948,
              39.9890526994
            ],
            [
              116.3461560608,
              39.9890805587
            ],
            [
              116.3461072054,
              39.9891109409
            ],
            [
              116.3460610379,
              39.9891437158
            ],
            [
              116.346017756,
              39.9891787432
            ],
            [
              116.3459775449,
              39.9892158729
            ],
            [
              116.3459405771,
              39.989254946
            ],
            [
              116.3459070106,
              39.9892957953
            ],
            [
              116.3458769893,
              39.9893382457
            ],
            [
              116.3458506417,
              39.9893821156
            ],
            [
              116.3458280806,
              39.989427217
            ],
            [
              116.3458094028,
              39.9894733568
            ],
            [
              116.345794688,
              39.9895203375
            ],
            [
              116.3457839995,
              39.9895679579
            ],
            [
              116.3457773829,
              39.989616014
            ],
            [
              116.3457748666,
              39.9896643001
            ],
            [
              116.3457764613,
              39.9897126094
            ],
            [
              116.3457821603,
              39.989760735
            ],
            [
              116.3457919392,
              39.9898084709
            ],
            [
              116.3458057561,
              39.9898556126
            ],
            [
              116.3458235518,
              39.9899019583
            ],
            [
              116.3458452501,
              39.9899473095
            ],
            [
              116.3458707582,
              39.989991472
            ],
            [
              116.3458999668,
              39.9900342567
            ],
            [
              116.3459327508,
              39.9900754804
            ],
            [
              116.3459689699,
              39.9901149665
            ],
            [
              116.3460084689,
              39.990152546
            ],
            [
              116.3460510788,
              39.990188058
            ],
            [
              116.346096617,
              39.9902213503
            ],
            [
              116.3461448886,
              39.9902522804
            ],
            [
              116.3461956868,
              39.9902807159
            ],
            [
              116.3462487942,
              39.990306535
            ],
            [
              116.3463039832,
              39.990329627
            ],
            [
              116.3463610176,
              39.9903498932
            ],
            [
              116.3464196532,
              39.9903672468
            ],
            [
              116.3464796388,
              39.9903816134
            ],
            [
              116.3465407176,
              39.9903929315
            ],
            [
              116.346602628,
              39.9904011526
            ],
            [
              116.3466651049,
              39.9904062416
            ],
            [
              116.3467278807,
              39.9904081766
            ],
            [
              116.3467906866,
              39.9904069494
            ],
            [
              116.3468532538,
              39.9904025653
            ],
            [
              116.3469153142,
              39.9903950429
            ],
            [
              116.346976602,
              39.9903844145
            ],
            [
              116.3470368549,
              39.9903707256
            ],
            [
              116.3470958148,
              39.9903540348
            ],
            [
              116.3471532292,
              39.9903344137
            ],
            [
              116.3472088523,
              39.9903119462
            ],
            [
              116.3472624459,
              39.9902867286
            ],
            [
              116.3473137804,
              39.9902588687
            ],
            [
              116.3473626361,
              39.9902284861
            ],
            [
              116.3474088037,
              39.9901957106
            ],
            [
              116.3474520856,
              39.9901606828
            ],
            [
              116.3474922964,
              39.9901235525
            ],
            [
              116.3475292639,
              39.9900844789
            ],
            [
              116.3475628298,
              39.9900436292
            ],
            [
              116.3475928504,
              39.9900011783
            ],
            [
              116.3476191971,
              39.989957308
            ],
            [
              116.3476417571,
              39.9899122063
            ],
            [
              116.3476604339,
              39.9898660661
            ],
            [
              116.3476751474,
              39.9898190852
            ],
            [
              116.3476858347,
              39.9897714647
            ],
            [
              116.34769245,
              39.9897234085
            ],
            [
              116.347694965,
              39.9896751223
            ],
            [
              116.3476933689,
              39.989626813
            ],
            [
              116.3476876685,
              39.9895786875
            ]
          ]
        ]
      }
    },
    {
      "type": "Feature",
      "id": "OY-ST08",
      "properties": {
        "id": "OY-ST08",
        "layer": "PUBLIC_SPACE",
        "source_type": "agent_generated_design",
        "confidence": "medium",
        "geometry_role": "design_proposal",
        "name_zh": "校园缝合站",
        "public_space_type": "open_yard_station",
        "station_id": "OY-ST08",
        "station_index": 8,
        "field_id": "origin_field",
        "field_name_zh": "中场·开源原点场",
        "key_area_id": "beijing_ai_origin_community",
        "scenario_id": "campus_city_learning",
        "scenario_card_id": "SC-08",
        "industry_test_validation": false,
        "persona_ids": [
          "accessibility_user",
          "ai_scientist"
        ],
        "project_id": "OY-08",
        "human_review_required": true,
        "privacy_rule": "data minimization; no personal tracking; human appeal and shutdown path",
        "planning_status": "conceptual public-space suggestion pending site survey and approval",
        "area_sqm_declared": 21108.991
      },
      "geometry": {
        "type": "Polygon",
        "coordinates": [
          [
            [
              116.3492178633,
              39.9919350715
            ],
            [
              116.3492080817,
              39.9918873359
            ],
            [
              116.3491942621,
              39.9918401946
            ],
            [
              116.3491764636,
              39.9917938494
            ],
            [
              116.3491547625,
              39.9917484988
            ],
            [
              116.3491292517,
              39.991704337
            ],
            [
              116.3491000403,
              39.9916615531
            ],
            [
              116.3490672537,
              39.9916203303
            ],
            [
              116.349031032,
              39.9915808451
            ],
            [
              116.3489915305,
              39.9915432666
            ],
            [
              116.3489489183,
              39.9915077557
            ],
            [
              116.3489033778,
              39.9914744645
            ],
            [
              116.3488551041,
              39.9914435356
            ],
            [
              116.3488043039,
              39.9914151012
            ],
            [
              116.3487511947,
              39.9913892833
            ],
            [
              116.348696004,
              39.9913661924
            ],
            [
              116.348638968,
              39.9913459274
            ],
            [
              116.3485803311,
              39.9913285749
            ],
            [
              116.3485203442,
              39.9913142094
            ],
            [
              116.3484592642,
              39.9913028923
            ],
            [
              116.3483973528,
              39.9912946722
            ],
            [
              116.348334875,
              39.9912895841
            ],
            [
              116.3482720983,
              39.99128765
            ],
            [
              116.3482092915,
              39.991288878
            ],
            [
              116.3481467236,
              39.9912932629
            ],
            [
              116.3480846626,
              39.9913007859
            ],
            [
              116.3480233741,
              39.9913114149
            ],
            [
              116.3479631205,
              39.9913251043
            ],
            [
              116.34790416,
              39.9913417955
            ],
            [
              116.3478467449,
              39.991361417
            ],
            [
              116.3477911212,
              39.9913838847
            ],
            [
              116.347737527,
              39.9914091026
            ],
            [
              116.3476861917,
              39.9914369626
            ],
            [
              116.3476373353,
              39.9914673454
            ],
            [
              116.3475911669,
              39.9915001209
            ],
            [
              116.3475478843,
              39.9915351488
            ],
            [
              116.3475076727,
              39.9915722791
            ],
            [
              116.3474707044,
              39.9916113527
            ],
            [
              116.3474371376,
              39.9916522024
            ],
            [
              116.3474071162,
              39.9916946532
            ],
            [
              116.3473807687,
              39.9917385234
            ],
            [
              116.3473582078,
              39.9917836251
            ],
            [
              116.3473395303,
              39.9918297651
            ],
            [
              116.3473248161,
              39.991876746
            ],
            [
              116.3473141282,
              39.9919243665
            ],
            [
              116.3473075124,
              39.9919724227
            ],
            [
              116.3473049971,
              39.9920207088
            ],
            [
              116.347306593,
              39.992069018
            ],
            [
              116.3473122932,
              39.9921171436
            ],
            [
              116.3473220735,
              39.9921648793
            ],
            [
              116.3473358919,
              39.9922120208
            ],
            [
              116.3473536892,
              39.9922583663
            ],
            [
              116.3473753893,
              39.9923037172
            ],
            [
              116.3474008992,
              39.9923478794
            ],
            [
              116.3474301098,
              39.9923906637
            ],
            [
              116.3474628958,
              39.992431887
            ],
            [
              116.347499117,
              39.9924713726
            ],
            [
              116.3475386182,
              39.9925089516
            ],
            [
              116.3475812303,
              39.992544463
            ],
            [
              116.3476267708,
              39.9925777547
            ],
            [
              116.3476750447,
              39.9926086842
            ],
            [
              116.3477258453,
              39.992637119
            ],
            [
              116.3477789551,
              39.9926629374
            ],
            [
              116.3478341466,
              39.9926860287
            ],
            [
              116.3478911834,
              39.9927062942
            ],
            [
              116.3479498214,
              39.992723647
            ],
            [
              116.3480098094,
              39.9927380128
            ],
            [
              116.3480708905,
              39.9927493301
            ],
            [
              116.3481328032,
              39.9927575505
            ],
            [
              116.3481952824,
              39.9927626386
            ],
            [
              116.3482580604,
              39.9927645729
            ],
            [
              116.3483208685,
              39.9927633448
            ],
            [
              116.3483834377,
              39.9927589598
            ],
            [
              116.3484455001,
              39.9927514366
            ],
            [
              116.3485067898,
              39.9927408075
            ],
            [
              116.3485670445,
              39.9927271178
            ],
            [
              116.348626006,
              39.9927104263
            ],
            [
              116.348683422,
              39.9926908044
            ],
            [
              116.3487390465,
              39.9926683362
            ],
            [
              116.3487926414,
              39.9926431179
            ],
            [
              116.3488439771,
              39.9926152574
            ],
            [
              116.3488928338,
              39.9925848741
            ],
            [
              116.3489390023,
              39.9925520981
            ],
            [
              116.3489822849,
              39.9925170697
            ],
            [
              116.3490224963,
              39.9924799389
            ],
            [
              116.3490594642,
              39.9924408648
            ],
            [
              116.3490930304,
              39.9924000147
            ],
            [
              116.3491230511,
              39.9923575634
            ],
            [
              116.3491493977,
              39.9923136928
            ],
            [
              116.3491719576,
              39.9922685908
            ],
            [
              116.349190634,
              39.9922224504
            ],
            [
              116.349205347,
              39.9921754693
            ],
            [
              116.3492160336,
              39.9921278487
            ],
            [
              116.3492226481,
              39.9920797923
            ],
            [
              116.3492251621,
              39.9920315062
            ],
            [
              116.3492235649,
              39.991983197
            ],
            [
              116.3492178633,
              39.9919350715
            ]
          ]
        ]
      }
    },
    {
      "type": "Feature",
      "id": "PUBLIC-FIELD-09",
      "properties": {
        "id": "PUBLIC-FIELD-09",
        "layer": "PUBLIC_SPACE",
        "source_type": "agent_generated_design",
        "confidence": "medium",
        "geometry_role": "design_proposal",
        "name_zh": "中场·开源原点场共享中庭",
        "public_space_type": "field_common",
        "field_id": "origin_field",
        "key_area_id": "beijing_ai_origin_community",
        "station_ids": [
          "OY-ST05",
          "OY-ST06",
          "OY-ST07",
          "OY-ST08"
        ],
        "planning_status": "conceptual common-space envelope pending detailed design",
        "area_sqm_declared": 97056.198
      },
      "geometry": {
        "type": "Polygon",
        "coordinates": [
          [
            [
              116.3463061474,
              39.9893964284
            ],
            [
              116.3462739834,
              39.9894293932
            ],
            [
              116.3462460874,
              39.9894645833
            ],
            [
              116.3462227179,
              39.9895016729
            ],
            [
              116.3462040911,
              39.9895403185
            ],
            [
              116.3461903795,
              39.9895801623
            ],
            [
              116.3461817102,
              39.9896208354
            ],
            [
              116.3461781635,
              39.989661961
            ],
            [
              116.346179772,
              39.9897031585
            ],
            [
              116.3461865211,
              39.9897440463
            ],
            [
              116.3461983482,
              39.9897842459
            ],
            [
              116.3462151437,
              39.9898233849
            ],
            [
              116.3462367523,
              39.989861101
            ],
            [
              116.347766903,
              39.9922175037
            ],
            [
              116.3487632531,
              39.991834717
            ],
            [
              116.347395238,
              39.989728056
            ],
            [
              116.3496775264,
              39.9876093497
            ],
            [
              116.3497097049,
              39.9875763647
            ],
            [
              116.3497376103,
              39.9875411521
            ],
            [
              116.3497609839,
              39.9875040384
            ],
            [
              116.3497796091,
              39.9874653676
            ],
            [
              116.3497933131,
              39.9874254983
            ],
            [
              116.3498019691,
              39.9873848
            ],
            [
              116.3498054966,
              39.9873436501
            ],
            [
              116.3498038632,
              39.9873024299
            ],
            [
              116.3497970838,
              39.9872615216
            ],
            [
              116.3497852214,
              39.9872213044
            ],
            [
              116.3497683859,
              39.9871821512
            ],
            [
              116.3497467334,
              39.9871444248
            ],
            [
              116.3497204646,
              39.9871084751
            ],
            [
              116.3496898231,
              39.9870746353
            ],
            [
              116.3496550929,
              39.987043219
            ],
            [
              116.3496165959,
              39.9870145176
            ],
            [
              116.3461190769,
              39.9846470552
            ],
            [
              116.3453833928,
              39.9852901444
            ],
            [
              116.3484751225,
              39.987382958
            ],
            [
              116.3463061474,
              39.9893964284
            ]
          ]
        ]
      }
    },
    {
      "type": "Feature",
      "id": "OY-ST09",
      "properties": {
        "id": "OY-ST09",
        "layer": "PUBLIC_SPACE",
        "source_type": "agent_generated_design",
        "confidence": "medium",
        "geometry_role": "design_proposal",
        "name_zh": "智能体市集站",
        "public_space_type": "open_yard_station",
        "station_id": "OY-ST09",
        "station_index": 9,
        "field_id": "south_field",
        "field_name_zh": "南场·智能生活场",
        "key_area_id": "dazhongsi_ai_industry_cluster",
        "scenario_id": "embodied_ai_market",
        "scenario_card_id": "SC-09",
        "industry_test_validation": false,
        "persona_ids": [
          "international_visitor",
          "startup_founder"
        ],
        "project_id": "OY-09",
        "human_review_required": true,
        "privacy_rule": "data minimization; no personal tracking; human appeal and shutdown path",
        "planning_status": "conceptual public-space suggestion pending site survey and approval",
        "landmark_id": "LM-03",
        "landmark_status": "conceptual honor-display node; not an approved structure",
        "area_sqm_declared": 10560.774
      },
      "geometry": {
        "type": "Polygon",
        "coordinates": [
          [
            [
              116.3471046859,
              39.9447745831
            ],
            [
              116.3470977727,
              39.9447408186
            ],
            [
              116.3470880053,
              39.9447074743
            ],
            [
              116.3470754255,
              39.9446746932
            ],
            [
              116.3470600871,
              39.9446426155
            ],
            [
              116.3470420559,
              39.9446113786
            ],
            [
              116.3470214091,
              39.9445811163
            ],
            [
              116.346998235,
              39.9445519582
            ],
            [
              116.346972633,
              39.9445240292
            ],
            [
              116.3469447126,
              39.9444974487
            ],
            [
              116.3469145934,
              39.9444723307
            ],
            [
              116.3468824044,
              39.9444487827
            ],
            [
              116.3468482834,
              39.9444269055
            ],
            [
              116.3468123766,
              39.9444067929
            ],
            [
              116.3467748377,
              39.9443885308
            ],
            [
              116.3467358273,
              39.9443721977
            ],
            [
              116.3466955127,
              39.9443578633
            ],
            [
              116.3466540664,
              39.944345589
            ],
            [
              116.3466116659,
              39.9443354275
            ],
            [
              116.3465684928,
              39.9443274222
            ],
            [
              116.3465247318,
              39.9443216074
            ],
            [
              116.3464805705,
              39.9443180081
            ],
            [
              116.3464361979,
              39.9443166395
            ],
            [
              116.346391804,
              39.9443175077
            ],
            [
              116.3463475789,
              39.9443206088
            ],
            [
              116.346303712,
              39.9443259296
            ],
            [
              116.3462603911,
              39.9443334473
            ],
            [
              116.3462178018,
              39.9443431297
            ],
            [
              116.3461761264,
              39.9443549353
            ],
            [
              116.3461355433,
              39.9443688137
            ],
            [
              116.3460962264,
              39.9443847053
            ],
            [
              116.346058344,
              39.9444025421
            ],
            [
              116.3460220582,
              39.9444222478
            ],
            [
              116.3459875246,
              39.9444437379
            ],
            [
              116.345954891,
              39.9444669205
            ],
            [
              116.345924297,
              39.9444916963
            ],
            [
              116.3458958738,
              39.9445179591
            ],
            [
              116.345869743,
              39.9445455965
            ],
            [
              116.3458460166,
              39.9445744902
            ],
            [
              116.3458247961,
              39.9446045165
            ],
            [
              116.3458061724,
              39.9446355467
            ],
            [
              116.3457902252,
              39.944667448
            ],
            [
              116.3457770229,
              39.9447000839
            ],
            [
              116.345766622,
              39.9447333144
            ],
            [
              116.3457590671,
              39.9447669974
            ],
            [
              116.3457543904,
              39.9448009886
            ],
            [
              116.345752612,
              39.9448351424
            ],
            [
              116.3457537395,
              39.9448693127
            ],
            [
              116.3457577682,
              39.944903353
            ],
            [
              116.3457646808,
              39.9449371176
            ],
            [
              116.3457744476,
              39.944970462
            ],
            [
              116.3457870268,
              39.9450032433
            ],
            [
              116.3458023647,
              39.9450353211
            ],
            [
              116.3458203954,
              39.9450665582
            ],
            [
              116.3458410419,
              39.9450968206
            ],
            [
              116.3458642156,
              39.945125979
            ],
            [
              116.3458898174,
              39.9451539083
            ],
            [
              116.3459177377,
              39.945180489
            ],
            [
              116.3459478568,
              39.9452056073
            ],
            [
              116.3459800458,
              39.9452291555
            ],
            [
              116.3460141669,
              39.945251033
            ],
            [
              116.3460500739,
              39.9452711459
            ],
            [
              116.3460876131,
              39.9452894081
            ],
            [
              116.3461266238,
              39.9453057415
            ],
            [
              116.3461669389,
              39.9453200761
            ],
            [
              116.3462083857,
              39.9453323505
            ],
            [
              116.3462507867,
              39.9453425122
            ],
            [
              116.3462939605,
              39.9453505176
            ],
            [
              116.3463377221,
              39.9453563325
            ],
            [
              116.346381884,
              39.9453599319
            ],
            [
              116.3464262573,
              39.9453613005
            ],
            [
              116.3464706519,
              39.9453604323
            ],
            [
              116.3465148776,
              39.9453573312
            ],
            [
              116.3465587452,
              39.9453520103
            ],
            [
              116.3466020667,
              39.9453444925
            ],
            [
              116.3466446566,
              39.94533481
            ],
            [
              116.3466863325,
              39.9453230042
            ],
            [
              116.346726916,
              39.9453091256
            ],
            [
              116.3467662334,
              39.9452932338
            ],
            [
              116.3468041161,
              39.9452753967
            ],
            [
              116.346840402,
              39.9452556908
            ],
            [
              116.3468749358,
              39.9452342004
            ],
            [
              116.3469075695,
              39.9452110176
            ],
            [
              116.3469381634,
              39.9451862416
            ],
            [
              116.3469665865,
              39.9451599785
            ],
            [
              116.3469927171,
              39.9451323408
            ],
            [
              116.3470164433,
              39.9451034469
            ],
            [
              116.3470376634,
              39.9450734204
            ],
            [
              116.3470562867,
              39.94504239
            ],
            [
              116.3470722333,
              39.9450104885
            ],
            [
              116.3470854351,
              39.9449778525
            ],
            [
              116.3470958354,
              39.9449446219
            ],
            [
              116.3471033897,
              39.9449109388
            ],
            [
              116.3471080658,
              39.9448769475
            ],
            [
              116.3471098435,
              39.9448427937
            ],
            [
              116.3471087152,
              39.9448086234
            ],
            [
              116.3471046859,
              39.9447745831
            ]
          ]
        ]
      }
    },
    {
      "type": "Feature",
      "id": "OY-ST10",
      "properties": {
        "id": "OY-ST10",
        "layer": "PUBLIC_SPACE",
        "source_type": "agent_generated_design",
        "confidence": "medium",
        "geometry_role": "design_proposal",
        "name_zh": "内容沙盒站",
        "public_space_type": "open_yard_station",
        "station_id": "OY-ST10",
        "station_index": 10,
        "field_id": "south_field",
        "field_name_zh": "南场·智能生活场",
        "key_area_id": "dazhongsi_ai_industry_cluster",
        "scenario_id": "generative_media_validation",
        "scenario_card_id": "SC-10",
        "industry_test_validation": true,
        "persona_ids": [
          "open_source_developer",
          "enterprise_engineer"
        ],
        "project_id": "OY-10",
        "human_review_required": true,
        "privacy_rule": "data minimization; no personal tracking; human appeal and shutdown path",
        "planning_status": "conceptual public-space suggestion pending site survey and approval",
        "area_sqm_declared": 10560.774
      },
      "geometry": {
        "type": "Polygon",
        "coordinates": [
          [
            [
              116.3512422312,
              39.9461775235
            ],
            [
              116.3512353158,
              39.9461437592
            ],
            [
              116.3512255462,
              39.9461104153
            ],
            [
              116.3512129641,
              39.9460776346
            ],
            [
              116.3511976235,
              39.9460455574
            ],
            [
              116.3511795901,
              39.9460143212
            ],
            [
              116.351158941,
              39.9459840596
            ],
            [
              116.3511357647,
              39.9459549023
            ],
            [
              116.3511101604,
              39.9459269741
            ],
            [
              116.3510822379,
              39.9459003947
            ],
            [
              116.3510521165,
              39.9458752777
            ],
            [
              116.3510199255,
              39.9458517309
            ],
            [
              116.3509858025,
              39.9458298549
            ],
            [
              116.3509498937,
              39.9458097435
            ],
            [
              116.3509123529,
              39.9457914828
            ],
            [
              116.3508733408,
              39.945775151
            ],
            [
              116.3508330244,
              39.945760818
            ],
            [
              116.3507915765,
              39.9457485453
            ],
            [
              116.3507491745,
              39.9457383853
            ],
            [
              116.350706,
              39.9457303815
            ],
            [
              116.3506622378,
              39.9457245683
            ],
            [
              116.3506180753,
              39.9457209705
            ],
            [
              116.3505737017,
              39.9457196035
            ],
            [
              116.3505293069,
              39.9457204732
            ],
            [
              116.3504850811,
              39.9457235759
            ],
            [
              116.3504412136,
              39.9457288983
            ],
            [
              116.3503978923,
              39.9457364175
            ],
            [
              116.3503553026,
              39.9457461014
            ],
            [
              116.350313627,
              39.9457579085
            ],
            [
              116.350273044,
              39.9457717883
            ],
            [
              116.3502337272,
              39.9457876814
            ],
            [
              116.350195845,
              39.9458055196
            ],
            [
              116.3501595597,
              39.9458252265
            ],
            [
              116.3501250267,
              39.9458467179
            ],
            [
              116.3500923937,
              39.9458699016
            ],
            [
              116.3500618006,
              39.9458946785
            ],
            [
              116.3500333784,
              39.9459209423
            ],
            [
              116.3500072487,
              39.9459485807
            ],
            [
              116.3499835235,
              39.9459774753
            ],
            [
              116.3499623044,
              39.9460075023
            ],
            [
              116.3499436821,
              39.9460385332
            ],
            [
              116.3499277366,
              39.9460704351
            ],
            [
              116.349914536,
              39.9461030714
            ],
            [
              116.3499041368,
              39.9461363023
            ],
            [
              116.3498965837,
              39.9461699855
            ],
            [
              116.349891909,
              39.9462039769
            ],
            [
              116.3498901326,
              39.9462381308
            ],
            [
              116.3498912622,
              39.946272301
            ],
            [
              116.349895293,
              39.9463063412
            ],
            [
              116.3499022077,
              39.9463401056
            ],
            [
              116.3499119767,
              39.9463734496
            ],
            [
              116.3499245582,
              39.9464062305
            ],
            [
              116.3499398983,
              39.9464383078
            ],
            [
              116.3499579313,
              39.9464695442
            ],
            [
              116.34997858,
              39.946499806
            ],
            [
              116.350001756,
              39.9465289635
            ],
            [
              116.35002736,
              39.9465568919
            ],
            [
              116.3500552824,
              39.9465834716
            ],
            [
              116.3500854037,
              39.9466085888
            ],
            [
              116.3501175948,
              39.946632136
            ],
            [
              116.3501517179,
              39.9466540122
            ],
            [
              116.3501876269,
              39.9466741238
            ],
            [
              116.350225168,
              39.9466923847
            ],
            [
              116.3502641805,
              39.9467087167
            ],
            [
              116.3503044972,
              39.9467230499
            ],
            [
              116.3503459456,
              39.9467353229
            ],
            [
              116.3503883482,
              39.946745483
            ],
            [
              116.3504315233,
              39.9467534869
            ],
            [
              116.3504752862,
              39.9467593002
            ],
            [
              116.3505194493,
              39.9467628981
            ],
            [
              116.3505638236,
              39.9467642651
            ],
            [
              116.350608219,
              39.9467633953
            ],
            [
              116.3506524455,
              39.9467602926
            ],
            [
              116.3506963136,
              39.9467549702
            ],
            [
              116.3507396356,
              39.9467474509
            ],
            [
              116.3507822258,
              39.9467377668
            ],
            [
              116.3508239019,
              39.9467259595
            ],
            [
              116.3508644854,
              39.9467120795
            ],
            [
              116.3509038026,
              39.9466961863
            ],
            [
              116.3509416851,
              39.9466783479
            ],
            [
              116.3509779706,
              39.9466586407
            ],
            [
              116.3510125038,
              39.9466371491
            ],
            [
              116.3510451368,
              39.9466139651
            ],
            [
              116.3510757299,
              39.946589188
            ],
            [
              116.351104152,
              39.9465629239
            ],
            [
              116.3511302815,
              39.9465352852
            ],
            [
              116.3511540064,
              39.9465063904
            ],
            [
              116.3511752252,
              39.9464763632
            ],
            [
              116.351193847,
              39.9464453321
            ],
            [
              116.3512097921,
              39.94641343
            ],
            [
              116.3512229921,
              39.9463807936
            ],
            [
              116.3512333907,
              39.9463475626
            ],
            [
              116.3512409431,
              39.9463138792
            ],
            [
              116.3512456172,
              39.9462798878
            ],
            [
              116.3512473929,
              39.9462457338
            ],
            [
              116.3512462626,
              39.9462115636
            ],
            [
              116.3512422312,
              39.9461775235
            ]
          ]
        ]
      }
    },
    {
      "type": "Feature",
      "id": "OY-ST11",
      "properties": {
        "id": "OY-ST11",
        "layer": "PUBLIC_SPACE",
        "source_type": "agent_generated_design",
        "confidence": "medium",
        "geometry_role": "design_proposal",
        "name_zh": "全球路演站",
        "public_space_type": "open_yard_station",
        "station_id": "OY-ST11",
        "station_index": 11,
        "field_id": "south_field",
        "field_name_zh": "南场·智能生活场",
        "key_area_id": "dazhongsi_ai_industry_cluster",
        "scenario_id": "global_demo_day",
        "scenario_card_id": "SC-11",
        "industry_test_validation": false,
        "persona_ids": [
          "ai_scientist",
          "university_student"
        ],
        "project_id": "OY-11",
        "human_review_required": true,
        "privacy_rule": "data minimization; no personal tracking; human appeal and shutdown path",
        "planning_status": "conceptual public-space suggestion pending site survey and approval",
        "area_sqm_declared": 10560.774
      },
      "geometry": {
        "type": "Polygon",
        "coordinates": [
          [
            [
              116.3482683938,
              39.9475405568
            ],
            [
              116.3482614798,
              39.9475067923
            ],
            [
              116.3482517115,
              39.9474734482
            ],
            [
              116.3482391306,
              39.9474406672
            ],
            [
              116.3482237911,
              39.9474085896
            ],
            [
              116.3482057586,
              39.9473773529
            ],
            [
              116.3481851105,
              39.9473470909
            ],
            [
              116.348161935,
              39.947317933
            ],
            [
              116.3481363315,
              39.9472900042
            ],
            [
              116.3481084095,
              39.947263424
            ],
            [
              116.3480782887,
              39.9472383063
            ],
            [
              116.348046098,
              39.9472147586
            ],
            [
              116.3480119753,
              39.9471928818
            ],
            [
              116.3479760667,
              39.9471727695
            ],
            [
              116.3479385259,
              39.9471545078
            ],
            [
              116.3478995138,
              39.947138175
            ],
            [
              116.3478591973,
              39.947123841
            ],
            [
              116.3478177491,
              39.9471115672
            ],
            [
              116.3477753467,
              39.9471014061
            ],
            [
              116.3477321717,
              39.9470934012
            ],
            [
              116.3476884089,
              39.9470875869
            ],
            [
              116.3476442457,
              39.9470839879
            ],
            [
              116.3475998713,
              39.9470826198
            ],
            [
              116.3475554756,
              39.9470834884
            ],
            [
              116.3475112488,
              39.9470865899
            ],
            [
              116.3474673802,
              39.9470919111
            ],
            [
              116.3474240577,
              39.9470994293
            ],
            [
              116.3473814668,
              39.9471091121
            ],
            [
              116.3473397899,
              39.9471209181
            ],
            [
              116.3472992054,
              39.9471347969
            ],
            [
              116.3472598872,
              39.9471506889
            ],
            [
              116.3472220035,
              39.9471685261
            ],
            [
              116.3471857166,
              39.9471882321
            ],
            [
              116.347151182,
              39.9472097226
            ],
            [
              116.3471185474,
              39.9472329054
            ],
            [
              116.3470879526,
              39.9472576815
            ],
            [
              116.3470595287,
              39.9472839446
            ],
            [
              116.3470333973,
              39.9473115823
            ],
            [
              116.3470096704,
              39.9473404762
            ],
            [
              116.3469884495,
              39.9473705026
            ],
            [
              116.3469698256,
              39.947401533
            ],
            [
              116.3469538783,
              39.9474334345
            ],
            [
              116.346940676,
              39.9474660704
            ],
            [
              116.3469302752,
              39.9474993011
            ],
            [
              116.3469227205,
              39.9475329841
            ],
            [
              116.3469180442,
              39.9475669753
            ],
            [
              116.3469162663,
              39.9476011292
            ],
            [
              116.3469173944,
              39.9476352994
            ],
            [
              116.3469214238,
              39.9476693397
            ],
            [
              116.3469283372,
              39.9477031042
            ],
            [
              116.346938105,
              39.9477364485
            ],
            [
              116.3469506853,
              39.9477692296
            ],
            [
              116.3469660242,
              39.9478013073
            ],
            [
              116.3469840562,
              39.9478325442
            ],
            [
              116.347004704,
              39.9478628065
            ],
            [
              116.3470278792,
              39.9478919646
            ],
            [
              116.3470534825,
              39.9479198936
            ],
            [
              116.3470814043,
              39.9479464741
            ],
            [
              116.347111525,
              39.947971592
            ],
            [
              116.3471437157,
              39.94799514
            ],
            [
              116.3471778386,
              39.9480170171
            ],
            [
              116.3472137474,
              39.9480371296
            ],
            [
              116.3472512884,
              39.9480553915
            ],
            [
              116.3472903009,
              39.9480717245
            ],
            [
              116.3473306178,
              39.9480860587
            ],
            [
              116.3473720665,
              39.9480983327
            ],
            [
              116.3474144695,
              39.9481084939
            ],
            [
              116.3474576451,
              39.9481164989
            ],
            [
              116.3475014085,
              39.9481223134
            ],
            [
              116.3475455724,
              39.9481259124
            ],
            [
              116.3475899475,
              39.9481272805
            ],
            [
              116.3476343438,
              39.9481264119
            ],
            [
              116.3476785713,
              39.9481233104
            ],
            [
              116.3477224405,
              39.9481179891
            ],
            [
              116.3477657636,
              39.9481104709
            ],
            [
              116.3478083551,
              39.9481007879
            ],
            [
              116.3478500325,
              39.9480889817
            ],
            [
              116.3478906175,
              39.9480751028
            ],
            [
              116.3479299361,
              39.9480592106
            ],
            [
              116.3479678201,
              39.9480413731
            ],
            [
              116.3480041072,
              39.9480216669
            ],
            [
              116.348038642,
              39.9480001762
            ],
            [
              116.3480712767,
              39.947976993
            ],
            [
              116.3481018714,
              39.9479522167
            ],
            [
              116.3481302952,
              39.9479259534
            ],
            [
              116.3481564264,
              39.9478983154
            ],
            [
              116.348180153,
              39.9478694213
            ],
            [
              116.3482013735,
              39.9478393946
            ],
            [
              116.3482199971,
              39.947808364
            ],
            [
              116.3482359438,
              39.9477764624
            ],
            [
              116.3482491456,
              39.9477438263
            ],
            [
              116.3482595458,
              39.9477105955
            ],
            [
              116.3482670999,
              39.9476769124
            ],
            [
              116.3482717755,
              39.9476429211
            ],
            [
              116.3482735527,
              39.9476087672
            ],
            [
              116.3482724239,
              39.947574597
            ],
            [
              116.3482683938,
              39.9475405568
            ]
          ]
        ]
      }
    },
    {
      "type": "Feature",
      "id": "OY-ST12",
      "properties": {
        "id": "OY-ST12",
        "layer": "PUBLIC_SPACE",
        "source_type": "agent_generated_design",
        "confidence": "medium",
        "geometry_role": "design_proposal",
        "name_zh": "无障碍门户站",
        "public_space_type": "open_yard_station",
        "station_id": "OY-ST12",
        "station_index": 12,
        "field_id": "south_field",
        "field_name_zh": "南场·智能生活场",
        "key_area_id": "dazhongsi_ai_industry_cluster",
        "scenario_id": "accessible_mobility_agent",
        "scenario_card_id": "SC-12",
        "industry_test_validation": false,
        "persona_ids": [
          "startup_founder",
          "local_resident"
        ],
        "project_id": "OY-12",
        "human_review_required": true,
        "privacy_rule": "data minimization; no personal tracking; human appeal and shutdown path",
        "planning_status": "conceptual public-space suggestion pending site survey and approval",
        "landmark_id": "LM-04",
        "landmark_status": "conceptual honor-display node; not an approved structure",
        "area_sqm_declared": 10560.774
      },
      "geometry": {
        "type": "Polygon",
        "coordinates": [
          [
            [
              116.3500785766,
              39.9489304314
            ],
            [
              116.3500716615,
              39.9488966671
            ],
            [
              116.3500618921,
              39.9488633231
            ],
            [
              116.3500493101,
              39.9488305422
            ],
            [
              116.3500339695,
              39.948798465
            ],
            [
              116.3500159358,
              39.9487672286
            ],
            [
              116.3499952864,
              39.9487369668
            ],
            [
              116.3499721097,
              39.9487078093
            ],
            [
              116.349946505,
              39.9486798809
            ],
            [
              116.3499185817,
              39.9486533011
            ],
            [
              116.3498884596,
              39.9486281839
            ],
            [
              116.3498562677,
              39.9486046367
            ],
            [
              116.3498221437,
              39.9485827604
            ],
            [
              116.3497862338,
              39.9485626486
            ],
            [
              116.3497486918,
              39.9485443876
            ],
            [
              116.3497096785,
              39.9485280554
            ],
            [
              116.3496693608,
              39.948513722
            ],
            [
              116.3496279114,
              39.9485014488
            ],
            [
              116.3495855079,
              39.9484912884
            ],
            [
              116.3495423318,
              39.9484832842
            ],
            [
              116.3494985679,
              39.9484774705
            ],
            [
              116.3494544038,
              39.9484738722
            ],
            [
              116.3494100284,
              39.9484725048
            ],
            [
              116.3493656318,
              39.9484733741
            ],
            [
              116.3493214042,
              39.9484764763
            ],
            [
              116.3492775349,
              39.9484817982
            ],
            [
              116.3492342117,
              39.948489317
            ],
            [
              116.3491916202,
              39.9484990004
            ],
            [
              116.3491499427,
              39.9485108071
            ],
            [
              116.3491093578,
              39.9485246865
            ],
            [
              116.3490700391,
              39.9485405791
            ],
            [
              116.3490321551,
              39.9485584169
            ],
            [
              116.348995868,
              39.9485781235
            ],
            [
              116.3489613332,
              39.9485996145
            ],
            [
              116.3489286986,
              39.9486227979
            ],
            [
              116.3488981038,
              39.9486475744
            ],
            [
              116.34886968,
              39.9486738379
            ],
            [
              116.3488435488,
              39.948701476
            ],
            [
              116.3488198222,
              39.9487303703
            ],
            [
              116.3487986016,
              39.9487603971
            ],
            [
              116.3487799781,
              39.9487914277
            ],
            [
              116.3487640314,
              39.9488233294
            ],
            [
              116.3487508296,
              39.9488559656
            ],
            [
              116.3487404295,
              39.9488891964
            ],
            [
              116.3487328755,
              39.9489228795
            ],
            [
              116.3487282,
              39.9489568708
            ],
            [
              116.3487264229,
              39.9489910247
            ],
            [
              116.348727552,
              39.9490251949
            ],
            [
              116.3487315824,
              39.9490592351
            ],
            [
              116.3487384968,
              39.9490929996
            ],
            [
              116.3487482656,
              39.9491263437
            ],
            [
              116.348760847,
              39.9491591246
            ],
            [
              116.3487761871,
              39.9491912021
            ],
            [
              116.3487942203,
              39.9492224387
            ],
            [
              116.3488148693,
              39.9492527006
            ],
            [
              116.3488380457,
              39.9492818584
            ],
            [
              116.3488636503,
              39.949309787
            ],
            [
              116.3488915733,
              39.949336367
            ],
            [
              116.3489216953,
              39.9493614845
            ],
            [
              116.3489538873,
              39.949385032
            ],
            [
              116.3489880114,
              39.9494069085
            ],
            [
              116.3490239215,
              39.9494270205
            ],
            [
              116.3490614638,
              39.9494452818
            ],
            [
              116.3491004775,
              39.9494616142
            ],
            [
              116.3491407956,
              39.9494759478
            ],
            [
              116.3491822455,
              39.9494882212
            ],
            [
              116.3492246495,
              39.9494983818
            ],
            [
              116.3492678263,
              39.9495063861
            ],
            [
              116.3493115908,
              39.9495121998
            ],
            [
              116.3493557556,
              39.9495157982
            ],
            [
              116.3494001316,
              39.9495171656
            ],
            [
              116.3494445289,
              39.9495162963
            ],
            [
              116.3494887572,
              39.9495131941
            ],
            [
              116.3495326272,
              39.9495078721
            ],
            [
              116.3495759509,
              39.9495003532
            ],
            [
              116.349618543,
              39.9494906696
            ],
            [
              116.349660221,
              39.9494788628
            ],
            [
              116.3497008064,
              39.9494649832
            ],
            [
              116.3497401255,
              39.9494490904
            ],
            [
              116.3497780097,
              39.9494312524
            ],
            [
              116.3498142971,
              39.9494115456
            ],
            [
              116.349848832,
              39.9493900543
            ],
            [
              116.3498814667,
              39.9493668707
            ],
            [
              116.3499120614,
              39.9493420939
            ],
            [
              116.3499404852,
              39.9493158301
            ],
            [
              116.3499666162,
              39.9492881918
            ],
            [
              116.3499903425,
              39.9492592973
            ],
            [
              116.3500115627,
              39.9492292703
            ],
            [
              116.3500301858,
              39.9491982394
            ],
            [
              116.350046132,
              39.9491663375
            ],
            [
              116.3500593332,
              39.9491337012
            ],
            [
              116.3500697327,
              39.9491004703
            ],
            [
              116.3500772861,
              39.949066787
            ],
            [
              116.350081961,
              39.9490327957
            ],
            [
              116.3500837373,
              39.9489986418
            ],
            [
              116.3500826076,
              39.9489644716
            ],
            [
              116.3500785766,
              39.9489304314
            ]
          ]
        ]
      }
    },
    {
      "type": "Feature",
      "id": "PUBLIC-FIELD-14",
      "properties": {
        "id": "PUBLIC-FIELD-14",
        "layer": "PUBLIC_SPACE",
        "source_type": "agent_generated_design",
        "confidence": "medium",
        "geometry_role": "design_proposal",
        "name_zh": "南场·智能生活场共享中庭",
        "public_space_type": "field_common",
        "field_id": "south_field",
        "key_area_id": "dazhongsi_ai_industry_cluster",
        "station_ids": [
          "OY-ST09",
          "OY-ST10",
          "OY-ST11",
          "OY-ST12"
        ],
        "planning_status": "conceptual common-space envelope pending detailed design",
        "area_sqm_declared": 59215.224
      },
      "geometry": {
        "type": "Polygon",
        "coordinates": [
          [
            [
              116.3473935213,
              39.9473446449
            ],
            [
              116.3473620926,
              39.947360666
            ],
            [
              116.3473327993,
              39.9473789275
            ],
            [
              116.3473059099,
              39.9473992621
            ],
            [
              116.3472816711,
              39.9474214831
            ],
            [
              116.3472603052,
              39.9474453868
            ],
            [
              116.3472420081,
              39.947470754
            ],
            [
              116.3472269477,
              39.947497352
            ],
            [
              116.3472152622,
              39.9475249369
            ],
            [
              116.3472070586,
              39.9475532556
            ],
            [
              116.3472024122,
              39.9475820484
            ],
            [
              116.3472013657,
              39.9476110513
            ],
            [
              116.3472039286,
              39.9476399983
            ],
            [
              116.3472100775,
              39.9476686238
            ],
            [
              116.3472197559,
              39.9476966653
            ],
            [
              116.3472328751,
              39.9477238656
            ],
            [
              116.3472493148,
              39.9477499753
            ],
            [
              116.3472689242,
              39.9477747549
            ],
            [
              116.3472915235,
              39.9477979771
            ],
            [
              116.3473169053,
              39.9478194289
            ],
            [
              116.3491270758,
              39.9492093182
            ],
            [
              116.3496830826,
              39.9487803516
            ],
            [
              116.3482314904,
              39.9476658004
            ],
            [
              116.3507701598,
              39.9465022342
            ],
            [
              116.350802766,
              39.946485544
            ],
            [
              116.3508330563,
              39.9464664428
            ],
            [
              116.3508607309,
              39.9464451197
            ],
            [
              116.3508855158,
              39.9464217856
            ],
            [
              116.3509071658,
              39.9463966716
            ],
            [
              116.3509254666,
              39.9463700261
            ],
            [
              116.3509402371,
              39.9463421129
            ],
            [
              116.3509513311,
              39.9463132083
            ],
            [
              116.3509586388,
              39.9462835982
            ],
            [
              116.350962088,
              39.9462535759
            ],
            [
              116.3509616443,
              39.9462234383
            ],
            [
              116.3509573124,
              39.9461934837
            ],
            [
              116.350949135,
              39.9461640087
            ],
            [
              116.350937193,
              39.9461353049
            ],
            [
              116.3509216047,
              39.9461076565
            ],
            [
              116.3509025244,
              39.9460813369
            ],
            [
              116.3508801409,
              39.9460566069
            ],
            [
              116.3508546757,
              39.9460337109
            ],
            [
              116.3508263808,
              39.9460128758
            ],
            [
              116.3507955363,
              39.9459943077
            ],
            [
              116.3507624475,
              39.9459781903
            ],
            [
              116.3507274418,
              39.9459646831
            ],
            [
              116.3465899201,
              39.9445617246
            ],
            [
              116.3462725339,
              39.9451162152
            ],
            [
              116.3497114099,
              39.9462822921
            ],
            [
              116.3473935213,
              39.9473446449
            ]
          ]
        ]
      }
    }
  ],
  "metadata": {
    "concept": "three fields, two wings, twelve stations"
  }
}
