{
  "type": "FeatureCollection",
  "name": "ren_line_buildings",
  "features": [
    {
      "type": "Feature",
      "id": "BLDG-001",
      "properties": {
        "id": "BLDG-001",
        "layer": "BUILDING_FOOTPRINT",
        "source_type": "agent_generated_design",
        "confidence": "medium",
        "geometry_role": "design_proposal",
        "building_type": "ai_r_and_d",
        "name_zh": "AI研发与创新办公建筑群",
        "building_status": "concept_retain_renovate",
        "floors_estimate": 10,
        "area_sqm_declared": 2236.202
      },
      "geometry": {
        "type": "Polygon",
        "coordinates": [
          [
            [
              116.34315,
              39.963389
            ],
            [
              116.34368,
              39.963392
            ],
            [
              116.343675,
              39.963837
            ],
            [
              116.343146,
              39.963834
            ],
            [
              116.34315,
              39.963389
            ]
          ]
        ]
      }
    },
    {
      "type": "Feature",
      "id": "BLDG-002",
      "properties": {
        "id": "BLDG-002",
        "layer": "BUILDING_FOOTPRINT",
        "source_type": "agent_generated_design",
        "confidence": "medium",
        "geometry_role": "design_proposal",
        "building_type": "ai_r_and_d",
        "name_zh": "AI研发与创新办公建筑群",
        "building_status": "concept_retain_renovate",
        "floors_estimate": 8,
        "area_sqm_declared": 2071.383
      },
      "geometry": {
        "type": "Polygon",
        "coordinates": [
          [
            [
              116.343172,
              39.964036
            ],
            [
              116.343645,
              39.964039
            ],
            [
              116.34364,
              39.964501
            ],
            [
              116.343168,
              39.964499
            ],
            [
              116.343172,
              39.964036
            ]
          ]
        ]
      }
    },
    {
      "type": "Feature",
      "id": "BLDG-003",
      "properties": {
        "id": "BLDG-003",
        "layer": "BUILDING_FOOTPRINT",
        "source_type": "agent_generated_design",
        "confidence": "medium",
        "geometry_role": "design_proposal",
        "building_type": "ai_r_and_d",
        "name_zh": "AI研发与创新办公建筑群",
        "building_status": "concept_retain_renovate",
        "floors_estimate": 13,
        "area_sqm_declared": 2332.162
      },
      "geometry": {
        "type": "Polygon",
        "coordinates": [
          [
            [
              116.343104,
              39.964716
            ],
            [
              116.3437,
              39.96472
            ],
            [
              116.343696,
              39.965132
            ],
            [
              116.3431,
              39.965129
            ],
            [
              116.343104,
              39.964716
            ]
          ]
        ]
      }
    },
    {
      "type": "Feature",
      "id": "BLDG-004",
      "properties": {
        "id": "BLDG-004",
        "layer": "BUILDING_FOOTPRINT",
        "source_type": "agent_generated_design",
        "confidence": "medium",
        "geometry_role": "design_proposal",
        "building_type": "ai_r_and_d",
        "name_zh": "AI研发与创新办公建筑群",
        "building_status": "concept_retain_renovate",
        "floors_estimate": 7,
        "area_sqm_declared": 2183.959
      },
      "geometry": {
        "type": "Polygon",
        "coordinates": [
          [
            [
              116.343133,
              39.96536
            ],
            [
              116.34366,
              39.965363
            ],
            [
              116.343655,
              39.9658
            ],
            [
              116.343128,
              39.965797
            ],
            [
              116.343133,
              39.96536
            ]
          ]
        ]
      }
    },
    {
      "type": "Feature",
      "id": "BLDG-005",
      "properties": {
        "id": "BLDG-005",
        "layer": "BUILDING_FOOTPRINT",
        "source_type": "agent_generated_design",
        "confidence": "medium",
        "geometry_role": "design_proposal",
        "building_type": "incubator",
        "name_zh": "AI研发与创新办公建筑群",
        "building_status": "concept_retain_renovate",
        "floors_estimate": 11,
        "area_sqm_declared": 2450.196
      },
      "geometry": {
        "type": "Polygon",
        "coordinates": [
          [
            [
              116.343131,
              39.965985
            ],
            [
              116.343649,
              39.965988
            ],
            [
              116.343644,
              39.966486
            ],
            [
              116.343126,
              39.966483
            ],
            [
              116.343131,
              39.965985
            ]
          ]
        ]
      }
    },
    {
      "type": "Feature",
      "id": "BLDG-006",
      "properties": {
        "id": "BLDG-006",
        "layer": "BUILDING_FOOTPRINT",
        "source_type": "agent_generated_design",
        "confidence": "medium",
        "geometry_role": "design_proposal",
        "building_type": "ai_r_and_d",
        "name_zh": "AI研发与创新办公建筑群",
        "building_status": "concept_retain_renovate",
        "floors_estimate": 7,
        "area_sqm_declared": 2239.237
      },
      "geometry": {
        "type": "Polygon",
        "coordinates": [
          [
            [
              116.343137,
              39.966651
            ],
            [
              116.343631,
              39.966654
            ],
            [
              116.343626,
              39.967132
            ],
            [
              116.343132,
              39.967129
            ],
            [
              116.343137,
              39.966651
            ]
          ]
        ]
      }
    },
    {
      "type": "Feature",
      "id": "BLDG-007",
      "properties": {
        "id": "BLDG-007",
        "layer": "BUILDING_FOOTPRINT",
        "source_type": "agent_generated_design",
        "confidence": "medium",
        "geometry_role": "design_proposal",
        "building_type": "lab",
        "name_zh": "AI研发与创新办公建筑群",
        "building_status": "concept_retain_renovate",
        "floors_estimate": 12,
        "area_sqm_declared": 2458.951
      },
      "geometry": {
        "type": "Polygon",
        "coordinates": [
          [
            [
              116.343127,
              39.967286
            ],
            [
              116.343628,
              39.967289
            ],
            [
              116.343623,
              39.967807
            ],
            [
              116.343122,
              39.967804
            ],
            [
              116.343127,
              39.967286
            ]
          ]
        ]
      }
    },
    {
      "type": "Feature",
      "id": "BLDG-008",
      "properties": {
        "id": "BLDG-008",
        "layer": "BUILDING_FOOTPRINT",
        "source_type": "agent_generated_design",
        "confidence": "medium",
        "geometry_role": "design_proposal",
        "building_type": "ai_r_and_d",
        "name_zh": "AI研发与创新办公建筑群",
        "building_status": "concept_retain_renovate",
        "floors_estimate": 12,
        "area_sqm_declared": 1915.096
      },
      "geometry": {
        "type": "Polygon",
        "coordinates": [
          [
            [
              116.343132,
              39.96864
            ],
            [
              116.343597,
              39.968642
            ],
            [
              116.343593,
              39.969076
            ],
            [
              116.343128,
              39.969074
            ],
            [
              116.343132,
              39.96864
            ]
          ]
        ]
      }
    },
    {
      "type": "Feature",
      "id": "BLDG-009",
      "properties": {
        "id": "BLDG-009",
        "layer": "BUILDING_FOOTPRINT",
        "source_type": "agent_generated_design",
        "confidence": "medium",
        "geometry_role": "design_proposal",
        "building_type": "ai_r_and_d",
        "name_zh": "AI研发与创新办公建筑群",
        "building_status": "concept_retain_renovate",
        "floors_estimate": 12,
        "area_sqm_declared": 2540.961
      },
      "geometry": {
        "type": "Polygon",
        "coordinates": [
          [
            [
              116.343107,
              39.969246
            ],
            [
              116.343611,
              39.969249
            ],
            [
              116.343605,
              39.969781
            ],
            [
              116.343102,
              39.969778
            ],
            [
              116.343107,
              39.969246
            ]
          ]
        ]
      }
    },
    {
      "type": "Feature",
      "id": "BLDG-010",
      "properties": {
        "id": "BLDG-010",
        "layer": "BUILDING_FOOTPRINT",
        "source_type": "agent_generated_design",
        "confidence": "medium",
        "geometry_role": "design_proposal",
        "building_type": "incubator",
        "name_zh": "AI研发与创新办公建筑群",
        "building_status": "concept_retain_renovate",
        "floors_estimate": 10,
        "area_sqm_declared": 2210.357
      },
      "geometry": {
        "type": "Polygon",
        "coordinates": [
          [
            [
              116.343104,
              39.969933
            ],
            [
              116.343601,
              39.969937
            ],
            [
              116.343596,
              39.970405
            ],
            [
              116.343099,
              39.970402
            ],
            [
              116.343104,
              39.969933
            ]
          ]
        ]
      }
    },
    {
      "type": "Feature",
      "id": "BLDG-011",
      "properties": {
        "id": "BLDG-011",
        "layer": "BUILDING_FOOTPRINT",
        "source_type": "agent_generated_design",
        "confidence": "medium",
        "geometry_role": "design_proposal",
        "building_type": "ai_r_and_d",
        "name_zh": "AI研发与创新办公建筑群",
        "building_status": "concept_retain_renovate",
        "floors_estimate": 8,
        "area_sqm_declared": 2084.192
      },
      "geometry": {
        "type": "Polygon",
        "coordinates": [
          [
            [
              116.343924,
              39.963391
            ],
            [
              116.344413,
              39.963394
            ],
            [
              116.344409,
              39.963844
            ],
            [
              116.34392,
              39.963841
            ],
            [
              116.343924,
              39.963391
            ]
          ]
        ]
      }
    },
    {
      "type": "Feature",
      "id": "BLDG-012",
      "properties": {
        "id": "BLDG-012",
        "layer": "BUILDING_FOOTPRINT",
        "source_type": "agent_generated_design",
        "confidence": "medium",
        "geometry_role": "design_proposal",
        "building_type": "ai_r_and_d",
        "name_zh": "AI研发与创新办公建筑群",
        "building_status": "concept_retain_renovate",
        "floors_estimate": 12,
        "area_sqm_declared": 2421.857
      },
      "geometry": {
        "type": "Polygon",
        "coordinates": [
          [
            [
              116.343906,
              39.964023
            ],
            [
              116.344419,
              39.964026
            ],
            [
              116.344414,
              39.964523
            ],
            [
              116.343901,
              39.96452
            ],
            [
              116.343906,
              39.964023
            ]
          ]
        ]
      }
    },
    {
      "type": "Feature",
      "id": "BLDG-013",
      "properties": {
        "id": "BLDG-013",
        "layer": "BUILDING_FOOTPRINT",
        "source_type": "agent_generated_design",
        "confidence": "medium",
        "geometry_role": "design_proposal",
        "building_type": "incubator",
        "name_zh": "AI研发与创新办公建筑群",
        "building_status": "concept_retain_renovate",
        "floors_estimate": 10,
        "area_sqm_declared": 2261.549
      },
      "geometry": {
        "type": "Polygon",
        "coordinates": [
          [
            [
              116.343891,
              39.964703
            ],
            [
              116.344422,
              39.964706
            ],
            [
              116.344417,
              39.965155
            ],
            [
              116.343886,
              39.965151
            ],
            [
              116.343891,
              39.964703
            ]
          ]
        ]
      }
    },
    {
      "type": "Feature",
      "id": "BLDG-014",
      "properties": {
        "id": "BLDG-014",
        "layer": "BUILDING_FOOTPRINT",
        "source_type": "agent_generated_design",
        "confidence": "medium",
        "geometry_role": "design_proposal",
        "building_type": "ai_r_and_d",
        "name_zh": "AI研发与创新办公建筑群",
        "building_status": "concept_retain_renovate",
        "floors_estimate": 9,
        "area_sqm_declared": 2669.795
      },
      "geometry": {
        "type": "Polygon",
        "coordinates": [
          [
            [
              116.343861,
              39.965339
            ],
            [
              116.344439,
              39.965343
            ],
            [
              116.344435,
              39.965829
            ],
            [
              116.343856,
              39.965826
            ],
            [
              116.343861,
              39.965339
            ]
          ]
        ]
      }
    },
    {
      "type": "Feature",
      "id": "BLDG-015",
      "properties": {
        "id": "BLDG-015",
        "layer": "BUILDING_FOOTPRINT",
        "source_type": "agent_generated_design",
        "confidence": "medium",
        "geometry_role": "design_proposal",
        "building_type": "ai_r_and_d",
        "name_zh": "AI研发与创新办公建筑群",
        "building_status": "concept_retain_renovate",
        "floors_estimate": 9,
        "area_sqm_declared": 2825.205
      },
      "geometry": {
        "type": "Polygon",
        "coordinates": [
          [
            [
              116.343866,
              39.96597
            ],
            [
              116.344421,
              39.965973
            ],
            [
              116.344417,
              39.96651
            ],
            [
              116.343861,
              39.966507
            ],
            [
              116.343866,
              39.96597
            ]
          ]
        ]
      }
    },
    {
      "type": "Feature",
      "id": "BLDG-016",
      "properties": {
        "id": "BLDG-016",
        "layer": "BUILDING_FOOTPRINT",
        "source_type": "agent_generated_design",
        "confidence": "medium",
        "geometry_role": "design_proposal",
        "building_type": "incubator",
        "name_zh": "AI研发与创新办公建筑群",
        "building_status": "concept_retain_renovate",
        "floors_estimate": 12,
        "area_sqm_declared": 2099.248
      },
      "geometry": {
        "type": "Polygon",
        "coordinates": [
          [
            [
              116.343886,
              39.966674
            ],
            [
              116.344388,
              39.966677
            ],
            [
              116.344384,
              39.967117
            ],
            [
              116.343882,
              39.967114
            ],
            [
              116.343886,
              39.966674
            ]
          ]
        ]
      }
    },
    {
      "type": "Feature",
      "id": "BLDG-017",
      "properties": {
        "id": "BLDG-017",
        "layer": "BUILDING_FOOTPRINT",
        "source_type": "agent_generated_design",
        "confidence": "medium",
        "geometry_role": "design_proposal",
        "building_type": "lab",
        "name_zh": "AI研发与创新办公建筑群",
        "building_status": "concept_retain_renovate",
        "floors_estimate": 9,
        "area_sqm_declared": 2165.419
      },
      "geometry": {
        "type": "Polygon",
        "coordinates": [
          [
            [
              116.343847,
              39.967349
            ],
            [
              116.344415,
              39.967352
            ],
            [
              116.344411,
              39.967753
            ],
            [
              116.343843,
              39.96775
            ],
            [
              116.343847,
              39.967349
            ]
          ]
        ]
      }
    },
    {
      "type": "Feature",
      "id": "BLDG-018",
      "properties": {
        "id": "BLDG-018",
        "layer": "BUILDING_FOOTPRINT",
        "source_type": "agent_generated_design",
        "confidence": "medium",
        "geometry_role": "design_proposal",
        "building_type": "ai_r_and_d",
        "name_zh": "AI研发与创新办公建筑群",
        "building_status": "concept_retain_renovate",
        "floors_estimate": 7,
        "area_sqm_declared": 2630.671
      },
      "geometry": {
        "type": "Polygon",
        "coordinates": [
          [
            [
              116.343842,
              39.96796
            ],
            [
              116.344408,
              39.967963
            ],
            [
              116.344403,
              39.968454
            ],
            [
              116.343838,
              39.96845
            ],
            [
              116.343842,
              39.96796
            ]
          ]
        ]
      }
    },
    {
      "type": "Feature",
      "id": "BLDG-019",
      "properties": {
        "id": "BLDG-019",
        "layer": "BUILDING_FOOTPRINT",
        "source_type": "agent_generated_design",
        "confidence": "medium",
        "geometry_role": "design_proposal",
        "building_type": "ai_r_and_d",
        "name_zh": "AI研发与创新办公建筑群",
        "building_status": "concept_retain_renovate",
        "floors_estimate": 9,
        "area_sqm_declared": 2274.061
      },
      "geometry": {
        "type": "Polygon",
        "coordinates": [
          [
            [
              116.343842,
              39.968644
            ],
            [
              116.344395,
              39.968647
            ],
            [
              116.344391,
              39.969081
            ],
            [
              116.343838,
              39.969078
            ],
            [
              116.343842,
              39.968644
            ]
          ]
        ]
      }
    },
    {
      "type": "Feature",
      "id": "BLDG-020",
      "properties": {
        "id": "BLDG-020",
        "layer": "BUILDING_FOOTPRINT",
        "source_type": "agent_generated_design",
        "confidence": "medium",
        "geometry_role": "design_proposal",
        "building_type": "ai_r_and_d",
        "name_zh": "AI研发与创新办公建筑群",
        "building_status": "concept_retain_renovate",
        "floors_estimate": 14,
        "area_sqm_declared": 2321.444
      },
      "geometry": {
        "type": "Polygon",
        "coordinates": [
          [
            [
              116.343814,
              39.969311
            ],
            [
              116.344411,
              39.969315
            ],
            [
              116.344406,
              39.969725
            ],
            [
              116.343809,
              39.969721
            ],
            [
              116.343814,
              39.969311
            ]
          ]
        ]
      }
    },
    {
      "type": "Feature",
      "id": "BLDG-021",
      "properties": {
        "id": "BLDG-021",
        "layer": "BUILDING_FOOTPRINT",
        "source_type": "agent_generated_design",
        "confidence": "medium",
        "geometry_role": "design_proposal",
        "building_type": "ai_r_and_d",
        "name_zh": "AI研发与创新办公建筑群",
        "building_status": "concept_retain_renovate",
        "floors_estimate": 7,
        "area_sqm_declared": 2925.049
      },
      "geometry": {
        "type": "Polygon",
        "coordinates": [
          [
            [
              116.343817,
              39.969906
            ],
            [
              116.344396,
              39.969909
            ],
            [
              116.344391,
              39.970441
            ],
            [
              116.343811,
              39.970438
            ],
            [
              116.343817,
              39.969906
            ]
          ]
        ]
      }
    },
    {
      "type": "Feature",
      "id": "BLDG-022",
      "properties": {
        "id": "BLDG-022",
        "layer": "BUILDING_FOOTPRINT",
        "source_type": "agent_generated_design",
        "confidence": "medium",
        "geometry_role": "design_proposal",
        "building_type": "ai_r_and_d",
        "name_zh": "AI研发与创新办公建筑群",
        "building_status": "concept_retain_renovate",
        "floors_estimate": 7,
        "area_sqm_declared": 2546.958
      },
      "geometry": {
        "type": "Polygon",
        "coordinates": [
          [
            [
              116.344833,
              39.94371
            ],
            [
              116.345388,
              39.943713
            ],
            [
              116.345383,
              39.944197
            ],
            [
              116.344827,
              39.944193
            ],
            [
              116.344833,
              39.94371
            ]
          ]
        ]
      }
    },
    {
      "type": "Feature",
      "id": "BLDG-023",
      "properties": {
        "id": "BLDG-023",
        "layer": "BUILDING_FOOTPRINT",
        "source_type": "agent_generated_design",
        "confidence": "medium",
        "geometry_role": "design_proposal",
        "building_type": "ai_r_and_d",
        "name_zh": "AI研发与创新办公建筑群",
        "building_status": "concept_retain_renovate",
        "floors_estimate": 12,
        "area_sqm_declared": 2198.465
      },
      "geometry": {
        "type": "Polygon",
        "coordinates": [
          [
            [
              116.344815,
              39.944407
            ],
            [
              116.345392,
              39.94441
            ],
            [
              116.345388,
              39.944811
            ],
            [
              116.344811,
              39.944808
            ],
            [
              116.344815,
              39.944407
            ]
          ]
        ]
      }
    },
    {
      "type": "Feature",
      "id": "BLDG-024",
      "properties": {
        "id": "BLDG-024",
        "layer": "BUILDING_FOOTPRINT",
        "source_type": "agent_generated_design",
        "confidence": "medium",
        "geometry_role": "design_proposal",
        "building_type": "ai_r_and_d",
        "name_zh": "AI研发与创新办公建筑群",
        "building_status": "concept_retain_renovate",
        "floors_estimate": 13,
        "area_sqm_declared": 2781.444
      },
      "geometry": {
        "type": "Polygon",
        "coordinates": [
          [
            [
              116.344816,
              39.945003
            ],
            [
              116.345379,
              39.945006
            ],
            [
              116.345374,
              39.945526
            ],
            [
              116.344811,
              39.945523
            ],
            [
              116.344816,
              39.945003
            ]
          ]
        ]
      }
    },
    {
      "type": "Feature",
      "id": "BLDG-025",
      "properties": {
        "id": "BLDG-025",
        "layer": "BUILDING_FOOTPRINT",
        "source_type": "agent_generated_design",
        "confidence": "medium",
        "geometry_role": "design_proposal",
        "building_type": "ai_r_and_d",
        "name_zh": "AI研发与创新办公建筑群",
        "building_status": "concept_retain_renovate",
        "floors_estimate": 8,
        "area_sqm_declared": 2357.565
      },
      "geometry": {
        "type": "Polygon",
        "coordinates": [
          [
            [
              116.344842,
              39.94567
            ],
            [
              116.345341,
              39.945673
            ],
            [
              116.345336,
              39.94617
            ],
            [
              116.344837,
              39.946167
            ],
            [
              116.344842,
              39.94567
            ]
          ]
        ]
      }
    },
    {
      "type": "Feature",
      "id": "BLDG-026",
      "properties": {
        "id": "BLDG-026",
        "layer": "BUILDING_FOOTPRINT",
        "source_type": "agent_generated_design",
        "confidence": "medium",
        "geometry_role": "design_proposal",
        "building_type": "ai_r_and_d",
        "name_zh": "AI研发与创新办公建筑群",
        "building_status": "concept_retain_renovate",
        "floors_estimate": 11,
        "area_sqm_declared": 1950.884
      },
      "geometry": {
        "type": "Polygon",
        "coordinates": [
          [
            [
              116.344844,
              39.947011
            ],
            [
              116.345314,
              39.947014
            ],
            [
              116.345309,
              39.947452
            ],
            [
              116.344839,
              39.947449
            ],
            [
              116.344844,
              39.947011
            ]
          ]
        ]
      }
    },
    {
      "type": "Feature",
      "id": "BLDG-027",
      "properties": {
        "id": "BLDG-027",
        "layer": "BUILDING_FOOTPRINT",
        "source_type": "agent_generated_design",
        "confidence": "medium",
        "geometry_role": "design_proposal",
        "building_type": "ai_r_and_d",
        "name_zh": "AI研发与创新办公建筑群",
        "building_status": "concept_retain_renovate",
        "floors_estimate": 12,
        "area_sqm_declared": 2561.294
      },
      "geometry": {
        "type": "Polygon",
        "coordinates": [
          [
            [
              116.344787,
              39.947649
            ],
            [
              116.345358,
              39.947652
            ],
            [
              116.345353,
              39.948125
            ],
            [
              116.344782,
              39.948122
            ],
            [
              116.344787,
              39.947649
            ]
          ]
        ]
      }
    },
    {
      "type": "Feature",
      "id": "BLDG-028",
      "properties": {
        "id": "BLDG-028",
        "layer": "BUILDING_FOOTPRINT",
        "source_type": "agent_generated_design",
        "confidence": "medium",
        "geometry_role": "design_proposal",
        "building_type": "ai_r_and_d",
        "name_zh": "AI研发与创新办公建筑群",
        "building_status": "concept_retain_renovate",
        "floors_estimate": 7,
        "area_sqm_declared": 2380.39
      },
      "geometry": {
        "type": "Polygon",
        "coordinates": [
          [
            [
              116.344763,
              39.948334
            ],
            [
              116.345369,
              39.948337
            ],
            [
              116.345365,
              39.948751
            ],
            [
              116.344759,
              39.948748
            ],
            [
              116.344763,
              39.948334
            ]
          ]
        ]
      }
    },
    {
      "type": "Feature",
      "id": "BLDG-029",
      "properties": {
        "id": "BLDG-029",
        "layer": "BUILDING_FOOTPRINT",
        "source_type": "agent_generated_design",
        "confidence": "medium",
        "geometry_role": "design_proposal",
        "building_type": "ai_r_and_d",
        "name_zh": "AI研发与创新办公建筑群",
        "building_status": "concept_retain_renovate",
        "floors_estimate": 12,
        "area_sqm_declared": 2725.283
      },
      "geometry": {
        "type": "Polygon",
        "coordinates": [
          [
            [
              116.344793,
              39.948928
            ],
            [
              116.345327,
              39.948931
            ],
            [
              116.345322,
              39.949469
            ],
            [
              116.344788,
              39.949466
            ],
            [
              116.344793,
              39.948928
            ]
          ]
        ]
      }
    },
    {
      "type": "Feature",
      "id": "BLDG-030",
      "properties": {
        "id": "BLDG-030",
        "layer": "BUILDING_FOOTPRINT",
        "source_type": "agent_generated_design",
        "confidence": "medium",
        "geometry_role": "design_proposal",
        "building_type": "ai_r_and_d",
        "name_zh": "AI研发与创新办公建筑群",
        "building_status": "concept_retain_renovate",
        "floors_estimate": 11,
        "area_sqm_declared": 2433.778
      },
      "geometry": {
        "type": "Polygon",
        "coordinates": [
          [
            [
              116.344797,
              39.949603
            ],
            [
              116.345311,
              39.949606
            ],
            [
              116.345306,
              39.950104
            ],
            [
              116.344792,
              39.950102
            ],
            [
              116.344797,
              39.949603
            ]
          ]
        ]
      }
    },
    {
      "type": "Feature",
      "id": "BLDG-031",
      "properties": {
        "id": "BLDG-031",
        "layer": "BUILDING_FOOTPRINT",
        "source_type": "agent_generated_design",
        "confidence": "medium",
        "geometry_role": "design_proposal",
        "building_type": "ai_r_and_d",
        "name_zh": "AI研发与创新办公建筑群",
        "building_status": "concept_retain_renovate",
        "floors_estimate": 9,
        "area_sqm_declared": 2647.302
      },
      "geometry": {
        "type": "Polygon",
        "coordinates": [
          [
            [
              116.343144,
              39.999193
            ],
            [
              116.343685,
              39.999196
            ],
            [
              116.343681,
              39.999711
            ],
            [
              116.34314,
              39.999709
            ],
            [
              116.343144,
              39.999193
            ]
          ]
        ]
      }
    },
    {
      "type": "Feature",
      "id": "BLDG-032",
      "properties": {
        "id": "BLDG-032",
        "layer": "BUILDING_FOOTPRINT",
        "source_type": "agent_generated_design",
        "confidence": "medium",
        "geometry_role": "design_proposal",
        "building_type": "ai_r_and_d",
        "name_zh": "AI研发与创新办公建筑群",
        "building_status": "concept_retain_renovate",
        "floors_estimate": 8,
        "area_sqm_declared": 2134.509
      },
      "geometry": {
        "type": "Polygon",
        "coordinates": [
          [
            [
              116.343128,
              39.999905
            ],
            [
              116.343689,
              39.999909
            ],
            [
              116.343684,
              40.00031
            ],
            [
              116.343124,
              40.000307
            ],
            [
              116.343128,
              39.999905
            ]
          ]
        ]
      }
    },
    {
      "type": "Feature",
      "id": "BLDG-033",
      "properties": {
        "id": "BLDG-033",
        "layer": "BUILDING_FOOTPRINT",
        "source_type": "agent_generated_design",
        "confidence": "medium",
        "geometry_role": "design_proposal",
        "building_type": "ai_r_and_d",
        "name_zh": "AI研发与创新办公建筑群",
        "building_status": "concept_retain_renovate",
        "floors_estimate": 10,
        "area_sqm_declared": 2782.372
      },
      "geometry": {
        "type": "Polygon",
        "coordinates": [
          [
            [
              116.343123,
              40.001149
            ],
            [
              116.343669,
              40.001152
            ],
            [
              116.343665,
              40.001689
            ],
            [
              116.343118,
              40.001686
            ],
            [
              116.343123,
              40.001149
            ]
          ]
        ]
      }
    },
    {
      "type": "Feature",
      "id": "BLDG-034",
      "properties": {
        "id": "BLDG-034",
        "layer": "BUILDING_FOOTPRINT",
        "source_type": "agent_generated_design",
        "confidence": "medium",
        "geometry_role": "design_proposal",
        "building_type": "ai_r_and_d",
        "name_zh": "AI研发与创新办公建筑群",
        "building_status": "concept_retain_renovate",
        "floors_estimate": 10,
        "area_sqm_declared": 2244.523
      },
      "geometry": {
        "type": "Polygon",
        "coordinates": [
          [
            [
              116.343151,
              40.001825
            ],
            [
              116.343628,
              40.001828
            ],
            [
              116.343624,
              40.002324
            ],
            [
              116.343146,
              40.002321
            ],
            [
              116.343151,
              40.001825
            ]
          ]
        ]
      }
    },
    {
      "type": "Feature",
      "id": "BLDG-035",
      "properties": {
        "id": "BLDG-035",
        "layer": "BUILDING_FOOTPRINT",
        "source_type": "agent_generated_design",
        "confidence": "medium",
        "geometry_role": "design_proposal",
        "building_type": "lab",
        "name_zh": "AI研发与创新办公建筑群",
        "building_status": "concept_retain_renovate",
        "floors_estimate": 11,
        "area_sqm_declared": 2670.799
      },
      "geometry": {
        "type": "Polygon",
        "coordinates": [
          [
            [
              116.343102,
              40.002479
            ],
            [
              116.343665,
              40.002482
            ],
            [
              116.343661,
              40.002982
            ],
            [
              116.343097,
              40.002979
            ],
            [
              116.343102,
              40.002479
            ]
          ]
        ]
      }
    },
    {
      "type": "Feature",
      "id": "BLDG-036",
      "properties": {
        "id": "BLDG-036",
        "layer": "BUILDING_FOOTPRINT",
        "source_type": "agent_generated_design",
        "confidence": "medium",
        "geometry_role": "design_proposal",
        "building_type": "ai_r_and_d",
        "name_zh": "AI研发与创新办公建筑群",
        "building_status": "concept_retain_renovate",
        "floors_estimate": 10,
        "area_sqm_declared": 2736.489
      },
      "geometry": {
        "type": "Polygon",
        "coordinates": [
          [
            [
              116.343106,
              40.003118
            ],
            [
              116.343648,
              40.003121
            ],
            [
              116.343643,
              40.003654
            ],
            [
              116.343102,
              40.003651
            ],
            [
              116.343106,
              40.003118
            ]
          ]
        ]
      }
    },
    {
      "type": "Feature",
      "id": "BLDG-037",
      "properties": {
        "id": "BLDG-037",
        "layer": "BUILDING_FOOTPRINT",
        "source_type": "agent_generated_design",
        "confidence": "medium",
        "geometry_role": "design_proposal",
        "building_type": "ai_r_and_d",
        "name_zh": "AI研发与创新办公建筑群",
        "building_status": "concept_retain_renovate",
        "floors_estimate": 9,
        "area_sqm_declared": 2408.984
      },
      "geometry": {
        "type": "Polygon",
        "coordinates": [
          [
            [
              116.343101,
              40.003804
            ],
            [
              116.34364,
              40.003807
            ],
            [
              116.343636,
              40.004278
            ],
            [
              116.343097,
              40.004275
            ],
            [
              116.343101,
              40.003804
            ]
          ]
        ]
      }
    },
    {
      "type": "Feature",
      "id": "BLDG-038",
      "properties": {
        "id": "BLDG-038",
        "layer": "BUILDING_FOOTPRINT",
        "source_type": "agent_generated_design",
        "confidence": "medium",
        "geometry_role": "design_proposal",
        "building_type": "ai_r_and_d",
        "name_zh": "AI研发与创新办公建筑群",
        "building_status": "concept_retain_renovate",
        "floors_estimate": 7,
        "area_sqm_declared": 2834.531
      },
      "geometry": {
        "type": "Polygon",
        "coordinates": [
          [
            [
              116.343055,
              40.004453
            ],
            [
              116.343674,
              40.004457
            ],
            [
              116.343669,
              40.004941
            ],
            [
              116.343051,
              40.004937
            ],
            [
              116.343055,
              40.004453
            ]
          ]
        ]
      }
    },
    {
      "type": "Feature",
      "id": "BLDG-039",
      "properties": {
        "id": "BLDG-039",
        "layer": "BUILDING_FOOTPRINT",
        "source_type": "agent_generated_design",
        "confidence": "medium",
        "geometry_role": "design_proposal",
        "building_type": "ai_r_and_d",
        "name_zh": "AI研发与创新办公建筑群",
        "building_status": "concept_retain_renovate",
        "floors_estimate": 8,
        "area_sqm_declared": 2442.934
      },
      "geometry": {
        "type": "Polygon",
        "coordinates": [
          [
            [
              116.343054,
              40.005139
            ],
            [
              116.343662,
              40.005143
            ],
            [
              116.343658,
              40.005566
            ],
            [
              116.34305,
              40.005563
            ],
            [
              116.343054,
              40.005139
            ]
          ]
        ]
      }
    },
    {
      "type": "Feature",
      "id": "BLDG-040",
      "properties": {
        "id": "BLDG-040",
        "layer": "BUILDING_FOOTPRINT",
        "source_type": "agent_generated_design",
        "confidence": "medium",
        "geometry_role": "design_proposal",
        "building_type": "ai_r_and_d",
        "name_zh": "AI研发与创新办公建筑群",
        "building_status": "concept_retain_renovate",
        "floors_estimate": 7,
        "area_sqm_declared": 2707.453
      },
      "geometry": {
        "type": "Polygon",
        "coordinates": [
          [
            [
              116.343055,
              40.006416
            ],
            [
              116.343637,
              40.00642
            ],
            [
              116.343632,
              40.006911
            ],
            [
              116.34305,
              40.006908
            ],
            [
              116.343055,
              40.006416
            ]
          ]
        ]
      }
    },
    {
      "type": "Feature",
      "id": "BLDG-041",
      "properties": {
        "id": "BLDG-041",
        "layer": "BUILDING_FOOTPRINT",
        "source_type": "agent_generated_design",
        "confidence": "medium",
        "geometry_role": "design_proposal",
        "building_type": "ai_r_and_d",
        "name_zh": "AI研发与创新办公建筑群",
        "building_status": "concept_retain_renovate",
        "floors_estimate": 13,
        "area_sqm_declared": 2689.998
      },
      "geometry": {
        "type": "Polygon",
        "coordinates": [
          [
            [
              116.343074,
              40.007051
            ],
            [
              116.343605,
              40.007054
            ],
            [
              116.3436,
              40.007588
            ],
            [
              116.343069,
              40.007585
            ],
            [
              116.343074,
              40.007051
            ]
          ]
        ]
      }
    },
    {
      "type": "Feature",
      "id": "BLDG-042",
      "properties": {
        "id": "BLDG-042",
        "layer": "BUILDING_FOOTPRINT",
        "source_type": "agent_generated_design",
        "confidence": "medium",
        "geometry_role": "design_proposal",
        "building_type": "incubator",
        "name_zh": "AI研发与创新办公建筑群",
        "building_status": "concept_retain_renovate",
        "floors_estimate": 11,
        "area_sqm_declared": 1940.922
      },
      "geometry": {
        "type": "Polygon",
        "coordinates": [
          [
            [
              116.343072,
              40.008428
            ],
            [
              116.343581,
              40.008431
            ],
            [
              116.343577,
              40.008833
            ],
            [
              116.343068,
              40.00883
            ],
            [
              116.343072,
              40.008428
            ]
          ]
        ]
      }
    },
    {
      "type": "Feature",
      "id": "BLDG-043",
      "properties": {
        "id": "BLDG-043",
        "layer": "BUILDING_FOOTPRINT",
        "source_type": "agent_generated_design",
        "confidence": "medium",
        "geometry_role": "design_proposal",
        "building_type": "ai_r_and_d",
        "name_zh": "AI研发与创新办公建筑群",
        "building_status": "concept_retain_renovate",
        "floors_estimate": 12,
        "area_sqm_declared": 2184.821
      },
      "geometry": {
        "type": "Polygon",
        "coordinates": [
          [
            [
              116.343058,
              40.011015
            ],
            [
              116.343545,
              40.011018
            ],
            [
              116.343541,
              40.011491
            ],
            [
              116.343053,
              40.011488
            ],
            [
              116.343058,
              40.011015
            ]
          ]
        ]
      }
    },
    {
      "type": "Feature",
      "id": "BLDG-044",
      "properties": {
        "id": "BLDG-044",
        "layer": "BUILDING_FOOTPRINT",
        "source_type": "agent_generated_design",
        "confidence": "medium",
        "geometry_role": "design_proposal",
        "building_type": "ai_r_and_d",
        "name_zh": "AI研发与创新办公建筑群",
        "building_status": "concept_retain_renovate",
        "floors_estimate": 12,
        "area_sqm_declared": 2331.838
      },
      "geometry": {
        "type": "Polygon",
        "coordinates": [
          [
            [
              116.343058,
              40.012297
            ],
            [
              116.34352,
              40.012299
            ],
            [
              116.343515,
              40.012832
            ],
            [
              116.343054,
              40.01283
            ],
            [
              116.343058,
              40.012297
            ]
          ]
        ]
      }
    },
    {
      "type": "Feature",
      "id": "BLDG-045",
      "properties": {
        "id": "BLDG-045",
        "layer": "BUILDING_FOOTPRINT",
        "source_type": "agent_generated_design",
        "confidence": "medium",
        "geometry_role": "design_proposal",
        "building_type": "incubator",
        "name_zh": "AI研发与创新办公建筑群",
        "building_status": "concept_retain_renovate",
        "floors_estimate": 12,
        "area_sqm_declared": 2224.479
      },
      "geometry": {
        "type": "Polygon",
        "coordinates": [
          [
            [
              116.343894,
              39.999241
            ],
            [
              116.344443,
              39.999244
            ],
            [
              116.344439,
              39.999672
            ],
            [
              116.34389,
              39.999669
            ],
            [
              116.343894,
              39.999241
            ]
          ]
        ]
      }
    },
    {
      "type": "Feature",
      "id": "BLDG-046",
      "properties": {
        "id": "BLDG-046",
        "layer": "BUILDING_FOOTPRINT",
        "source_type": "agent_generated_design",
        "confidence": "medium",
        "geometry_role": "design_proposal",
        "building_type": "ai_r_and_d",
        "name_zh": "AI研发与创新办公建筑群",
        "building_status": "concept_retain_renovate",
        "floors_estimate": 11,
        "area_sqm_declared": 2244.634
      },
      "geometry": {
        "type": "Polygon",
        "coordinates": [
          [
            [
              116.343924,
              39.999863
            ],
            [
              116.344402,
              39.999866
            ],
            [
              116.344396,
              40.000361
            ],
            [
              116.343919,
              40.000358
            ],
            [
              116.343924,
              39.999863
            ]
          ]
        ]
      }
    },
    {
      "type": "Feature",
      "id": "BLDG-047",
      "properties": {
        "id": "BLDG-047",
        "layer": "BUILDING_FOOTPRINT",
        "source_type": "agent_generated_design",
        "confidence": "medium",
        "geometry_role": "design_proposal",
        "building_type": "ai_r_and_d",
        "name_zh": "AI研发与创新办公建筑群",
        "building_status": "concept_retain_renovate",
        "floors_estimate": 8,
        "area_sqm_declared": 1856.44
      },
      "geometry": {
        "type": "Polygon",
        "coordinates": [
          [
            [
              116.343921,
              40.000558
            ],
            [
              116.344391,
              40.000561
            ],
            [
              116.344387,
              40.000977
            ],
            [
              116.343917,
              40.000974
            ],
            [
              116.343921,
              40.000558
            ]
          ]
        ]
      }
    },
    {
      "type": "Feature",
      "id": "BLDG-048",
      "properties": {
        "id": "BLDG-048",
        "layer": "BUILDING_FOOTPRINT",
        "source_type": "agent_generated_design",
        "confidence": "medium",
        "geometry_role": "design_proposal",
        "building_type": "ai_r_and_d",
        "name_zh": "AI研发与创新办公建筑群",
        "building_status": "concept_retain_renovate",
        "floors_estimate": 12,
        "area_sqm_declared": 2458.313
      },
      "geometry": {
        "type": "Polygon",
        "coordinates": [
          [
            [
              116.343889,
              40.001173
            ],
            [
              116.344411,
              40.001176
            ],
            [
              116.344406,
              40.001673
            ],
            [
              116.343885,
              40.00167
            ],
            [
              116.343889,
              40.001173
            ]
          ]
        ]
      }
    },
    {
      "type": "Feature",
      "id": "BLDG-049",
      "properties": {
        "id": "BLDG-049",
        "layer": "BUILDING_FOOTPRINT",
        "source_type": "agent_generated_design",
        "confidence": "medium",
        "geometry_role": "design_proposal",
        "building_type": "ai_r_and_d",
        "name_zh": "AI研发与创新办公建筑群",
        "building_status": "concept_retain_renovate",
        "floors_estimate": 9,
        "area_sqm_declared": 2065.446
      },
      "geometry": {
        "type": "Polygon",
        "coordinates": [
          [
            [
              116.343886,
              40.001866
            ],
            [
              116.344401,
              40.001869
            ],
            [
              116.344397,
              40.002292
            ],
            [
              116.343882,
              40.002289
            ],
            [
              116.343886,
              40.001866
            ]
          ]
        ]
      }
    },
    {
      "type": "Feature",
      "id": "BLDG-050",
      "properties": {
        "id": "BLDG-050",
        "layer": "BUILDING_FOOTPRINT",
        "source_type": "agent_generated_design",
        "confidence": "medium",
        "geometry_role": "design_proposal",
        "building_type": "lab",
        "name_zh": "AI研发与创新办公建筑群",
        "building_status": "concept_retain_renovate",
        "floors_estimate": 7,
        "area_sqm_declared": 2336.221
      },
      "geometry": {
        "type": "Polygon",
        "coordinates": [
          [
            [
              116.343859,
              40.002512
            ],
            [
              116.344415,
              40.002515
            ],
            [
              116.344411,
              40.002957
            ],
            [
              116.343855,
              40.002954
            ],
            [
              116.343859,
              40.002512
            ]
          ]
        ]
      }
    },
    {
      "type": "Feature",
      "id": "BLDG-051",
      "properties": {
        "id": "BLDG-051",
        "layer": "BUILDING_FOOTPRINT",
        "source_type": "agent_generated_design",
        "confidence": "medium",
        "geometry_role": "design_proposal",
        "building_type": "ai_r_and_d",
        "name_zh": "AI研发与创新办公建筑群",
        "building_status": "concept_retain_renovate",
        "floors_estimate": 12,
        "area_sqm_declared": 2409.801
      },
      "geometry": {
        "type": "Polygon",
        "coordinates": [
          [
            [
              116.343885,
              40.003131
            ],
            [
              116.344378,
              40.003133
            ],
            [
              116.344373,
              40.00365
            ],
            [
              116.34388,
              40.003647
            ],
            [
              116.343885,
              40.003131
            ]
          ]
        ]
      }
    },
    {
      "type": "Feature",
      "id": "BLDG-052",
      "properties": {
        "id": "BLDG-052",
        "layer": "BUILDING_FOOTPRINT",
        "source_type": "agent_generated_design",
        "confidence": "medium",
        "geometry_role": "design_proposal",
        "building_type": "ai_r_and_d",
        "name_zh": "AI研发与创新办公建筑群",
        "building_status": "concept_retain_renovate",
        "floors_estimate": 9,
        "area_sqm_declared": 2929.776
      },
      "geometry": {
        "type": "Polygon",
        "coordinates": [
          [
            [
              116.343821,
              40.00379
            ],
            [
              116.344429,
              40.003793
            ],
            [
              116.344425,
              40.004301
            ],
            [
              116.343816,
              40.004298
            ],
            [
              116.343821,
              40.00379
            ]
          ]
        ]
      }
    },
    {
      "type": "Feature",
      "id": "BLDG-053",
      "properties": {
        "id": "BLDG-053",
        "layer": "BUILDING_FOOTPRINT",
        "source_type": "agent_generated_design",
        "confidence": "medium",
        "geometry_role": "design_proposal",
        "building_type": "ai_r_and_d",
        "name_zh": "AI研发与创新办公建筑群",
        "building_status": "concept_retain_renovate",
        "floors_estimate": 6,
        "area_sqm_declared": 2017.427
      },
      "geometry": {
        "type": "Polygon",
        "coordinates": [
          [
            [
              116.343877,
              40.00448
            ],
            [
              116.34436,
              40.004483
            ],
            [
              116.344356,
              40.004923
            ],
            [
              116.343872,
              40.00492
            ],
            [
              116.343877,
              40.00448
            ]
          ]
        ]
      }
    },
    {
      "type": "Feature",
      "id": "BLDG-054",
      "properties": {
        "id": "BLDG-054",
        "layer": "BUILDING_FOOTPRINT",
        "source_type": "agent_generated_design",
        "confidence": "medium",
        "geometry_role": "design_proposal",
        "building_type": "lab",
        "name_zh": "AI研发与创新办公建筑群",
        "building_status": "concept_retain_renovate",
        "floors_estimate": 11,
        "area_sqm_declared": 2131.808
      },
      "geometry": {
        "type": "Polygon",
        "coordinates": [
          [
            [
              116.343849,
              40.005793
            ],
            [
              116.344363,
              40.005795
            ],
            [
              116.344359,
              40.006232
            ],
            [
              116.343845,
              40.00623
            ],
            [
              116.343849,
              40.005793
            ]
          ]
        ]
      }
    },
    {
      "type": "Feature",
      "id": "BLDG-055",
      "properties": {
        "id": "BLDG-055",
        "layer": "BUILDING_FOOTPRINT",
        "source_type": "agent_generated_design",
        "confidence": "medium",
        "geometry_role": "design_proposal",
        "building_type": "lab",
        "name_zh": "AI研发与创新办公建筑群",
        "building_status": "concept_retain_renovate",
        "floors_estimate": 13,
        "area_sqm_declared": 2372.708
      },
      "geometry": {
        "type": "Polygon",
        "coordinates": [
          [
            [
              116.34381,
              40.00645
            ],
            [
              116.344389,
              40.006453
            ],
            [
              116.344385,
              40.006886
            ],
            [
              116.343806,
              40.006883
            ],
            [
              116.34381,
              40.00645
            ]
          ]
        ]
      }
    },
    {
      "type": "Feature",
      "id": "BLDG-056",
      "properties": {
        "id": "BLDG-056",
        "layer": "BUILDING_FOOTPRINT",
        "source_type": "agent_generated_design",
        "confidence": "medium",
        "geometry_role": "design_proposal",
        "building_type": "ai_r_and_d",
        "name_zh": "AI研发与创新办公建筑群",
        "building_status": "concept_retain_renovate",
        "floors_estimate": 13,
        "area_sqm_declared": 2393.533
      },
      "geometry": {
        "type": "Polygon",
        "coordinates": [
          [
            [
              116.343831,
              40.007082
            ],
            [
              116.344356,
              40.007085
            ],
            [
              116.344352,
              40.007565
            ],
            [
              116.343826,
              40.007562
            ],
            [
              116.343831,
              40.007082
            ]
          ]
        ]
      }
    },
    {
      "type": "Feature",
      "id": "BLDG-057",
      "properties": {
        "id": "BLDG-057",
        "layer": "BUILDING_FOOTPRINT",
        "source_type": "agent_generated_design",
        "confidence": "medium",
        "geometry_role": "design_proposal",
        "building_type": "ai_r_and_d",
        "name_zh": "AI研发与创新办公建筑群",
        "building_status": "concept_retain_renovate",
        "floors_estimate": 10,
        "area_sqm_declared": 2018.593
      },
      "geometry": {
        "type": "Polygon",
        "coordinates": [
          [
            [
              116.343831,
              40.00777
            ],
            [
              116.344343,
              40.007773
            ],
            [
              116.344339,
              40.008189
            ],
            [
              116.343827,
              40.008186
            ],
            [
              116.343831,
              40.00777
            ]
          ]
        ]
      }
    },
    {
      "type": "Feature",
      "id": "BLDG-058",
      "properties": {
        "id": "BLDG-058",
        "layer": "BUILDING_FOOTPRINT",
        "source_type": "agent_generated_design",
        "confidence": "medium",
        "geometry_role": "design_proposal",
        "building_type": "incubator",
        "name_zh": "AI研发与创新办公建筑群",
        "building_status": "concept_retain_renovate",
        "floors_estimate": 7,
        "area_sqm_declared": 2835.893
      },
      "geometry": {
        "type": "Polygon",
        "coordinates": [
          [
            [
              116.343777,
              40.008387
            ],
            [
              116.344385,
              40.00839
            ],
            [
              116.34438,
              40.008883
            ],
            [
              116.343773,
              40.008879
            ],
            [
              116.343777,
              40.008387
            ]
          ]
        ]
      }
    },
    {
      "type": "Feature",
      "id": "BLDG-059",
      "properties": {
        "id": "BLDG-059",
        "layer": "BUILDING_FOOTPRINT",
        "source_type": "agent_generated_design",
        "confidence": "medium",
        "geometry_role": "design_proposal",
        "building_type": "ai_r_and_d",
        "name_zh": "AI研发与创新办公建筑群",
        "building_status": "concept_retain_renovate",
        "floors_estimate": 13,
        "area_sqm_declared": 2534.388
      },
      "geometry": {
        "type": "Polygon",
        "coordinates": [
          [
            [
              116.343808,
              40.009038
            ],
            [
              116.344342,
              40.009042
            ],
            [
              116.344337,
              40.009543
            ],
            [
              116.343803,
              40.009539
            ],
            [
              116.343808,
              40.009038
            ]
          ]
        ]
      }
    },
    {
      "type": "Feature",
      "id": "BLDG-060",
      "properties": {
        "id": "BLDG-060",
        "layer": "BUILDING_FOOTPRINT",
        "source_type": "agent_generated_design",
        "confidence": "medium",
        "geometry_role": "design_proposal",
        "building_type": "incubator",
        "name_zh": "AI研发与创新办公建筑群",
        "building_status": "concept_retain_renovate",
        "floors_estimate": 7,
        "area_sqm_declared": 2135.827
      },
      "geometry": {
        "type": "Polygon",
        "coordinates": [
          [
            [
              116.343824,
              40.009714
            ],
            [
              116.344313,
              40.009717
            ],
            [
              116.344308,
              40.010178
            ],
            [
              116.34382,
              40.010175
            ],
            [
              116.343824,
              40.009714
            ]
          ]
        ]
      }
    },
    {
      "type": "Feature",
      "id": "BLDG-061",
      "properties": {
        "id": "BLDG-061",
        "layer": "BUILDING_FOOTPRINT",
        "source_type": "agent_generated_design",
        "confidence": "medium",
        "geometry_role": "design_proposal",
        "building_type": "ai_r_and_d",
        "name_zh": "AI研发与创新办公建筑群",
        "building_status": "concept_retain_renovate",
        "floors_estimate": 7,
        "area_sqm_declared": 1955.287
      },
      "geometry": {
        "type": "Polygon",
        "coordinates": [
          [
            [
              116.348751,
              39.999225
            ],
            [
              116.34922,
              39.999228
            ],
            [
              116.349216,
              39.999667
            ],
            [
              116.348747,
              39.999665
            ],
            [
              116.348751,
              39.999225
            ]
          ]
        ]
      }
    },
    {
      "type": "Feature",
      "id": "BLDG-062",
      "properties": {
        "id": "BLDG-062",
        "layer": "BUILDING_FOOTPRINT",
        "source_type": "agent_generated_design",
        "confidence": "medium",
        "geometry_role": "design_proposal",
        "building_type": "ai_r_and_d",
        "name_zh": "AI研发与创新办公建筑群",
        "building_status": "concept_retain_renovate",
        "floors_estimate": 14,
        "area_sqm_declared": 2709.599
      },
      "geometry": {
        "type": "Polygon",
        "coordinates": [
          [
            [
              116.34867,
              40.00052
            ],
            [
              116.349277,
              40.000524
            ],
            [
              116.349273,
              40.000994
            ],
            [
              116.348665,
              40.000991
            ],
            [
              116.34867,
              40.00052
            ]
          ]
        ]
      }
    },
    {
      "type": "Feature",
      "id": "BLDG-063",
      "properties": {
        "id": "BLDG-063",
        "layer": "BUILDING_FOOTPRINT",
        "source_type": "agent_generated_design",
        "confidence": "medium",
        "geometry_role": "design_proposal",
        "building_type": "ai_r_and_d",
        "name_zh": "AI研发与创新办公建筑群",
        "building_status": "concept_retain_renovate",
        "floors_estimate": 9,
        "area_sqm_declared": 2682.048
      },
      "geometry": {
        "type": "Polygon",
        "coordinates": [
          [
            [
              116.348661,
              40.00118
            ],
            [
              116.349273,
              40.001184
            ],
            [
              116.349269,
              40.001645
            ],
            [
              116.348657,
              40.001642
            ],
            [
              116.348661,
              40.00118
            ]
          ]
        ]
      }
    },
    {
      "type": "Feature",
      "id": "BLDG-064",
      "properties": {
        "id": "BLDG-064",
        "layer": "BUILDING_FOOTPRINT",
        "source_type": "agent_generated_design",
        "confidence": "medium",
        "geometry_role": "design_proposal",
        "building_type": "ai_r_and_d",
        "name_zh": "AI研发与创新办公建筑群",
        "building_status": "concept_retain_renovate",
        "floors_estimate": 12,
        "area_sqm_declared": 2417.283
      },
      "geometry": {
        "type": "Polygon",
        "coordinates": [
          [
            [
              116.348653,
              40.002511
            ],
            [
              116.349255,
              40.002514
            ],
            [
              116.349252,
              40.002937
            ],
            [
              116.34865,
              40.002934
            ],
            [
              116.348653,
              40.002511
            ]
          ]
        ]
      }
    },
    {
      "type": "Feature",
      "id": "BLDG-065",
      "properties": {
        "id": "BLDG-065",
        "layer": "BUILDING_FOOTPRINT",
        "source_type": "agent_generated_design",
        "confidence": "medium",
        "geometry_role": "design_proposal",
        "building_type": "incubator",
        "name_zh": "AI研发与创新办公建筑群",
        "building_status": "concept_retain_renovate",
        "floors_estimate": 13,
        "area_sqm_declared": 2678.241
      },
      "geometry": {
        "type": "Polygon",
        "coordinates": [
          [
            [
              116.348665,
              40.003129
            ],
            [
              116.349232,
              40.003132
            ],
            [
              116.349227,
              40.00363
            ],
            [
              116.34866,
              40.003627
            ],
            [
              116.348665,
              40.003129
            ]
          ]
        ]
      }
    },
    {
      "type": "Feature",
      "id": "BLDG-066",
      "properties": {
        "id": "BLDG-066",
        "layer": "BUILDING_FOOTPRINT",
        "source_type": "agent_generated_design",
        "confidence": "medium",
        "geometry_role": "design_proposal",
        "building_type": "ai_r_and_d",
        "name_zh": "AI研发与创新办公建筑群",
        "building_status": "concept_retain_renovate",
        "floors_estimate": 7,
        "area_sqm_declared": 2656.339
      },
      "geometry": {
        "type": "Polygon",
        "coordinates": [
          [
            [
              116.34868,
              40.003767
            ],
            [
              116.349205,
              40.00377
            ],
            [
              116.3492,
              40.004303
            ],
            [
              116.348675,
              40.004301
            ],
            [
              116.34868,
              40.003767
            ]
          ]
        ]
      }
    },
    {
      "type": "Feature",
      "id": "BLDG-067",
      "properties": {
        "id": "BLDG-067",
        "layer": "BUILDING_FOOTPRINT",
        "source_type": "agent_generated_design",
        "confidence": "medium",
        "geometry_role": "design_proposal",
        "building_type": "ai_r_and_d",
        "name_zh": "AI研发与创新办公建筑群",
        "building_status": "concept_retain_renovate",
        "floors_estimate": 10,
        "area_sqm_declared": 2429.569
      },
      "geometry": {
        "type": "Polygon",
        "coordinates": [
          [
            [
              116.348631,
              40.00513
            ],
            [
              116.349229,
              40.005134
            ],
            [
              116.349224,
              40.005563
            ],
            [
              116.348627,
              40.005559
            ],
            [
              116.348631,
              40.00513
            ]
          ]
        ]
      }
    },
    {
      "type": "Feature",
      "id": "BLDG-068",
      "properties": {
        "id": "BLDG-068",
        "layer": "BUILDING_FOOTPRINT",
        "source_type": "agent_generated_design",
        "confidence": "medium",
        "geometry_role": "design_proposal",
        "building_type": "ai_r_and_d",
        "name_zh": "AI研发与创新办公建筑群",
        "building_status": "concept_retain_renovate",
        "floors_estimate": 12,
        "area_sqm_declared": 2217.36
      },
      "geometry": {
        "type": "Polygon",
        "coordinates": [
          [
            [
              116.348668,
              40.006422
            ],
            [
              116.349167,
              40.006425
            ],
            [
              116.349163,
              40.006893
            ],
            [
              116.348664,
              40.006891
            ],
            [
              116.348668,
              40.006422
            ]
          ]
        ]
      }
    },
    {
      "type": "Feature",
      "id": "BLDG-069",
      "properties": {
        "id": "BLDG-069",
        "layer": "BUILDING_FOOTPRINT",
        "source_type": "agent_generated_design",
        "confidence": "medium",
        "geometry_role": "design_proposal",
        "building_type": "lab",
        "name_zh": "AI研发与创新办公建筑群",
        "building_status": "concept_retain_renovate",
        "floors_estimate": 9,
        "area_sqm_declared": 2363.386
      },
      "geometry": {
        "type": "Polygon",
        "coordinates": [
          [
            [
              116.348677,
              40.007047
            ],
            [
              116.349146,
              40.007049
            ],
            [
              116.349141,
              40.00758
            ],
            [
              116.348671,
              40.007577
            ],
            [
              116.348677,
              40.007047
            ]
          ]
        ]
      }
    },
    {
      "type": "Feature",
      "id": "BLDG-070",
      "properties": {
        "id": "BLDG-070",
        "layer": "BUILDING_FOOTPRINT",
        "source_type": "agent_generated_design",
        "confidence": "medium",
        "geometry_role": "design_proposal",
        "building_type": "ai_r_and_d",
        "name_zh": "AI研发与创新办公建筑群",
        "building_status": "concept_retain_renovate",
        "floors_estimate": 14,
        "area_sqm_declared": 2335.415
      },
      "geometry": {
        "type": "Polygon",
        "coordinates": [
          [
            [
              116.348641,
              40.007734
            ],
            [
              116.349168,
              40.007737
            ],
            [
              116.349164,
              40.008204
            ],
            [
              116.348637,
              40.008201
            ],
            [
              116.348641,
              40.007734
            ]
          ]
        ]
      }
    },
    {
      "type": "Feature",
      "id": "BLDG-071",
      "properties": {
        "id": "BLDG-071",
        "layer": "BUILDING_FOOTPRINT",
        "source_type": "agent_generated_design",
        "confidence": "medium",
        "geometry_role": "design_proposal",
        "building_type": "ai_r_and_d",
        "name_zh": "AI研发与创新办公建筑群",
        "building_status": "concept_retain_renovate",
        "floors_estimate": 11,
        "area_sqm_declared": 2550.972
      },
      "geometry": {
        "type": "Polygon",
        "coordinates": [
          [
            [
              116.348642,
              40.008361
            ],
            [
              116.349156,
              40.008364
            ],
            [
              116.349151,
              40.008888
            ],
            [
              116.348637,
              40.008885
            ],
            [
              116.348642,
              40.008361
            ]
          ]
        ]
      }
    },
    {
      "type": "Feature",
      "id": "BLDG-072",
      "properties": {
        "id": "BLDG-072",
        "layer": "BUILDING_FOOTPRINT",
        "source_type": "agent_generated_design",
        "confidence": "medium",
        "geometry_role": "design_proposal",
        "building_type": "lab",
        "name_zh": "AI研发与创新办公建筑群",
        "building_status": "concept_retain_renovate",
        "floors_estimate": 7,
        "area_sqm_declared": 2456.34
      },
      "geometry": {
        "type": "Polygon",
        "coordinates": [
          [
            [
              116.34862,
              40.009692
            ],
            [
              116.349153,
              40.009695
            ],
            [
              116.349148,
              40.01018
            ],
            [
              116.348615,
              40.010177
            ],
            [
              116.34862,
              40.009692
            ]
          ]
        ]
      }
    },
    {
      "type": "Feature",
      "id": "BLDG-073",
      "properties": {
        "id": "BLDG-073",
        "layer": "BUILDING_FOOTPRINT",
        "source_type": "agent_generated_design",
        "confidence": "medium",
        "geometry_role": "design_proposal",
        "building_type": "ai_r_and_d",
        "name_zh": "AI研发与创新办公建筑群",
        "building_status": "concept_retain_renovate",
        "floors_estimate": 11,
        "area_sqm_declared": 2393.866
      },
      "geometry": {
        "type": "Polygon",
        "coordinates": [
          [
            [
              116.348623,
              40.010345
            ],
            [
              116.349138,
              40.010348
            ],
            [
              116.349133,
              40.010838
            ],
            [
              116.348618,
              40.010835
            ],
            [
              116.348623,
              40.010345
            ]
          ]
        ]
      }
    },
    {
      "type": "Feature",
      "id": "BLDG-074",
      "properties": {
        "id": "BLDG-074",
        "layer": "BUILDING_FOOTPRINT",
        "source_type": "agent_generated_design",
        "confidence": "medium",
        "geometry_role": "design_proposal",
        "building_type": "ai_r_and_d",
        "name_zh": "AI研发与创新办公建筑群",
        "building_status": "concept_retain_renovate",
        "floors_estimate": 9,
        "area_sqm_declared": 2136.823
      },
      "geometry": {
        "type": "Polygon",
        "coordinates": [
          [
            [
              116.348622,
              40.011671
            ],
            [
              116.349113,
              40.011674
            ],
            [
              116.349108,
              40.012134
            ],
            [
              116.348618,
              40.012131
            ],
            [
              116.348622,
              40.011671
            ]
          ]
        ]
      }
    },
    {
      "type": "Feature",
      "id": "BLDG-075",
      "properties": {
        "id": "BLDG-075",
        "layer": "BUILDING_FOOTPRINT",
        "source_type": "agent_generated_design",
        "confidence": "medium",
        "geometry_role": "design_proposal",
        "building_type": "ai_r_and_d",
        "name_zh": "AI研发与创新办公建筑群",
        "building_status": "concept_retain_renovate",
        "floors_estimate": 10,
        "area_sqm_declared": 2192.426
      },
      "geometry": {
        "type": "Polygon",
        "coordinates": [
          [
            [
              116.349506,
              39.999202
            ],
            [
              116.349974,
              39.999204
            ],
            [
              116.349969,
              39.999699
            ],
            [
              116.349501,
              39.999696
            ],
            [
              116.349506,
              39.999202
            ]
          ]
        ]
      }
    },
    {
      "type": "Feature",
      "id": "BLDG-076",
      "properties": {
        "id": "BLDG-076",
        "layer": "BUILDING_FOOTPRINT",
        "source_type": "agent_generated_design",
        "confidence": "medium",
        "geometry_role": "design_proposal",
        "building_type": "ai_r_and_d",
        "name_zh": "AI研发与创新办公建筑群",
        "building_status": "concept_retain_renovate",
        "floors_estimate": 8,
        "area_sqm_declared": 1890.278
      },
      "geometry": {
        "type": "Polygon",
        "coordinates": [
          [
            [
              116.349487,
              40.001203
            ],
            [
              116.349955,
              40.001206
            ],
            [
              116.349951,
              40.001631
            ],
            [
              116.349483,
              40.001629
            ],
            [
              116.349487,
              40.001203
            ]
          ]
        ]
      }
    },
    {
      "type": "Feature",
      "id": "BLDG-077",
      "properties": {
        "id": "BLDG-077",
        "layer": "BUILDING_FOOTPRINT",
        "source_type": "agent_generated_design",
        "confidence": "medium",
        "geometry_role": "design_proposal",
        "building_type": "ai_r_and_d",
        "name_zh": "AI研发与创新办公建筑群",
        "building_status": "concept_retain_renovate",
        "floors_estimate": 8,
        "area_sqm_declared": 2988.932
      },
      "geometry": {
        "type": "Polygon",
        "coordinates": [
          [
            [
              116.3494,
              40.002471
            ],
            [
              116.350018,
              40.002475
            ],
            [
              116.350013,
              40.002985
            ],
            [
              116.349396,
              40.002982
            ],
            [
              116.3494,
              40.002471
            ]
          ]
        ]
      }
    },
    {
      "type": "Feature",
      "id": "BLDG-078",
      "properties": {
        "id": "BLDG-078",
        "layer": "BUILDING_FOOTPRINT",
        "source_type": "agent_generated_design",
        "confidence": "medium",
        "geometry_role": "design_proposal",
        "building_type": "incubator",
        "name_zh": "AI研发与创新办公建筑群",
        "building_status": "concept_retain_renovate",
        "floors_estimate": 13,
        "area_sqm_declared": 2559.786
      },
      "geometry": {
        "type": "Polygon",
        "coordinates": [
          [
            [
              116.349423,
              40.003141
            ],
            [
              116.349981,
              40.003143
            ],
            [
              116.349977,
              40.003627
            ],
            [
              116.349419,
              40.003624
            ],
            [
              116.349423,
              40.003141
            ]
          ]
        ]
      }
    },
    {
      "type": "Feature",
      "id": "BLDG-079",
      "properties": {
        "id": "BLDG-079",
        "layer": "BUILDING_FOOTPRINT",
        "source_type": "agent_generated_design",
        "confidence": "medium",
        "geometry_role": "design_proposal",
        "building_type": "ai_r_and_d",
        "name_zh": "AI研发与创新办公建筑群",
        "building_status": "concept_retain_renovate",
        "floors_estimate": 13,
        "area_sqm_declared": 2085.083
      },
      "geometry": {
        "type": "Polygon",
        "coordinates": [
          [
            [
              116.349454,
              40.003811
            ],
            [
              116.349939,
              40.003814
            ],
            [
              116.349934,
              40.004268
            ],
            [
              116.349449,
              40.004265
            ],
            [
              116.349454,
              40.003811
            ]
          ]
        ]
      }
    },
    {
      "type": "Feature",
      "id": "BLDG-080",
      "properties": {
        "id": "BLDG-080",
        "layer": "BUILDING_FOOTPRINT",
        "source_type": "agent_generated_design",
        "confidence": "medium",
        "geometry_role": "design_proposal",
        "building_type": "ai_r_and_d",
        "name_zh": "AI研发与创新办公建筑群",
        "building_status": "concept_retain_renovate",
        "floors_estimate": 14,
        "area_sqm_declared": 2158.14
      },
      "geometry": {
        "type": "Polygon",
        "coordinates": [
          [
            [
              116.349455,
              40.004452
            ],
            [
              116.349925,
              40.004454
            ],
            [
              116.349921,
              40.004939
            ],
            [
              116.349451,
              40.004936
            ],
            [
              116.349455,
              40.004452
            ]
          ]
        ]
      }
    },
    {
      "type": "Feature",
      "id": "BLDG-081",
      "properties": {
        "id": "BLDG-081",
        "layer": "BUILDING_FOOTPRINT",
        "source_type": "agent_generated_design",
        "confidence": "medium",
        "geometry_role": "design_proposal",
        "building_type": "ai_r_and_d",
        "name_zh": "AI研发与创新办公建筑群",
        "building_status": "concept_retain_renovate",
        "floors_estimate": 8,
        "area_sqm_declared": 1812.775
      },
      "geometry": {
        "type": "Polygon",
        "coordinates": [
          [
            [
              116.349453,
              40.005142
            ],
            [
              116.349914,
              40.005145
            ],
            [
              116.34991,
              40.005559
            ],
            [
              116.349449,
              40.005557
            ],
            [
              116.349453,
              40.005142
            ]
          ]
        ]
      }
    },
    {
      "type": "Feature",
      "id": "BLDG-082",
      "properties": {
        "id": "BLDG-082",
        "layer": "BUILDING_FOOTPRINT",
        "source_type": "agent_generated_design",
        "confidence": "medium",
        "geometry_role": "design_proposal",
        "building_type": "ai_r_and_d",
        "name_zh": "AI研发与创新办公建筑群",
        "building_status": "concept_retain_renovate",
        "floors_estimate": 8,
        "area_sqm_declared": 2907.58
      },
      "geometry": {
        "type": "Polygon",
        "coordinates": [
          [
            [
              116.34936,
              40.007065
            ],
            [
              116.349972,
              40.007069
            ],
            [
              116.349967,
              40.00757
            ],
            [
              116.349354,
              40.007566
            ],
            [
              116.34936,
              40.007065
            ]
          ]
        ]
      }
    },
    {
      "type": "Feature",
      "id": "BLDG-083",
      "properties": {
        "id": "BLDG-083",
        "layer": "BUILDING_FOOTPRINT",
        "source_type": "agent_generated_design",
        "confidence": "medium",
        "geometry_role": "design_proposal",
        "building_type": "ai_r_and_d",
        "name_zh": "AI研发与创新办公建筑群",
        "building_status": "concept_retain_renovate",
        "floors_estimate": 10,
        "area_sqm_declared": 2866.784
      },
      "geometry": {
        "type": "Polygon",
        "coordinates": [
          [
            [
              116.349358,
              40.007721
            ],
            [
              116.349961,
              40.007725
            ],
            [
              116.349956,
              40.008225
            ],
            [
              116.349352,
              40.008222
            ],
            [
              116.349358,
              40.007721
            ]
          ]
        ]
      }
    },
    {
      "type": "Feature",
      "id": "BLDG-084",
      "properties": {
        "id": "BLDG-084",
        "layer": "BUILDING_FOOTPRINT",
        "source_type": "agent_generated_design",
        "confidence": "medium",
        "geometry_role": "design_proposal",
        "building_type": "ai_r_and_d",
        "name_zh": "AI研发与创新办公建筑群",
        "building_status": "concept_retain_renovate",
        "floors_estimate": 12,
        "area_sqm_declared": 2046.133
      },
      "geometry": {
        "type": "Polygon",
        "coordinates": [
          [
            [
              116.349397,
              40.009067
            ],
            [
              116.349896,
              40.00907
            ],
            [
              116.349892,
              40.009502
            ],
            [
              116.349393,
              40.009499
            ],
            [
              116.349397,
              40.009067
            ]
          ]
        ]
      }
    },
    {
      "type": "Feature",
      "id": "BLDG-085",
      "properties": {
        "id": "BLDG-085",
        "layer": "BUILDING_FOOTPRINT",
        "source_type": "agent_generated_design",
        "confidence": "medium",
        "geometry_role": "design_proposal",
        "building_type": "incubator",
        "name_zh": "AI研发与创新办公建筑群",
        "building_status": "concept_retain_renovate",
        "floors_estimate": 13,
        "area_sqm_declared": 2534.547
      },
      "geometry": {
        "type": "Polygon",
        "coordinates": [
          [
            [
              116.349351,
              40.009708
            ],
            [
              116.34993,
              40.009711
            ],
            [
              116.349926,
              40.010172
            ],
            [
              116.349346,
              40.010169
            ],
            [
              116.349351,
              40.009708
            ]
          ]
        ]
      }
    },
    {
      "type": "Feature",
      "id": "BLDG-086",
      "properties": {
        "id": "BLDG-086",
        "layer": "BUILDING_FOOTPRINT",
        "source_type": "agent_generated_design",
        "confidence": "medium",
        "geometry_role": "design_proposal",
        "building_type": "ai_r_and_d",
        "name_zh": "AI研发与创新办公建筑群",
        "building_status": "concept_retain_renovate",
        "floors_estimate": 12,
        "area_sqm_declared": 2045.102
      },
      "geometry": {
        "type": "Polygon",
        "coordinates": [
          [
            [
              116.349391,
              40.010373
            ],
            [
              116.349878,
              40.010376
            ],
            [
              116.349873,
              40.010819
            ],
            [
              116.349386,
              40.010816
            ],
            [
              116.349391,
              40.010373
            ]
          ]
        ]
      }
    },
    {
      "type": "Feature",
      "id": "BLDG-087",
      "properties": {
        "id": "BLDG-087",
        "layer": "BUILDING_FOOTPRINT",
        "source_type": "agent_generated_design",
        "confidence": "medium",
        "geometry_role": "design_proposal",
        "building_type": "ai_r_and_d",
        "name_zh": "AI研发与创新办公建筑群",
        "building_status": "concept_retain_renovate",
        "floors_estimate": 13,
        "area_sqm_declared": 2861.503
      },
      "geometry": {
        "type": "Polygon",
        "coordinates": [
          [
            [
              116.349343,
              40.010985
            ],
            [
              116.349914,
              40.010989
            ],
            [
              116.349909,
              40.011517
            ],
            [
              116.349337,
              40.011514
            ],
            [
              116.349343,
              40.010985
            ]
          ]
        ]
      }
    },
    {
      "type": "Feature",
      "id": "BLDG-088",
      "properties": {
        "id": "BLDG-088",
        "layer": "BUILDING_FOOTPRINT",
        "source_type": "agent_generated_design",
        "confidence": "medium",
        "geometry_role": "design_proposal",
        "building_type": "incubator",
        "name_zh": "AI研发与创新办公建筑群",
        "building_status": "concept_retain_renovate",
        "floors_estimate": 10,
        "area_sqm_declared": 2082.003
      },
      "geometry": {
        "type": "Polygon",
        "coordinates": [
          [
            [
              116.349371,
              40.012336
            ],
            [
              116.349859,
              40.012338
            ],
            [
              116.349855,
              40.012789
            ],
            [
              116.349368,
              40.012786
            ],
            [
              116.349371,
              40.012336
            ]
          ]
        ]
      }
    },
    {
      "type": "Feature",
      "id": "BLDG-089",
      "properties": {
        "id": "BLDG-089",
        "layer": "BUILDING_FOOTPRINT",
        "source_type": "agent_generated_design",
        "confidence": "medium",
        "geometry_role": "design_proposal",
        "building_type": "ai_r_and_d",
        "name_zh": "AI研发与创新办公建筑群",
        "building_status": "concept_retain_renovate",
        "floors_estimate": 14,
        "area_sqm_declared": 2159.322
      },
      "geometry": {
        "type": "Polygon",
        "coordinates": [
          [
            [
              116.34936,
              40.012988
            ],
            [
              116.349858,
              40.01299
            ],
            [
              116.349854,
              40.013448
            ],
            [
              116.349357,
              40.013446
            ],
            [
              116.34936,
              40.012988
            ]
          ]
        ]
      }
    },
    {
      "type": "Feature",
      "id": "BLDG-090",
      "properties": {
        "id": "BLDG-090",
        "layer": "BUILDING_FOOTPRINT",
        "source_type": "agent_generated_design",
        "confidence": "medium",
        "geometry_role": "design_proposal",
        "building_type": "ai_r_and_d",
        "name_zh": "AI研发与创新办公建筑群",
        "building_status": "concept_retain_renovate",
        "floors_estimate": 13,
        "area_sqm_declared": 2815.808
      },
      "geometry": {
        "type": "Polygon",
        "coordinates": [
          [
            [
              116.349318,
              40.013612
            ],
            [
              116.349889,
              40.013616
            ],
            [
              116.349884,
              40.014135
            ],
            [
              116.349312,
              40.014132
            ],
            [
              116.349318,
              40.013612
            ]
          ]
        ]
      }
    },
    {
      "type": "Feature",
      "id": "BLDG-091",
      "properties": {
        "id": "BLDG-091",
        "layer": "BUILDING_FOOTPRINT",
        "source_type": "agent_generated_design",
        "confidence": "medium",
        "geometry_role": "design_proposal",
        "building_type": "retail",
        "name_zh": "商业服务与智能消费建筑",
        "building_status": "concept_retain_renovate",
        "floors_estimate": 6,
        "area_sqm_declared": 972.901
      },
      "geometry": {
        "type": "Polygon",
        "coordinates": [
          [
            [
              116.340415,
              39.950529
            ],
            [
              116.340808,
              39.950531
            ],
            [
              116.340805,
              39.950792
            ],
            [
              116.340413,
              39.95079
            ],
            [
              116.340415,
              39.950529
            ]
          ]
        ]
      }
    },
    {
      "type": "Feature",
      "id": "BLDG-092",
      "properties": {
        "id": "BLDG-092",
        "layer": "BUILDING_FOOTPRINT",
        "source_type": "agent_generated_design",
        "confidence": "medium",
        "geometry_role": "design_proposal",
        "building_type": "retail",
        "name_zh": "商业服务与智能消费建筑",
        "building_status": "concept_retain_renovate",
        "floors_estimate": 13,
        "area_sqm_declared": 872.32
      },
      "geometry": {
        "type": "Polygon",
        "coordinates": [
          [
            [
              116.340413,
              39.95087
            ],
            [
              116.340803,
              39.950872
            ],
            [
              116.340801,
              39.951107
            ],
            [
              116.340411,
              39.951105
            ],
            [
              116.340413,
              39.95087
            ]
          ]
        ]
      }
    },
    {
      "type": "Feature",
      "id": "BLDG-093",
      "properties": {
        "id": "BLDG-093",
        "layer": "BUILDING_FOOTPRINT",
        "source_type": "agent_generated_design",
        "confidence": "medium",
        "geometry_role": "design_proposal",
        "building_type": "retail",
        "name_zh": "商业服务与智能消费建筑",
        "building_status": "concept_retain_renovate",
        "floors_estimate": 10,
        "area_sqm_declared": 1003.481
      },
      "geometry": {
        "type": "Polygon",
        "coordinates": [
          [
            [
              116.340379,
              39.951198
            ],
            [
              116.340831,
              39.951201
            ],
            [
              116.340829,
              39.951435
            ],
            [
              116.340377,
              39.951432
            ],
            [
              116.340379,
              39.951198
            ]
          ]
        ]
      }
    },
    {
      "type": "Feature",
      "id": "BLDG-094",
      "properties": {
        "id": "BLDG-094",
        "layer": "BUILDING_FOOTPRINT",
        "source_type": "agent_generated_design",
        "confidence": "medium",
        "geometry_role": "design_proposal",
        "building_type": "retail",
        "name_zh": "商业服务与智能消费建筑",
        "building_status": "concept_retain_renovate",
        "floors_estimate": 9,
        "area_sqm_declared": 1131.152
      },
      "geometry": {
        "type": "Polygon",
        "coordinates": [
          [
            [
              116.340356,
              39.951521
            ],
            [
              116.340847,
              39.951524
            ],
            [
              116.340845,
              39.951767
            ],
            [
              116.340354,
              39.951764
            ],
            [
              116.340356,
              39.951521
            ]
          ]
        ]
      }
    },
    {
      "type": "Feature",
      "id": "BLDG-095",
      "properties": {
        "id": "BLDG-095",
        "layer": "BUILDING_FOOTPRINT",
        "source_type": "agent_generated_design",
        "confidence": "medium",
        "geometry_role": "design_proposal",
        "building_type": "retail",
        "name_zh": "商业服务与智能消费建筑",
        "building_status": "concept_retain_renovate",
        "floors_estimate": 9,
        "area_sqm_declared": 993.215
      },
      "geometry": {
        "type": "Polygon",
        "coordinates": [
          [
            [
              116.340378,
              39.951852
            ],
            [
              116.340819,
              39.951855
            ],
            [
              116.340817,
              39.952092
            ],
            [
              116.340376,
              39.952089
            ],
            [
              116.340378,
              39.951852
            ]
          ]
        ]
      }
    },
    {
      "type": "Feature",
      "id": "BLDG-096",
      "properties": {
        "id": "BLDG-096",
        "layer": "BUILDING_FOOTPRINT",
        "source_type": "agent_generated_design",
        "confidence": "medium",
        "geometry_role": "design_proposal",
        "building_type": "retail",
        "name_zh": "商业服务与智能消费建筑",
        "building_status": "concept_retain_renovate",
        "floors_estimate": 8,
        "area_sqm_declared": 880.57
      },
      "geometry": {
        "type": "Polygon",
        "coordinates": [
          [
            [
              116.340368,
              39.952196
            ],
            [
              116.340823,
              39.952199
            ],
            [
              116.340821,
              39.952403
            ],
            [
              116.340366,
              39.9524
            ],
            [
              116.340368,
              39.952196
            ]
          ]
        ]
      }
    },
    {
      "type": "Feature",
      "id": "BLDG-097",
      "properties": {
        "id": "BLDG-097",
        "layer": "BUILDING_FOOTPRINT",
        "source_type": "agent_generated_design",
        "confidence": "medium",
        "geometry_role": "design_proposal",
        "building_type": "retail",
        "name_zh": "商业服务与智能消费建筑",
        "building_status": "concept_retain_renovate",
        "floors_estimate": 8,
        "area_sqm_declared": 1013.742
      },
      "geometry": {
        "type": "Polygon",
        "coordinates": [
          [
            [
              116.340361,
              39.952511
            ],
            [
              116.340824,
              39.952513
            ],
            [
              116.340822,
              39.952744
            ],
            [
              116.340359,
              39.952742
            ],
            [
              116.340361,
              39.952511
            ]
          ]
        ]
      }
    },
    {
      "type": "Feature",
      "id": "BLDG-098",
      "properties": {
        "id": "BLDG-098",
        "layer": "BUILDING_FOOTPRINT",
        "source_type": "agent_generated_design",
        "confidence": "medium",
        "geometry_role": "design_proposal",
        "building_type": "retail",
        "name_zh": "商业服务与智能消费建筑",
        "building_status": "concept_retain_renovate",
        "floors_estimate": 12,
        "area_sqm_declared": 980.234
      },
      "geometry": {
        "type": "Polygon",
        "coordinates": [
          [
            [
              116.34039,
              39.952825
            ],
            [
              116.340789,
              39.952827
            ],
            [
              116.340786,
              39.953086
            ],
            [
              116.340387,
              39.953084
            ],
            [
              116.34039,
              39.952825
            ]
          ]
        ]
      }
    },
    {
      "type": "Feature",
      "id": "BLDG-099",
      "properties": {
        "id": "BLDG-099",
        "layer": "BUILDING_FOOTPRINT",
        "source_type": "agent_generated_design",
        "confidence": "medium",
        "geometry_role": "design_proposal",
        "building_type": "retail",
        "name_zh": "商业服务与智能消费建筑",
        "building_status": "concept_retain_renovate",
        "floors_estimate": 13,
        "area_sqm_declared": 917.764
      },
      "geometry": {
        "type": "Polygon",
        "coordinates": [
          [
            [
              116.340369,
              39.953171
            ],
            [
              116.340803,
              39.953173
            ],
            [
              116.340801,
              39.953396
            ],
            [
              116.340367,
              39.953393
            ],
            [
              116.340369,
              39.953171
            ]
          ]
        ]
      }
    },
    {
      "type": "Feature",
      "id": "BLDG-100",
      "properties": {
        "id": "BLDG-100",
        "layer": "BUILDING_FOOTPRINT",
        "source_type": "agent_generated_design",
        "confidence": "medium",
        "geometry_role": "design_proposal",
        "building_type": "retail",
        "name_zh": "商业服务与智能消费建筑",
        "building_status": "concept_retain_renovate",
        "floors_estimate": 6,
        "area_sqm_declared": 982.757
      },
      "geometry": {
        "type": "Polygon",
        "coordinates": [
          [
            [
              116.340356,
              39.953496
            ],
            [
              116.34081,
              39.953498
            ],
            [
              116.340808,
              39.953726
            ],
            [
              116.340354,
              39.953724
            ],
            [
              116.340356,
              39.953496
            ]
          ]
        ]
      }
    },
    {
      "type": "Feature",
      "id": "BLDG-101",
      "properties": {
        "id": "BLDG-101",
        "layer": "BUILDING_FOOTPRINT",
        "source_type": "agent_generated_design",
        "confidence": "medium",
        "geometry_role": "design_proposal",
        "building_type": "retail",
        "name_zh": "商业服务与智能消费建筑",
        "building_status": "concept_retain_renovate",
        "floors_estimate": 8,
        "area_sqm_declared": 1186.362
      },
      "geometry": {
        "type": "Polygon",
        "coordinates": [
          [
            [
              116.340336,
              39.953809
            ],
            [
              116.340824,
              39.953812
            ],
            [
              116.340821,
              39.954068
            ],
            [
              116.340334,
              39.954066
            ],
            [
              116.340336,
              39.953809
            ]
          ]
        ]
      }
    },
    {
      "type": "Feature",
      "id": "BLDG-102",
      "properties": {
        "id": "BLDG-102",
        "layer": "BUILDING_FOOTPRINT",
        "source_type": "agent_generated_design",
        "confidence": "medium",
        "geometry_role": "design_proposal",
        "building_type": "retail",
        "name_zh": "商业服务与智能消费建筑",
        "building_status": "concept_retain_renovate",
        "floors_estimate": 13,
        "area_sqm_declared": 780.352
      },
      "geometry": {
        "type": "Polygon",
        "coordinates": [
          [
            [
              116.34037,
              39.954166
            ],
            [
              116.340783,
              39.954168
            ],
            [
              116.340781,
              39.954368
            ],
            [
              116.340368,
              39.954365
            ],
            [
              116.34037,
              39.954166
            ]
          ]
        ]
      }
    },
    {
      "type": "Feature",
      "id": "BLDG-103",
      "properties": {
        "id": "BLDG-103",
        "layer": "BUILDING_FOOTPRINT",
        "source_type": "agent_generated_design",
        "confidence": "medium",
        "geometry_role": "design_proposal",
        "building_type": "retail",
        "name_zh": "商业服务与智能消费建筑",
        "building_status": "concept_retain_renovate",
        "floors_estimate": 9,
        "area_sqm_declared": 1019.497
      },
      "geometry": {
        "type": "Polygon",
        "coordinates": [
          [
            [
              116.34035,
              39.954473
            ],
            [
              116.340797,
              39.954476
            ],
            [
              116.340794,
              39.954716
            ],
            [
              116.340348,
              39.954713
            ],
            [
              116.34035,
              39.954473
            ]
          ]
        ]
      }
    },
    {
      "type": "Feature",
      "id": "BLDG-104",
      "properties": {
        "id": "BLDG-104",
        "layer": "BUILDING_FOOTPRINT",
        "source_type": "agent_generated_design",
        "confidence": "medium",
        "geometry_role": "design_proposal",
        "building_type": "retail",
        "name_zh": "商业服务与智能消费建筑",
        "building_status": "concept_retain_renovate",
        "floors_estimate": 9,
        "area_sqm_declared": 881.349
      },
      "geometry": {
        "type": "Polygon",
        "coordinates": [
          [
            [
              116.341076,
              39.943349
            ],
            [
              116.341529,
              39.943351
            ],
            [
              116.341527,
              39.943556
            ],
            [
              116.341074,
              39.943554
            ],
            [
              116.341076,
              39.943349
            ]
          ]
        ]
      }
    },
    {
      "type": "Feature",
      "id": "BLDG-105",
      "properties": {
        "id": "BLDG-105",
        "layer": "BUILDING_FOOTPRINT",
        "source_type": "agent_generated_design",
        "confidence": "medium",
        "geometry_role": "design_proposal",
        "building_type": "retail",
        "name_zh": "商业服务与智能消费建筑",
        "building_status": "concept_retain_renovate",
        "floors_estimate": 8,
        "area_sqm_declared": 1030.894
      },
      "geometry": {
        "type": "Polygon",
        "coordinates": [
          [
            [
              116.341057,
              39.943667
            ],
            [
              116.341543,
              39.94367
            ],
            [
              116.34154,
              39.943894
            ],
            [
              116.341055,
              39.943891
            ],
            [
              116.341057,
              39.943667
            ]
          ]
        ]
      }
    },
    {
      "type": "Feature",
      "id": "BLDG-106",
      "properties": {
        "id": "BLDG-106",
        "layer": "BUILDING_FOOTPRINT",
        "source_type": "agent_generated_design",
        "confidence": "medium",
        "geometry_role": "design_proposal",
        "building_type": "retail",
        "name_zh": "商业服务与智能消费建筑",
        "building_status": "concept_retain_renovate",
        "floors_estimate": 6,
        "area_sqm_declared": 817.169
      },
      "geometry": {
        "type": "Polygon",
        "coordinates": [
          [
            [
              116.341098,
              39.943999
            ],
            [
              116.341495,
              39.944001
            ],
            [
              116.341493,
              39.944218
            ],
            [
              116.341096,
              39.944215
            ],
            [
              116.341098,
              39.943999
            ]
          ]
        ]
      }
    },
    {
      "type": "Feature",
      "id": "BLDG-107",
      "properties": {
        "id": "BLDG-107",
        "layer": "BUILDING_FOOTPRINT",
        "source_type": "agent_generated_design",
        "confidence": "medium",
        "geometry_role": "design_proposal",
        "building_type": "retail",
        "name_zh": "商业服务与智能消费建筑",
        "building_status": "concept_retain_renovate",
        "floors_estimate": 14,
        "area_sqm_declared": 860.471
      },
      "geometry": {
        "type": "Polygon",
        "coordinates": [
          [
            [
              116.341068,
              39.944661
            ],
            [
              116.341513,
              39.944663
            ],
            [
              116.341511,
              39.944867
            ],
            [
              116.341066,
              39.944864
            ],
            [
              116.341068,
              39.944661
            ]
          ]
        ]
      }
    },
    {
      "type": "Feature",
      "id": "BLDG-108",
      "properties": {
        "id": "BLDG-108",
        "layer": "BUILDING_FOOTPRINT",
        "source_type": "agent_generated_design",
        "confidence": "medium",
        "geometry_role": "design_proposal",
        "building_type": "retail",
        "name_zh": "商业服务与智能消费建筑",
        "building_status": "concept_retain_renovate",
        "floors_estimate": 11,
        "area_sqm_declared": 882.009
      },
      "geometry": {
        "type": "Polygon",
        "coordinates": [
          [
            [
              116.341078,
              39.944979
            ],
            [
              116.341496,
              39.944981
            ],
            [
              116.341494,
              39.945204
            ],
            [
              116.341076,
              39.945202
            ],
            [
              116.341078,
              39.944979
            ]
          ]
        ]
      }
    },
    {
      "type": "Feature",
      "id": "BLDG-109",
      "properties": {
        "id": "BLDG-109",
        "layer": "BUILDING_FOOTPRINT",
        "source_type": "agent_generated_design",
        "confidence": "medium",
        "geometry_role": "design_proposal",
        "building_type": "retail",
        "name_zh": "商业服务与智能消费建筑",
        "building_status": "concept_retain_renovate",
        "floors_estimate": 13,
        "area_sqm_declared": 822.686
      },
      "geometry": {
        "type": "Polygon",
        "coordinates": [
          [
            [
              116.341073,
              39.945315
            ],
            [
              116.341494,
              39.945318
            ],
            [
              116.341492,
              39.945524
            ],
            [
              116.341072,
              39.945521
            ],
            [
              116.341073,
              39.945315
            ]
          ]
        ]
      }
    },
    {
      "type": "Feature",
      "id": "BLDG-110",
      "properties": {
        "id": "BLDG-110",
        "layer": "BUILDING_FOOTPRINT",
        "source_type": "agent_generated_design",
        "confidence": "medium",
        "geometry_role": "design_proposal",
        "building_type": "retail",
        "name_zh": "商业服务与智能消费建筑",
        "building_status": "concept_retain_renovate",
        "floors_estimate": 10,
        "area_sqm_declared": 983.277
      },
      "geometry": {
        "type": "Polygon",
        "coordinates": [
          [
            [
              116.341065,
              39.945626
            ],
            [
              116.341497,
              39.945628
            ],
            [
              116.341495,
              39.945868
            ],
            [
              116.341063,
              39.945866
            ],
            [
              116.341065,
              39.945626
            ]
          ]
        ]
      }
    },
    {
      "type": "Feature",
      "id": "BLDG-111",
      "properties": {
        "id": "BLDG-111",
        "layer": "BUILDING_FOOTPRINT",
        "source_type": "agent_generated_design",
        "confidence": "medium",
        "geometry_role": "design_proposal",
        "building_type": "retail",
        "name_zh": "商业服务与智能消费建筑",
        "building_status": "concept_retain_renovate",
        "floors_estimate": 7,
        "area_sqm_declared": 1077.66
      },
      "geometry": {
        "type": "Polygon",
        "coordinates": [
          [
            [
              116.341061,
              39.945943
            ],
            [
              116.341494,
              39.945945
            ],
            [
              116.341492,
              39.946207
            ],
            [
              116.341059,
              39.946205
            ],
            [
              116.341061,
              39.945943
            ]
          ]
        ]
      }
    },
    {
      "type": "Feature",
      "id": "BLDG-112",
      "properties": {
        "id": "BLDG-112",
        "layer": "BUILDING_FOOTPRINT",
        "source_type": "agent_generated_design",
        "confidence": "medium",
        "geometry_role": "design_proposal",
        "building_type": "retail",
        "name_zh": "商业服务与智能消费建筑",
        "building_status": "concept_retain_renovate",
        "floors_estimate": 11,
        "area_sqm_declared": 1020.866
      },
      "geometry": {
        "type": "Polygon",
        "coordinates": [
          [
            [
              116.341027,
              39.946293
            ],
            [
              116.341522,
              39.946295
            ],
            [
              116.34152,
              39.946513
            ],
            [
              116.341025,
              39.94651
            ],
            [
              116.341027,
              39.946293
            ]
          ]
        ]
      }
    },
    {
      "type": "Feature",
      "id": "BLDG-113",
      "properties": {
        "id": "BLDG-113",
        "layer": "BUILDING_FOOTPRINT",
        "source_type": "agent_generated_design",
        "confidence": "medium",
        "geometry_role": "design_proposal",
        "building_type": "retail",
        "name_zh": "商业服务与智能消费建筑",
        "building_status": "concept_retain_renovate",
        "floors_estimate": 6,
        "area_sqm_declared": 867.767
      },
      "geometry": {
        "type": "Polygon",
        "coordinates": [
          [
            [
              116.348704,
              39.943019
            ],
            [
              116.349145,
              39.943021
            ],
            [
              116.349143,
              39.943229
            ],
            [
              116.348703,
              39.943227
            ],
            [
              116.348704,
              39.943019
            ]
          ]
        ]
      }
    },
    {
      "type": "Feature",
      "id": "BLDG-114",
      "properties": {
        "id": "BLDG-114",
        "layer": "BUILDING_FOOTPRINT",
        "source_type": "agent_generated_design",
        "confidence": "medium",
        "geometry_role": "design_proposal",
        "building_type": "retail",
        "name_zh": "商业服务与智能消费建筑",
        "building_status": "concept_retain_renovate",
        "floors_estimate": 7,
        "area_sqm_declared": 1165.743
      },
      "geometry": {
        "type": "Polygon",
        "coordinates": [
          [
            [
              116.34869,
              39.943318
            ],
            [
              116.349154,
              39.943321
            ],
            [
              116.349151,
              39.943586
            ],
            [
              116.348688,
              39.943583
            ],
            [
              116.34869,
              39.943318
            ]
          ]
        ]
      }
    },
    {
      "type": "Feature",
      "id": "BLDG-115",
      "properties": {
        "id": "BLDG-115",
        "layer": "BUILDING_FOOTPRINT",
        "source_type": "agent_generated_design",
        "confidence": "medium",
        "geometry_role": "design_proposal",
        "building_type": "retail",
        "name_zh": "商业服务与智能消费建筑",
        "building_status": "concept_retain_renovate",
        "floors_estimate": 9,
        "area_sqm_declared": 761.684
      },
      "geometry": {
        "type": "Polygon",
        "coordinates": [
          [
            [
              116.348723,
              39.943676
            ],
            [
              116.349115,
              39.943678
            ],
            [
              116.349112,
              39.943883
            ],
            [
              116.348721,
              39.943881
            ],
            [
              116.348723,
              39.943676
            ]
          ]
        ]
      }
    },
    {
      "type": "Feature",
      "id": "BLDG-116",
      "properties": {
        "id": "BLDG-116",
        "layer": "BUILDING_FOOTPRINT",
        "source_type": "agent_generated_design",
        "confidence": "medium",
        "geometry_role": "design_proposal",
        "building_type": "retail",
        "name_zh": "商业服务与智能消费建筑",
        "building_status": "concept_retain_renovate",
        "floors_estimate": 7,
        "area_sqm_declared": 977.305
      },
      "geometry": {
        "type": "Polygon",
        "coordinates": [
          [
            [
              116.348707,
              39.943983
            ],
            [
              116.349125,
              39.943985
            ],
            [
              116.349122,
              39.944232
            ],
            [
              116.348704,
              39.944229
            ],
            [
              116.348707,
              39.943983
            ]
          ]
        ]
      }
    },
    {
      "type": "Feature",
      "id": "BLDG-117",
      "properties": {
        "id": "BLDG-117",
        "layer": "BUILDING_FOOTPRINT",
        "source_type": "agent_generated_design",
        "confidence": "medium",
        "geometry_role": "design_proposal",
        "building_type": "retail",
        "name_zh": "商业服务与智能消费建筑",
        "building_status": "concept_retain_renovate",
        "floors_estimate": 8,
        "area_sqm_declared": 849.521
      },
      "geometry": {
        "type": "Polygon",
        "coordinates": [
          [
            [
              116.348709,
              39.944324
            ],
            [
              116.349115,
              39.944326
            ],
            [
              116.349114,
              39.944546
            ],
            [
              116.348707,
              39.944544
            ],
            [
              116.348709,
              39.944324
            ]
          ]
        ]
      }
    },
    {
      "type": "Feature",
      "id": "BLDG-118",
      "properties": {
        "id": "BLDG-118",
        "layer": "BUILDING_FOOTPRINT",
        "source_type": "agent_generated_design",
        "confidence": "medium",
        "geometry_role": "design_proposal",
        "building_type": "retail",
        "name_zh": "商业服务与智能消费建筑",
        "building_status": "concept_retain_renovate",
        "floors_estimate": 10,
        "area_sqm_declared": 975.134
      },
      "geometry": {
        "type": "Polygon",
        "coordinates": [
          [
            [
              116.348674,
              39.944652
            ],
            [
              116.349145,
              39.944655
            ],
            [
              116.349143,
              39.944873
            ],
            [
              116.348672,
              39.944871
            ],
            [
              116.348674,
              39.944652
            ]
          ]
        ]
      }
    },
    {
      "type": "Feature",
      "id": "BLDG-119",
      "properties": {
        "id": "BLDG-119",
        "layer": "BUILDING_FOOTPRINT",
        "source_type": "agent_generated_design",
        "confidence": "medium",
        "geometry_role": "design_proposal",
        "building_type": "retail",
        "name_zh": "商业服务与智能消费建筑",
        "building_status": "concept_retain_renovate",
        "floors_estimate": 10,
        "area_sqm_declared": 858.74
      },
      "geometry": {
        "type": "Polygon",
        "coordinates": [
          [
            [
              116.348694,
              39.944983
            ],
            [
              116.349118,
              39.944985
            ],
            [
              116.349116,
              39.945199
            ],
            [
              116.348692,
              39.945196
            ],
            [
              116.348694,
              39.944983
            ]
          ]
        ]
      }
    },
    {
      "type": "Feature",
      "id": "BLDG-120",
      "properties": {
        "id": "BLDG-120",
        "layer": "BUILDING_FOOTPRINT",
        "source_type": "agent_generated_design",
        "confidence": "medium",
        "geometry_role": "design_proposal",
        "building_type": "retail",
        "name_zh": "商业服务与智能消费建筑",
        "building_status": "concept_retain_renovate",
        "floors_estimate": 14,
        "area_sqm_declared": 1261.343
      },
      "geometry": {
        "type": "Polygon",
        "coordinates": [
          [
            [
              116.348655,
              39.945284
            ],
            [
              116.349152,
              39.945286
            ],
            [
              116.349149,
              39.945554
            ],
            [
              116.348652,
              39.945551
            ],
            [
              116.348655,
              39.945284
            ]
          ]
        ]
      }
    },
    {
      "type": "Feature",
      "id": "BLDG-121",
      "properties": {
        "id": "BLDG-121",
        "layer": "BUILDING_FOOTPRINT",
        "source_type": "agent_generated_design",
        "confidence": "medium",
        "geometry_role": "design_proposal",
        "building_type": "retail",
        "name_zh": "商业服务与智能消费建筑",
        "building_status": "concept_retain_renovate",
        "floors_estimate": 8,
        "area_sqm_declared": 1139.508
      },
      "geometry": {
        "type": "Polygon",
        "coordinates": [
          [
            [
              116.348668,
              39.945616
            ],
            [
              116.349132,
              39.945618
            ],
            [
              116.34913,
              39.945877
            ],
            [
              116.348666,
              39.945874
            ],
            [
              116.348668,
              39.945616
            ]
          ]
        ]
      }
    },
    {
      "type": "Feature",
      "id": "BLDG-122",
      "properties": {
        "id": "BLDG-122",
        "layer": "BUILDING_FOOTPRINT",
        "source_type": "agent_generated_design",
        "confidence": "medium",
        "geometry_role": "design_proposal",
        "building_type": "retail",
        "name_zh": "商业服务与智能消费建筑",
        "building_status": "concept_retain_renovate",
        "floors_estimate": 14,
        "area_sqm_declared": 1037.073
      },
      "geometry": {
        "type": "Polygon",
        "coordinates": [
          [
            [
              116.348691,
              39.945941
            ],
            [
              116.349104,
              39.945943
            ],
            [
              116.349101,
              39.946208
            ],
            [
              116.348688,
              39.946205
            ],
            [
              116.348691,
              39.945941
            ]
          ]
        ]
      }
    },
    {
      "type": "Feature",
      "id": "BLDG-123",
      "properties": {
        "id": "BLDG-123",
        "layer": "BUILDING_FOOTPRINT",
        "source_type": "agent_generated_design",
        "confidence": "medium",
        "geometry_role": "design_proposal",
        "building_type": "retail",
        "name_zh": "商业服务与智能消费建筑",
        "building_status": "concept_retain_renovate",
        "floors_estimate": 10,
        "area_sqm_declared": 1138.197
      },
      "geometry": {
        "type": "Polygon",
        "coordinates": [
          [
            [
              116.348653,
              39.946276
            ],
            [
              116.349135,
              39.946279
            ],
            [
              116.349133,
              39.946528
            ],
            [
              116.348651,
              39.946525
            ],
            [
              116.348653,
              39.946276
            ]
          ]
        ]
      }
    },
    {
      "type": "Feature",
      "id": "BLDG-124",
      "properties": {
        "id": "BLDG-124",
        "layer": "BUILDING_FOOTPRINT",
        "source_type": "agent_generated_design",
        "confidence": "medium",
        "geometry_role": "design_proposal",
        "building_type": "retail",
        "name_zh": "商业服务与智能消费建筑",
        "building_status": "concept_retain_renovate",
        "floors_estimate": 9,
        "area_sqm_declared": 857.864
      },
      "geometry": {
        "type": "Polygon",
        "coordinates": [
          [
            [
              116.348679,
              39.946622
            ],
            [
              116.349102,
              39.946624
            ],
            [
              116.3491,
              39.946838
            ],
            [
              116.348677,
              39.946835
            ],
            [
              116.348679,
              39.946622
            ]
          ]
        ]
      }
    },
    {
      "type": "Feature",
      "id": "BLDG-125",
      "properties": {
        "id": "BLDG-125",
        "layer": "BUILDING_FOOTPRINT",
        "source_type": "agent_generated_design",
        "confidence": "medium",
        "geometry_role": "design_proposal",
        "building_type": "retail",
        "name_zh": "商业服务与智能消费建筑",
        "building_status": "concept_retain_renovate",
        "floors_estimate": 12,
        "area_sqm_declared": 829.722
      },
      "geometry": {
        "type": "Polygon",
        "coordinates": [
          [
            [
              116.348697,
              39.946942
            ],
            [
              116.349078,
              39.946944
            ],
            [
              116.349076,
              39.947173
            ],
            [
              116.348695,
              39.947171
            ],
            [
              116.348697,
              39.946942
            ]
          ]
        ]
      }
    },
    {
      "type": "Feature",
      "id": "BLDG-126",
      "properties": {
        "id": "BLDG-126",
        "layer": "BUILDING_FOOTPRINT",
        "source_type": "agent_generated_design",
        "confidence": "medium",
        "geometry_role": "design_proposal",
        "building_type": "retail",
        "name_zh": "商业服务与智能消费建筑",
        "building_status": "concept_retain_renovate",
        "floors_estimate": 9,
        "area_sqm_declared": 890.744
      },
      "geometry": {
        "type": "Polygon",
        "coordinates": [
          [
            [
              116.348648,
              39.947938
            ],
            [
              116.349109,
              39.947941
            ],
            [
              116.349106,
              39.948144
            ],
            [
              116.348646,
              39.948141
            ],
            [
              116.348648,
              39.947938
            ]
          ]
        ]
      }
    },
    {
      "type": "Feature",
      "id": "BLDG-127",
      "properties": {
        "id": "BLDG-127",
        "layer": "BUILDING_FOOTPRINT",
        "source_type": "agent_generated_design",
        "confidence": "medium",
        "geometry_role": "design_proposal",
        "building_type": "retail",
        "name_zh": "商业服务与智能消费建筑",
        "building_status": "concept_retain_renovate",
        "floors_estimate": 9,
        "area_sqm_declared": 1029.761
      },
      "geometry": {
        "type": "Polygon",
        "coordinates": [
          [
            [
              116.348631,
              39.948256
            ],
            [
              116.349119,
              39.948259
            ],
            [
              116.349117,
              39.948481
            ],
            [
              116.348629,
              39.948479
            ],
            [
              116.348631,
              39.948256
            ]
          ]
        ]
      }
    },
    {
      "type": "Feature",
      "id": "BLDG-128",
      "properties": {
        "id": "BLDG-128",
        "layer": "BUILDING_FOOTPRINT",
        "source_type": "agent_generated_design",
        "confidence": "medium",
        "geometry_role": "design_proposal",
        "building_type": "retail",
        "name_zh": "商业服务与智能消费建筑",
        "building_status": "concept_retain_renovate",
        "floors_estimate": 8,
        "area_sqm_declared": 803.637
      },
      "geometry": {
        "type": "Polygon",
        "coordinates": [
          [
            [
              116.348662,
              39.948594
            ],
            [
              116.349081,
              39.948597
            ],
            [
              116.34908,
              39.948799
            ],
            [
              116.348661,
              39.948797
            ],
            [
              116.348662,
              39.948594
            ]
          ]
        ]
      }
    },
    {
      "type": "Feature",
      "id": "BLDG-129",
      "properties": {
        "id": "BLDG-129",
        "layer": "BUILDING_FOOTPRINT",
        "source_type": "agent_generated_design",
        "confidence": "medium",
        "geometry_role": "design_proposal",
        "building_type": "retail",
        "name_zh": "商业服务与智能消费建筑",
        "building_status": "concept_retain_renovate",
        "floors_estimate": 13,
        "area_sqm_declared": 1157.365
      },
      "geometry": {
        "type": "Polygon",
        "coordinates": [
          [
            [
              116.348622,
              39.949552
            ],
            [
              116.349104,
              39.949555
            ],
            [
              116.349101,
              39.949808
            ],
            [
              116.34862,
              39.949805
            ],
            [
              116.348622,
              39.949552
            ]
          ]
        ]
      }
    },
    {
      "type": "Feature",
      "id": "BLDG-130",
      "properties": {
        "id": "BLDG-130",
        "layer": "BUILDING_FOOTPRINT",
        "source_type": "agent_generated_design",
        "confidence": "medium",
        "geometry_role": "design_proposal",
        "building_type": "retail",
        "name_zh": "商业服务与智能消费建筑",
        "building_status": "concept_retain_renovate",
        "floors_estimate": 8,
        "area_sqm_declared": 1048.541
      },
      "geometry": {
        "type": "Polygon",
        "coordinates": [
          [
            [
              116.348617,
              39.949893
            ],
            [
              116.349102,
              39.949895
            ],
            [
              116.3491,
              39.950123
            ],
            [
              116.348616,
              39.950121
            ],
            [
              116.348617,
              39.949893
            ]
          ]
        ]
      }
    },
    {
      "type": "Feature",
      "id": "BLDG-131",
      "properties": {
        "id": "BLDG-131",
        "layer": "BUILDING_FOOTPRINT",
        "source_type": "agent_generated_design",
        "confidence": "medium",
        "geometry_role": "design_proposal",
        "building_type": "retail",
        "name_zh": "商业服务与智能消费建筑",
        "building_status": "concept_retain_renovate",
        "floors_estimate": 14,
        "area_sqm_declared": 1056.383
      },
      "geometry": {
        "type": "Polygon",
        "coordinates": [
          [
            [
              116.348636,
              39.950208
            ],
            [
              116.349078,
              39.950211
            ],
            [
              116.349075,
              39.950463
            ],
            [
              116.348633,
              39.95046
            ],
            [
              116.348636,
              39.950208
            ]
          ]
        ]
      }
    },
    {
      "type": "Feature",
      "id": "BLDG-132",
      "properties": {
        "id": "BLDG-132",
        "layer": "BUILDING_FOOTPRINT",
        "source_type": "agent_generated_design",
        "confidence": "medium",
        "geometry_role": "design_proposal",
        "building_type": "retail",
        "name_zh": "商业服务与智能消费建筑",
        "building_status": "concept_retain_renovate",
        "floors_estimate": 12,
        "area_sqm_declared": 942.798
      },
      "geometry": {
        "type": "Polygon",
        "coordinates": [
          [
            [
              116.348622,
              39.950555
            ],
            [
              116.349085,
              39.950557
            ],
            [
              116.349083,
              39.950772
            ],
            [
              116.34862,
              39.95077
            ],
            [
              116.348622,
              39.950555
            ]
          ]
        ]
      }
    },
    {
      "type": "Feature",
      "id": "BLDG-133",
      "properties": {
        "id": "BLDG-133",
        "layer": "BUILDING_FOOTPRINT",
        "source_type": "agent_generated_design",
        "confidence": "medium",
        "geometry_role": "design_proposal",
        "building_type": "retail",
        "name_zh": "商业服务与智能消费建筑",
        "building_status": "concept_retain_renovate",
        "floors_estimate": 9,
        "area_sqm_declared": 901.517
      },
      "geometry": {
        "type": "Polygon",
        "coordinates": [
          [
            [
              116.348633,
              39.950881
            ],
            [
              116.349067,
              39.950883
            ],
            [
              116.349065,
              39.951102
            ],
            [
              116.348631,
              39.9511
            ],
            [
              116.348633,
              39.950881
            ]
          ]
        ]
      }
    },
    {
      "type": "Feature",
      "id": "BLDG-134",
      "properties": {
        "id": "BLDG-134",
        "layer": "BUILDING_FOOTPRINT",
        "source_type": "agent_generated_design",
        "confidence": "medium",
        "geometry_role": "design_proposal",
        "building_type": "retail",
        "name_zh": "商业服务与智能消费建筑",
        "building_status": "concept_retain_renovate",
        "floors_estimate": 6,
        "area_sqm_declared": 805.257
      },
      "geometry": {
        "type": "Polygon",
        "coordinates": [
          [
            [
              116.348653,
              39.951209
            ],
            [
              116.349041,
              39.951211
            ],
            [
              116.34904,
              39.951429
            ],
            [
              116.348651,
              39.951427
            ],
            [
              116.348653,
              39.951209
            ]
          ]
        ]
      }
    },
    {
      "type": "Feature",
      "id": "BLDG-135",
      "properties": {
        "id": "BLDG-135",
        "layer": "BUILDING_FOOTPRINT",
        "source_type": "agent_generated_design",
        "confidence": "medium",
        "geometry_role": "design_proposal",
        "building_type": "retail",
        "name_zh": "商业服务与智能消费建筑",
        "building_status": "concept_retain_renovate",
        "floors_estimate": 12,
        "area_sqm_declared": 1033.403
      },
      "geometry": {
        "type": "Polygon",
        "coordinates": [
          [
            [
              116.352014,
              39.962902
            ],
            [
              116.352522,
              39.962905
            ],
            [
              116.35252,
              39.96312
            ],
            [
              116.352012,
              39.963117
            ],
            [
              116.352014,
              39.962902
            ]
          ]
        ]
      }
    },
    {
      "type": "Feature",
      "id": "BLDG-136",
      "properties": {
        "id": "BLDG-136",
        "layer": "BUILDING_FOOTPRINT",
        "source_type": "agent_generated_design",
        "confidence": "medium",
        "geometry_role": "design_proposal",
        "building_type": "retail",
        "name_zh": "商业服务与智能消费建筑",
        "building_status": "concept_retain_renovate",
        "floors_estimate": 8,
        "area_sqm_declared": 1143.807
      },
      "geometry": {
        "type": "Polygon",
        "coordinates": [
          [
            [
              116.352029,
              39.96321
            ],
            [
              116.352501,
              39.963212
            ],
            [
              116.352499,
              39.963468
            ],
            [
              116.352027,
              39.963465
            ],
            [
              116.352029,
              39.96321
            ]
          ]
        ]
      }
    },
    {
      "type": "Feature",
      "id": "BLDG-137",
      "properties": {
        "id": "BLDG-137",
        "layer": "BUILDING_FOOTPRINT",
        "source_type": "agent_generated_design",
        "confidence": "medium",
        "geometry_role": "design_proposal",
        "building_type": "retail",
        "name_zh": "商业服务与智能消费建筑",
        "building_status": "concept_retain_renovate",
        "floors_estimate": 12,
        "area_sqm_declared": 819.514
      },
      "geometry": {
        "type": "Polygon",
        "coordinates": [
          [
            [
              116.352048,
              39.963564
            ],
            [
              116.352475,
              39.963567
            ],
            [
              116.352473,
              39.963769
            ],
            [
              116.352046,
              39.963766
            ],
            [
              116.352048,
              39.963564
            ]
          ]
        ]
      }
    },
    {
      "type": "Feature",
      "id": "BLDG-138",
      "properties": {
        "id": "BLDG-138",
        "layer": "BUILDING_FOOTPRINT",
        "source_type": "agent_generated_design",
        "confidence": "medium",
        "geometry_role": "design_proposal",
        "building_type": "retail",
        "name_zh": "商业服务与智能消费建筑",
        "building_status": "concept_retain_renovate",
        "floors_estimate": 7,
        "area_sqm_declared": 809.222
      },
      "geometry": {
        "type": "Polygon",
        "coordinates": [
          [
            [
              116.352052,
              39.96389
            ],
            [
              116.352465,
              39.963892
            ],
            [
              116.352463,
              39.964099
            ],
            [
              116.35205,
              39.964097
            ],
            [
              116.352052,
              39.96389
            ]
          ]
        ]
      }
    },
    {
      "type": "Feature",
      "id": "BLDG-139",
      "properties": {
        "id": "BLDG-139",
        "layer": "BUILDING_FOOTPRINT",
        "source_type": "agent_generated_design",
        "confidence": "medium",
        "geometry_role": "design_proposal",
        "building_type": "retail",
        "name_zh": "商业服务与智能消费建筑",
        "building_status": "concept_retain_renovate",
        "floors_estimate": 7,
        "area_sqm_declared": 921.264
      },
      "geometry": {
        "type": "Polygon",
        "coordinates": [
          [
            [
              116.35204,
              39.964209
            ],
            [
              116.352472,
              39.964211
            ],
            [
              116.352469,
              39.964436
            ],
            [
              116.352037,
              39.964433
            ],
            [
              116.35204,
              39.964209
            ]
          ]
        ]
      }
    },
    {
      "type": "Feature",
      "id": "BLDG-140",
      "properties": {
        "id": "BLDG-140",
        "layer": "BUILDING_FOOTPRINT",
        "source_type": "agent_generated_design",
        "confidence": "medium",
        "geometry_role": "design_proposal",
        "building_type": "retail",
        "name_zh": "商业服务与智能消费建筑",
        "building_status": "concept_retain_renovate",
        "floors_estimate": 9,
        "area_sqm_declared": 768.929
      },
      "geometry": {
        "type": "Polygon",
        "coordinates": [
          [
            [
              116.352057,
              39.964545
            ],
            [
              116.352447,
              39.964547
            ],
            [
              116.352446,
              39.964755
            ],
            [
              116.352056,
              39.964753
            ],
            [
              116.352057,
              39.964545
            ]
          ]
        ]
      }
    },
    {
      "type": "Feature",
      "id": "BLDG-141",
      "properties": {
        "id": "BLDG-141",
        "layer": "BUILDING_FOOTPRINT",
        "source_type": "agent_generated_design",
        "confidence": "medium",
        "geometry_role": "design_proposal",
        "building_type": "retail",
        "name_zh": "商业服务与智能消费建筑",
        "building_status": "concept_retain_renovate",
        "floors_estimate": 12,
        "area_sqm_declared": 789.894
      },
      "geometry": {
        "type": "Polygon",
        "coordinates": [
          [
            [
              116.352046,
              39.964874
            ],
            [
              116.352452,
              39.964876
            ],
            [
              116.35245,
              39.965082
            ],
            [
              116.352044,
              39.965079
            ],
            [
              116.352046,
              39.964874
            ]
          ]
        ]
      }
    },
    {
      "type": "Feature",
      "id": "BLDG-142",
      "properties": {
        "id": "BLDG-142",
        "layer": "BUILDING_FOOTPRINT",
        "source_type": "agent_generated_design",
        "confidence": "medium",
        "geometry_role": "design_proposal",
        "building_type": "retail",
        "name_zh": "商业服务与智能消费建筑",
        "building_status": "concept_retain_renovate",
        "floors_estimate": 14,
        "area_sqm_declared": 783.627
      },
      "geometry": {
        "type": "Polygon",
        "coordinates": [
          [
            [
              116.352046,
              39.965202
            ],
            [
              116.352447,
              39.965204
            ],
            [
              116.352445,
              39.96541
            ],
            [
              116.352044,
              39.965408
            ],
            [
              116.352046,
              39.965202
            ]
          ]
        ]
      }
    },
    {
      "type": "Feature",
      "id": "BLDG-143",
      "properties": {
        "id": "BLDG-143",
        "layer": "BUILDING_FOOTPRINT",
        "source_type": "agent_generated_design",
        "confidence": "medium",
        "geometry_role": "design_proposal",
        "building_type": "retail",
        "name_zh": "商业服务与智能消费建筑",
        "building_status": "concept_retain_renovate",
        "floors_estimate": 7,
        "area_sqm_declared": 772.286
      },
      "geometry": {
        "type": "Polygon",
        "coordinates": [
          [
            [
              116.35205,
              39.965527
            ],
            [
              116.352436,
              39.965529
            ],
            [
              116.352434,
              39.96574
            ],
            [
              116.352048,
              39.965738
            ],
            [
              116.35205,
              39.965527
            ]
          ]
        ]
      }
    },
    {
      "type": "Feature",
      "id": "BLDG-144",
      "properties": {
        "id": "BLDG-144",
        "layer": "BUILDING_FOOTPRINT",
        "source_type": "agent_generated_design",
        "confidence": "medium",
        "geometry_role": "design_proposal",
        "building_type": "retail",
        "name_zh": "商业服务与智能消费建筑",
        "building_status": "concept_retain_renovate",
        "floors_estimate": 12,
        "area_sqm_declared": 861.537
      },
      "geometry": {
        "type": "Polygon",
        "coordinates": [
          [
            [
              116.352049,
              39.965842
            ],
            [
              116.352432,
              39.965844
            ],
            [
              116.35243,
              39.966081
            ],
            [
              116.352047,
              39.966079
            ],
            [
              116.352049,
              39.965842
            ]
          ]
        ]
      }
    },
    {
      "type": "Feature",
      "id": "BLDG-145",
      "properties": {
        "id": "BLDG-145",
        "layer": "BUILDING_FOOTPRINT",
        "source_type": "agent_generated_design",
        "confidence": "medium",
        "geometry_role": "design_proposal",
        "building_type": "retail",
        "name_zh": "商业服务与智能消费建筑",
        "building_status": "concept_retain_renovate",
        "floors_estimate": 10,
        "area_sqm_declared": 945.17
      },
      "geometry": {
        "type": "Polygon",
        "coordinates": [
          [
            [
              116.352039,
              39.966162
            ],
            [
              116.352435,
              39.966164
            ],
            [
              116.352433,
              39.966416
            ],
            [
              116.352037,
              39.966414
            ],
            [
              116.352039,
              39.966162
            ]
          ]
        ]
      }
    },
    {
      "type": "Feature",
      "id": "BLDG-146",
      "properties": {
        "id": "BLDG-146",
        "layer": "BUILDING_FOOTPRINT",
        "source_type": "agent_generated_design",
        "confidence": "medium",
        "geometry_role": "design_proposal",
        "building_type": "retail",
        "name_zh": "商业服务与智能消费建筑",
        "building_status": "concept_retain_renovate",
        "floors_estimate": 13,
        "area_sqm_declared": 1113.919
      },
      "geometry": {
        "type": "Polygon",
        "coordinates": [
          [
            [
              116.351986,
              39.966497
            ],
            [
              116.352482,
              39.9665
            ],
            [
              116.35248,
              39.966737
            ],
            [
              116.351984,
              39.966734
            ],
            [
              116.351986,
              39.966497
            ]
          ]
        ]
      }
    },
    {
      "type": "Feature",
      "id": "BLDG-147",
      "properties": {
        "id": "BLDG-147",
        "layer": "BUILDING_FOOTPRINT",
        "source_type": "agent_generated_design",
        "confidence": "medium",
        "geometry_role": "design_proposal",
        "building_type": "retail",
        "name_zh": "商业服务与智能消费建筑",
        "building_status": "concept_retain_renovate",
        "floors_estimate": 7,
        "area_sqm_declared": 869.407
      },
      "geometry": {
        "type": "Polygon",
        "coordinates": [
          [
            [
              116.352028,
              39.966831
            ],
            [
              116.352434,
              39.966833
            ],
            [
              116.352431,
              39.967059
            ],
            [
              116.352026,
              39.967056
            ],
            [
              116.352028,
              39.966831
            ]
          ]
        ]
      }
    },
    {
      "type": "Feature",
      "id": "BLDG-148",
      "properties": {
        "id": "BLDG-148",
        "layer": "BUILDING_FOOTPRINT",
        "source_type": "agent_generated_design",
        "confidence": "medium",
        "geometry_role": "design_proposal",
        "building_type": "retail",
        "name_zh": "商业服务与智能消费建筑",
        "building_status": "concept_retain_renovate",
        "floors_estimate": 8,
        "area_sqm_declared": 980.65
      },
      "geometry": {
        "type": "Polygon",
        "coordinates": [
          [
            [
              116.351978,
              39.967821
            ],
            [
              116.352465,
              39.967823
            ],
            [
              116.352463,
              39.968035
            ],
            [
              116.351976,
              39.968033
            ],
            [
              116.351978,
              39.967821
            ]
          ]
        ]
      }
    },
    {
      "type": "Feature",
      "id": "BLDG-149",
      "properties": {
        "id": "BLDG-149",
        "layer": "BUILDING_FOOTPRINT",
        "source_type": "agent_generated_design",
        "confidence": "medium",
        "geometry_role": "design_proposal",
        "building_type": "retail",
        "name_zh": "商业服务与智能消费建筑",
        "building_status": "concept_retain_renovate",
        "floors_estimate": 7,
        "area_sqm_declared": 921.686
      },
      "geometry": {
        "type": "Polygon",
        "coordinates": [
          [
            [
              116.351989,
              39.968149
            ],
            [
              116.352447,
              39.968151
            ],
            [
              116.352445,
              39.968363
            ],
            [
              116.351988,
              39.968361
            ],
            [
              116.351989,
              39.968149
            ]
          ]
        ]
      }
    },
    {
      "type": "Feature",
      "id": "BLDG-150",
      "properties": {
        "id": "BLDG-150",
        "layer": "BUILDING_FOOTPRINT",
        "source_type": "agent_generated_design",
        "confidence": "medium",
        "geometry_role": "design_proposal",
        "building_type": "retail",
        "name_zh": "商业服务与智能消费建筑",
        "building_status": "concept_retain_renovate",
        "floors_estimate": 13,
        "area_sqm_declared": 986.72
      },
      "geometry": {
        "type": "Polygon",
        "coordinates": [
          [
            [
              116.352019,
              39.96845
            ],
            [
              116.352412,
              39.968452
            ],
            [
              116.352409,
              39.968717
            ],
            [
              116.352017,
              39.968715
            ],
            [
              116.352019,
              39.96845
            ]
          ]
        ]
      }
    },
    {
      "type": "Feature",
      "id": "BLDG-151",
      "properties": {
        "id": "BLDG-151",
        "layer": "BUILDING_FOOTPRINT",
        "source_type": "agent_generated_design",
        "confidence": "medium",
        "geometry_role": "design_proposal",
        "building_type": "retail",
        "name_zh": "商业服务与智能消费建筑",
        "building_status": "concept_retain_renovate",
        "floors_estimate": 8,
        "area_sqm_declared": 869.051
      },
      "geometry": {
        "type": "Polygon",
        "coordinates": [
          [
            [
              116.351996,
              39.968804
            ],
            [
              116.352428,
              39.968807
            ],
            [
              116.352426,
              39.969019
            ],
            [
              116.351994,
              39.969016
            ],
            [
              116.351996,
              39.968804
            ]
          ]
        ]
      }
    },
    {
      "type": "Feature",
      "id": "BLDG-152",
      "properties": {
        "id": "BLDG-152",
        "layer": "BUILDING_FOOTPRINT",
        "source_type": "agent_generated_design",
        "confidence": "medium",
        "geometry_role": "design_proposal",
        "building_type": "retail",
        "name_zh": "商业服务与智能消费建筑",
        "building_status": "concept_retain_renovate",
        "floors_estimate": 9,
        "area_sqm_declared": 863.033
      },
      "geometry": {
        "type": "Polygon",
        "coordinates": [
          [
            [
              116.351999,
              39.96913
            ],
            [
              116.352419,
              39.969132
            ],
            [
              116.352417,
              39.969349
            ],
            [
              116.351997,
              39.969347
            ],
            [
              116.351999,
              39.96913
            ]
          ]
        ]
      }
    },
    {
      "type": "Feature",
      "id": "BLDG-153",
      "properties": {
        "id": "BLDG-153",
        "layer": "BUILDING_FOOTPRINT",
        "source_type": "agent_generated_design",
        "confidence": "medium",
        "geometry_role": "design_proposal",
        "building_type": "retail",
        "name_zh": "商业服务与智能消费建筑",
        "building_status": "concept_retain_renovate",
        "floors_estimate": 11,
        "area_sqm_declared": 841.994
      },
      "geometry": {
        "type": "Polygon",
        "coordinates": [
          [
            [
              116.352011,
              39.969779
            ],
            [
              116.352395,
              39.969781
            ],
            [
              116.352393,
              39.970011
            ],
            [
              116.352009,
              39.970009
            ],
            [
              116.352011,
              39.969779
            ]
          ]
        ]
      }
    },
    {
      "type": "Feature",
      "id": "BLDG-154",
      "properties": {
        "id": "BLDG-154",
        "layer": "BUILDING_FOOTPRINT",
        "source_type": "agent_generated_design",
        "confidence": "medium",
        "geometry_role": "design_proposal",
        "building_type": "retail",
        "name_zh": "商业服务与智能消费建筑",
        "building_status": "concept_retain_renovate",
        "floors_estimate": 11,
        "area_sqm_declared": 1005.963
      },
      "geometry": {
        "type": "Polygon",
        "coordinates": [
          [
            [
              116.352686,
              39.962884
            ],
            [
              116.353096,
              39.962886
            ],
            [
              116.353093,
              39.963145
            ],
            [
              116.352683,
              39.963143
            ],
            [
              116.352686,
              39.962884
            ]
          ]
        ]
      }
    },
    {
      "type": "Feature",
      "id": "BLDG-155",
      "properties": {
        "id": "BLDG-155",
        "layer": "BUILDING_FOOTPRINT",
        "source_type": "agent_generated_design",
        "confidence": "medium",
        "geometry_role": "design_proposal",
        "building_type": "retail",
        "name_zh": "商业服务与智能消费建筑",
        "building_status": "concept_retain_renovate",
        "floors_estimate": 9,
        "area_sqm_declared": 987.224
      },
      "geometry": {
        "type": "Polygon",
        "coordinates": [
          [
            [
              116.352687,
              39.963212
            ],
            [
              116.353088,
              39.963214
            ],
            [
              116.353086,
              39.963473
            ],
            [
              116.352685,
              39.963471
            ],
            [
              116.352687,
              39.963212
            ]
          ]
        ]
      }
    },
    {
      "type": "Feature",
      "id": "BLDG-156",
      "properties": {
        "id": "BLDG-156",
        "layer": "BUILDING_FOOTPRINT",
        "source_type": "agent_generated_design",
        "confidence": "medium",
        "geometry_role": "design_proposal",
        "building_type": "retail",
        "name_zh": "商业服务与智能消费建筑",
        "building_status": "concept_retain_renovate",
        "floors_estimate": 9,
        "area_sqm_declared": 992.95
      },
      "geometry": {
        "type": "Polygon",
        "coordinates": [
          [
            [
              116.352659,
              39.963552
            ],
            [
              116.35311,
              39.963555
            ],
            [
              116.353107,
              39.963788
            ],
            [
              116.352657,
              39.963785
            ],
            [
              116.352659,
              39.963552
            ]
          ]
        ]
      }
    },
    {
      "type": "Feature",
      "id": "BLDG-157",
      "properties": {
        "id": "BLDG-157",
        "layer": "BUILDING_FOOTPRINT",
        "source_type": "agent_generated_design",
        "confidence": "medium",
        "geometry_role": "design_proposal",
        "building_type": "retail",
        "name_zh": "商业服务与智能消费建筑",
        "building_status": "concept_retain_renovate",
        "floors_estimate": 7,
        "area_sqm_declared": 867.743
      },
      "geometry": {
        "type": "Polygon",
        "coordinates": [
          [
            [
              116.350926,
              40.010969
            ],
            [
              116.351376,
              40.010971
            ],
            [
              116.351374,
              40.011175
            ],
            [
              116.350924,
              40.011173
            ],
            [
              116.350926,
              40.010969
            ]
          ]
        ]
      }
    },
    {
      "type": "Feature",
      "id": "BLDG-158",
      "properties": {
        "id": "BLDG-158",
        "layer": "BUILDING_FOOTPRINT",
        "source_type": "agent_generated_design",
        "confidence": "medium",
        "geometry_role": "design_proposal",
        "building_type": "retail",
        "name_zh": "商业服务与智能消费建筑",
        "building_status": "concept_retain_renovate",
        "floors_estimate": 10,
        "area_sqm_declared": 779.785
      },
      "geometry": {
        "type": "Polygon",
        "coordinates": [
          [
            [
              116.35095,
              40.011295
            ],
            [
              116.351346,
              40.011297
            ],
            [
              116.351344,
              40.011505
            ],
            [
              116.350948,
              40.011502
            ],
            [
              116.35095,
              40.011295
            ]
          ]
        ]
      }
    },
    {
      "type": "Feature",
      "id": "BLDG-159",
      "properties": {
        "id": "BLDG-159",
        "layer": "BUILDING_FOOTPRINT",
        "source_type": "agent_generated_design",
        "confidence": "medium",
        "geometry_role": "design_proposal",
        "building_type": "retail",
        "name_zh": "商业服务与智能消费建筑",
        "building_status": "concept_retain_renovate",
        "floors_estimate": 10,
        "area_sqm_declared": 1113.967
      },
      "geometry": {
        "type": "Polygon",
        "coordinates": [
          [
            [
              116.350913,
              40.011599
            ],
            [
              116.351377,
              40.011602
            ],
            [
              116.351374,
              40.011856
            ],
            [
              116.350911,
              40.011853
            ],
            [
              116.350913,
              40.011599
            ]
          ]
        ]
      }
    },
    {
      "type": "Feature",
      "id": "BLDG-160",
      "properties": {
        "id": "BLDG-160",
        "layer": "BUILDING_FOOTPRINT",
        "source_type": "agent_generated_design",
        "confidence": "medium",
        "geometry_role": "design_proposal",
        "building_type": "retail",
        "name_zh": "商业服务与智能消费建筑",
        "building_status": "concept_retain_renovate",
        "floors_estimate": 12,
        "area_sqm_declared": 938.024
      },
      "geometry": {
        "type": "Polygon",
        "coordinates": [
          [
            [
              116.350938,
              40.011933
            ],
            [
              116.351345,
              40.011935
            ],
            [
              116.351343,
              40.012178
            ],
            [
              116.350936,
              40.012176
            ],
            [
              116.350938,
              40.011933
            ]
          ]
        ]
      }
    },
    {
      "type": "Feature",
      "id": "BLDG-161",
      "properties": {
        "id": "BLDG-161",
        "layer": "BUILDING_FOOTPRINT",
        "source_type": "agent_generated_design",
        "confidence": "medium",
        "geometry_role": "design_proposal",
        "building_type": "retail",
        "name_zh": "商业服务与智能消费建筑",
        "building_status": "concept_retain_renovate",
        "floors_estimate": 9,
        "area_sqm_declared": 925.176
      },
      "geometry": {
        "type": "Polygon",
        "coordinates": [
          [
            [
              116.350895,
              40.012282
            ],
            [
              116.351382,
              40.012285
            ],
            [
              116.351381,
              40.012485
            ],
            [
              116.350893,
              40.012482
            ],
            [
              116.350895,
              40.012282
            ]
          ]
        ]
      }
    },
    {
      "type": "Feature",
      "id": "BLDG-162",
      "properties": {
        "id": "BLDG-162",
        "layer": "BUILDING_FOOTPRINT",
        "source_type": "agent_generated_design",
        "confidence": "medium",
        "geometry_role": "design_proposal",
        "building_type": "retail",
        "name_zh": "商业服务与智能消费建筑",
        "building_status": "concept_retain_renovate",
        "floors_estimate": 13,
        "area_sqm_declared": 1131.854
      },
      "geometry": {
        "type": "Polygon",
        "coordinates": [
          [
            [
              116.35088,
              40.012593
            ],
            [
              116.351391,
              40.012595
            ],
            [
              116.351389,
              40.012829
            ],
            [
              116.350878,
              40.012827
            ],
            [
              116.35088,
              40.012593
            ]
          ]
        ]
      }
    },
    {
      "type": "Feature",
      "id": "BLDG-163",
      "properties": {
        "id": "BLDG-163",
        "layer": "BUILDING_FOOTPRINT",
        "source_type": "agent_generated_design",
        "confidence": "medium",
        "geometry_role": "design_proposal",
        "building_type": "retail",
        "name_zh": "商业服务与智能消费建筑",
        "building_status": "concept_retain_renovate",
        "floors_estimate": 12,
        "area_sqm_declared": 766.019
      },
      "geometry": {
        "type": "Polygon",
        "coordinates": [
          [
            [
              116.350938,
              40.012934
            ],
            [
              116.351327,
              40.012936
            ],
            [
              116.351325,
              40.013144
            ],
            [
              116.350936,
              40.013142
            ],
            [
              116.350938,
              40.012934
            ]
          ]
        ]
      }
    },
    {
      "type": "Feature",
      "id": "BLDG-164",
      "properties": {
        "id": "BLDG-164",
        "layer": "BUILDING_FOOTPRINT",
        "source_type": "agent_generated_design",
        "confidence": "medium",
        "geometry_role": "design_proposal",
        "building_type": "retail",
        "name_zh": "商业服务与智能消费建筑",
        "building_status": "concept_retain_renovate",
        "floors_estimate": 13,
        "area_sqm_declared": 797.394
      },
      "geometry": {
        "type": "Polygon",
        "coordinates": [
          [
            [
              116.350936,
              40.013583
            ],
            [
              116.351316,
              40.013585
            ],
            [
              116.351314,
              40.013806
            ],
            [
              116.350934,
              40.013804
            ],
            [
              116.350936,
              40.013583
            ]
          ]
        ]
      }
    },
    {
      "type": "Feature",
      "id": "BLDG-165",
      "properties": {
        "id": "BLDG-165",
        "layer": "BUILDING_FOOTPRINT",
        "source_type": "agent_generated_design",
        "confidence": "medium",
        "geometry_role": "design_proposal",
        "building_type": "retail",
        "name_zh": "商业服务与智能消费建筑",
        "building_status": "concept_retain_renovate",
        "floors_estimate": 8,
        "area_sqm_declared": 1080.949
      },
      "geometry": {
        "type": "Polygon",
        "coordinates": [
          [
            [
              116.350882,
              40.013903
            ],
            [
              116.351365,
              40.013906
            ],
            [
              116.351363,
              40.014142
            ],
            [
              116.350879,
              40.014139
            ],
            [
              116.350882,
              40.013903
            ]
          ]
        ]
      }
    },
    {
      "type": "Feature",
      "id": "BLDG-166",
      "properties": {
        "id": "BLDG-166",
        "layer": "BUILDING_FOOTPRINT",
        "source_type": "agent_generated_design",
        "confidence": "medium",
        "geometry_role": "design_proposal",
        "building_type": "retail",
        "name_zh": "商业服务与智能消费建筑",
        "building_status": "concept_retain_renovate",
        "floors_estimate": 9,
        "area_sqm_declared": 898.237
      },
      "geometry": {
        "type": "Polygon",
        "coordinates": [
          [
            [
              116.350907,
              40.014564
            ],
            [
              116.351327,
              40.014566
            ],
            [
              116.351324,
              40.014792
            ],
            [
              116.350905,
              40.01479
            ],
            [
              116.350907,
              40.014564
            ]
          ]
        ]
      }
    },
    {
      "type": "Feature",
      "id": "BLDG-167",
      "properties": {
        "id": "BLDG-167",
        "layer": "BUILDING_FOOTPRINT",
        "source_type": "agent_generated_design",
        "confidence": "medium",
        "geometry_role": "design_proposal",
        "building_type": "retail",
        "name_zh": "商业服务与智能消费建筑",
        "building_status": "concept_retain_renovate",
        "floors_estimate": 9,
        "area_sqm_declared": 1032.324
      },
      "geometry": {
        "type": "Polygon",
        "coordinates": [
          [
            [
              116.350864,
              40.014895
            ],
            [
              116.351364,
              40.014898
            ],
            [
              116.351362,
              40.015116
            ],
            [
              116.350862,
              40.015113
            ],
            [
              116.350864,
              40.014895
            ]
          ]
        ]
      }
    },
    {
      "type": "Feature",
      "id": "BLDG-168",
      "properties": {
        "id": "BLDG-168",
        "layer": "BUILDING_FOOTPRINT",
        "source_type": "agent_generated_design",
        "confidence": "medium",
        "geometry_role": "design_proposal",
        "building_type": "retail",
        "name_zh": "商业服务与智能消费建筑",
        "building_status": "concept_retain_renovate",
        "floors_estimate": 9,
        "area_sqm_declared": 944.276
      },
      "geometry": {
        "type": "Polygon",
        "coordinates": [
          [
            [
              116.350907,
              40.01521
            ],
            [
              116.351315,
              40.015213
            ],
            [
              116.351313,
              40.015457
            ],
            [
              116.350904,
              40.015454
            ],
            [
              116.350907,
              40.01521
            ]
          ]
        ]
      }
    },
    {
      "type": "Feature",
      "id": "BLDG-169",
      "properties": {
        "id": "BLDG-169",
        "layer": "BUILDING_FOOTPRINT",
        "source_type": "agent_generated_design",
        "confidence": "medium",
        "geometry_role": "design_proposal",
        "building_type": "retail",
        "name_zh": "商业服务与智能消费建筑",
        "building_status": "concept_retain_renovate",
        "floors_estimate": 8,
        "area_sqm_declared": 972.44
      },
      "geometry": {
        "type": "Polygon",
        "coordinates": [
          [
            [
              116.350893,
              40.015541
            ],
            [
              116.351322,
              40.015543
            ],
            [
              116.35132,
              40.015782
            ],
            [
              116.350891,
              40.01578
            ],
            [
              116.350893,
              40.015541
            ]
          ]
        ]
      }
    },
    {
      "type": "Feature",
      "id": "BLDG-170",
      "properties": {
        "id": "BLDG-170",
        "layer": "BUILDING_FOOTPRINT",
        "source_type": "agent_generated_design",
        "confidence": "medium",
        "geometry_role": "design_proposal",
        "building_type": "retail",
        "name_zh": "商业服务与智能消费建筑",
        "building_status": "concept_retain_renovate",
        "floors_estimate": 6,
        "area_sqm_declared": 993.226
      },
      "geometry": {
        "type": "Polygon",
        "coordinates": [
          [
            [
              116.350873,
              40.015875
            ],
            [
              116.351336,
              40.015877
            ],
            [
              116.351334,
              40.016103
            ],
            [
              116.350871,
              40.016101
            ],
            [
              116.350873,
              40.015875
            ]
          ]
        ]
      }
    },
    {
      "type": "Feature",
      "id": "BLDG-171",
      "properties": {
        "id": "BLDG-171",
        "layer": "BUILDING_FOOTPRINT",
        "source_type": "agent_generated_design",
        "confidence": "medium",
        "geometry_role": "design_proposal",
        "building_type": "retail",
        "name_zh": "商业服务与智能消费建筑",
        "building_status": "concept_retain_renovate",
        "floors_estimate": 6,
        "area_sqm_declared": 1035.835
      },
      "geometry": {
        "type": "Polygon",
        "coordinates": [
          [
            [
              116.350867,
              40.016525
            ],
            [
              116.351329,
              40.016528
            ],
            [
              116.351327,
              40.016764
            ],
            [
              116.350865,
              40.016762
            ],
            [
              116.350867,
              40.016525
            ]
          ]
        ]
      }
    },
    {
      "type": "Feature",
      "id": "BLDG-172",
      "properties": {
        "id": "BLDG-172",
        "layer": "BUILDING_FOOTPRINT",
        "source_type": "agent_generated_design",
        "confidence": "medium",
        "geometry_role": "design_proposal",
        "building_type": "retail",
        "name_zh": "商业服务与智能消费建筑",
        "building_status": "concept_retain_renovate",
        "floors_estimate": 11,
        "area_sqm_declared": 966.343
      },
      "geometry": {
        "type": "Polygon",
        "coordinates": [
          [
            [
              116.350899,
              40.016842
            ],
            [
              116.351292,
              40.016844
            ],
            [
              116.351289,
              40.017103
            ],
            [
              116.350896,
              40.017101
            ],
            [
              116.350899,
              40.016842
            ]
          ]
        ]
      }
    },
    {
      "type": "Feature",
      "id": "BLDG-173",
      "properties": {
        "id": "BLDG-173",
        "layer": "BUILDING_FOOTPRINT",
        "source_type": "agent_generated_design",
        "confidence": "medium",
        "geometry_role": "design_proposal",
        "building_type": "retail",
        "name_zh": "商业服务与智能消费建筑",
        "building_status": "concept_retain_renovate",
        "floors_estimate": 12,
        "area_sqm_declared": 1113.388
      },
      "geometry": {
        "type": "Polygon",
        "coordinates": [
          [
            [
              116.350856,
              40.017174
            ],
            [
              116.351328,
              40.017177
            ],
            [
              116.351326,
              40.017426
            ],
            [
              116.350854,
              40.017423
            ],
            [
              116.350856,
              40.017174
            ]
          ]
        ]
      }
    },
    {
      "type": "Feature",
      "id": "BLDG-174",
      "properties": {
        "id": "BLDG-174",
        "layer": "BUILDING_FOOTPRINT",
        "source_type": "agent_generated_design",
        "confidence": "medium",
        "geometry_role": "design_proposal",
        "building_type": "retail",
        "name_zh": "商业服务与智能消费建筑",
        "building_status": "concept_retain_renovate",
        "floors_estimate": 7,
        "area_sqm_declared": 902.676
      },
      "geometry": {
        "type": "Polygon",
        "coordinates": [
          [
            [
              116.350894,
              40.017831
            ],
            [
              116.351278,
              40.017833
            ],
            [
              116.351275,
              40.018081
            ],
            [
              116.350892,
              40.018079
            ],
            [
              116.350894,
              40.017831
            ]
          ]
        ]
      }
    },
    {
      "type": "Feature",
      "id": "BLDG-175",
      "properties": {
        "id": "BLDG-175",
        "layer": "BUILDING_FOOTPRINT",
        "source_type": "agent_generated_design",
        "confidence": "medium",
        "geometry_role": "design_proposal",
        "building_type": "retail",
        "name_zh": "商业服务与智能消费建筑",
        "building_status": "concept_retain_renovate",
        "floors_estimate": 8,
        "area_sqm_declared": 1128.322
      },
      "geometry": {
        "type": "Polygon",
        "coordinates": [
          [
            [
              116.350846,
              40.018157
            ],
            [
              116.35132,
              40.01816
            ],
            [
              116.351317,
              40.018411
            ],
            [
              116.350843,
              40.018408
            ],
            [
              116.350846,
              40.018157
            ]
          ]
        ]
      }
    },
    {
      "type": "Feature",
      "id": "BLDG-176",
      "properties": {
        "id": "BLDG-176",
        "layer": "BUILDING_FOOTPRINT",
        "source_type": "agent_generated_design",
        "confidence": "medium",
        "geometry_role": "design_proposal",
        "building_type": "retail",
        "name_zh": "商业服务与智能消费建筑",
        "building_status": "concept_retain_renovate",
        "floors_estimate": 14,
        "area_sqm_declared": 955.169
      },
      "geometry": {
        "type": "Polygon",
        "coordinates": [
          [
            [
              116.350872,
              40.018489
            ],
            [
              116.351288,
              40.018492
            ],
            [
              116.351286,
              40.018734
            ],
            [
              116.350869,
              40.018731
            ],
            [
              116.350872,
              40.018489
            ]
          ]
        ]
      }
    },
    {
      "type": "Feature",
      "id": "BLDG-177",
      "properties": {
        "id": "BLDG-177",
        "layer": "BUILDING_FOOTPRINT",
        "source_type": "agent_generated_design",
        "confidence": "medium",
        "geometry_role": "design_proposal",
        "building_type": "retail",
        "name_zh": "商业服务与智能消费建筑",
        "building_status": "concept_retain_renovate",
        "floors_estimate": 7,
        "area_sqm_declared": 898.602
      },
      "geometry": {
        "type": "Polygon",
        "coordinates": [
          [
            [
              116.350871,
              40.018823
            ],
            [
              116.351282,
              40.018825
            ],
            [
              116.35128,
              40.019055
            ],
            [
              116.350869,
              40.019053
            ],
            [
              116.350871,
              40.018823
            ]
          ]
        ]
      }
    },
    {
      "type": "Feature",
      "id": "BLDG-178",
      "properties": {
        "id": "BLDG-178",
        "layer": "BUILDING_FOOTPRINT",
        "source_type": "agent_generated_design",
        "confidence": "medium",
        "geometry_role": "design_proposal",
        "building_type": "retail",
        "name_zh": "商业服务与智能消费建筑",
        "building_status": "concept_retain_renovate",
        "floors_estimate": 6,
        "area_sqm_declared": 1079.973
      },
      "geometry": {
        "type": "Polygon",
        "coordinates": [
          [
            [
              116.350847,
              40.019466
            ],
            [
              116.351294,
              40.019468
            ],
            [
              116.351292,
              40.019724
            ],
            [
              116.350845,
              40.019721
            ],
            [
              116.350847,
              40.019466
            ]
          ]
        ]
      }
    },
    {
      "type": "Feature",
      "id": "BLDG-179",
      "properties": {
        "id": "BLDG-179",
        "layer": "BUILDING_FOOTPRINT",
        "source_type": "agent_generated_design",
        "confidence": "medium",
        "geometry_role": "design_proposal",
        "building_type": "residential",
        "name_zh": "居住建筑",
        "building_status": "concept_retain_renovate",
        "floors_estimate": 14,
        "area_sqm_declared": 683.165
      },
      "geometry": {
        "type": "Polygon",
        "coordinates": [
          [
            [
              116.352034,
              39.94298
            ],
            [
              116.352568,
              39.942983
            ],
            [
              116.352567,
              39.943118
            ],
            [
              116.352033,
              39.943114
            ],
            [
              116.352034,
              39.94298
            ]
          ]
        ]
      }
    },
    {
      "type": "Feature",
      "id": "BLDG-180",
      "properties": {
        "id": "BLDG-180",
        "layer": "BUILDING_FOOTPRINT",
        "source_type": "agent_generated_design",
        "confidence": "medium",
        "geometry_role": "design_proposal",
        "building_type": "residential",
        "name_zh": "居住建筑",
        "building_status": "concept_retain_renovate",
        "floors_estimate": 14,
        "area_sqm_declared": 557.695
      },
      "geometry": {
        "type": "Polygon",
        "coordinates": [
          [
            [
              116.352041,
              39.943167
            ],
            [
              116.352558,
              39.94317
            ],
            [
              116.352557,
              39.943283
            ],
            [
              116.35204,
              39.94328
            ],
            [
              116.352041,
              39.943167
            ]
          ]
        ]
      }
    },
    {
      "type": "Feature",
      "id": "BLDG-181",
      "properties": {
        "id": "BLDG-181",
        "layer": "BUILDING_FOOTPRINT",
        "source_type": "agent_generated_design",
        "confidence": "medium",
        "geometry_role": "design_proposal",
        "building_type": "residential",
        "name_zh": "居住建筑",
        "building_status": "concept_retain_renovate",
        "floors_estimate": 10,
        "area_sqm_declared": 661.8
      },
      "geometry": {
        "type": "Polygon",
        "coordinates": [
          [
            [
              116.352041,
              39.943332
            ],
            [
              116.352554,
              39.943335
            ],
            [
              116.352553,
              39.943471
            ],
            [
              116.35204,
              39.943468
            ],
            [
              116.352041,
              39.943332
            ]
          ]
        ]
      }
    },
    {
      "type": "Feature",
      "id": "BLDG-182",
      "properties": {
        "id": "BLDG-182",
        "layer": "BUILDING_FOOTPRINT",
        "source_type": "agent_generated_design",
        "confidence": "medium",
        "geometry_role": "design_proposal",
        "building_type": "residential",
        "name_zh": "居住建筑",
        "building_status": "concept_retain_renovate",
        "floors_estimate": 16,
        "area_sqm_declared": 675.866
      },
      "geometry": {
        "type": "Polygon",
        "coordinates": [
          [
            [
              116.352032,
              39.943685
            ],
            [
              116.352556,
              39.943688
            ],
            [
              116.352555,
              39.943824
            ],
            [
              116.352031,
              39.943821
            ],
            [
              116.352032,
              39.943685
            ]
          ]
        ]
      }
    },
    {
      "type": "Feature",
      "id": "BLDG-183",
      "properties": {
        "id": "BLDG-183",
        "layer": "BUILDING_FOOTPRINT",
        "source_type": "agent_generated_design",
        "confidence": "medium",
        "geometry_role": "design_proposal",
        "building_type": "residential",
        "name_zh": "居住建筑",
        "building_status": "concept_retain_renovate",
        "floors_estimate": 13,
        "area_sqm_declared": 564.888
      },
      "geometry": {
        "type": "Polygon",
        "coordinates": [
          [
            [
              116.35207,
              39.943863
            ],
            [
              116.352515,
              39.943865
            ],
            [
              116.352514,
              39.943999
            ],
            [
              116.352069,
              39.943997
            ],
            [
              116.35207,
              39.943863
            ]
          ]
        ]
      }
    },
    {
      "type": "Feature",
      "id": "BLDG-184",
      "properties": {
        "id": "BLDG-184",
        "layer": "BUILDING_FOOTPRINT",
        "source_type": "agent_generated_design",
        "confidence": "medium",
        "geometry_role": "design_proposal",
        "building_type": "residential",
        "name_zh": "居住建筑",
        "building_status": "concept_retain_renovate",
        "floors_estimate": 14,
        "area_sqm_declared": 569.79
      },
      "geometry": {
        "type": "Polygon",
        "coordinates": [
          [
            [
              116.352029,
              39.944225
            ],
            [
              116.352549,
              39.944228
            ],
            [
              116.352548,
              39.944343
            ],
            [
              116.352028,
              39.94434
            ],
            [
              116.352029,
              39.944225
            ]
          ]
        ]
      }
    },
    {
      "type": "Feature",
      "id": "BLDG-185",
      "properties": {
        "id": "BLDG-185",
        "layer": "BUILDING_FOOTPRINT",
        "source_type": "agent_generated_design",
        "confidence": "medium",
        "geometry_role": "design_proposal",
        "building_type": "residential",
        "name_zh": "居住建筑",
        "building_status": "concept_retain_renovate",
        "floors_estimate": 16,
        "area_sqm_declared": 523.884
      },
      "geometry": {
        "type": "Polygon",
        "coordinates": [
          [
            [
              116.352051,
              39.944577
            ],
            [
              116.352521,
              39.94458
            ],
            [
              116.35252,
              39.944697
            ],
            [
              116.35205,
              39.944694
            ],
            [
              116.352051,
              39.944577
            ]
          ]
        ]
      }
    },
    {
      "type": "Feature",
      "id": "BLDG-186",
      "properties": {
        "id": "BLDG-186",
        "layer": "BUILDING_FOOTPRINT",
        "source_type": "agent_generated_design",
        "confidence": "medium",
        "geometry_role": "design_proposal",
        "building_type": "residential",
        "name_zh": "居住建筑",
        "building_status": "concept_retain_renovate",
        "floors_estimate": 6,
        "area_sqm_declared": 507.282
      },
      "geometry": {
        "type": "Polygon",
        "coordinates": [
          [
            [
              116.352045,
              39.944756
            ],
            [
              116.352523,
              39.944759
            ],
            [
              116.352522,
              39.944871
            ],
            [
              116.352044,
              39.944868
            ],
            [
              116.352045,
              39.944756
            ]
          ]
        ]
      }
    },
    {
      "type": "Feature",
      "id": "BLDG-187",
      "properties": {
        "id": "BLDG-187",
        "layer": "BUILDING_FOOTPRINT",
        "source_type": "agent_generated_design",
        "confidence": "medium",
        "geometry_role": "design_proposal",
        "building_type": "residential",
        "name_zh": "居住建筑",
        "building_status": "concept_retain_renovate",
        "floors_estimate": 11,
        "area_sqm_declared": 494.007
      },
      "geometry": {
        "type": "Polygon",
        "coordinates": [
          [
            [
              116.352057,
              39.944931
            ],
            [
              116.352508,
              39.944934
            ],
            [
              116.352507,
              39.945049
            ],
            [
              116.352056,
              39.945047
            ],
            [
              116.352057,
              39.944931
            ]
          ]
        ]
      }
    },
    {
      "type": "Feature",
      "id": "BLDG-188",
      "properties": {
        "id": "BLDG-188",
        "layer": "BUILDING_FOOTPRINT",
        "source_type": "agent_generated_design",
        "confidence": "medium",
        "geometry_role": "design_proposal",
        "building_type": "residential",
        "name_zh": "居住建筑",
        "building_status": "concept_retain_renovate",
        "floors_estimate": 16,
        "area_sqm_declared": 626.245
      },
      "geometry": {
        "type": "Polygon",
        "coordinates": [
          [
            [
              116.352032,
              39.945099
            ],
            [
              116.35253,
              39.945102
            ],
            [
              116.352529,
              39.945234
            ],
            [
              116.352031,
              39.945232
            ],
            [
              116.352032,
              39.945099
            ]
          ]
        ]
      }
    },
    {
      "type": "Feature",
      "id": "BLDG-189",
      "properties": {
        "id": "BLDG-189",
        "layer": "BUILDING_FOOTPRINT",
        "source_type": "agent_generated_design",
        "confidence": "medium",
        "geometry_role": "design_proposal",
        "building_type": "residential",
        "name_zh": "居住建筑",
        "building_status": "concept_retain_renovate",
        "floors_estimate": 8,
        "area_sqm_declared": 467.005
      },
      "geometry": {
        "type": "Polygon",
        "coordinates": [
          [
            [
              116.352064,
              39.945285
            ],
            [
              116.352494,
              39.945287
            ],
            [
              116.352493,
              39.945401
            ],
            [
              116.352063,
              39.945399
            ],
            [
              116.352064,
              39.945285
            ]
          ]
        ]
      }
    },
    {
      "type": "Feature",
      "id": "BLDG-190",
      "properties": {
        "id": "BLDG-190",
        "layer": "BUILDING_FOOTPRINT",
        "source_type": "agent_generated_design",
        "confidence": "medium",
        "geometry_role": "design_proposal",
        "building_type": "residential",
        "name_zh": "居住建筑",
        "building_status": "concept_retain_renovate",
        "floors_estimate": 11,
        "area_sqm_declared": 533.389
      },
      "geometry": {
        "type": "Polygon",
        "coordinates": [
          [
            [
              116.352026,
              39.945639
            ],
            [
              116.352526,
              39.945642
            ],
            [
              116.352525,
              39.945754
            ],
            [
              116.352025,
              39.945751
            ],
            [
              116.352026,
              39.945639
            ]
          ]
        ]
      }
    },
    {
      "type": "Feature",
      "id": "BLDG-191",
      "properties": {
        "id": "BLDG-191",
        "layer": "BUILDING_FOOTPRINT",
        "source_type": "agent_generated_design",
        "confidence": "medium",
        "geometry_role": "design_proposal",
        "building_type": "residential",
        "name_zh": "居住建筑",
        "building_status": "concept_retain_renovate",
        "floors_estimate": 14,
        "area_sqm_declared": 535.275
      },
      "geometry": {
        "type": "Polygon",
        "coordinates": [
          [
            [
              116.352061,
              39.945805
            ],
            [
              116.352487,
              39.945808
            ],
            [
              116.352486,
              39.94594
            ],
            [
              116.35206,
              39.945938
            ],
            [
              116.352061,
              39.945805
            ]
          ]
        ]
      }
    },
    {
      "type": "Feature",
      "id": "BLDG-192",
      "properties": {
        "id": "BLDG-192",
        "layer": "BUILDING_FOOTPRINT",
        "source_type": "agent_generated_design",
        "confidence": "medium",
        "geometry_role": "design_proposal",
        "building_type": "residential",
        "name_zh": "居住建筑",
        "building_status": "concept_retain_renovate",
        "floors_estimate": 14,
        "area_sqm_declared": 691.827
      },
      "geometry": {
        "type": "Polygon",
        "coordinates": [
          [
            [
              116.352017,
              39.946153
            ],
            [
              116.352525,
              39.946156
            ],
            [
              116.352524,
              39.946299
            ],
            [
              116.352016,
              39.946296
            ],
            [
              116.352017,
              39.946153
            ]
          ]
        ]
      }
    },
    {
      "type": "Feature",
      "id": "BLDG-193",
      "properties": {
        "id": "BLDG-193",
        "layer": "BUILDING_FOOTPRINT",
        "source_type": "agent_generated_design",
        "confidence": "medium",
        "geometry_role": "design_proposal",
        "building_type": "residential",
        "name_zh": "居住建筑",
        "building_status": "concept_retain_renovate",
        "floors_estimate": 11,
        "area_sqm_declared": 590.522
      },
      "geometry": {
        "type": "Polygon",
        "coordinates": [
          [
            [
              116.352035,
              39.946335
            ],
            [
              116.352504,
              39.946337
            ],
            [
              116.352503,
              39.94647
            ],
            [
              116.352034,
              39.946467
            ],
            [
              116.352035,
              39.946335
            ]
          ]
        ]
      }
    },
    {
      "type": "Feature",
      "id": "BLDG-194",
      "properties": {
        "id": "BLDG-194",
        "layer": "BUILDING_FOOTPRINT",
        "source_type": "agent_generated_design",
        "confidence": "medium",
        "geometry_role": "design_proposal",
        "building_type": "residential",
        "name_zh": "居住建筑",
        "building_status": "concept_retain_renovate",
        "floors_estimate": 6,
        "area_sqm_declared": 595.791
      },
      "geometry": {
        "type": "Polygon",
        "coordinates": [
          [
            [
              116.352033,
              39.946687
            ],
            [
              116.3525,
              39.94669
            ],
            [
              116.352498,
              39.946824
            ],
            [
              116.352031,
              39.946821
            ],
            [
              116.352033,
              39.946687
            ]
          ]
        ]
      }
    },
    {
      "type": "Feature",
      "id": "BLDG-195",
      "properties": {
        "id": "BLDG-195",
        "layer": "BUILDING_FOOTPRINT",
        "source_type": "agent_generated_design",
        "confidence": "medium",
        "geometry_role": "design_proposal",
        "building_type": "residential",
        "name_zh": "居住建筑",
        "building_status": "concept_retain_renovate",
        "floors_estimate": 16,
        "area_sqm_declared": 679.945
      },
      "geometry": {
        "type": "Polygon",
        "coordinates": [
          [
            [
              116.348682,
              39.955096
            ],
            [
              116.349231,
              39.9551
            ],
            [
              116.34923,
              39.95523
            ],
            [
              116.34868,
              39.955227
            ],
            [
              116.348682,
              39.955096
            ]
          ]
        ]
      }
    },
    {
      "type": "Feature",
      "id": "BLDG-196",
      "properties": {
        "id": "BLDG-196",
        "layer": "BUILDING_FOOTPRINT",
        "source_type": "agent_generated_design",
        "confidence": "medium",
        "geometry_role": "design_proposal",
        "building_type": "residential",
        "name_zh": "居住建筑",
        "building_status": "concept_retain_renovate",
        "floors_estimate": 10,
        "area_sqm_declared": 583.496
      },
      "geometry": {
        "type": "Polygon",
        "coordinates": [
          [
            [
              116.348726,
              39.955271
            ],
            [
              116.349183,
              39.955274
            ],
            [
              116.349182,
              39.955408
            ],
            [
              116.348725,
              39.955406
            ],
            [
              116.348726,
              39.955271
            ]
          ]
        ]
      }
    },
    {
      "type": "Feature",
      "id": "BLDG-197",
      "properties": {
        "id": "BLDG-197",
        "layer": "BUILDING_FOOTPRINT",
        "source_type": "agent_generated_design",
        "confidence": "medium",
        "geometry_role": "design_proposal",
        "building_type": "residential",
        "name_zh": "居住建筑",
        "building_status": "concept_retain_renovate",
        "floors_estimate": 7,
        "area_sqm_declared": 775.267
      },
      "geometry": {
        "type": "Polygon",
        "coordinates": [
          [
            [
              116.348671,
              39.955442
            ],
            [
              116.349235,
              39.955446
            ],
            [
              116.349234,
              39.95559
            ],
            [
              116.34867,
              39.955587
            ],
            [
              116.348671,
              39.955442
            ]
          ]
        ]
      }
    },
    {
      "type": "Feature",
      "id": "BLDG-198",
      "properties": {
        "id": "BLDG-198",
        "layer": "BUILDING_FOOTPRINT",
        "source_type": "agent_generated_design",
        "confidence": "medium",
        "geometry_role": "design_proposal",
        "building_type": "residential",
        "name_zh": "居住建筑",
        "building_status": "concept_retain_renovate",
        "floors_estimate": 15,
        "area_sqm_declared": 504.305
      },
      "geometry": {
        "type": "Polygon",
        "coordinates": [
          [
            [
              116.34874,
              39.955629
            ],
            [
              116.349163,
              39.955631
            ],
            [
              116.349161,
              39.955757
            ],
            [
              116.348739,
              39.955754
            ],
            [
              116.34874,
              39.955629
            ]
          ]
        ]
      }
    },
    {
      "type": "Feature",
      "id": "BLDG-199",
      "properties": {
        "id": "BLDG-199",
        "layer": "BUILDING_FOOTPRINT",
        "source_type": "agent_generated_design",
        "confidence": "medium",
        "geometry_role": "design_proposal",
        "building_type": "residential",
        "name_zh": "居住建筑",
        "building_status": "concept_retain_renovate",
        "floors_estimate": 9,
        "area_sqm_declared": 518.121
      },
      "geometry": {
        "type": "Polygon",
        "coordinates": [
          [
            [
              116.348699,
              39.955813
            ],
            [
              116.3492,
              39.955816
            ],
            [
              116.349199,
              39.955925
            ],
            [
              116.348698,
              39.955922
            ],
            [
              116.348699,
              39.955813
            ]
          ]
        ]
      }
    },
    {
      "type": "Feature",
      "id": "BLDG-200",
      "properties": {
        "id": "BLDG-200",
        "layer": "BUILDING_FOOTPRINT",
        "source_type": "agent_generated_design",
        "confidence": "medium",
        "geometry_role": "design_proposal",
        "building_type": "residential",
        "name_zh": "居住建筑",
        "building_status": "concept_retain_renovate",
        "floors_estimate": 13,
        "area_sqm_declared": 455.083
      },
      "geometry": {
        "type": "Polygon",
        "coordinates": [
          [
            [
              116.348728,
              39.95599
            ],
            [
              116.349168,
              39.955993
            ],
            [
              116.349167,
              39.956102
            ],
            [
              116.348727,
              39.956099
            ],
            [
              116.348728,
              39.95599
            ]
          ]
        ]
      }
    },
    {
      "type": "Feature",
      "id": "BLDG-201",
      "properties": {
        "id": "BLDG-201",
        "layer": "BUILDING_FOOTPRINT",
        "source_type": "agent_generated_design",
        "confidence": "medium",
        "geometry_role": "design_proposal",
        "building_type": "residential",
        "name_zh": "居住建筑",
        "building_status": "concept_retain_renovate",
        "floors_estimate": 16,
        "area_sqm_declared": 464.653
      },
      "geometry": {
        "type": "Polygon",
        "coordinates": [
          [
            [
              116.348728,
              39.956165
            ],
            [
              116.349164,
              39.956167
            ],
            [
              116.349163,
              39.95628
            ],
            [
              116.348727,
              39.956277
            ],
            [
              116.348728,
              39.956165
            ]
          ]
        ]
      }
    },
    {
      "type": "Feature",
      "id": "BLDG-202",
      "properties": {
        "id": "BLDG-202",
        "layer": "BUILDING_FOOTPRINT",
        "source_type": "agent_generated_design",
        "confidence": "medium",
        "geometry_role": "design_proposal",
        "building_type": "residential",
        "name_zh": "居住建筑",
        "building_status": "concept_retain_renovate",
        "floors_estimate": 15,
        "area_sqm_declared": 654.057
      },
      "geometry": {
        "type": "Polygon",
        "coordinates": [
          [
            [
              116.348677,
              39.956333
            ],
            [
              116.349212,
              39.956336
            ],
            [
              116.349211,
              39.956465
            ],
            [
              116.348676,
              39.956462
            ],
            [
              116.348677,
              39.956333
            ]
          ]
        ]
      }
    },
    {
      "type": "Feature",
      "id": "BLDG-203",
      "properties": {
        "id": "BLDG-203",
        "layer": "BUILDING_FOOTPRINT",
        "source_type": "agent_generated_design",
        "confidence": "medium",
        "geometry_role": "design_proposal",
        "building_type": "residential",
        "name_zh": "居住建筑",
        "building_status": "concept_retain_renovate",
        "floors_estimate": 16,
        "area_sqm_declared": 606.7
      },
      "geometry": {
        "type": "Polygon",
        "coordinates": [
          [
            [
              116.348693,
              39.95651
            ],
            [
              116.349193,
              39.956513
            ],
            [
              116.349192,
              39.956641
            ],
            [
              116.348692,
              39.956638
            ],
            [
              116.348693,
              39.95651
            ]
          ]
        ]
      }
    },
    {
      "type": "Feature",
      "id": "BLDG-204",
      "properties": {
        "id": "BLDG-204",
        "layer": "BUILDING_FOOTPRINT",
        "source_type": "agent_generated_design",
        "confidence": "medium",
        "geometry_role": "design_proposal",
        "building_type": "residential",
        "name_zh": "居住建筑",
        "building_status": "concept_retain_renovate",
        "floors_estimate": 8,
        "area_sqm_declared": 555.513
      },
      "geometry": {
        "type": "Polygon",
        "coordinates": [
          [
            [
              116.348681,
              39.956694
            ],
            [
              116.349201,
              39.956697
            ],
            [
              116.3492,
              39.956809
            ],
            [
              116.34868,
              39.956807
            ],
            [
              116.348681,
              39.956694
            ]
          ]
        ]
      }
    },
    {
      "type": "Feature",
      "id": "BLDG-205",
      "properties": {
        "id": "BLDG-205",
        "layer": "BUILDING_FOOTPRINT",
        "source_type": "agent_generated_design",
        "confidence": "medium",
        "geometry_role": "design_proposal",
        "building_type": "residential",
        "name_zh": "居住建筑",
        "building_status": "concept_retain_renovate",
        "floors_estimate": 13,
        "area_sqm_declared": 480.546
      },
      "geometry": {
        "type": "Polygon",
        "coordinates": [
          [
            [
              116.348717,
              39.95687
            ],
            [
              116.349162,
              39.956873
            ],
            [
              116.349161,
              39.956986
            ],
            [
              116.348716,
              39.956984
            ],
            [
              116.348717,
              39.95687
            ]
          ]
        ]
      }
    },
    {
      "type": "Feature",
      "id": "BLDG-206",
      "properties": {
        "id": "BLDG-206",
        "layer": "BUILDING_FOOTPRINT",
        "source_type": "agent_generated_design",
        "confidence": "medium",
        "geometry_role": "design_proposal",
        "building_type": "residential",
        "name_zh": "居住建筑",
        "building_status": "concept_retain_renovate",
        "floors_estimate": 14,
        "area_sqm_declared": 466.265
      },
      "geometry": {
        "type": "Polygon",
        "coordinates": [
          [
            [
              116.348728,
              39.957045
            ],
            [
              116.349147,
              39.957047
            ],
            [
              116.349146,
              39.957165
            ],
            [
              116.348727,
              39.957162
            ],
            [
              116.348728,
              39.957045
            ]
          ]
        ]
      }
    },
    {
      "type": "Feature",
      "id": "BLDG-207",
      "properties": {
        "id": "BLDG-207",
        "layer": "BUILDING_FOOTPRINT",
        "source_type": "agent_generated_design",
        "confidence": "medium",
        "geometry_role": "design_proposal",
        "building_type": "residential",
        "name_zh": "居住建筑",
        "building_status": "concept_retain_renovate",
        "floors_estimate": 15,
        "area_sqm_declared": 576.716
      },
      "geometry": {
        "type": "Polygon",
        "coordinates": [
          [
            [
              116.348697,
              39.957216
            ],
            [
              116.349175,
              39.957219
            ],
            [
              116.349174,
              39.957346
            ],
            [
              116.348696,
              39.957344
            ],
            [
              116.348697,
              39.957216
            ]
          ]
        ]
      }
    },
    {
      "type": "Feature",
      "id": "BLDG-208",
      "properties": {
        "id": "BLDG-208",
        "layer": "BUILDING_FOOTPRINT",
        "source_type": "agent_generated_design",
        "confidence": "medium",
        "geometry_role": "design_proposal",
        "building_type": "residential",
        "name_zh": "居住建筑",
        "building_status": "concept_retain_renovate",
        "floors_estimate": 15,
        "area_sqm_declared": 546.325
      },
      "geometry": {
        "type": "Polygon",
        "coordinates": [
          [
            [
              116.348721,
              39.957389
            ],
            [
              116.349148,
              39.957392
            ],
            [
              116.349147,
              39.957526
            ],
            [
              116.34872,
              39.957524
            ],
            [
              116.348721,
              39.957389
            ]
          ]
        ]
      }
    },
    {
      "type": "Feature",
      "id": "BLDG-209",
      "properties": {
        "id": "BLDG-209",
        "layer": "BUILDING_FOOTPRINT",
        "source_type": "agent_generated_design",
        "confidence": "medium",
        "geometry_role": "design_proposal",
        "building_type": "residential",
        "name_zh": "居住建筑",
        "building_status": "concept_retain_renovate",
        "floors_estimate": 14,
        "area_sqm_declared": 633.69
      },
      "geometry": {
        "type": "Polygon",
        "coordinates": [
          [
            [
              116.348672,
              39.957569
            ],
            [
              116.349194,
              39.957572
            ],
            [
              116.349193,
              39.9577
            ],
            [
              116.348671,
              39.957697
            ],
            [
              116.348672,
              39.957569
            ]
          ]
        ]
      }
    },
    {
      "type": "Feature",
      "id": "BLDG-210",
      "properties": {
        "id": "BLDG-210",
        "layer": "BUILDING_FOOTPRINT",
        "source_type": "agent_generated_design",
        "confidence": "medium",
        "geometry_role": "design_proposal",
        "building_type": "residential",
        "name_zh": "居住建筑",
        "building_status": "concept_retain_renovate",
        "floors_estimate": 9,
        "area_sqm_declared": 632.967
      },
      "geometry": {
        "type": "Polygon",
        "coordinates": [
          [
            [
              116.34865,
              39.95775
            ],
            [
              116.349212,
              39.957753
            ],
            [
              116.349211,
              39.957872
            ],
            [
              116.348649,
              39.957869
            ],
            [
              116.34865,
              39.95775
            ]
          ]
        ]
      }
    },
    {
      "type": "Feature",
      "id": "BLDG-211",
      "properties": {
        "id": "BLDG-211",
        "layer": "BUILDING_FOOTPRINT",
        "source_type": "agent_generated_design",
        "confidence": "medium",
        "geometry_role": "design_proposal",
        "building_type": "residential",
        "name_zh": "居住建筑",
        "building_status": "concept_retain_renovate",
        "floors_estimate": 9,
        "area_sqm_declared": 469.404
      },
      "geometry": {
        "type": "Polygon",
        "coordinates": [
          [
            [
              116.339893,
              39.969035
            ],
            [
              116.340311,
              39.969038
            ],
            [
              116.340309,
              39.969156
            ],
            [
              116.339891,
              39.969154
            ],
            [
              116.339893,
              39.969035
            ]
          ]
        ]
      }
    },
    {
      "type": "Feature",
      "id": "BLDG-212",
      "properties": {
        "id": "BLDG-212",
        "layer": "BUILDING_FOOTPRINT",
        "source_type": "agent_generated_design",
        "confidence": "medium",
        "geometry_role": "design_proposal",
        "building_type": "residential",
        "name_zh": "居住建筑",
        "building_status": "concept_retain_renovate",
        "floors_estimate": 14,
        "area_sqm_declared": 498.154
      },
      "geometry": {
        "type": "Polygon",
        "coordinates": [
          [
            [
              116.339886,
              39.96921
            ],
            [
              116.340313,
              39.969212
            ],
            [
              116.340312,
              39.969335
            ],
            [
              116.339885,
              39.969333
            ],
            [
              116.339886,
              39.96921
            ]
          ]
        ]
      }
    },
    {
      "type": "Feature",
      "id": "BLDG-213",
      "properties": {
        "id": "BLDG-213",
        "layer": "BUILDING_FOOTPRINT",
        "source_type": "agent_generated_design",
        "confidence": "medium",
        "geometry_role": "design_proposal",
        "building_type": "residential",
        "name_zh": "居住建筑",
        "building_status": "concept_retain_renovate",
        "floors_estimate": 17,
        "area_sqm_declared": 584.588
      },
      "geometry": {
        "type": "Polygon",
        "coordinates": [
          [
            [
              116.339852,
              39.969737
            ],
            [
              116.340337,
              39.96974
            ],
            [
              116.340336,
              39.969867
            ],
            [
              116.339851,
              39.969864
            ],
            [
              116.339852,
              39.969737
            ]
          ]
        ]
      }
    },
    {
      "type": "Feature",
      "id": "BLDG-214",
      "properties": {
        "id": "BLDG-214",
        "layer": "BUILDING_FOOTPRINT",
        "source_type": "agent_generated_design",
        "confidence": "medium",
        "geometry_role": "design_proposal",
        "building_type": "residential",
        "name_zh": "居住建筑",
        "building_status": "concept_retain_renovate",
        "floors_estimate": 11,
        "area_sqm_declared": 679.091
      },
      "geometry": {
        "type": "Polygon",
        "coordinates": [
          [
            [
              116.339842,
              39.969906
            ],
            [
              116.340345,
              39.969909
            ],
            [
              116.340343,
              39.970051
            ],
            [
              116.33984,
              39.970048
            ],
            [
              116.339842,
              39.969906
            ]
          ]
        ]
      }
    },
    {
      "type": "Feature",
      "id": "BLDG-215",
      "properties": {
        "id": "BLDG-215",
        "layer": "BUILDING_FOOTPRINT",
        "source_type": "agent_generated_design",
        "confidence": "medium",
        "geometry_role": "design_proposal",
        "building_type": "residential",
        "name_zh": "居住建筑",
        "building_status": "concept_retain_renovate",
        "floors_estimate": 11,
        "area_sqm_declared": 538.878
      },
      "geometry": {
        "type": "Polygon",
        "coordinates": [
          [
            [
              116.339869,
              39.97009
            ],
            [
              116.340313,
              39.970092
            ],
            [
              116.340312,
              39.97022
            ],
            [
              116.339868,
              39.970218
            ],
            [
              116.339869,
              39.97009
            ]
          ]
        ]
      }
    },
    {
      "type": "Feature",
      "id": "BLDG-216",
      "properties": {
        "id": "BLDG-216",
        "layer": "BUILDING_FOOTPRINT",
        "source_type": "agent_generated_design",
        "confidence": "medium",
        "geometry_role": "design_proposal",
        "building_type": "residential",
        "name_zh": "居住建筑",
        "building_status": "concept_retain_renovate",
        "floors_estimate": 6,
        "area_sqm_declared": 605.447
      },
      "geometry": {
        "type": "Polygon",
        "coordinates": [
          [
            [
              116.33983,
              39.970621
            ],
            [
              116.340342,
              39.970624
            ],
            [
              116.340341,
              39.970748
            ],
            [
              116.339829,
              39.970745
            ],
            [
              116.33983,
              39.970621
            ]
          ]
        ]
      }
    },
    {
      "type": "Feature",
      "id": "BLDG-217",
      "properties": {
        "id": "BLDG-217",
        "layer": "BUILDING_FOOTPRINT",
        "source_type": "agent_generated_design",
        "confidence": "medium",
        "geometry_role": "design_proposal",
        "building_type": "residential",
        "name_zh": "居住建筑",
        "building_status": "concept_retain_renovate",
        "floors_estimate": 16,
        "area_sqm_declared": 583.101
      },
      "geometry": {
        "type": "Polygon",
        "coordinates": [
          [
            [
              116.339813,
              39.971155
            ],
            [
              116.340349,
              39.971158
            ],
            [
              116.340348,
              39.971273
            ],
            [
              116.339812,
              39.97127
            ],
            [
              116.339813,
              39.971155
            ]
          ]
        ]
      }
    },
    {
      "type": "Feature",
      "id": "BLDG-218",
      "properties": {
        "id": "BLDG-218",
        "layer": "BUILDING_FOOTPRINT",
        "source_type": "agent_generated_design",
        "confidence": "medium",
        "geometry_role": "design_proposal",
        "building_type": "residential",
        "name_zh": "居住建筑",
        "building_status": "concept_retain_renovate",
        "floors_estimate": 14,
        "area_sqm_declared": 544.206
      },
      "geometry": {
        "type": "Polygon",
        "coordinates": [
          [
            [
              116.339838,
              39.97133
            ],
            [
              116.340321,
              39.971332
            ],
            [
              116.340319,
              39.971451
            ],
            [
              116.339837,
              39.971449
            ],
            [
              116.339838,
              39.97133
            ]
          ]
        ]
      }
    },
    {
      "type": "Feature",
      "id": "BLDG-219",
      "properties": {
        "id": "BLDG-219",
        "layer": "BUILDING_FOOTPRINT",
        "source_type": "agent_generated_design",
        "confidence": "medium",
        "geometry_role": "design_proposal",
        "building_type": "residential",
        "name_zh": "居住建筑",
        "building_status": "concept_retain_renovate",
        "floors_estimate": 13,
        "area_sqm_declared": 598.1
      },
      "geometry": {
        "type": "Polygon",
        "coordinates": [
          [
            [
              116.339853,
              39.971496
            ],
            [
              116.340303,
              39.971498
            ],
            [
              116.340301,
              39.971638
            ],
            [
              116.339851,
              39.971636
            ],
            [
              116.339853,
              39.971496
            ]
          ]
        ]
      }
    },
    {
      "type": "Feature",
      "id": "BLDG-220",
      "properties": {
        "id": "BLDG-220",
        "layer": "BUILDING_FOOTPRINT",
        "source_type": "agent_generated_design",
        "confidence": "medium",
        "geometry_role": "design_proposal",
        "building_type": "residential",
        "name_zh": "居住建筑",
        "building_status": "concept_retain_renovate",
        "floors_estimate": 17,
        "area_sqm_declared": 624.734
      },
      "geometry": {
        "type": "Polygon",
        "coordinates": [
          [
            [
              116.339803,
              39.971682
            ],
            [
              116.340349,
              39.971685
            ],
            [
              116.340348,
              39.971805
            ],
            [
              116.339802,
              39.971802
            ],
            [
              116.339803,
              39.971682
            ]
          ]
        ]
      }
    },
    {
      "type": "Feature",
      "id": "BLDG-221",
      "properties": {
        "id": "BLDG-221",
        "layer": "BUILDING_FOOTPRINT",
        "source_type": "agent_generated_design",
        "confidence": "medium",
        "geometry_role": "design_proposal",
        "building_type": "residential",
        "name_zh": "居住建筑",
        "building_status": "concept_retain_renovate",
        "floors_estimate": 14,
        "area_sqm_declared": 615.115
      },
      "geometry": {
        "type": "Polygon",
        "coordinates": [
          [
            [
              116.339803,
              39.971859
            ],
            [
              116.340345,
              39.971862
            ],
            [
              116.340344,
              39.971981
            ],
            [
              116.339802,
              39.971978
            ],
            [
              116.339803,
              39.971859
            ]
          ]
        ]
      }
    },
    {
      "type": "Feature",
      "id": "BLDG-222",
      "properties": {
        "id": "BLDG-222",
        "layer": "BUILDING_FOOTPRINT",
        "source_type": "agent_generated_design",
        "confidence": "medium",
        "geometry_role": "design_proposal",
        "building_type": "residential",
        "name_zh": "居住建筑",
        "building_status": "concept_retain_renovate",
        "floors_estimate": 15,
        "area_sqm_declared": 659.819
      },
      "geometry": {
        "type": "Polygon",
        "coordinates": [
          [
            [
              116.339798,
              39.972032
            ],
            [
              116.340347,
              39.972035
            ],
            [
              116.340346,
              39.972162
            ],
            [
              116.339797,
              39.972158
            ],
            [
              116.339798,
              39.972032
            ]
          ]
        ]
      }
    },
    {
      "type": "Feature",
      "id": "BLDG-223",
      "properties": {
        "id": "BLDG-223",
        "layer": "BUILDING_FOOTPRINT",
        "source_type": "agent_generated_design",
        "confidence": "medium",
        "geometry_role": "design_proposal",
        "building_type": "residential",
        "name_zh": "居住建筑",
        "building_status": "concept_retain_renovate",
        "floors_estimate": 16,
        "area_sqm_declared": 506.324
      },
      "geometry": {
        "type": "Polygon",
        "coordinates": [
          [
            [
              116.339826,
              39.972217
            ],
            [
              116.340316,
              39.97222
            ],
            [
              116.340315,
              39.972329
            ],
            [
              116.339825,
              39.972326
            ],
            [
              116.339826,
              39.972217
            ]
          ]
        ]
      }
    },
    {
      "type": "Feature",
      "id": "BLDG-224",
      "properties": {
        "id": "BLDG-224",
        "layer": "BUILDING_FOOTPRINT",
        "source_type": "agent_generated_design",
        "confidence": "medium",
        "geometry_role": "design_proposal",
        "building_type": "residential",
        "name_zh": "居住建筑",
        "building_status": "concept_retain_renovate",
        "floors_estimate": 18,
        "area_sqm_declared": 705.004
      },
      "geometry": {
        "type": "Polygon",
        "coordinates": [
          [
            [
              116.339802,
              39.972379
            ],
            [
              116.340337,
              39.972382
            ],
            [
              116.340335,
              39.972521
            ],
            [
              116.339801,
              39.972518
            ],
            [
              116.339802,
              39.972379
            ]
          ]
        ]
      }
    },
    {
      "type": "Feature",
      "id": "BLDG-225",
      "properties": {
        "id": "BLDG-225",
        "layer": "BUILDING_FOOTPRINT",
        "source_type": "agent_generated_design",
        "confidence": "medium",
        "geometry_role": "design_proposal",
        "building_type": "residential",
        "name_zh": "居住建筑",
        "building_status": "concept_retain_renovate",
        "floors_estimate": 17,
        "area_sqm_declared": 559.667
      },
      "geometry": {
        "type": "Polygon",
        "coordinates": [
          [
            [
              116.339848,
              39.972558
            ],
            [
              116.340287,
              39.97256
            ],
            [
              116.340286,
              39.972695
            ],
            [
              116.339847,
              39.972692
            ],
            [
              116.339848,
              39.972558
            ]
          ]
        ]
      }
    },
    {
      "type": "Feature",
      "id": "BLDG-226",
      "properties": {
        "id": "BLDG-226",
        "layer": "BUILDING_FOOTPRINT",
        "source_type": "agent_generated_design",
        "confidence": "medium",
        "geometry_role": "design_proposal",
        "building_type": "residential",
        "name_zh": "居住建筑",
        "building_status": "concept_retain_renovate",
        "floors_estimate": 8,
        "area_sqm_declared": 717.483
      },
      "geometry": {
        "type": "Polygon",
        "coordinates": [
          [
            [
              116.339785,
              39.972734
            ],
            [
              116.340347,
              39.972737
            ],
            [
              116.340346,
              39.972871
            ],
            [
              116.339783,
              39.972868
            ],
            [
              116.339785,
              39.972734
            ]
          ]
        ]
      }
    },
    {
      "type": "Feature",
      "id": "BLDG-227",
      "properties": {
        "id": "BLDG-227",
        "layer": "BUILDING_FOOTPRINT",
        "source_type": "agent_generated_design",
        "confidence": "medium",
        "geometry_role": "design_proposal",
        "building_type": "residential",
        "name_zh": "居住建筑",
        "building_status": "concept_retain_renovate",
        "floors_estimate": 9,
        "area_sqm_declared": 591.958
      },
      "geometry": {
        "type": "Polygon",
        "coordinates": [
          [
            [
              116.35204,
              39.970831
            ],
            [
              116.352562,
              39.970834
            ],
            [
              116.352561,
              39.970953
            ],
            [
              116.352039,
              39.970951
            ],
            [
              116.35204,
              39.970831
            ]
          ]
        ]
      }
    },
    {
      "type": "Feature",
      "id": "BLDG-228",
      "properties": {
        "id": "BLDG-228",
        "layer": "BUILDING_FOOTPRINT",
        "source_type": "agent_generated_design",
        "confidence": "medium",
        "geometry_role": "design_proposal",
        "building_type": "residential",
        "name_zh": "居住建筑",
        "building_status": "concept_retain_renovate",
        "floors_estimate": 15,
        "area_sqm_declared": 599.61
      },
      "geometry": {
        "type": "Polygon",
        "coordinates": [
          [
            [
              116.352038,
              39.971007
            ],
            [
              116.352561,
              39.97101
            ],
            [
              116.35256,
              39.97113
            ],
            [
              116.352037,
              39.971128
            ],
            [
              116.352038,
              39.971007
            ]
          ]
        ]
      }
    },
    {
      "type": "Feature",
      "id": "BLDG-229",
      "properties": {
        "id": "BLDG-229",
        "layer": "BUILDING_FOOTPRINT",
        "source_type": "agent_generated_design",
        "confidence": "medium",
        "geometry_role": "design_proposal",
        "building_type": "residential",
        "name_zh": "居住建筑",
        "building_status": "concept_retain_renovate",
        "floors_estimate": 15,
        "area_sqm_declared": 495.596
      },
      "geometry": {
        "type": "Polygon",
        "coordinates": [
          [
            [
              116.352058,
              39.971189
            ],
            [
              116.352538,
              39.971192
            ],
            [
              116.352537,
              39.971301
            ],
            [
              116.352057,
              39.971298
            ],
            [
              116.352058,
              39.971189
            ]
          ]
        ]
      }
    },
    {
      "type": "Feature",
      "id": "BLDG-230",
      "properties": {
        "id": "BLDG-230",
        "layer": "BUILDING_FOOTPRINT",
        "source_type": "agent_generated_design",
        "confidence": "medium",
        "geometry_role": "design_proposal",
        "building_type": "residential",
        "name_zh": "居住建筑",
        "building_status": "concept_retain_renovate",
        "floors_estimate": 10,
        "area_sqm_declared": 590.103
      },
      "geometry": {
        "type": "Polygon",
        "coordinates": [
          [
            [
              116.352032,
              39.971361
            ],
            [
              116.35256,
              39.971364
            ],
            [
              116.352559,
              39.971482
            ],
            [
              116.35203,
              39.971479
            ],
            [
              116.352032,
              39.971361
            ]
          ]
        ]
      }
    },
    {
      "type": "Feature",
      "id": "BLDG-231",
      "properties": {
        "id": "BLDG-231",
        "layer": "BUILDING_FOOTPRINT",
        "source_type": "agent_generated_design",
        "confidence": "medium",
        "geometry_role": "design_proposal",
        "building_type": "residential",
        "name_zh": "居住建筑",
        "building_status": "concept_retain_renovate",
        "floors_estimate": 14,
        "area_sqm_declared": 633.38
      },
      "geometry": {
        "type": "Polygon",
        "coordinates": [
          [
            [
              116.352027,
              39.971534
            ],
            [
              116.352562,
              39.971537
            ],
            [
              116.352561,
              39.971662
            ],
            [
              116.352026,
              39.971659
            ],
            [
              116.352027,
              39.971534
            ]
          ]
        ]
      }
    },
    {
      "type": "Feature",
      "id": "BLDG-232",
      "properties": {
        "id": "BLDG-232",
        "layer": "BUILDING_FOOTPRINT",
        "source_type": "agent_generated_design",
        "confidence": "medium",
        "geometry_role": "design_proposal",
        "building_type": "residential",
        "name_zh": "居住建筑",
        "building_status": "concept_retain_renovate",
        "floors_estimate": 13,
        "area_sqm_declared": 625.442
      },
      "geometry": {
        "type": "Polygon",
        "coordinates": [
          [
            [
              116.352046,
              39.971706
            ],
            [
              116.35254,
              39.971709
            ],
            [
              116.352538,
              39.971843
            ],
            [
              116.352045,
              39.97184
            ],
            [
              116.352046,
              39.971706
            ]
          ]
        ]
      }
    },
    {
      "type": "Feature",
      "id": "BLDG-233",
      "properties": {
        "id": "BLDG-233",
        "layer": "BUILDING_FOOTPRINT",
        "source_type": "agent_generated_design",
        "confidence": "medium",
        "geometry_role": "design_proposal",
        "building_type": "residential",
        "name_zh": "居住建筑",
        "building_status": "concept_retain_renovate",
        "floors_estimate": 12,
        "area_sqm_declared": 688.281
      },
      "geometry": {
        "type": "Polygon",
        "coordinates": [
          [
            [
              116.352029,
              39.971881
            ],
            [
              116.352553,
              39.971883
            ],
            [
              116.352552,
              39.972022
            ],
            [
              116.352028,
              39.972019
            ],
            [
              116.352029,
              39.971881
            ]
          ]
        ]
      }
    },
    {
      "type": "Feature",
      "id": "BLDG-234",
      "properties": {
        "id": "BLDG-234",
        "layer": "BUILDING_FOOTPRINT",
        "source_type": "agent_generated_design",
        "confidence": "medium",
        "geometry_role": "design_proposal",
        "building_type": "residential",
        "name_zh": "居住建筑",
        "building_status": "concept_retain_renovate",
        "floors_estimate": 9,
        "area_sqm_declared": 504.204
      },
      "geometry": {
        "type": "Polygon",
        "coordinates": [
          [
            [
              116.352055,
              39.97207
            ],
            [
              116.352523,
              39.972072
            ],
            [
              116.352522,
              39.972186
            ],
            [
              116.352054,
              39.972183
            ],
            [
              116.352055,
              39.97207
            ]
          ]
        ]
      }
    },
    {
      "type": "Feature",
      "id": "BLDG-235",
      "properties": {
        "id": "BLDG-235",
        "layer": "BUILDING_FOOTPRINT",
        "source_type": "agent_generated_design",
        "confidence": "medium",
        "geometry_role": "design_proposal",
        "building_type": "residential",
        "name_zh": "居住建筑",
        "building_status": "concept_retain_renovate",
        "floors_estimate": 17,
        "area_sqm_declared": 663.63
      },
      "geometry": {
        "type": "Polygon",
        "coordinates": [
          [
            [
              116.352006,
              39.972241
            ],
            [
              116.352569,
              39.972244
            ],
            [
              116.352568,
              39.972368
            ],
            [
              116.352005,
              39.972365
            ],
            [
              116.352006,
              39.972241
            ]
          ]
        ]
      }
    },
    {
      "type": "Feature",
      "id": "BLDG-236",
      "properties": {
        "id": "BLDG-236",
        "layer": "BUILDING_FOOTPRINT",
        "source_type": "agent_generated_design",
        "confidence": "medium",
        "geometry_role": "design_proposal",
        "building_type": "residential",
        "name_zh": "居住建筑",
        "building_status": "concept_retain_renovate",
        "floors_estimate": 17,
        "area_sqm_declared": 695.468
      },
      "geometry": {
        "type": "Polygon",
        "coordinates": [
          [
            [
              116.352029,
              39.972408
            ],
            [
              116.352543,
              39.972411
            ],
            [
              116.352542,
              39.972554
            ],
            [
              116.352028,
              39.97255
            ],
            [
              116.352029,
              39.972408
            ]
          ]
        ]
      }
    },
    {
      "type": "Feature",
      "id": "BLDG-237",
      "properties": {
        "id": "BLDG-237",
        "layer": "BUILDING_FOOTPRINT",
        "source_type": "agent_generated_design",
        "confidence": "medium",
        "geometry_role": "design_proposal",
        "building_type": "residential",
        "name_zh": "居住建筑",
        "building_status": "concept_retain_renovate",
        "floors_estimate": 15,
        "area_sqm_declared": 639.278
      },
      "geometry": {
        "type": "Polygon",
        "coordinates": [
          [
            [
              116.352051,
              39.972584
            ],
            [
              116.352518,
              39.972586
            ],
            [
              116.352517,
              39.972731
            ],
            [
              116.35205,
              39.972728
            ],
            [
              116.352051,
              39.972584
            ]
          ]
        ]
      }
    },
    {
      "type": "Feature",
      "id": "BLDG-238",
      "properties": {
        "id": "BLDG-238",
        "layer": "BUILDING_FOOTPRINT",
        "source_type": "agent_generated_design",
        "confidence": "medium",
        "geometry_role": "design_proposal",
        "building_type": "residential",
        "name_zh": "居住建筑",
        "building_status": "concept_retain_renovate",
        "floors_estimate": 9,
        "area_sqm_declared": 512.931
      },
      "geometry": {
        "type": "Polygon",
        "coordinates": [
          [
            [
              116.352051,
              39.972774
            ],
            [
              116.352514,
              39.972777
            ],
            [
              116.352513,
              39.972893
            ],
            [
              116.35205,
              39.972891
            ],
            [
              116.352051,
              39.972774
            ]
          ]
        ]
      }
    },
    {
      "type": "Feature",
      "id": "BLDG-239",
      "properties": {
        "id": "BLDG-239",
        "layer": "BUILDING_FOOTPRINT",
        "source_type": "agent_generated_design",
        "confidence": "medium",
        "geometry_role": "design_proposal",
        "building_type": "residential",
        "name_zh": "居住建筑",
        "building_status": "concept_retain_renovate",
        "floors_estimate": 11,
        "area_sqm_declared": 522.802
      },
      "geometry": {
        "type": "Polygon",
        "coordinates": [
          [
            [
              116.352062,
              39.972946
            ],
            [
              116.3525,
              39.972948
            ],
            [
              116.352499,
              39.973074
            ],
            [
              116.352061,
              39.973072
            ],
            [
              116.352062,
              39.972946
            ]
          ]
        ]
      }
    },
    {
      "type": "Feature",
      "id": "BLDG-240",
      "properties": {
        "id": "BLDG-240",
        "layer": "BUILDING_FOOTPRINT",
        "source_type": "agent_generated_design",
        "confidence": "medium",
        "geometry_role": "design_proposal",
        "building_type": "residential",
        "name_zh": "居住建筑",
        "building_status": "concept_retain_renovate",
        "floors_estimate": 12,
        "area_sqm_declared": 677.915
      },
      "geometry": {
        "type": "Polygon",
        "coordinates": [
          [
            [
              116.35202,
              39.973116
            ],
            [
              116.352539,
              39.973119
            ],
            [
              116.352538,
              39.973257
            ],
            [
              116.352019,
              39.973254
            ],
            [
              116.35202,
              39.973116
            ]
          ]
        ]
      }
    },
    {
      "type": "Feature",
      "id": "BLDG-241",
      "properties": {
        "id": "BLDG-241",
        "layer": "BUILDING_FOOTPRINT",
        "source_type": "agent_generated_design",
        "confidence": "medium",
        "geometry_role": "design_proposal",
        "building_type": "residential",
        "name_zh": "居住建筑",
        "building_status": "concept_retain_renovate",
        "floors_estimate": 18,
        "area_sqm_declared": 656.975
      },
      "geometry": {
        "type": "Polygon",
        "coordinates": [
          [
            [
              116.352004,
              39.973298
            ],
            [
              116.352551,
              39.973302
            ],
            [
              116.35255,
              39.973428
            ],
            [
              116.352003,
              39.973425
            ],
            [
              116.352004,
              39.973298
            ]
          ]
        ]
      }
    },
    {
      "type": "Feature",
      "id": "BLDG-242",
      "properties": {
        "id": "BLDG-242",
        "layer": "BUILDING_FOOTPRINT",
        "source_type": "agent_generated_design",
        "confidence": "medium",
        "geometry_role": "design_proposal",
        "building_type": "residential",
        "name_zh": "居住建筑",
        "building_status": "concept_retain_renovate",
        "floors_estimate": 10,
        "area_sqm_declared": 704.356
      },
      "geometry": {
        "type": "Polygon",
        "coordinates": [
          [
            [
              116.352003,
              39.97347
            ],
            [
              116.35255,
              39.973474
            ],
            [
              116.352548,
              39.973609
            ],
            [
              116.352001,
              39.973606
            ],
            [
              116.352003,
              39.97347
            ]
          ]
        ]
      }
    },
    {
      "type": "Feature",
      "id": "BLDG-243",
      "properties": {
        "id": "BLDG-243",
        "layer": "BUILDING_FOOTPRINT",
        "source_type": "agent_generated_design",
        "confidence": "medium",
        "geometry_role": "design_proposal",
        "building_type": "residential",
        "name_zh": "居住建筑",
        "building_status": "concept_retain_renovate",
        "floors_estimate": 9,
        "area_sqm_declared": 494.472
      },
      "geometry": {
        "type": "Polygon",
        "coordinates": [
          [
            [
              116.341347,
              39.998679
            ],
            [
              116.341793,
              39.998682
            ],
            [
              116.341792,
              39.998799
            ],
            [
              116.341346,
              39.998796
            ],
            [
              116.341347,
              39.998679
            ]
          ]
        ]
      }
    },
    {
      "type": "Feature",
      "id": "BLDG-244",
      "properties": {
        "id": "BLDG-244",
        "layer": "BUILDING_FOOTPRINT",
        "source_type": "agent_generated_design",
        "confidence": "medium",
        "geometry_role": "design_proposal",
        "building_type": "residential",
        "name_zh": "居住建筑",
        "building_status": "concept_retain_renovate",
        "floors_estimate": 9,
        "area_sqm_declared": 703.358
      },
      "geometry": {
        "type": "Polygon",
        "coordinates": [
          [
            [
              116.341308,
              39.998843
            ],
            [
              116.341829,
              39.998846
            ],
            [
              116.341827,
              39.998988
            ],
            [
              116.341307,
              39.998985
            ],
            [
              116.341308,
              39.998843
            ]
          ]
        ]
      }
    },
    {
      "type": "Feature",
      "id": "BLDG-245",
      "properties": {
        "id": "BLDG-245",
        "layer": "BUILDING_FOOTPRINT",
        "source_type": "agent_generated_design",
        "confidence": "medium",
        "geometry_role": "design_proposal",
        "building_type": "residential",
        "name_zh": "居住建筑",
        "building_status": "concept_retain_renovate",
        "floors_estimate": 7,
        "area_sqm_declared": 597.641
      },
      "geometry": {
        "type": "Polygon",
        "coordinates": [
          [
            [
              116.341336,
              39.999198
            ],
            [
              116.341794,
              39.999201
            ],
            [
              116.341793,
              39.999338
            ],
            [
              116.341335,
              39.999336
            ],
            [
              116.341336,
              39.999198
            ]
          ]
        ]
      }
    },
    {
      "type": "Feature",
      "id": "BLDG-246",
      "properties": {
        "id": "BLDG-246",
        "layer": "BUILDING_FOOTPRINT",
        "source_type": "agent_generated_design",
        "confidence": "medium",
        "geometry_role": "design_proposal",
        "building_type": "residential",
        "name_zh": "居住建筑",
        "building_status": "concept_retain_renovate",
        "floors_estimate": 9,
        "area_sqm_declared": 643.529
      },
      "geometry": {
        "type": "Polygon",
        "coordinates": [
          [
            [
              116.341294,
              39.99938
            ],
            [
              116.341833,
              39.999384
            ],
            [
              116.341832,
              39.99951
            ],
            [
              116.341292,
              39.999506
            ],
            [
              116.341294,
              39.99938
            ]
          ]
        ]
      }
    },
    {
      "type": "Feature",
      "id": "BLDG-247",
      "properties": {
        "id": "BLDG-247",
        "layer": "BUILDING_FOOTPRINT",
        "source_type": "agent_generated_design",
        "confidence": "medium",
        "geometry_role": "design_proposal",
        "building_type": "residential",
        "name_zh": "居住建筑",
        "building_status": "concept_retain_renovate",
        "floors_estimate": 9,
        "area_sqm_declared": 542.554
      },
      "geometry": {
        "type": "Polygon",
        "coordinates": [
          [
            [
              116.34134,
              39.999555
            ],
            [
              116.341783,
              39.999558
            ],
            [
              116.341782,
              39.999687
            ],
            [
              116.341339,
              39.999685
            ],
            [
              116.34134,
              39.999555
            ]
          ]
        ]
      }
    },
    {
      "type": "Feature",
      "id": "BLDG-248",
      "properties": {
        "id": "BLDG-248",
        "layer": "BUILDING_FOOTPRINT",
        "source_type": "agent_generated_design",
        "confidence": "medium",
        "geometry_role": "design_proposal",
        "building_type": "residential",
        "name_zh": "居住建筑",
        "building_status": "concept_retain_renovate",
        "floors_estimate": 13,
        "area_sqm_declared": 514.361
      },
      "geometry": {
        "type": "Polygon",
        "coordinates": [
          [
            [
              116.341316,
              39.999917
            ],
            [
              116.3418,
              39.99992
            ],
            [
              116.341799,
              40.000032
            ],
            [
              116.341315,
              40.000029
            ],
            [
              116.341316,
              39.999917
            ]
          ]
        ]
      }
    },
    {
      "type": "Feature",
      "id": "BLDG-249",
      "properties": {
        "id": "BLDG-249",
        "layer": "BUILDING_FOOTPRINT",
        "source_type": "agent_generated_design",
        "confidence": "medium",
        "geometry_role": "design_proposal",
        "building_type": "residential",
        "name_zh": "居住建筑",
        "building_status": "concept_retain_renovate",
        "floors_estimate": 13,
        "area_sqm_declared": 627.759
      },
      "geometry": {
        "type": "Polygon",
        "coordinates": [
          [
            [
              116.342007,
              39.998675
            ],
            [
              116.34251,
              39.998678
            ],
            [
              116.342509,
              39.99881
            ],
            [
              116.342006,
              39.998807
            ],
            [
              116.342007,
              39.998675
            ]
          ]
        ]
      }
    },
    {
      "type": "Feature",
      "id": "BLDG-250",
      "properties": {
        "id": "BLDG-250",
        "layer": "BUILDING_FOOTPRINT",
        "source_type": "agent_generated_design",
        "confidence": "medium",
        "geometry_role": "design_proposal",
        "building_type": "residential",
        "name_zh": "居住建筑",
        "building_status": "concept_retain_renovate",
        "floors_estimate": 7,
        "area_sqm_declared": 556.105
      },
      "geometry": {
        "type": "Polygon",
        "coordinates": [
          [
            [
              116.34201,
              39.999035
            ],
            [
              116.342501,
              39.999038
            ],
            [
              116.342499,
              39.999157
            ],
            [
              116.342009,
              39.999154
            ],
            [
              116.34201,
              39.999035
            ]
          ]
        ]
      }
    },
    {
      "type": "Feature",
      "id": "BLDG-251",
      "properties": {
        "id": "BLDG-251",
        "layer": "BUILDING_FOOTPRINT",
        "source_type": "agent_generated_design",
        "confidence": "medium",
        "geometry_role": "design_proposal",
        "building_type": "residential",
        "name_zh": "居住建筑",
        "building_status": "concept_retain_renovate",
        "floors_estimate": 10,
        "area_sqm_declared": 448.669
      },
      "geometry": {
        "type": "Polygon",
        "coordinates": [
          [
            [
              116.342036,
              39.999217
            ],
            [
              116.34247,
              39.999219
            ],
            [
              116.342469,
              39.999328
            ],
            [
              116.342035,
              39.999326
            ],
            [
              116.342036,
              39.999217
            ]
          ]
        ]
      }
    },
    {
      "type": "Feature",
      "id": "BLDG-252",
      "properties": {
        "id": "BLDG-252",
        "layer": "BUILDING_FOOTPRINT",
        "source_type": "agent_generated_design",
        "confidence": "medium",
        "geometry_role": "design_proposal",
        "building_type": "residential",
        "name_zh": "居住建筑",
        "building_status": "concept_retain_renovate",
        "floors_estimate": 7,
        "area_sqm_declared": 508.865
      },
      "geometry": {
        "type": "Polygon",
        "coordinates": [
          [
            [
              116.342039,
              39.999385
            ],
            [
              116.342465,
              39.999387
            ],
            [
              116.342464,
              39.999513
            ],
            [
              116.342037,
              39.999511
            ],
            [
              116.342039,
              39.999385
            ]
          ]
        ]
      }
    },
    {
      "type": "Feature",
      "id": "BLDG-253",
      "properties": {
        "id": "BLDG-253",
        "layer": "BUILDING_FOOTPRINT",
        "source_type": "agent_generated_design",
        "confidence": "medium",
        "geometry_role": "design_proposal",
        "building_type": "residential",
        "name_zh": "居住建筑",
        "building_status": "concept_retain_renovate",
        "floors_estimate": 16,
        "area_sqm_declared": 550.951
      },
      "geometry": {
        "type": "Polygon",
        "coordinates": [
          [
            [
              116.341993,
              39.999567
            ],
            [
              116.342507,
              39.99957
            ],
            [
              116.342506,
              39.999683
            ],
            [
              116.341992,
              39.99968
            ],
            [
              116.341993,
              39.999567
            ]
          ]
        ]
      }
    },
    {
      "type": "Feature",
      "id": "BLDG-254",
      "properties": {
        "id": "BLDG-254",
        "layer": "BUILDING_FOOTPRINT",
        "source_type": "agent_generated_design",
        "confidence": "medium",
        "geometry_role": "design_proposal",
        "building_type": "residential",
        "name_zh": "居住建筑",
        "building_status": "concept_retain_renovate",
        "floors_estimate": 12,
        "area_sqm_declared": 576.212
      },
      "geometry": {
        "type": "Polygon",
        "coordinates": [
          [
            [
              116.341985,
              39.999743
            ],
            [
              116.342512,
              39.999746
            ],
            [
              116.342511,
              39.999861
            ],
            [
              116.341984,
              39.999858
            ],
            [
              116.341985,
              39.999743
            ]
          ]
        ]
      }
    },
    {
      "type": "Feature",
      "id": "BLDG-255",
      "properties": {
        "id": "BLDG-255",
        "layer": "BUILDING_FOOTPRINT",
        "source_type": "agent_generated_design",
        "confidence": "medium",
        "geometry_role": "design_proposal",
        "building_type": "residential",
        "name_zh": "居住建筑",
        "building_status": "concept_retain_renovate",
        "floors_estimate": 18,
        "area_sqm_declared": 725.079
      },
      "geometry": {
        "type": "Polygon",
        "coordinates": [
          [
            [
              116.341983,
              39.999904
            ],
            [
              116.342511,
              39.999908
            ],
            [
              116.34251,
              40.000052
            ],
            [
              116.341981,
              40.000049
            ],
            [
              116.341983,
              39.999904
            ]
          ]
        ]
      }
    },
    {
      "type": "Feature",
      "id": "BLDG-256",
      "properties": {
        "id": "BLDG-256",
        "layer": "BUILDING_FOOTPRINT",
        "source_type": "agent_generated_design",
        "confidence": "medium",
        "geometry_role": "design_proposal",
        "building_type": "residential",
        "name_zh": "居住建筑",
        "building_status": "concept_retain_renovate",
        "floors_estimate": 8,
        "area_sqm_declared": 667.86
      },
      "geometry": {
        "type": "Polygon",
        "coordinates": [
          [
            [
              116.34197,
              40.000089
            ],
            [
              116.34252,
              40.000093
            ],
            [
              116.342519,
              40.000221
            ],
            [
              116.341969,
              40.000217
            ],
            [
              116.34197,
              40.000089
            ]
          ]
        ]
      }
    },
    {
      "type": "Feature",
      "id": "BLDG-257",
      "properties": {
        "id": "BLDG-257",
        "layer": "BUILDING_FOOTPRINT",
        "source_type": "agent_generated_design",
        "confidence": "medium",
        "geometry_role": "design_proposal",
        "building_type": "residential",
        "name_zh": "居住建筑",
        "building_status": "concept_retain_renovate",
        "floors_estimate": 6,
        "area_sqm_declared": 552.647
      },
      "geometry": {
        "type": "Polygon",
        "coordinates": [
          [
            [
              116.342004,
              40.000269
            ],
            [
              116.342483,
              40.000272
            ],
            [
              116.342482,
              40.000394
            ],
            [
              116.342003,
              40.000391
            ],
            [
              116.342004,
              40.000269
            ]
          ]
        ]
      }
    },
    {
      "type": "Feature",
      "id": "BLDG-258",
      "properties": {
        "id": "BLDG-258",
        "layer": "BUILDING_FOOTPRINT",
        "source_type": "agent_generated_design",
        "confidence": "medium",
        "geometry_role": "design_proposal",
        "building_type": "residential",
        "name_zh": "居住建筑",
        "building_status": "concept_retain_renovate",
        "floors_estimate": 15,
        "area_sqm_declared": 657.346
      },
      "geometry": {
        "type": "Polygon",
        "coordinates": [
          [
            [
              116.341962,
              40.00062
            ],
            [
              116.342518,
              40.000624
            ],
            [
              116.342517,
              40.000748
            ],
            [
              116.341961,
              40.000745
            ],
            [
              116.341962,
              40.00062
            ]
          ]
        ]
      }
    },
    {
      "type": "Feature",
      "id": "BLDG-259",
      "properties": {
        "id": "BLDG-259",
        "layer": "BUILDING_FOOTPRINT",
        "source_type": "agent_generated_design",
        "confidence": "medium",
        "geometry_role": "design_proposal",
        "building_type": "community_service",
        "name_zh": "社区服务设施",
        "building_status": "concept_retain_renovate",
        "floors_estimate": 12,
        "area_sqm_declared": 741.013
      },
      "geometry": {
        "type": "Polygon",
        "coordinates": [
          [
            [
              116.348692,
              39.962887
            ],
            [
              116.349092,
              39.962889
            ],
            [
              116.34909,
              39.963084
            ],
            [
              116.34869,
              39.963082
            ],
            [
              116.348692,
              39.962887
            ]
          ]
        ]
      }
    },
    {
      "type": "Feature",
      "id": "BLDG-260",
      "properties": {
        "id": "BLDG-260",
        "layer": "BUILDING_FOOTPRINT",
        "source_type": "agent_generated_design",
        "confidence": "medium",
        "geometry_role": "design_proposal",
        "building_type": "community_service",
        "name_zh": "社区服务设施",
        "building_status": "concept_retain_renovate",
        "floors_estimate": 16,
        "area_sqm_declared": 657.644
      },
      "geometry": {
        "type": "Polygon",
        "coordinates": [
          [
            [
              116.348711,
              39.963165
            ],
            [
              116.349069,
              39.963167
            ],
            [
              116.349067,
              39.963361
            ],
            [
              116.348709,
              39.963359
            ],
            [
              116.348711,
              39.963165
            ]
          ]
        ]
      }
    },
    {
      "type": "Feature",
      "id": "BLDG-261",
      "properties": {
        "id": "BLDG-261",
        "layer": "BUILDING_FOOTPRINT",
        "source_type": "agent_generated_design",
        "confidence": "medium",
        "geometry_role": "design_proposal",
        "building_type": "community_service",
        "name_zh": "社区服务设施",
        "building_status": "concept_retain_renovate",
        "floors_estimate": 9,
        "area_sqm_declared": 792.17
      },
      "geometry": {
        "type": "Polygon",
        "coordinates": [
          [
            [
              116.348693,
              39.963432
            ],
            [
              116.349081,
              39.963434
            ],
            [
              116.349079,
              39.963649
            ],
            [
              116.348691,
              39.963647
            ],
            [
              116.348693,
              39.963432
            ]
          ]
        ]
      }
    },
    {
      "type": "Feature",
      "id": "BLDG-262",
      "properties": {
        "id": "BLDG-262",
        "layer": "BUILDING_FOOTPRINT",
        "source_type": "agent_generated_design",
        "confidence": "medium",
        "geometry_role": "design_proposal",
        "building_type": "community_service",
        "name_zh": "社区服务设施",
        "building_status": "concept_retain_renovate",
        "floors_estimate": 17,
        "area_sqm_declared": 722.564
      },
      "geometry": {
        "type": "Polygon",
        "coordinates": [
          [
            [
              116.348692,
              39.963717
            ],
            [
              116.349076,
              39.963719
            ],
            [
              116.349075,
              39.963918
            ],
            [
              116.348691,
              39.963916
            ],
            [
              116.348692,
              39.963717
            ]
          ]
        ]
      }
    },
    {
      "type": "Feature",
      "id": "BLDG-263",
      "properties": {
        "id": "BLDG-263",
        "layer": "BUILDING_FOOTPRINT",
        "source_type": "agent_generated_design",
        "confidence": "medium",
        "geometry_role": "design_proposal",
        "building_type": "community_service",
        "name_zh": "社区服务设施",
        "building_status": "concept_retain_renovate",
        "floors_estimate": 9,
        "area_sqm_declared": 702.236
      },
      "geometry": {
        "type": "Polygon",
        "coordinates": [
          [
            [
              116.34871,
              39.963986
            ],
            [
              116.349054,
              39.963988
            ],
            [
              116.349052,
              39.964204
            ],
            [
              116.348708,
              39.964202
            ],
            [
              116.34871,
              39.963986
            ]
          ]
        ]
      }
    },
    {
      "type": "Feature",
      "id": "BLDG-264",
      "properties": {
        "id": "BLDG-264",
        "layer": "BUILDING_FOOTPRINT",
        "source_type": "agent_generated_design",
        "confidence": "medium",
        "geometry_role": "design_proposal",
        "building_type": "community_service",
        "name_zh": "社区服务设施",
        "building_status": "concept_retain_renovate",
        "floors_estimate": 10,
        "area_sqm_declared": 935.357
      },
      "geometry": {
        "type": "Polygon",
        "coordinates": [
          [
            [
              116.348663,
              39.964257
            ],
            [
              116.349096,
              39.96426
            ],
            [
              116.349094,
              39.964487
            ],
            [
              116.348661,
              39.964485
            ],
            [
              116.348663,
              39.964257
            ]
          ]
        ]
      }
    },
    {
      "type": "Feature",
      "id": "BLDG-265",
      "properties": {
        "id": "BLDG-265",
        "layer": "BUILDING_FOOTPRINT",
        "source_type": "agent_generated_design",
        "confidence": "medium",
        "geometry_role": "design_proposal",
        "building_type": "community_service",
        "name_zh": "社区服务设施",
        "building_status": "concept_retain_renovate",
        "floors_estimate": 10,
        "area_sqm_declared": 739.272
      },
      "geometry": {
        "type": "Polygon",
        "coordinates": [
          [
            [
              116.348669,
              39.964554
            ],
            [
              116.349084,
              39.964557
            ],
            [
              116.349082,
              39.964745
            ],
            [
              116.348668,
              39.964743
            ],
            [
              116.348669,
              39.964554
            ]
          ]
        ]
      }
    },
    {
      "type": "Feature",
      "id": "BLDG-266",
      "properties": {
        "id": "BLDG-266",
        "layer": "BUILDING_FOOTPRINT",
        "source_type": "agent_generated_design",
        "confidence": "medium",
        "geometry_role": "design_proposal",
        "building_type": "community_service",
        "name_zh": "社区服务设施",
        "building_status": "concept_retain_renovate",
        "floors_estimate": 9,
        "area_sqm_declared": 891.477
      },
      "geometry": {
        "type": "Polygon",
        "coordinates": [
          [
            [
              116.348656,
              39.964818
            ],
            [
              116.349091,
              39.96482
            ],
            [
              116.34909,
              39.965036
            ],
            [
              116.348655,
              39.965034
            ],
            [
              116.348656,
              39.964818
            ]
          ]
        ]
      }
    },
    {
      "type": "Feature",
      "id": "BLDG-267",
      "properties": {
        "id": "BLDG-267",
        "layer": "BUILDING_FOOTPRINT",
        "source_type": "agent_generated_design",
        "confidence": "medium",
        "geometry_role": "design_proposal",
        "building_type": "community_service",
        "name_zh": "社区服务设施",
        "building_status": "concept_retain_renovate",
        "floors_estimate": 17,
        "area_sqm_declared": 735.415
      },
      "geometry": {
        "type": "Polygon",
        "coordinates": [
          [
            [
              116.340255,
              39.982792
            ],
            [
              116.340701,
              39.982795
            ],
            [
              116.340699,
              39.982969
            ],
            [
              116.340254,
              39.982966
            ],
            [
              116.340255,
              39.982792
            ]
          ]
        ]
      }
    },
    {
      "type": "Feature",
      "id": "BLDG-268",
      "properties": {
        "id": "BLDG-268",
        "layer": "BUILDING_FOOTPRINT",
        "source_type": "agent_generated_design",
        "confidence": "medium",
        "geometry_role": "design_proposal",
        "building_type": "community_service",
        "name_zh": "社区服务设施",
        "building_status": "concept_retain_renovate",
        "floors_estimate": 13,
        "area_sqm_declared": 683.882
      },
      "geometry": {
        "type": "Polygon",
        "coordinates": [
          [
            [
              116.34029,
              39.98306
            ],
            [
              116.340661,
              39.983062
            ],
            [
              116.340659,
              39.983256
            ],
            [
              116.340288,
              39.983254
            ],
            [
              116.34029,
              39.98306
            ]
          ]
        ]
      }
    },
    {
      "type": "Feature",
      "id": "BLDG-269",
      "properties": {
        "id": "BLDG-269",
        "layer": "BUILDING_FOOTPRINT",
        "source_type": "agent_generated_design",
        "confidence": "medium",
        "geometry_role": "design_proposal",
        "building_type": "community_service",
        "name_zh": "社区服务设施",
        "building_status": "concept_retain_renovate",
        "floors_estimate": 6,
        "area_sqm_declared": 700.113
      },
      "geometry": {
        "type": "Polygon",
        "coordinates": [
          [
            [
              116.340293,
              39.983331
            ],
            [
              116.340653,
              39.983334
            ],
            [
              116.340651,
              39.983539
            ],
            [
              116.340291,
              39.983537
            ],
            [
              116.340293,
              39.983331
            ]
          ]
        ]
      }
    },
    {
      "type": "Feature",
      "id": "BLDG-270",
      "properties": {
        "id": "BLDG-270",
        "layer": "BUILDING_FOOTPRINT",
        "source_type": "agent_generated_design",
        "confidence": "medium",
        "geometry_role": "design_proposal",
        "building_type": "community_service",
        "name_zh": "社区服务设施",
        "building_status": "concept_retain_renovate",
        "floors_estimate": 13,
        "area_sqm_declared": 717.703
      },
      "geometry": {
        "type": "Polygon",
        "coordinates": [
          [
            [
              116.340279,
              39.983613
            ],
            [
              116.340661,
              39.983615
            ],
            [
              116.34066,
              39.983813
            ],
            [
              116.340277,
              39.98381
            ],
            [
              116.340279,
              39.983613
            ]
          ]
        ]
      }
    },
    {
      "type": "Feature",
      "id": "BLDG-271",
      "properties": {
        "id": "BLDG-271",
        "layer": "BUILDING_FOOTPRINT",
        "source_type": "agent_generated_design",
        "confidence": "medium",
        "geometry_role": "design_proposal",
        "building_type": "community_service",
        "name_zh": "社区服务设施",
        "building_status": "concept_retain_renovate",
        "floors_estimate": 15,
        "area_sqm_declared": 638.7
      },
      "geometry": {
        "type": "Polygon",
        "coordinates": [
          [
            [
              116.340853,
              39.98279
            ],
            [
              116.341218,
              39.982792
            ],
            [
              116.341216,
              39.982977
            ],
            [
              116.340851,
              39.982975
            ],
            [
              116.340853,
              39.98279
            ]
          ]
        ]
      }
    },
    {
      "type": "Feature",
      "id": "BLDG-272",
      "properties": {
        "id": "BLDG-272",
        "layer": "BUILDING_FOOTPRINT",
        "source_type": "agent_generated_design",
        "confidence": "medium",
        "geometry_role": "design_proposal",
        "building_type": "community_service",
        "name_zh": "社区服务设施",
        "building_status": "concept_retain_renovate",
        "floors_estimate": 17,
        "area_sqm_declared": 891.362
      },
      "geometry": {
        "type": "Polygon",
        "coordinates": [
          [
            [
              116.34081,
              39.983054
            ],
            [
              116.341255,
              39.983057
            ],
            [
              116.341254,
              39.983268
            ],
            [
              116.340809,
              39.983265
            ],
            [
              116.34081,
              39.983054
            ]
          ]
        ]
      }
    },
    {
      "type": "Feature",
      "id": "BLDG-273",
      "properties": {
        "id": "BLDG-273",
        "layer": "BUILDING_FOOTPRINT",
        "source_type": "agent_generated_design",
        "confidence": "medium",
        "geometry_role": "design_proposal",
        "building_type": "community_service",
        "name_zh": "社区服务设施",
        "building_status": "concept_retain_renovate",
        "floors_estimate": 10,
        "area_sqm_declared": 780.822
      },
      "geometry": {
        "type": "Polygon",
        "coordinates": [
          [
            [
              116.340832,
              39.983333
            ],
            [
              116.341229,
              39.983336
            ],
            [
              116.341226,
              39.983543
            ],
            [
              116.34083,
              39.983541
            ],
            [
              116.340832,
              39.983333
            ]
          ]
        ]
      }
    },
    {
      "type": "Feature",
      "id": "BLDG-274",
      "properties": {
        "id": "BLDG-274",
        "layer": "BUILDING_FOOTPRINT",
        "source_type": "agent_generated_design",
        "confidence": "medium",
        "geometry_role": "design_proposal",
        "building_type": "community_service",
        "name_zh": "社区服务设施",
        "building_status": "concept_retain_renovate",
        "floors_estimate": 8,
        "area_sqm_declared": 650.507
      },
      "geometry": {
        "type": "Polygon",
        "coordinates": [
          [
            [
              116.340843,
              39.983622
            ],
            [
              116.341212,
              39.983624
            ],
            [
              116.34121,
              39.98381
            ],
            [
              116.340841,
              39.983808
            ],
            [
              116.340843,
              39.983622
            ]
          ]
        ]
      }
    },
    {
      "type": "Feature",
      "id": "BLDG-275",
      "properties": {
        "id": "BLDG-275",
        "layer": "BUILDING_FOOTPRINT",
        "source_type": "agent_generated_design",
        "confidence": "medium",
        "geometry_role": "design_proposal",
        "building_type": "education",
        "name_zh": "教育与科研配套建筑",
        "building_status": "concept_retain_renovate",
        "floors_estimate": 11,
        "area_sqm_declared": 3994.258
      },
      "geometry": {
        "type": "Polygon",
        "coordinates": [
          [
            [
              116.342085,
              39.970902
            ],
            [
              116.343246,
              39.970909
            ],
            [
              116.343243,
              39.971271
            ],
            [
              116.342081,
              39.971265
            ],
            [
              116.342085,
              39.970902
            ]
          ]
        ]
      }
    },
    {
      "type": "Feature",
      "id": "BLDG-276",
      "properties": {
        "id": "BLDG-276",
        "layer": "BUILDING_FOOTPRINT",
        "source_type": "agent_generated_design",
        "confidence": "medium",
        "geometry_role": "design_proposal",
        "building_type": "education",
        "name_zh": "教育与科研配套建筑",
        "building_status": "concept_retain_renovate",
        "floors_estimate": 12,
        "area_sqm_declared": 3487.976
      },
      "geometry": {
        "type": "Polygon",
        "coordinates": [
          [
            [
              116.342199,
              39.971465
            ],
            [
              116.343122,
              39.971471
            ],
            [
              116.343117,
              39.971869
            ],
            [
              116.342195,
              39.971863
            ],
            [
              116.342199,
              39.971465
            ]
          ]
        ]
      }
    },
    {
      "type": "Feature",
      "id": "BLDG-277",
      "properties": {
        "id": "BLDG-277",
        "layer": "BUILDING_FOOTPRINT",
        "source_type": "agent_generated_design",
        "confidence": "medium",
        "geometry_role": "design_proposal",
        "building_type": "education",
        "name_zh": "教育与科研配套建筑",
        "building_status": "concept_retain_renovate",
        "floors_estimate": 14,
        "area_sqm_declared": 3536.596
      },
      "geometry": {
        "type": "Polygon",
        "coordinates": [
          [
            [
              116.342158,
              39.972056
            ],
            [
              116.343151,
              39.972062
            ],
            [
              116.343147,
              39.972438
            ],
            [
              116.342154,
              39.972432
            ],
            [
              116.342158,
              39.972056
            ]
          ]
        ]
      }
    },
    {
      "type": "Feature",
      "id": "BLDG-278",
      "properties": {
        "id": "BLDG-278",
        "layer": "BUILDING_FOOTPRINT",
        "source_type": "agent_generated_design",
        "confidence": "medium",
        "geometry_role": "design_proposal",
        "building_type": "education",
        "name_zh": "教育与科研配套建筑",
        "building_status": "concept_retain_renovate",
        "floors_estimate": 6,
        "area_sqm_declared": 3238.324
      },
      "geometry": {
        "type": "Polygon",
        "coordinates": [
          [
            [
              116.342196,
              39.972636
            ],
            [
              116.343102,
              39.972641
            ],
            [
              116.343098,
              39.973018
            ],
            [
              116.342193,
              39.973013
            ],
            [
              116.342196,
              39.972636
            ]
          ]
        ]
      }
    },
    {
      "type": "Feature",
      "id": "BLDG-279",
      "properties": {
        "id": "BLDG-279",
        "layer": "BUILDING_FOOTPRINT",
        "source_type": "agent_generated_design",
        "confidence": "medium",
        "geometry_role": "design_proposal",
        "building_type": "education",
        "name_zh": "教育与科研配套建筑",
        "building_status": "concept_retain_renovate",
        "floors_estimate": 7,
        "area_sqm_declared": 3514.421
      },
      "geometry": {
        "type": "Polygon",
        "coordinates": [
          [
            [
              116.342126,
              39.973225
            ],
            [
              116.34316,
              39.97323
            ],
            [
              116.343157,
              39.973589
            ],
            [
              116.342123,
              39.973583
            ],
            [
              116.342126,
              39.973225
            ]
          ]
        ]
      }
    },
    {
      "type": "Feature",
      "id": "BLDG-280",
      "properties": {
        "id": "BLDG-280",
        "layer": "BUILDING_FOOTPRINT",
        "source_type": "agent_generated_design",
        "confidence": "medium",
        "geometry_role": "design_proposal",
        "building_type": "education",
        "name_zh": "教育与科研配套建筑",
        "building_status": "concept_retain_renovate",
        "floors_estimate": 11,
        "area_sqm_declared": 3643.169
      },
      "geometry": {
        "type": "Polygon",
        "coordinates": [
          [
            [
              116.342189,
              39.973771
            ],
            [
              116.343087,
              39.973775
            ],
            [
              116.343084,
              39.974203
            ],
            [
              116.342185,
              39.974198
            ],
            [
              116.342189,
              39.973771
            ]
          ]
        ]
      }
    },
    {
      "type": "Feature",
      "id": "BLDG-281",
      "properties": {
        "id": "BLDG-281",
        "layer": "BUILDING_FOOTPRINT",
        "source_type": "agent_generated_design",
        "confidence": "medium",
        "geometry_role": "design_proposal",
        "building_type": "education",
        "name_zh": "教育与科研配套建筑",
        "building_status": "concept_retain_renovate",
        "floors_estimate": 7,
        "area_sqm_declared": 4347.106
      },
      "geometry": {
        "type": "Polygon",
        "coordinates": [
          [
            [
              116.34209,
              39.974352
            ],
            [
              116.343175,
              39.974359
            ],
            [
              116.343171,
              39.974781
            ],
            [
              116.342086,
              39.974775
            ],
            [
              116.34209,
              39.974352
            ]
          ]
        ]
      }
    },
    {
      "type": "Feature",
      "id": "BLDG-282",
      "properties": {
        "id": "BLDG-282",
        "layer": "BUILDING_FOOTPRINT",
        "source_type": "agent_generated_design",
        "confidence": "medium",
        "geometry_role": "design_proposal",
        "building_type": "education",
        "name_zh": "教育与科研配套建筑",
        "building_status": "concept_retain_renovate",
        "floors_estimate": 10,
        "area_sqm_declared": 3534.892
      },
      "geometry": {
        "type": "Polygon",
        "coordinates": [
          [
            [
              116.342155,
              39.974947
            ],
            [
              116.343099,
              39.974952
            ],
            [
              116.343095,
              39.975347
            ],
            [
              116.342151,
              39.975341
            ],
            [
              116.342155,
              39.974947
            ]
          ]
        ]
      }
    },
    {
      "type": "Feature",
      "id": "BLDG-283",
      "properties": {
        "id": "BLDG-283",
        "layer": "BUILDING_FOOTPRINT",
        "source_type": "agent_generated_design",
        "confidence": "medium",
        "geometry_role": "design_proposal",
        "building_type": "education",
        "name_zh": "教育与科研配套建筑",
        "building_status": "concept_retain_renovate",
        "floors_estimate": 16,
        "area_sqm_declared": 4245.387
      },
      "geometry": {
        "type": "Polygon",
        "coordinates": [
          [
            [
              116.342119,
              39.975501
            ],
            [
              116.343124,
              39.975507
            ],
            [
              116.34312,
              39.975952
            ],
            [
              116.342115,
              39.975946
            ],
            [
              116.342119,
              39.975501
            ]
          ]
        ]
      }
    },
    {
      "type": "Feature",
      "id": "BLDG-284",
      "properties": {
        "id": "BLDG-284",
        "layer": "BUILDING_FOOTPRINT",
        "source_type": "agent_generated_design",
        "confidence": "medium",
        "geometry_role": "design_proposal",
        "building_type": "education",
        "name_zh": "教育与科研配套建筑",
        "building_status": "concept_retain_renovate",
        "floors_estimate": 10,
        "area_sqm_declared": 4912.67
      },
      "geometry": {
        "type": "Polygon",
        "coordinates": [
          [
            [
              116.342042,
              39.976078
            ],
            [
              116.34319,
              39.976084
            ],
            [
              116.343186,
              39.976535
            ],
            [
              116.342038,
              39.976529
            ],
            [
              116.342042,
              39.976078
            ]
          ]
        ]
      }
    },
    {
      "type": "Feature",
      "id": "BLDG-285",
      "properties": {
        "id": "BLDG-285",
        "layer": "BUILDING_FOOTPRINT",
        "source_type": "agent_generated_design",
        "confidence": "medium",
        "geometry_role": "design_proposal",
        "building_type": "education",
        "name_zh": "教育与科研配套建筑",
        "building_status": "concept_retain_renovate",
        "floors_estimate": 6,
        "area_sqm_declared": 4371.047
      },
      "geometry": {
        "type": "Polygon",
        "coordinates": [
          [
            [
              116.348806,
              39.970879
            ],
            [
              116.349896,
              39.970885
            ],
            [
              116.349892,
              39.971308
            ],
            [
              116.348801,
              39.971301
            ],
            [
              116.348806,
              39.970879
            ]
          ]
        ]
      }
    },
    {
      "type": "Feature",
      "id": "BLDG-286",
      "properties": {
        "id": "BLDG-286",
        "layer": "BUILDING_FOOTPRINT",
        "source_type": "agent_generated_design",
        "confidence": "medium",
        "geometry_role": "design_proposal",
        "building_type": "education",
        "name_zh": "教育与科研配套建筑",
        "building_status": "concept_retain_renovate",
        "floors_estimate": 9,
        "area_sqm_declared": 3716.309
      },
      "geometry": {
        "type": "Polygon",
        "coordinates": [
          [
            [
              116.348819,
              39.972062
            ],
            [
              116.34986,
              39.972068
            ],
            [
              116.349857,
              39.972444
            ],
            [
              116.348816,
              39.972439
            ],
            [
              116.348819,
              39.972062
            ]
          ]
        ]
      }
    },
    {
      "type": "Feature",
      "id": "BLDG-287",
      "properties": {
        "id": "BLDG-287",
        "layer": "BUILDING_FOOTPRINT",
        "source_type": "agent_generated_design",
        "confidence": "medium",
        "geometry_role": "design_proposal",
        "building_type": "education",
        "name_zh": "教育与科研配套建筑",
        "building_status": "concept_retain_renovate",
        "floors_estimate": 10,
        "area_sqm_declared": 4013.697
      },
      "geometry": {
        "type": "Polygon",
        "coordinates": [
          [
            [
              116.348791,
              39.972635
            ],
            [
              116.349878,
              39.972642
            ],
            [
              116.349874,
              39.973031
            ],
            [
              116.348787,
              39.973024
            ],
            [
              116.348791,
              39.972635
            ]
          ]
        ]
      }
    },
    {
      "type": "Feature",
      "id": "BLDG-288",
      "properties": {
        "id": "BLDG-288",
        "layer": "BUILDING_FOOTPRINT",
        "source_type": "agent_generated_design",
        "confidence": "medium",
        "geometry_role": "design_proposal",
        "building_type": "education",
        "name_zh": "教育与科研配套建筑",
        "building_status": "concept_retain_renovate",
        "floors_estimate": 13,
        "area_sqm_declared": 5273.599
      },
      "geometry": {
        "type": "Polygon",
        "coordinates": [
          [
            [
              116.348732,
              39.973177
            ],
            [
              116.349926,
              39.973184
            ],
            [
              116.349922,
              39.973649
            ],
            [
              116.348728,
              39.973643
            ],
            [
              116.348732,
              39.973177
            ]
          ]
        ]
      }
    },
    {
      "type": "Feature",
      "id": "BLDG-289",
      "properties": {
        "id": "BLDG-289",
        "layer": "BUILDING_FOOTPRINT",
        "source_type": "agent_generated_design",
        "confidence": "medium",
        "geometry_role": "design_proposal",
        "building_type": "education",
        "name_zh": "教育与科研配套建筑",
        "building_status": "concept_retain_renovate",
        "floors_estimate": 11,
        "area_sqm_declared": 4192.334
      },
      "geometry": {
        "type": "Polygon",
        "coordinates": [
          [
            [
              116.348826,
              39.974346
            ],
            [
              116.34981,
              39.974351
            ],
            [
              116.349806,
              39.9748
            ],
            [
              116.348822,
              39.974795
            ],
            [
              116.348826,
              39.974346
            ]
          ]
        ]
      }
    },
    {
      "type": "Feature",
      "id": "BLDG-290",
      "properties": {
        "id": "BLDG-290",
        "layer": "BUILDING_FOOTPRINT",
        "source_type": "agent_generated_design",
        "confidence": "medium",
        "geometry_role": "design_proposal",
        "building_type": "education",
        "name_zh": "教育与科研配套建筑",
        "building_status": "concept_retain_renovate",
        "floors_estimate": 9,
        "area_sqm_declared": 3664.912
      },
      "geometry": {
        "type": "Polygon",
        "coordinates": [
          [
            [
              116.348841,
              39.975523
            ],
            [
              116.349773,
              39.975528
            ],
            [
              116.349769,
              39.975943
            ],
            [
              116.348837,
              39.975938
            ],
            [
              116.348841,
              39.975523
            ]
          ]
        ]
      }
    },
    {
      "type": "Feature",
      "id": "BLDG-291",
      "properties": {
        "id": "BLDG-291",
        "layer": "BUILDING_FOOTPRINT",
        "source_type": "agent_generated_design",
        "confidence": "medium",
        "geometry_role": "design_proposal",
        "building_type": "education",
        "name_zh": "教育与科研配套建筑",
        "building_status": "concept_retain_renovate",
        "floors_estimate": 8,
        "area_sqm_declared": 3639.347
      },
      "geometry": {
        "type": "Polygon",
        "coordinates": [
          [
            [
              116.348779,
              39.976705
            ],
            [
              116.349812,
              39.97671
            ],
            [
              116.349808,
              39.977081
            ],
            [
              116.348776,
              39.977076
            ],
            [
              116.348779,
              39.976705
            ]
          ]
        ]
      }
    },
    {
      "type": "Feature",
      "id": "BLDG-292",
      "properties": {
        "id": "BLDG-292",
        "layer": "BUILDING_FOOTPRINT",
        "source_type": "agent_generated_design",
        "confidence": "medium",
        "geometry_role": "design_proposal",
        "building_type": "education",
        "name_zh": "教育与科研配套建筑",
        "building_status": "concept_retain_renovate",
        "floors_estimate": 10,
        "area_sqm_declared": 3334.331
      },
      "geometry": {
        "type": "Polygon",
        "coordinates": [
          [
            [
              116.348811,
              39.977287
            ],
            [
              116.349769,
              39.977292
            ],
            [
              116.349766,
              39.977659
            ],
            [
              116.348808,
              39.977654
            ],
            [
              116.348811,
              39.977287
            ]
          ]
        ]
      }
    },
    {
      "type": "Feature",
      "id": "BLDG-293",
      "properties": {
        "id": "BLDG-293",
        "layer": "BUILDING_FOOTPRINT",
        "source_type": "agent_generated_design",
        "confidence": "medium",
        "geometry_role": "design_proposal",
        "building_type": "education",
        "name_zh": "教育与科研配套建筑",
        "building_status": "concept_retain_renovate",
        "floors_estimate": 9,
        "area_sqm_declared": 4724.071
      },
      "geometry": {
        "type": "Polygon",
        "coordinates": [
          [
            [
              116.348694,
              39.977839
            ],
            [
              116.349876,
              39.977846
            ],
            [
              116.349872,
              39.978267
            ],
            [
              116.34869,
              39.97826
            ],
            [
              116.348694,
              39.977839
            ]
          ]
        ]
      }
    },
    {
      "type": "Feature",
      "id": "BLDG-294",
      "properties": {
        "id": "BLDG-294",
        "layer": "BUILDING_FOOTPRINT",
        "source_type": "agent_generated_design",
        "confidence": "medium",
        "geometry_role": "design_proposal",
        "building_type": "education",
        "name_zh": "教育与科研配套建筑",
        "building_status": "concept_retain_renovate",
        "floors_estimate": 17,
        "area_sqm_declared": 3363.713
      },
      "geometry": {
        "type": "Polygon",
        "coordinates": [
          [
            [
              116.348825,
              39.978435
            ],
            [
              116.349733,
              39.97844
            ],
            [
              116.349729,
              39.978831
            ],
            [
              116.348822,
              39.978826
            ],
            [
              116.348825,
              39.978435
            ]
          ]
        ]
      }
    },
    {
      "type": "Feature",
      "id": "BLDG-295",
      "properties": {
        "id": "BLDG-295",
        "layer": "BUILDING_FOOTPRINT",
        "source_type": "agent_generated_design",
        "confidence": "medium",
        "geometry_role": "design_proposal",
        "building_type": "cultural",
        "name_zh": "文化与叙事展示建筑",
        "building_status": "concept_retain_renovate",
        "floors_estimate": 6,
        "area_sqm_declared": 4766.581
      },
      "geometry": {
        "type": "Polygon",
        "coordinates": [
          [
            [
              116.342216,
              39.982828
            ],
            [
              116.343214,
              39.982833
            ],
            [
              116.343209,
              39.983337
            ],
            [
              116.342211,
              39.983331
            ],
            [
              116.342216,
              39.982828
            ]
          ]
        ]
      }
    },
    {
      "type": "Feature",
      "id": "BLDG-296",
      "properties": {
        "id": "BLDG-296",
        "layer": "BUILDING_FOOTPRINT",
        "source_type": "agent_generated_design",
        "confidence": "medium",
        "geometry_role": "design_proposal",
        "building_type": "cultural",
        "name_zh": "文化与叙事展示建筑",
        "building_status": "concept_retain_renovate",
        "floors_estimate": 6,
        "area_sqm_declared": 6001.272
      },
      "geometry": {
        "type": "Polygon",
        "coordinates": [
          [
            [
              116.342125,
              39.984166
            ],
            [
              116.34328,
              39.984173
            ],
            [
              116.343274,
              39.984721
            ],
            [
              116.342119,
              39.984714
            ],
            [
              116.342125,
              39.984166
            ]
          ]
        ]
      }
    },
    {
      "type": "Feature",
      "id": "BLDG-297",
      "properties": {
        "id": "BLDG-297",
        "layer": "BUILDING_FOOTPRINT",
        "source_type": "agent_generated_design",
        "confidence": "medium",
        "geometry_role": "design_proposal",
        "building_type": "cultural",
        "name_zh": "文化与叙事展示建筑",
        "building_status": "concept_retain_renovate",
        "floors_estimate": 13,
        "area_sqm_declared": 5164.735
      },
      "geometry": {
        "type": "Polygon",
        "coordinates": [
          [
            [
              116.342093,
              39.984895
            ],
            [
              116.343297,
              39.984902
            ],
            [
              116.343293,
              39.985354
            ],
            [
              116.342089,
              39.985348
            ],
            [
              116.342093,
              39.984895
            ]
          ]
        ]
      }
    },
    {
      "type": "Feature",
      "id": "BLDG-298",
      "properties": {
        "id": "BLDG-298",
        "layer": "BUILDING_FOOTPRINT",
        "source_type": "agent_generated_design",
        "confidence": "medium",
        "geometry_role": "design_proposal",
        "building_type": "cultural",
        "name_zh": "文化与叙事展示建筑",
        "building_status": "concept_retain_renovate",
        "floors_estimate": 12,
        "area_sqm_declared": 4271.842
      },
      "geometry": {
        "type": "Polygon",
        "coordinates": [
          [
            [
              116.342181,
              39.98558
            ],
            [
              116.343196,
              39.985587
            ],
            [
              116.343191,
              39.986031
            ],
            [
              116.342177,
              39.986024
            ],
            [
              116.342181,
              39.98558
            ]
          ]
        ]
      }
    },
    {
      "type": "Feature",
      "id": "BLDG-299",
      "properties": {
        "id": "BLDG-299",
        "layer": "BUILDING_FOOTPRINT",
        "source_type": "agent_generated_design",
        "confidence": "medium",
        "geometry_role": "design_proposal",
        "building_type": "cultural",
        "name_zh": "文化与叙事展示建筑",
        "building_status": "concept_retain_renovate",
        "floors_estimate": 10,
        "area_sqm_declared": 5036.892
      },
      "geometry": {
        "type": "Polygon",
        "coordinates": [
          [
            [
              116.342053,
              39.986272
            ],
            [
              116.343311,
              39.986279
            ],
            [
              116.343307,
              39.986701
            ],
            [
              116.342049,
              39.986694
            ],
            [
              116.342053,
              39.986272
            ]
          ]
        ]
      }
    },
    {
      "type": "Feature",
      "id": "BLDG-300",
      "properties": {
        "id": "BLDG-300",
        "layer": "BUILDING_FOOTPRINT",
        "source_type": "agent_generated_design",
        "confidence": "medium",
        "geometry_role": "design_proposal",
        "building_type": "cultural",
        "name_zh": "文化与叙事展示建筑",
        "building_status": "concept_retain_renovate",
        "floors_estimate": 12,
        "area_sqm_declared": 4436.754
      },
      "geometry": {
        "type": "Polygon",
        "coordinates": [
          [
            [
              116.342122,
              39.988988
            ],
            [
              116.34319,
              39.988994
            ],
            [
              116.343186,
              39.989431
            ],
            [
              116.342118,
              39.989426
            ],
            [
              116.342122,
              39.988988
            ]
          ]
        ]
      }
    },
    {
      "type": "Feature",
      "id": "BLDG-301",
      "properties": {
        "id": "BLDG-301",
        "layer": "BUILDING_FOOTPRINT",
        "source_type": "agent_generated_design",
        "confidence": "medium",
        "geometry_role": "design_proposal",
        "building_type": "cultural",
        "name_zh": "文化与叙事展示建筑",
        "building_status": "concept_retain_renovate",
        "floors_estimate": 12,
        "area_sqm_declared": 6004.359
      },
      "geometry": {
        "type": "Polygon",
        "coordinates": [
          [
            [
              116.348831,
              39.982801
            ],
            [
              116.34997,
              39.982808
            ],
            [
              116.349965,
              39.983364
            ],
            [
              116.348825,
              39.983357
            ],
            [
              116.348831,
              39.982801
            ]
          ]
        ]
      }
    },
    {
      "type": "Feature",
      "id": "BLDG-302",
      "properties": {
        "id": "BLDG-302",
        "layer": "BUILDING_FOOTPRINT",
        "source_type": "agent_generated_design",
        "confidence": "medium",
        "geometry_role": "design_proposal",
        "building_type": "cultural",
        "name_zh": "文化与叙事展示建筑",
        "building_status": "concept_retain_renovate",
        "floors_estimate": 8,
        "area_sqm_declared": 4033.504
      },
      "geometry": {
        "type": "Polygon",
        "coordinates": [
          [
            [
              116.348888,
              39.98355
            ],
            [
              116.349898,
              39.983556
            ],
            [
              116.349895,
              39.983976
            ],
            [
              116.348884,
              39.983971
            ],
            [
              116.348888,
              39.98355
            ]
          ]
        ]
      }
    },
    {
      "type": "Feature",
      "id": "BLDG-303",
      "properties": {
        "id": "BLDG-303",
        "layer": "BUILDING_FOOTPRINT",
        "source_type": "agent_generated_design",
        "confidence": "medium",
        "geometry_role": "design_proposal",
        "building_type": "cultural",
        "name_zh": "文化与叙事展示建筑",
        "building_status": "concept_retain_renovate",
        "floors_estimate": 12,
        "area_sqm_declared": 6404.606
      },
      "geometry": {
        "type": "Polygon",
        "coordinates": [
          [
            [
              116.348765,
              39.985525
            ],
            [
              116.349984,
              39.985532
            ],
            [
              116.349979,
              39.986086
            ],
            [
              116.348759,
              39.986079
            ],
            [
              116.348765,
              39.985525
            ]
          ]
        ]
      }
    },
    {
      "type": "Feature",
      "id": "BLDG-304",
      "properties": {
        "id": "BLDG-304",
        "layer": "BUILDING_FOOTPRINT",
        "source_type": "agent_generated_design",
        "confidence": "medium",
        "geometry_role": "design_proposal",
        "building_type": "cultural",
        "name_zh": "文化与叙事展示建筑",
        "building_status": "concept_retain_renovate",
        "floors_estimate": 6,
        "area_sqm_declared": 5598.488
      },
      "geometry": {
        "type": "Polygon",
        "coordinates": [
          [
            [
              116.348749,
              39.986244
            ],
            [
              116.349986,
              39.986251
            ],
            [
              116.349981,
              39.986729
            ],
            [
              116.348745,
              39.986721
            ],
            [
              116.348749,
              39.986244
            ]
          ]
        ]
      }
    },
    {
      "type": "Feature",
      "id": "BLDG-305",
      "properties": {
        "id": "BLDG-305",
        "layer": "BUILDING_FOOTPRINT",
        "source_type": "agent_generated_design",
        "confidence": "medium",
        "geometry_role": "design_proposal",
        "building_type": "cultural",
        "name_zh": "文化与叙事展示建筑",
        "building_status": "concept_retain_renovate",
        "floors_estimate": 14,
        "area_sqm_declared": 5135.576
      },
      "geometry": {
        "type": "Polygon",
        "coordinates": [
          [
            [
              116.348795,
              39.986925
            ],
            [
              116.349928,
              39.986932
            ],
            [
              116.349923,
              39.98741
            ],
            [
              116.34879,
              39.987403
            ],
            [
              116.348795,
              39.986925
            ]
          ]
        ]
      }
    },
    {
      "type": "Feature",
      "id": "BLDG-306",
      "properties": {
        "id": "BLDG-306",
        "layer": "BUILDING_FOOTPRINT",
        "source_type": "agent_generated_design",
        "confidence": "medium",
        "geometry_role": "design_proposal",
        "building_type": "cultural",
        "name_zh": "文化与叙事展示建筑",
        "building_status": "concept_retain_renovate",
        "floors_estimate": 7,
        "area_sqm_declared": 5135.884
      },
      "geometry": {
        "type": "Polygon",
        "coordinates": [
          [
            [
              116.348752,
              39.98762
            ],
            [
              116.349958,
              39.987627
            ],
            [
              116.349953,
              39.988076
            ],
            [
              116.348747,
              39.988069
            ],
            [
              116.348752,
              39.98762
            ]
          ]
        ]
      }
    }
  ]
}
