{
  "type": "FeatureCollection",
  "name": "land_use",
  "features": [
    {
      "type": "Feature",
      "id": "LU-001",
      "properties": {
        "source_type": "agent_generated_design",
        "confidence": "medium",
        "geometry_role": "design_proposal",
        "id": "LU-001",
        "layer": "LAND_USE",
        "land_use_code": "16",
        "name_zh": "留白·待确认用地",
        "area_sqm_declared": 1483321.287
      },
      "geometry": {
        "type": "MultiPolygon",
        "coordinates": [
          [
            [
              [
                116.34320000000004,
                39.9398
              ],
              [
                116.34380000000004,
                39.9398
              ],
              [
                116.34440000000005,
                39.9398
              ],
              [
                116.34440000000005,
                39.9392
              ],
              [
                116.34500000000006,
                39.9392
              ],
              [
                116.34500000000006,
                39.9398
              ],
              [
                116.34560000000006,
                39.9398
              ],
              [
                116.34620000000007,
                39.9398
              ],
              [
                116.34680000000007,
                39.9398
              ],
              [
                116.34740000000008,
                39.9398
              ],
              [
                116.34800000000008,
                39.9398
              ],
              [
                116.34860000000009,
                39.9398
              ],
              [
                116.3492000000001,
                39.9398
              ],
              [
                116.3498000000001,
                39.9398
              ],
              [
                116.3504000000001,
                39.9398
              ],
              [
                116.35100000000011,
                39.9398
              ],
              [
                116.35160000000012,
                39.9398
              ],
              [
                116.35220000000012,
                39.9398
              ],
              [
                116.35280000000013,
                39.9398
              ],
              [
                116.35340000000014,
                39.9398
              ],
              [
                116.35400000000014,
                39.9398
              ],
              [
                116.35460000000015,
                39.9398
              ],
              [
                116.35460000000015,
                39.9404
              ],
              [
                116.35460000000015,
                39.940999999999995
              ],
              [
                116.35460000000015,
                39.941599999999994
              ],
              [
                116.35460000000015,
                39.94219999999999
              ],
              [
                116.35460000000015,
                39.94279999999999
              ],
              [
                116.35460000000015,
                39.94339999999999
              ],
              [
                116.35460000000015,
                39.94399999999999
              ],
              [
                116.35460000000015,
                39.94459999999999
              ],
              [
                116.35460000000015,
                39.945199999999986
              ],
              [
                116.35460000000015,
                39.945799999999984
              ],
              [
                116.35460000000015,
                39.94639999999998
              ],
              [
                116.35460000000015,
                39.94699999999998
              ],
              [
                116.35460000000015,
                39.94759999999998
              ],
              [
                116.35460000000015,
                39.94819999999998
              ],
              [
                116.35460000000015,
                39.94879999999998
              ],
              [
                116.35460000000015,
                39.949399999999976
              ],
              [
                116.35460000000015,
                39.949999999999974
              ],
              [
                116.35460000000015,
                39.95059999999997
              ],
              [
                116.35460000000015,
                39.95119999999997
              ],
              [
                116.35460000000015,
                39.95179999999997
              ],
              [
                116.35460000000015,
                39.95239999999997
              ],
              [
                116.35460000000015,
                39.95299999999997
              ],
              [
                116.35460000000015,
                39.953599999999966
              ],
              [
                116.35460000000015,
                39.954199999999965
              ],
              [
                116.35460000000015,
                39.95479999999996
              ],
              [
                116.35460000000015,
                39.95539999999996
              ],
              [
                116.35460000000015,
                39.95599999999996
              ],
              [
                116.35460000000015,
                39.95659999999996
              ],
              [
                116.35460000000015,
                39.95719999999996
              ],
              [
                116.35460000000015,
                39.957799999999956
              ],
              [
                116.35460000000015,
                39.958399999999955
              ],
              [
                116.35460000000015,
                39.95899999999995
              ],
              [
                116.35460000000015,
                39.95959999999995
              ],
              [
                116.35460000000015,
                39.96019999999995
              ],
              [
                116.35460000000015,
                39.96079999999995
              ],
              [
                116.35460000000015,
                39.96139999999995
              ],
              [
                116.35460000000015,
                39.96199999999995
              ],
              [
                116.35460000000015,
                39.962599999999945
              ],
              [
                116.35460000000015,
                39.963199999999944
              ],
              [
                116.35460000000015,
                39.96379999999994
              ],
              [
                116.35460000000015,
                39.96439999999994
              ],
              [
                116.35460000000015,
                39.96499999999994
              ],
              [
                116.35460000000015,
                39.96559999999994
              ],
              [
                116.35460000000015,
                39.96619999999994
              ],
              [
                116.35460000000015,
                39.966799999999935
              ],
              [
                116.35460000000015,
                39.967399999999934
              ],
              [
                116.35460000000015,
                39.96799999999993
              ],
              [
                116.35460000000015,
                39.96859999999993
              ],
              [
                116.35460000000015,
                39.96919999999993
              ],
              [
                116.35460000000015,
                39.96979999999993
              ],
              [
                116.35400000000014,
                39.96979999999993
              ],
              [
                116.35340000000014,
                39.96979999999993
              ],
              [
                116.35280000000013,
                39.96979999999993
              ],
              [
                116.35220000000012,
                39.96979999999993
              ],
              [
                116.35160000000012,
                39.96979999999993
              ],
              [
                116.35100000000011,
                39.96979999999993
              ],
              [
                116.3504000000001,
                39.96979999999993
              ],
              [
                116.3498000000001,
                39.96979999999993
              ],
              [
                116.3492000000001,
                39.96979999999993
              ],
              [
                116.34860000000009,
                39.96979999999993
              ],
              [
                116.34800000000008,
                39.96979999999993
              ],
              [
                116.34740000000008,
                39.96979999999993
              ],
              [
                116.34680000000007,
                39.96979999999993
              ],
              [
                116.34620000000007,
                39.96979999999993
              ],
              [
                116.34560000000006,
                39.96979999999993
              ],
              [
                116.34500000000006,
                39.96979999999993
              ],
              [
                116.34500000000006,
                39.97039999999993
              ],
              [
                116.34500000000006,
                39.970999999999925
              ],
              [
                116.34500000000006,
                39.971599999999924
              ],
              [
                116.34500000000006,
                39.97219999999992
              ],
              [
                116.34500000000006,
                39.97279999999992
              ],
              [
                116.34500000000006,
                39.97339999999992
              ],
              [
                116.34500000000006,
                39.97399999999992
              ],
              [
                116.34500000000006,
                39.97459999999992
              ],
              [
                116.34500000000006,
                39.975199999999916
              ],
              [
                116.34560000000006,
                39.975199999999916
              ],
              [
                116.34620000000007,
                39.975199999999916
              ],
              [
                116.34680000000007,
                39.975199999999916
              ],
              [
                116.34740000000008,
                39.975199999999916
              ],
              [
                116.34800000000008,
                39.975199999999916
              ],
              [
                116.34860000000009,
                39.975199999999916
              ],
              [
                116.3492000000001,
                39.975199999999916
              ],
              [
                116.3498000000001,
                39.975199999999916
              ],
              [
                116.3504000000001,
                39.975199999999916
              ],
              [
                116.35100000000011,
                39.975199999999916
              ],
              [
                116.35160000000012,
                39.975199999999916
              ],
              [
                116.35220000000012,
                39.975199999999916
              ],
              [
                116.35280000000013,
                39.975199999999916
              ],
              [
                116.35340000000014,
                39.975199999999916
              ],
              [
                116.35400000000014,
                39.975199999999916
              ],
              [
                116.35400000000014,
                39.975799999999914
              ],
              [
                116.35400000000014,
                39.97639999999991
              ],
              [
                116.35400000000014,
                39.97699999999991
              ],
              [
                116.35400000000014,
                39.97759999999991
              ],
              [
                116.35400000000014,
                39.97819999999991
              ],
              [
                116.35400000000014,
                39.97879999999991
              ],
              [
                116.35400000000014,
                39.979399999999906
              ],
              [
                116.35400000000014,
                39.979999999999905
              ],
              [
                116.35400000000014,
                39.9805999999999
              ],
              [
                116.35400000000014,
                39.9811999999999
              ],
              [
                116.35400000000014,
                39.98124999999827
              ],
              [
                116.35400400000002,
                39.9811999999999
              ],
              [
                116.35405200000001,
                39.9805999999999
              ],
              [
                116.35410000000002,
                39.979999999999905
              ],
              [
                116.35414800000001,
                39.979399999999906
              ],
              [
                116.35419600000002,
                39.97879999999991
              ],
              [
                116.35424400000001,
                39.97819999999991
              ],
              [
                116.35429200000002,
                39.97759999999991
              ],
              [
                116.35434000000001,
                39.97699999999991
              ],
              [
                116.35438800000001,
                39.97639999999991
              ],
              [
                116.354436,
                39.975799999999914
              ],
              [
                116.35448400000001,
                39.975199999999916
              ],
              [
                116.354532,
                39.97459999999992
              ],
              [
                116.35458000000001,
                39.97399999999992
              ],
              [
                116.35460000000015,
                39.973749999998184
              ],
              [
                116.354628,
                39.97339999999992
              ],
              [
                116.35467600000001,
                39.97279999999992
              ],
              [
                116.354724,
                39.97219999999992
              ],
              [
                116.35477200000001,
                39.971599999999924
              ],
              [
                116.35482,
                39.970999999999925
              ],
              [
                116.35486800000001,
                39.97039999999993
              ],
              [
                116.354916,
                39.96979999999993
              ],
              [
                116.35496400000001,
                39.96919999999993
              ],
              [
                116.355012,
                39.96859999999993
              ],
              [
                116.35506000000001,
                39.96799999999993
              ],
              [
                116.355108,
                39.967399999999934
              ],
              [
                116.35515600000001,
                39.966799999999935
              ],
              [
                116.35520000000015,
                39.96624999999809
              ],
              [
                116.355204,
                39.96619999999994
              ],
              [
                116.35525200000001,
                39.96559999999994
              ],
              [
                116.3553,
                39.965
              ],
              [
                116.3553,
                39.96499999999994
              ],
              [
                116.3553,
                39.96439999999994
              ],
              [
                116.3553,
                39.96379999999994
              ],
              [
                116.3553,
                39.963199999999944
              ],
              [
                116.3553,
                39.962599999999945
              ],
              [
                116.3553,
                39.96199999999995
              ],
              [
                116.3553,
                39.96139999999995
              ],
              [
                116.3553,
                39.96079999999995
              ],
              [
                116.3553,
                39.96019999999995
              ],
              [
                116.3553,
                39.95959999999995
              ],
              [
                116.3553,
                39.95899999999995
              ],
              [
                116.3553,
                39.958399999999955
              ],
              [
                116.3553,
                39.957799999999956
              ],
              [
                116.3553,
                39.95719999999996
              ],
              [
                116.3553,
                39.95659999999996
              ],
              [
                116.3553,
                39.95599999999996
              ],
              [
                116.3553,
                39.95539999999996
              ],
              [
                116.3553,
                39.95479999999996
              ],
              [
                116.3553,
                39.954199999999965
              ],
              [
                116.3553,
                39.953599999999966
              ],
              [
                116.3553,
                39.95299999999997
              ],
              [
                116.3553,
                39.95239999999997
              ],
              [
                116.3553,
                39.95179999999997
              ],
              [
                116.3553,
                39.95119999999997
              ],
              [
                116.3553,
                39.95059999999997
              ],
              [
                116.3553,
                39.949999999999974
              ],
              [
                116.3553,
                39.949399999999976
              ],
              [
                116.3553,
                39.94879999999998
              ],
              [
                116.3553,
                39.94819999999998
              ],
              [
                116.3553,
                39.94759999999998
              ],
              [
                116.3553,
                39.94699999999998
              ],
              [
                116.3553,
                39.94639999999998
              ],
              [
                116.3553,
                39.945799999999984
              ],
              [
                116.3553,
                39.945199999999986
              ],
              [
                116.3553,
                39.94459999999999
              ],
              [
                116.3553,
                39.94399999999999
              ],
              [
                116.3553,
                39.94339999999999
              ],
              [
                116.3553,
                39.94279999999999
              ],
              [
                116.3553,
                39.94219999999999
              ],
              [
                116.3553,
                39.941599999999994
              ],
              [
                116.3553,
                39.940999999999995
              ],
              [
                116.3553,
                39.9404
              ],
              [
                116.3553,
                39.9398
              ],
              [
                116.3553,
                39.9392
              ],
              [
                116.3553,
                39.939
              ],
              [
                116.35520000000015,
                39.939
              ],
              [
                116.35460000000015,
                39.939
              ],
              [
                116.35400000000014,
                39.939
              ],
              [
                116.35340000000014,
                39.939
              ],
              [
                116.35280000000013,
                39.939
              ],
              [
                116.35220000000012,
                39.939
              ],
              [
                116.35160000000012,
                39.939
              ],
              [
                116.35100000000011,
                39.939
              ],
              [
                116.3504000000001,
                39.939
              ],
              [
                116.3498000000001,
                39.939
              ],
              [
                116.3492000000001,
                39.939
              ],
              [
                116.34860000000009,
                39.939
              ],
              [
                116.34800000000008,
                39.939
              ],
              [
                116.34740000000008,
                39.939
              ],
              [
                116.34680000000007,
                39.939
              ],
              [
                116.34620000000007,
                39.939
              ],
              [
                116.34560000000006,
                39.939
              ],
              [
                116.34500000000006,
                39.939
              ],
              [
                116.34440000000005,
                39.939
              ],
              [
                116.34380000000004,
                39.939
              ],
              [
                116.34320000000004,
                39.939
              ],
              [
                116.34260000000003,
                39.939
              ],
              [
                116.34200000000003,
                39.939
              ],
              [
                116.34140000000002,
                39.939
              ],
              [
                116.34080000000002,
                39.939
              ],
              [
                116.3407,
                39.939
              ],
              [
                116.34069444444444,
                39.9392
              ],
              [
                116.34067777777777,
                39.9398
              ],
              [
                116.34080000000002,
                39.9398
              ],
              [
                116.34140000000002,
                39.9398
              ],
              [
                116.34200000000003,
                39.9398
              ],
              [
                116.34260000000003,
                39.9398
              ],
              [
                116.34320000000004,
                39.9398
              ]
            ]
          ],
          [
            [
              [
                116.34500000000006,
                40.0261999999998
              ],
              [
                116.34500000000006,
                40.0265
              ],
              [
                116.34560000000006,
                40.0265
              ],
              [
                116.34620000000007,
                40.0265
              ],
              [
                116.34680000000007,
                40.0265
              ],
              [
                116.34740000000008,
                40.0265
              ],
              [
                116.34800000000008,
                40.0265
              ],
              [
                116.34860000000009,
                40.0265
              ],
              [
                116.3492000000001,
                40.0265
              ],
              [
                116.3498000000001,
                40.0265
              ],
              [
                116.3504000000001,
                40.0265
              ],
              [
                116.35100000000011,
                40.0265
              ],
              [
                116.35160000000012,
                40.0265
              ],
              [
                116.35220000000012,
                40.0265
              ],
              [
                116.35280000000013,
                40.0265
              ],
              [
                116.35340000000014,
                40.0265
              ],
              [
                116.35400000000014,
                40.0265
              ],
              [
                116.35460000000015,
                40.0265
              ],
              [
                116.35520000000015,
                40.0265
              ],
              [
                116.3553,
                40.0265
              ],
              [
                116.35528356164383,
                40.0261999999998
              ],
              [
                116.35525068493149,
                40.0255999999998
              ],
              [
                116.35521780821917,
                40.0249999999998
              ],
              [
                116.35520000000015,
                40.02467500000279
              ],
              [
                116.35520000000015,
                40.0249999999998
              ],
              [
                116.35520000000015,
                40.0255999999998
              ],
              [
                116.35520000000015,
                40.0261999999998
              ],
              [
                116.35460000000015,
                40.0261999999998
              ],
              [
                116.35400000000014,
                40.0261999999998
              ],
              [
                116.35340000000014,
                40.0261999999998
              ],
              [
                116.35280000000013,
                40.0261999999998
              ],
              [
                116.35220000000012,
                40.0261999999998
              ],
              [
                116.35160000000012,
                40.0261999999998
              ],
              [
                116.35100000000011,
                40.0261999999998
              ],
              [
                116.3504000000001,
                40.0261999999998
              ],
              [
                116.3498000000001,
                40.0261999999998
              ],
              [
                116.3492000000001,
                40.0261999999998
              ],
              [
                116.34860000000009,
                40.0261999999998
              ],
              [
                116.34800000000008,
                40.0261999999998
              ],
              [
                116.34740000000008,
                40.0261999999998
              ],
              [
                116.34680000000007,
                40.0261999999998
              ],
              [
                116.34620000000007,
                40.0261999999998
              ],
              [
                116.34560000000006,
                40.0261999999998
              ],
              [
                116.34500000000006,
                40.0261999999998
              ]
            ]
          ],
          [
            [
              [
                116.34025483870967,
                39.983599999999896
              ],
              [
                116.34029354838708,
                39.984199999999895
              ],
              [
                116.3403322580645,
                39.98479999999989
              ],
              [
                116.34037096774192,
                39.98539999999989
              ],
              [
                116.34040967741934,
                39.98599999999989
              ],
              [
                116.34044838709677,
                39.98659999999989
              ],
              [
                116.34048709677418,
                39.98719999999989
              ],
              [
                116.34052580645161,
                39.987799999999886
              ],
              [
                116.34056451612902,
                39.988399999999885
              ],
              [
                116.34060322580645,
                39.98899999999988
              ],
              [
                116.34064193548386,
                39.98959999999988
              ],
              [
                116.34068064516129,
                39.99019999999988
              ],
              [
                116.3407193548387,
                39.99079999999988
              ],
              [
                116.34075806451612,
                39.99139999999988
              ],
              [
                116.34079677419354,
                39.99199999999988
              ],
              [
                116.34080000000002,
                39.99205000000026
              ],
              [
                116.34083548387096,
                39.992599999999875
              ],
              [
                116.34087419354837,
                39.993199999999874
              ],
              [
                116.3409129032258,
                39.99379999999987
              ],
              [
                116.34140000000002,
                39.99379999999987
              ],
              [
                116.34200000000003,
                39.99379999999987
              ],
              [
                116.34260000000003,
                39.99379999999987
              ],
              [
                116.34320000000004,
                39.99379999999987
              ],
              [
                116.34380000000004,
                39.99379999999987
              ],
              [
                116.34440000000005,
                39.99379999999987
              ],
              [
                116.34500000000006,
                39.99379999999987
              ],
              [
                116.34560000000006,
                39.99379999999987
              ],
              [
                116.34620000000007,
                39.99379999999987
              ],
              [
                116.34680000000007,
                39.99379999999987
              ],
              [
                116.34740000000008,
                39.99379999999987
              ],
              [
                116.34800000000008,
                39.99379999999987
              ],
              [
                116.34860000000009,
                39.99379999999987
              ],
              [
                116.3492000000001,
                39.99379999999987
              ],
              [
                116.3498000000001,
                39.99379999999987
              ],
              [
                116.3504000000001,
                39.99379999999987
              ],
              [
                116.35100000000011,
                39.99379999999987
              ],
              [
                116.35160000000012,
                39.99379999999987
              ],
              [
                116.35220000000012,
                39.99379999999987
              ],
              [
                116.35280000000013,
                39.99379999999987
              ],
              [
                116.35340000000014,
                39.99379999999987
              ],
              [
                116.35350821917808,
                39.99379999999987
              ],
              [
                116.35347534246576,
                39.993199999999874
              ],
              [
                116.35344246575342,
                39.992599999999875
              ],
              [
                116.35340958904109,
                39.99199999999988
              ],
              [
                116.35340000000014,
                39.9918250000024
              ],
              [
                116.35337671232877,
                39.99139999999988
              ],
              [
                116.35334383561644,
                39.99079999999988
              ],
              [
                116.3533109589041,
                39.99019999999988
              ],
              [
                116.3533,
                39.99
              ],
              [
                116.35333200000001,
                39.98959999999988
              ],
              [
                116.35338000000002,
                39.98899999999988
              ],
              [
                116.35340000000014,
                39.98874999999836
              ],
              [
                116.35342800000001,
                39.988399999999885
              ],
              [
                116.35347600000001,
                39.987799999999886
              ],
              [
                116.35352400000001,
                39.98719999999989
              ],
              [
                116.35357200000001,
                39.98659999999989
              ],
              [
                116.35362,
                39.98599999999989
              ],
              [
                116.35366800000001,
                39.98539999999989
              ],
              [
                116.353716,
                39.98479999999989
              ],
              [
                116.35376400000001,
                39.984199999999895
              ],
              [
                116.353812,
                39.983599999999896
              ],
              [
                116.35340000000014,
                39.983599999999896
              ],
              [
                116.35280000000013,
                39.983599999999896
              ],
              [
                116.35220000000012,
                39.983599999999896
              ],
              [
                116.35160000000012,
                39.983599999999896
              ],
              [
                116.35100000000011,
                39.983599999999896
              ],
              [
                116.3504000000001,
                39.983599999999896
              ],
              [
                116.3498000000001,
                39.983599999999896
              ],
              [
                116.3492000000001,
                39.983599999999896
              ],
              [
                116.34860000000009,
                39.983599999999896
              ],
              [
                116.34800000000008,
                39.983599999999896
              ],
              [
                116.34740000000008,
                39.983599999999896
              ],
              [
                116.34680000000007,
                39.983599999999896
              ],
              [
                116.34620000000007,
                39.983599999999896
              ],
              [
                116.34560000000006,
                39.983599999999896
              ],
              [
                116.34500000000006,
                39.983599999999896
              ],
              [
                116.34440000000005,
                39.983599999999896
              ],
              [
                116.34380000000004,
                39.983599999999896
              ],
              [
                116.34380000000004,
                39.984199999999895
              ],
              [
                116.34380000000004,
                39.98479999999989
              ],
              [
                116.34440000000005,
                39.98479999999989
              ],
              [
                116.34500000000006,
                39.98479999999989
              ],
              [
                116.34560000000006,
                39.98479999999989
              ],
              [
                116.34560000000006,
                39.984199999999895
              ],
              [
                116.34620000000007,
                39.984199999999895
              ],
              [
                116.34680000000007,
                39.984199999999895
              ],
              [
                116.34740000000008,
                39.984199999999895
              ],
              [
                116.34800000000008,
                39.984199999999895
              ],
              [
                116.34860000000009,
                39.984199999999895
              ],
              [
                116.3492000000001,
                39.984199999999895
              ],
              [
                116.3498000000001,
                39.984199999999895
              ],
              [
                116.3504000000001,
                39.984199999999895
              ],
              [
                116.35100000000011,
                39.984199999999895
              ],
              [
                116.35160000000012,
                39.984199999999895
              ],
              [
                116.35220000000012,
                39.984199999999895
              ],
              [
                116.35220000000012,
                39.98479999999989
              ],
              [
                116.35280000000013,
                39.98479999999989
              ],
              [
                116.35280000000013,
                39.98539999999989
              ],
              [
                116.35280000000013,
                39.98599999999989
              ],
              [
                116.35280000000013,
                39.98659999999989
              ],
              [
                116.35280000000013,
                39.98719999999989
              ],
              [
                116.35280000000013,
                39.987799999999886
              ],
              [
                116.35280000000013,
                39.988399999999885
              ],
              [
                116.35280000000013,
                39.98899999999988
              ],
              [
                116.35220000000012,
                39.98899999999988
              ],
              [
                116.35220000000012,
                39.98959999999988
              ],
              [
                116.35220000000012,
                39.99019999999988
              ],
              [
                116.35220000000012,
                39.99079999999988
              ],
              [
                116.35220000000012,
                39.99139999999988
              ],
              [
                116.35220000000012,
                39.99199999999988
              ],
              [
                116.35220000000012,
                39.992599999999875
              ],
              [
                116.35160000000012,
                39.992599999999875
              ],
              [
                116.35100000000011,
                39.992599999999875
              ],
              [
                116.3504000000001,
                39.992599999999875
              ],
              [
                116.3498000000001,
                39.992599999999875
              ],
              [
                116.3492000000001,
                39.992599999999875
              ],
              [
                116.34860000000009,
                39.992599999999875
              ],
              [
                116.34800000000008,
                39.992599999999875
              ],
              [
                116.34740000000008,
                39.992599999999875
              ],
              [
                116.34680000000007,
                39.992599999999875
              ],
              [
                116.34620000000007,
                39.992599999999875
              ],
              [
                116.34560000000006,
                39.992599999999875
              ],
              [
                116.34560000000006,
                39.99199999999988
              ],
              [
                116.34500000000006,
                39.99199999999988
              ],
              [
                116.34440000000005,
                39.99199999999988
              ],
              [
                116.34380000000004,
                39.99199999999988
              ],
              [
                116.34380000000004,
                39.992599999999875
              ],
              [
                116.34380000000004,
                39.993199999999874
              ],
              [
                116.34320000000004,
                39.993199999999874
              ],
              [
                116.34260000000003,
                39.993199999999874
              ],
              [
                116.34260000000003,
                39.992599999999875
              ],
              [
                116.34260000000003,
                39.99199999999988
              ],
              [
                116.34260000000003,
                39.99139999999988
              ],
              [
                116.34260000000003,
                39.99079999999988
              ],
              [
                116.34260000000003,
                39.99019999999988
              ],
              [
                116.34260000000003,
                39.98959999999988
              ],
              [
                116.34260000000003,
                39.98899999999988
              ],
              [
                116.34260000000003,
                39.988399999999885
              ],
              [
                116.34260000000003,
                39.987799999999886
              ],
              [
                116.34260000000003,
                39.98719999999989
              ],
              [
                116.34260000000003,
                39.98659999999989
              ],
              [
                116.34260000000003,
                39.98599999999989
              ],
              [
                116.34260000000003,
                39.98539999999989
              ],
              [
                116.34260000000003,
                39.98479999999989
              ],
              [
                116.34260000000003,
                39.984199999999895
              ],
              [
                116.34260000000003,
                39.983599999999896
              ],
              [
                116.34200000000003,
                39.983599999999896
              ],
              [
                116.34140000000002,
                39.983599999999896
              ],
              [
                116.34080000000002,
                39.983599999999896
              ],
              [
                116.34025483870967,
                39.983599999999896
              ]
            ]
          ],
          [
            [
              [
                116.3397111111111,
                39.97459999999992
              ],
              [
                116.3397,
                39.975
              ],
              [
                116.33971290322579,
                39.975199999999916
              ],
              [
                116.34020000000001,
                39.975199999999916
              ],
              [
                116.34080000000002,
                39.975199999999916
              ],
              [
                116.34140000000002,
                39.975199999999916
              ],
              [
                116.34200000000003,
                39.975199999999916
              ],
              [
                116.34260000000003,
                39.975199999999916
              ],
              [
                116.34320000000004,
                39.975199999999916
              ],
              [
                116.34380000000004,
                39.975199999999916
              ],
              [
                116.34440000000005,
                39.975199999999916
              ],
              [
                116.34440000000005,
                39.97459999999992
              ],
              [
                116.34440000000005,
                39.97399999999992
              ],
              [
                116.34440000000005,
                39.97339999999992
              ],
              [
                116.34440000000005,
                39.97279999999992
              ],
              [
                116.34440000000005,
                39.97219999999992
              ],
              [
                116.34440000000005,
                39.971599999999924
              ],
              [
                116.34440000000005,
                39.970999999999925
              ],
              [
                116.34440000000005,
                39.97039999999993
              ],
              [
                116.34440000000005,
                39.96979999999993
              ],
              [
                116.34380000000004,
                39.96979999999993
              ],
              [
                116.34320000000004,
                39.96979999999993
              ],
              [
                116.34260000000003,
                39.96979999999993
              ],
              [
                116.34260000000003,
                39.97039999999993
              ],
              [
                116.34260000000003,
                39.970999999999925
              ],
              [
                116.34260000000003,
                39.971599999999924
              ],
              [
                116.34260000000003,
                39.97219999999992
              ],
              [
                116.34200000000003,
                39.97219999999992
              ],
              [
                116.34140000000002,
                39.97219999999992
              ],
              [
                116.34080000000002,
                39.97219999999992
              ],
              [
                116.34020000000001,
                39.97219999999992
              ],
              [
                116.33977777777777,
                39.97219999999992
              ],
              [
                116.3397611111111,
                39.97279999999992
              ],
              [
                116.33974444444443,
                39.97339999999992
              ],
              [
                116.33972777777777,
                39.97399999999992
              ],
              [
                116.3397111111111,
                39.97459999999992
              ]
            ]
          ],
          [
            [
              [
                116.34440000000005,
                40.0261999999998
              ],
              [
                116.34380000000004,
                40.0261999999998
              ],
              [
                116.34320000000004,
                40.0261999999998
              ],
              [
                116.34320000000004,
                40.0265
              ],
              [
                116.34380000000004,
                40.0265
              ],
              [
                116.34440000000005,
                40.0265
              ],
              [
                116.34440000000005,
                40.0261999999998
              ]
            ]
          ]
        ]
      }
    },
    {
      "type": "Feature",
      "id": "LU-002",
      "properties": {
        "source_type": "agent_generated_design",
        "confidence": "medium",
        "geometry_role": "design_proposal",
        "id": "LU-002",
        "layer": "LAND_USE",
        "land_use_code": "1401",
        "name_zh": "大钟寺·南侧社区绿地",
        "area_sqm_declared": 729269.637
      },
      "geometry": {
        "type": "Polygon",
        "coordinates": [
          [
            [
              116.34016111111112,
              39.958399999999955
            ],
            [
              116.34014444444445,
              39.95899999999995
            ],
            [
              116.34012777777778,
              39.95959999999995
            ],
            [
              116.34011111111111,
              39.96019999999995
            ],
            [
              116.34009444444445,
              39.96079999999995
            ],
            [
              116.34007777777778,
              39.96139999999995
            ],
            [
              116.34006111111111,
              39.96199999999995
            ],
            [
              116.34004444444444,
              39.962599999999945
            ],
            [
              116.34002777777778,
              39.963199999999944
            ],
            [
              116.34001111111111,
              39.96379999999994
            ],
            [
              116.33999444444444,
              39.96439999999994
            ],
            [
              116.33997777777778,
              39.96499999999994
            ],
            [
              116.33996111111111,
              39.96559999999994
            ],
            [
              116.33994444444444,
              39.96619999999994
            ],
            [
              116.33992777777777,
              39.966799999999935
            ],
            [
              116.3399111111111,
              39.967399999999934
            ],
            [
              116.33989444444444,
              39.96799999999993
            ],
            [
              116.33987777777777,
              39.96859999999993
            ],
            [
              116.3398611111111,
              39.96919999999993
            ],
            [
              116.33984444444444,
              39.96979999999993
            ],
            [
              116.33982777777777,
              39.97039999999993
            ],
            [
              116.3398111111111,
              39.970999999999925
            ],
            [
              116.33979444444444,
              39.971599999999924
            ],
            [
              116.33977777777777,
              39.97219999999992
            ],
            [
              116.34020000000001,
              39.97219999999992
            ],
            [
              116.34080000000002,
              39.97219999999992
            ],
            [
              116.34140000000002,
              39.97219999999992
            ],
            [
              116.34200000000003,
              39.97219999999992
            ],
            [
              116.34260000000003,
              39.97219999999992
            ],
            [
              116.34260000000003,
              39.971599999999924
            ],
            [
              116.34260000000003,
              39.970999999999925
            ],
            [
              116.34260000000003,
              39.97039999999993
            ],
            [
              116.34260000000003,
              39.96979999999993
            ],
            [
              116.34260000000003,
              39.96919999999993
            ],
            [
              116.34260000000003,
              39.96859999999993
            ],
            [
              116.34260000000003,
              39.96799999999993
            ],
            [
              116.34260000000003,
              39.967399999999934
            ],
            [
              116.34260000000003,
              39.966799999999935
            ],
            [
              116.34260000000003,
              39.96619999999994
            ],
            [
              116.34260000000003,
              39.96559999999994
            ],
            [
              116.34260000000003,
              39.96499999999994
            ],
            [
              116.34260000000003,
              39.96439999999994
            ],
            [
              116.34260000000003,
              39.96379999999994
            ],
            [
              116.34260000000003,
              39.963199999999944
            ],
            [
              116.34260000000003,
              39.962599999999945
            ],
            [
              116.34260000000003,
              39.96199999999995
            ],
            [
              116.34260000000003,
              39.96139999999995
            ],
            [
              116.34260000000003,
              39.96079999999995
            ],
            [
              116.34260000000003,
              39.96019999999995
            ],
            [
              116.34260000000003,
              39.95959999999995
            ],
            [
              116.34260000000003,
              39.95899999999995
            ],
            [
              116.34260000000003,
              39.958399999999955
            ],
            [
              116.34260000000003,
              39.957799999999956
            ],
            [
              116.34260000000003,
              39.95719999999996
            ],
            [
              116.34260000000003,
              39.95659999999996
            ],
            [
              116.34260000000003,
              39.95599999999996
            ],
            [
              116.34260000000003,
              39.95539999999996
            ],
            [
              116.34260000000003,
              39.95479999999996
            ],
            [
              116.34260000000003,
              39.954199999999965
            ],
            [
              116.34260000000003,
              39.953599999999966
            ],
            [
              116.34260000000003,
              39.95299999999997
            ],
            [
              116.34260000000003,
              39.95239999999997
            ],
            [
              116.34260000000003,
              39.95179999999997
            ],
            [
              116.34260000000003,
              39.95119999999997
            ],
            [
              116.34260000000003,
              39.95059999999997
            ],
            [
              116.34260000000003,
              39.949999999999974
            ],
            [
              116.34260000000003,
              39.949399999999976
            ],
            [
              116.34260000000003,
              39.94879999999998
            ],
            [
              116.34260000000003,
              39.94819999999998
            ],
            [
              116.34260000000003,
              39.94759999999998
            ],
            [
              116.34260000000003,
              39.94699999999998
            ],
            [
              116.34260000000003,
              39.94639999999998
            ],
            [
              116.34260000000003,
              39.945799999999984
            ],
            [
              116.34260000000003,
              39.945199999999986
            ],
            [
              116.34260000000003,
              39.94459999999999
            ],
            [
              116.34260000000003,
              39.94399999999999
            ],
            [
              116.34260000000003,
              39.94339999999999
            ],
            [
              116.34260000000003,
              39.94279999999999
            ],
            [
              116.34260000000003,
              39.94219999999999
            ],
            [
              116.34260000000003,
              39.941599999999994
            ],
            [
              116.34260000000003,
              39.940999999999995
            ],
            [
              116.34260000000003,
              39.9404
            ],
            [
              116.34260000000003,
              39.9398
            ],
            [
              116.34200000000003,
              39.9398
            ],
            [
              116.34140000000002,
              39.9398
            ],
            [
              116.34080000000002,
              39.9398
            ],
            [
              116.34067777777777,
              39.9398
            ],
            [
              116.3406611111111,
              39.9404
            ],
            [
              116.34064444444444,
              39.940999999999995
            ],
            [
              116.34062777777777,
              39.941599999999994
            ],
            [
              116.34061111111112,
              39.94219999999999
            ],
            [
              116.34059444444445,
              39.94279999999999
            ],
            [
              116.34057777777778,
              39.94339999999999
            ],
            [
              116.34056111111111,
              39.94399999999999
            ],
            [
              116.34054444444445,
              39.94459999999999
            ],
            [
              116.34052777777778,
              39.945199999999986
            ],
            [
              116.34051111111111,
              39.945799999999984
            ],
            [
              116.34049444444445,
              39.94639999999998
            ],
            [
              116.34047777777778,
              39.94699999999998
            ],
            [
              116.34046111111111,
              39.94759999999998
            ],
            [
              116.34044444444444,
              39.94819999999998
            ],
            [
              116.34042777777778,
              39.94879999999998
            ],
            [
              116.34041111111111,
              39.949399999999976
            ],
            [
              116.34039444444444,
              39.949999999999974
            ],
            [
              116.34037777777777,
              39.95059999999997
            ],
            [
              116.34036111111111,
              39.95119999999997
            ],
            [
              116.34034444444444,
              39.95179999999997
            ],
            [
              116.34032777777777,
              39.95239999999997
            ],
            [
              116.3403111111111,
              39.95299999999997
            ],
            [
              116.34029444444444,
              39.953599999999966
            ],
            [
              116.34027777777777,
              39.954199999999965
            ],
            [
              116.3402611111111,
              39.95479999999996
            ],
            [
              116.34024444444444,
              39.95539999999996
            ],
            [
              116.34022777777777,
              39.95599999999996
            ],
            [
              116.3402111111111,
              39.95659999999996
            ],
            [
              116.34020000000001,
              39.95699999999949
            ],
            [
              116.34019444444444,
              39.95719999999996
            ],
            [
              116.34017777777777,
              39.957799999999956
            ],
            [
              116.34016111111112,
              39.958399999999955
            ]
          ]
        ]
      }
    },
    {
      "type": "Feature",
      "id": "LU-003",
      "properties": {
        "source_type": "agent_generated_design",
        "confidence": "medium",
        "geometry_role": "design_proposal",
        "id": "LU-003",
        "layer": "LAND_USE",
        "land_use_code": "1401",
        "name_zh": "西侧过渡绿地",
        "area_sqm_declared": 160637.399
      },
      "geometry": {
        "type": "Polygon",
        "coordinates": [
          [
            [
              116.33986774193548,
              39.97759999999991
            ],
            [
              116.33990645161289,
              39.97819999999991
            ],
            [
              116.33994516129032,
              39.97879999999991
            ],
            [
              116.33998387096773,
              39.979399999999906
            ],
            [
              116.34002258064515,
              39.979999999999905
            ],
            [
              116.34006129032257,
              39.9805999999999
            ],
            [
              116.34009999999999,
              39.9811999999999
            ],
            [
              116.3401387096774,
              39.9817999999999
            ],
            [
              116.34017741935483,
              39.9823999999999
            ],
            [
              116.34020000000001,
              39.98275000000022
            ],
            [
              116.34021612903224,
              39.9829999999999
            ],
            [
              116.34025483870967,
              39.983599999999896
            ],
            [
              116.34080000000002,
              39.983599999999896
            ],
            [
              116.34140000000002,
              39.983599999999896
            ],
            [
              116.34200000000003,
              39.983599999999896
            ],
            [
              116.34200000000003,
              39.9829999999999
            ],
            [
              116.34200000000003,
              39.9823999999999
            ],
            [
              116.34200000000003,
              39.9817999999999
            ],
            [
              116.34200000000003,
              39.9811999999999
            ],
            [
              116.34200000000003,
              39.9805999999999
            ],
            [
              116.34200000000003,
              39.979999999999905
            ],
            [
              116.34200000000003,
              39.979399999999906
            ],
            [
              116.34200000000003,
              39.97879999999991
            ],
            [
              116.34200000000003,
              39.97819999999991
            ],
            [
              116.34200000000003,
              39.97759999999991
            ],
            [
              116.34200000000003,
              39.97699999999991
            ],
            [
              116.34200000000003,
              39.97639999999991
            ],
            [
              116.34200000000003,
              39.975799999999914
            ],
            [
              116.34200000000003,
              39.975199999999916
            ],
            [
              116.34140000000002,
              39.975199999999916
            ],
            [
              116.34080000000002,
              39.975199999999916
            ],
            [
              116.34020000000001,
              39.975199999999916
            ],
            [
              116.33971290322579,
              39.975199999999916
            ],
            [
              116.33975161290321,
              39.975799999999914
            ],
            [
              116.33979032258064,
              39.97639999999991
            ],
            [
              116.33982903225805,
              39.97699999999991
            ],
            [
              116.33986774193548,
              39.97759999999991
            ]
          ]
        ]
      }
    },
    {
      "type": "Feature",
      "id": "LU-004",
      "properties": {
        "source_type": "agent_generated_design",
        "confidence": "medium",
        "geometry_role": "design_proposal",
        "id": "LU-004",
        "layer": "LAND_USE",
        "land_use_code": "0802",
        "name_zh": "北段高校科研过渡带",
        "area_sqm_declared": 25586.227
      },
      "geometry": {
        "type": "Polygon",
        "coordinates": [
          [
            [
              116.34320000000004,
              39.99379999999987
            ],
            [
              116.34260000000003,
              39.99379999999987
            ],
            [
              116.34200000000003,
              39.99379999999987
            ],
            [
              116.34140000000002,
              39.99379999999987
            ],
            [
              116.3409129032258,
              39.99379999999987
            ],
            [
              116.34095161290321,
              39.99439999999987
            ],
            [
              116.34099032258064,
              39.99499999999987
            ],
            [
              116.34140000000002,
              39.99499999999987
            ],
            [
              116.34200000000003,
              39.99499999999987
            ],
            [
              116.34260000000003,
              39.99499999999987
            ],
            [
              116.34320000000004,
              39.99499999999987
            ],
            [
              116.34320000000004,
              39.99439999999987
            ],
            [
              116.34320000000004,
              39.99379999999987
            ]
          ]
        ]
      }
    },
    {
      "type": "Feature",
      "id": "LU-005",
      "properties": {
        "source_type": "agent_generated_design",
        "confidence": "medium",
        "geometry_role": "design_proposal",
        "id": "LU-005",
        "layer": "LAND_USE",
        "land_use_code": "1401",
        "name_zh": "清河滨水绿地·众智园界面",
        "area_sqm_declared": 387820.043
      },
      "geometry": {
        "type": "Polygon",
        "coordinates": [
          [
            [
              116.34122258064515,
              39.99859999999986
            ],
            [
              116.34126129032258,
              39.99919999999986
            ],
            [
              116.34129999999999,
              39.99979999999986
            ],
            [
              116.34133870967742,
              40.00039999999986
            ],
            [
              116.34137741935483,
              40.000999999999856
            ],
            [
              116.34140000000002,
              40.00135000000031
            ],
            [
              116.34141612903225,
              40.001599999999854
            ],
            [
              116.34145483870967,
              40.00219999999985
            ],
            [
              116.34149354838709,
              40.00279999999985
            ],
            [
              116.3415322580645,
              40.00339999999985
            ],
            [
              116.34157096774193,
              40.00399999999985
            ],
            [
              116.34160967741934,
              40.00459999999985
            ],
            [
              116.34164838709677,
              40.005199999999846
            ],
            [
              116.34168709677418,
              40.005799999999844
            ],
            [
              116.3417,
              40.006
            ],
            [
              116.34171951219511,
              40.00639999999984
            ],
            [
              116.3417487804878,
              40.00699999999984
            ],
            [
              116.34177804878048,
              40.00759999999984
            ],
            [
              116.34180731707316,
              40.00819999999984
            ],
            [
              116.34183658536585,
              40.00879999999984
            ],
            [
              116.34186585365853,
              40.009399999999836
            ],
            [
              116.34189512195121,
              40.009999999999835
            ],
            [
              116.34192439024389,
              40.01059999999983
            ],
            [
              116.34195365853658,
              40.01119999999983
            ],
            [
              116.34198292682926,
              40.01179999999983
            ],
            [
              116.34200000000003,
              40.01215000000055
            ],
            [
              116.34201219512194,
              40.01239999999983
            ],
            [
              116.34204146341463,
              40.01299999999983
            ],
            [
              116.34207073170731,
              40.013599999999826
            ],
            [
              116.34209999999999,
              40.014199999999825
            ],
            [
              116.34212926829267,
              40.01479999999982
            ],
            [
              116.34215853658536,
              40.01539999999982
            ],
            [
              116.34218780487804,
              40.01599999999982
            ],
            [
              116.34221707317072,
              40.01659999999982
            ],
            [
              116.34224634146341,
              40.01719999999982
            ],
            [
              116.34227560975609,
              40.017799999999816
            ],
            [
              116.34230487804876,
              40.018399999999815
            ],
            [
              116.34233414634146,
              40.018999999999814
            ],
            [
              116.34236341463414,
              40.01959999999981
            ],
            [
              116.34239268292681,
              40.02019999999981
            ],
            [
              116.34242195121949,
              40.02079999999981
            ],
            [
              116.34245121951218,
              40.02139999999981
            ],
            [
              116.34248048780486,
              40.02199999999981
            ],
            [
              116.34250975609754,
              40.022599999999805
            ],
            [
              116.34253902439023,
              40.023199999999804
            ],
            [
              116.34256829268291,
              40.0237999999998
            ],
            [
              116.34259756097559,
              40.0243999999998
            ],
            [
              116.34260000000003,
              40.02445000000078
            ],
            [
              116.34262682926828,
              40.0249999999998
            ],
            [
              116.34265609756096,
              40.0255999999998
            ],
            [
              116.34268536585364,
              40.0261999999998
            ],
            [
              116.3427,
              40.0265
            ],
            [
              116.34320000000004,
              40.0265
            ],
            [
              116.34320000000004,
              40.0261999999998
            ],
            [
              116.34320000000004,
              40.0255999999998
            ],
            [
              116.34320000000004,
              40.0249999999998
            ],
            [
              116.34320000000004,
              40.0243999999998
            ],
            [
              116.34320000000004,
              40.0237999999998
            ],
            [
              116.34320000000004,
              40.023199999999804
            ],
            [
              116.34320000000004,
              40.022599999999805
            ],
            [
              116.34320000000004,
              40.02199999999981
            ],
            [
              116.34320000000004,
              40.02139999999981
            ],
            [
              116.34320000000004,
              40.02079999999981
            ],
            [
              116.34320000000004,
              40.02019999999981
            ],
            [
              116.34320000000004,
              40.01959999999981
            ],
            [
              116.34320000000004,
              40.018999999999814
            ],
            [
              116.34320000000004,
              40.018399999999815
            ],
            [
              116.34320000000004,
              40.017799999999816
            ],
            [
              116.34320000000004,
              40.01719999999982
            ],
            [
              116.34320000000004,
              40.01659999999982
            ],
            [
              116.34320000000004,
              40.01599999999982
            ],
            [
              116.34320000000004,
              40.01539999999982
            ],
            [
              116.34320000000004,
              40.01479999999982
            ],
            [
              116.34320000000004,
              40.014199999999825
            ],
            [
              116.34320000000004,
              40.013599999999826
            ],
            [
              116.34320000000004,
              40.01299999999983
            ],
            [
              116.34320000000004,
              40.01239999999983
            ],
            [
              116.34320000000004,
              40.01179999999983
            ],
            [
              116.34320000000004,
              40.01119999999983
            ],
            [
              116.34320000000004,
              40.01059999999983
            ],
            [
              116.34320000000004,
              40.009999999999835
            ],
            [
              116.34320000000004,
              40.009399999999836
            ],
            [
              116.34320000000004,
              40.00879999999984
            ],
            [
              116.34320000000004,
              40.00819999999984
            ],
            [
              116.34320000000004,
              40.00759999999984
            ],
            [
              116.34320000000004,
              40.00699999999984
            ],
            [
              116.34320000000004,
              40.00639999999984
            ],
            [
              116.34320000000004,
              40.005799999999844
            ],
            [
              116.34320000000004,
              40.005199999999846
            ],
            [
              116.34320000000004,
              40.00459999999985
            ],
            [
              116.34320000000004,
              40.00399999999985
            ],
            [
              116.34320000000004,
              40.00339999999985
            ],
            [
              116.34320000000004,
              40.00279999999985
            ],
            [
              116.34320000000004,
              40.00219999999985
            ],
            [
              116.34320000000004,
              40.001599999999854
            ],
            [
              116.34320000000004,
              40.000999999999856
            ],
            [
              116.34320000000004,
              40.00039999999986
            ],
            [
              116.34320000000004,
              39.99979999999986
            ],
            [
              116.34320000000004,
              39.99919999999986
            ],
            [
              116.34320000000004,
              39.99859999999986
            ],
            [
              116.34320000000004,
              39.99799999999986
            ],
            [
              116.34320000000004,
              39.997399999999864
            ],
            [
              116.34320000000004,
              39.996799999999865
            ],
            [
              116.34320000000004,
              39.99619999999987
            ],
            [
              116.34320000000004,
              39.99559999999987
            ],
            [
              116.34320000000004,
              39.99499999999987
            ],
            [
              116.34260000000003,
              39.99499999999987
            ],
            [
              116.34200000000003,
              39.99499999999987
            ],
            [
              116.34140000000002,
              39.99499999999987
            ],
            [
              116.34099032258064,
              39.99499999999987
            ],
            [
              116.34102903225805,
              39.99559999999987
            ],
            [
              116.34106774193548,
              39.99619999999987
            ],
            [
              116.3411064516129,
              39.996799999999865
            ],
            [
              116.34114516129031,
              39.997399999999864
            ],
            [
              116.34118387096774,
              39.99799999999986
            ],
            [
              116.34122258064515,
              39.99859999999986
            ]
          ]
        ]
      }
    },
    {
      "type": "Feature",
      "id": "LU-006",
      "properties": {
        "source_type": "agent_generated_design",
        "confidence": "medium",
        "geometry_role": "design_proposal",
        "id": "LU-006",
        "layer": "LAND_USE",
        "land_use_code": "0802",
        "name_zh": "高校科研带·成果转化用地",
        "area_sqm_declared": 525860.571
      },
      "geometry": {
        "type": "MultiPolygon",
        "coordinates": [
          [
            [
              [
                116.34500000000006,
                39.97699999999991
              ],
              [
                116.34500000000006,
                39.97759999999991
              ],
              [
                116.34500000000006,
                39.97819999999991
              ],
              [
                116.34500000000006,
                39.97879999999991
              ],
              [
                116.34500000000006,
                39.979399999999906
              ],
              [
                116.34500000000006,
                39.979999999999905
              ],
              [
                116.34500000000006,
                39.9805999999999
              ],
              [
                116.34500000000006,
                39.9811999999999
              ],
              [
                116.34500000000006,
                39.9817999999999
              ],
              [
                116.34500000000006,
                39.9823999999999
              ],
              [
                116.34500000000006,
                39.9829999999999
              ],
              [
                116.34500000000006,
                39.983599999999896
              ],
              [
                116.34560000000006,
                39.983599999999896
              ],
              [
                116.34620000000007,
                39.983599999999896
              ],
              [
                116.34680000000007,
                39.983599999999896
              ],
              [
                116.34740000000008,
                39.983599999999896
              ],
              [
                116.34800000000008,
                39.983599999999896
              ],
              [
                116.34860000000009,
                39.983599999999896
              ],
              [
                116.3492000000001,
                39.983599999999896
              ],
              [
                116.3492000000001,
                39.9829999999999
              ],
              [
                116.3492000000001,
                39.9823999999999
              ],
              [
                116.3492000000001,
                39.9817999999999
              ],
              [
                116.3492000000001,
                39.9811999999999
              ],
              [
                116.3492000000001,
                39.9805999999999
              ],
              [
                116.3492000000001,
                39.979999999999905
              ],
              [
                116.3492000000001,
                39.979399999999906
              ],
              [
                116.3492000000001,
                39.97879999999991
              ],
              [
                116.3492000000001,
                39.97819999999991
              ],
              [
                116.3492000000001,
                39.97759999999991
              ],
              [
                116.3492000000001,
                39.97699999999991
              ],
              [
                116.3492000000001,
                39.97639999999991
              ],
              [
                116.3492000000001,
                39.975799999999914
              ],
              [
                116.3492000000001,
                39.975199999999916
              ],
              [
                116.34860000000009,
                39.975199999999916
              ],
              [
                116.34800000000008,
                39.975199999999916
              ],
              [
                116.34740000000008,
                39.975199999999916
              ],
              [
                116.34680000000007,
                39.975199999999916
              ],
              [
                116.34620000000007,
                39.975199999999916
              ],
              [
                116.34560000000006,
                39.975199999999916
              ],
              [
                116.34500000000006,
                39.975199999999916
              ],
              [
                116.34500000000006,
                39.975799999999914
              ],
              [
                116.34500000000006,
                39.97639999999991
              ],
              [
                116.34500000000006,
                39.97699999999991
              ]
            ]
          ],
          [
            [
              [
                116.34200000000003,
                39.97819999999991
              ],
              [
                116.34200000000003,
                39.97879999999991
              ],
              [
                116.34200000000003,
                39.979399999999906
              ],
              [
                116.34200000000003,
                39.979999999999905
              ],
              [
                116.34200000000003,
                39.9805999999999
              ],
              [
                116.34200000000003,
                39.9811999999999
              ],
              [
                116.34200000000003,
                39.9817999999999
              ],
              [
                116.34200000000003,
                39.9823999999999
              ],
              [
                116.34200000000003,
                39.9829999999999
              ],
              [
                116.34200000000003,
                39.983599999999896
              ],
              [
                116.34260000000003,
                39.983599999999896
              ],
              [
                116.34320000000004,
                39.983599999999896
              ],
              [
                116.34380000000004,
                39.983599999999896
              ],
              [
                116.34440000000005,
                39.983599999999896
              ],
              [
                116.34440000000005,
                39.9829999999999
              ],
              [
                116.34440000000005,
                39.9823999999999
              ],
              [
                116.34440000000005,
                39.9817999999999
              ],
              [
                116.34440000000005,
                39.9811999999999
              ],
              [
                116.34440000000005,
                39.9805999999999
              ],
              [
                116.34440000000005,
                39.979999999999905
              ],
              [
                116.34440000000005,
                39.979399999999906
              ],
              [
                116.34440000000005,
                39.97879999999991
              ],
              [
                116.34440000000005,
                39.97819999999991
              ],
              [
                116.34440000000005,
                39.97759999999991
              ],
              [
                116.34440000000005,
                39.97699999999991
              ],
              [
                116.34440000000005,
                39.97639999999991
              ],
              [
                116.34440000000005,
                39.975799999999914
              ],
              [
                116.34440000000005,
                39.975199999999916
              ],
              [
                116.34380000000004,
                39.975199999999916
              ],
              [
                116.34320000000004,
                39.975199999999916
              ],
              [
                116.34260000000003,
                39.975199999999916
              ],
              [
                116.34200000000003,
                39.975199999999916
              ],
              [
                116.34200000000003,
                39.975799999999914
              ],
              [
                116.34200000000003,
                39.97639999999991
              ],
              [
                116.34200000000003,
                39.97699999999991
              ],
              [
                116.34200000000003,
                39.97759999999991
              ],
              [
                116.34200000000003,
                39.97819999999991
              ]
            ]
          ]
        ]
      }
    },
    {
      "type": "Feature",
      "id": "LU-007",
      "properties": {
        "source_type": "agent_generated_design",
        "confidence": "medium",
        "geometry_role": "design_proposal",
        "id": "LU-007",
        "layer": "LAND_USE",
        "land_use_code": "05",
        "name_zh": "大钟寺·智能经济产业服务用地",
        "area_sqm_declared": 2220327.045
      },
      "geometry": {
        "type": "MultiPolygon",
        "coordinates": [
          [
            [
              [
                116.34500000000006,
                39.94279999999999
              ],
              [
                116.34500000000006,
                39.94339999999999
              ],
              [
                116.34500000000006,
                39.94399999999999
              ],
              [
                116.34500000000006,
                39.94459999999999
              ],
              [
                116.34500000000006,
                39.945199999999986
              ],
              [
                116.34500000000006,
                39.945799999999984
              ],
              [
                116.34500000000006,
                39.94639999999998
              ],
              [
                116.34500000000006,
                39.94699999999998
              ],
              [
                116.34500000000006,
                39.94759999999998
              ],
              [
                116.34500000000006,
                39.94819999999998
              ],
              [
                116.34500000000006,
                39.94879999999998
              ],
              [
                116.34500000000006,
                39.949399999999976
              ],
              [
                116.34500000000006,
                39.949999999999974
              ],
              [
                116.34500000000006,
                39.95059999999997
              ],
              [
                116.34500000000006,
                39.95119999999997
              ],
              [
                116.34500000000006,
                39.95179999999997
              ],
              [
                116.34500000000006,
                39.95239999999997
              ],
              [
                116.34500000000006,
                39.95299999999997
              ],
              [
                116.34500000000006,
                39.953599999999966
              ],
              [
                116.34500000000006,
                39.954199999999965
              ],
              [
                116.34500000000006,
                39.95479999999996
              ],
              [
                116.34500000000006,
                39.95539999999996
              ],
              [
                116.34500000000006,
                39.95599999999996
              ],
              [
                116.34500000000006,
                39.95659999999996
              ],
              [
                116.34500000000006,
                39.95719999999996
              ],
              [
                116.34500000000006,
                39.957799999999956
              ],
              [
                116.34500000000006,
                39.958399999999955
              ],
              [
                116.34500000000006,
                39.95899999999995
              ],
              [
                116.34500000000006,
                39.95959999999995
              ],
              [
                116.34500000000006,
                39.96019999999995
              ],
              [
                116.34500000000006,
                39.96079999999995
              ],
              [
                116.34500000000006,
                39.96139999999995
              ],
              [
                116.34500000000006,
                39.96199999999995
              ],
              [
                116.34500000000006,
                39.962599999999945
              ],
              [
                116.34500000000006,
                39.963199999999944
              ],
              [
                116.34500000000006,
                39.96379999999994
              ],
              [
                116.34500000000006,
                39.96439999999994
              ],
              [
                116.34500000000006,
                39.96499999999994
              ],
              [
                116.34500000000006,
                39.96559999999994
              ],
              [
                116.34500000000006,
                39.96619999999994
              ],
              [
                116.34500000000006,
                39.966799999999935
              ],
              [
                116.34500000000006,
                39.967399999999934
              ],
              [
                116.34500000000006,
                39.96799999999993
              ],
              [
                116.34500000000006,
                39.96859999999993
              ],
              [
                116.34500000000006,
                39.96919999999993
              ],
              [
                116.34500000000006,
                39.96979999999993
              ],
              [
                116.34560000000006,
                39.96979999999993
              ],
              [
                116.34620000000007,
                39.96979999999993
              ],
              [
                116.34680000000007,
                39.96979999999993
              ],
              [
                116.34740000000008,
                39.96979999999993
              ],
              [
                116.34800000000008,
                39.96979999999993
              ],
              [
                116.34860000000009,
                39.96979999999993
              ],
              [
                116.3492000000001,
                39.96979999999993
              ],
              [
                116.3498000000001,
                39.96979999999993
              ],
              [
                116.3504000000001,
                39.96979999999993
              ],
              [
                116.35100000000011,
                39.96979999999993
              ],
              [
                116.35100000000011,
                39.96919999999993
              ],
              [
                116.35100000000011,
                39.96859999999993
              ],
              [
                116.35100000000011,
                39.96799999999993
              ],
              [
                116.35100000000011,
                39.967399999999934
              ],
              [
                116.35100000000011,
                39.966799999999935
              ],
              [
                116.35100000000011,
                39.96619999999994
              ],
              [
                116.35100000000011,
                39.96559999999994
              ],
              [
                116.35100000000011,
                39.96499999999994
              ],
              [
                116.35100000000011,
                39.96439999999994
              ],
              [
                116.35100000000011,
                39.96379999999994
              ],
              [
                116.35100000000011,
                39.963199999999944
              ],
              [
                116.35100000000011,
                39.962599999999945
              ],
              [
                116.35100000000011,
                39.96199999999995
              ],
              [
                116.35100000000011,
                39.96139999999995
              ],
              [
                116.35100000000011,
                39.96079999999995
              ],
              [
                116.35100000000011,
                39.96019999999995
              ],
              [
                116.35100000000011,
                39.95959999999995
              ],
              [
                116.35100000000011,
                39.95899999999995
              ],
              [
                116.35100000000011,
                39.958399999999955
              ],
              [
                116.35100000000011,
                39.957799999999956
              ],
              [
                116.35100000000011,
                39.95719999999996
              ],
              [
                116.35100000000011,
                39.95659999999996
              ],
              [
                116.35100000000011,
                39.95599999999996
              ],
              [
                116.35100000000011,
                39.95539999999996
              ],
              [
                116.35100000000011,
                39.95479999999996
              ],
              [
                116.35100000000011,
                39.954199999999965
              ],
              [
                116.35100000000011,
                39.953599999999966
              ],
              [
                116.35100000000011,
                39.95299999999997
              ],
              [
                116.35100000000011,
                39.95239999999997
              ],
              [
                116.35100000000011,
                39.95179999999997
              ],
              [
                116.35100000000011,
                39.95119999999997
              ],
              [
                116.35100000000011,
                39.95059999999997
              ],
              [
                116.35100000000011,
                39.949999999999974
              ],
              [
                116.35100000000011,
                39.949399999999976
              ],
              [
                116.35100000000011,
                39.94879999999998
              ],
              [
                116.35100000000011,
                39.94819999999998
              ],
              [
                116.35100000000011,
                39.94759999999998
              ],
              [
                116.35100000000011,
                39.94699999999998
              ],
              [
                116.35100000000011,
                39.94639999999998
              ],
              [
                116.35100000000011,
                39.945799999999984
              ],
              [
                116.35100000000011,
                39.945199999999986
              ],
              [
                116.35100000000011,
                39.94459999999999
              ],
              [
                116.35100000000011,
                39.94399999999999
              ],
              [
                116.35100000000011,
                39.94339999999999
              ],
              [
                116.35100000000011,
                39.94279999999999
              ],
              [
                116.35100000000011,
                39.94219999999999
              ],
              [
                116.35100000000011,
                39.941599999999994
              ],
              [
                116.35100000000011,
                39.940999999999995
              ],
              [
                116.35100000000011,
                39.9404
              ],
              [
                116.35100000000011,
                39.9398
              ],
              [
                116.3504000000001,
                39.9398
              ],
              [
                116.3498000000001,
                39.9398
              ],
              [
                116.3492000000001,
                39.9398
              ],
              [
                116.34860000000009,
                39.9398
              ],
              [
                116.34800000000008,
                39.9398
              ],
              [
                116.34740000000008,
                39.9398
              ],
              [
                116.34680000000007,
                39.9398
              ],
              [
                116.34620000000007,
                39.9398
              ],
              [
                116.34560000000006,
                39.9398
              ],
              [
                116.34500000000006,
                39.9398
              ],
              [
                116.34500000000006,
                39.9404
              ],
              [
                116.34500000000006,
                39.940999999999995
              ],
              [
                116.34500000000006,
                39.941599999999994
              ],
              [
                116.34500000000006,
                39.94219999999999
              ],
              [
                116.34500000000006,
                39.94279999999999
              ]
            ]
          ],
          [
            [
              [
                116.34260000000003,
                39.94279999999999
              ],
              [
                116.34260000000003,
                39.94339999999999
              ],
              [
                116.34260000000003,
                39.94399999999999
              ],
              [
                116.34260000000003,
                39.94459999999999
              ],
              [
                116.34260000000003,
                39.945199999999986
              ],
              [
                116.34260000000003,
                39.945799999999984
              ],
              [
                116.34260000000003,
                39.94639999999998
              ],
              [
                116.34260000000003,
                39.94699999999998
              ],
              [
                116.34260000000003,
                39.94759999999998
              ],
              [
                116.34260000000003,
                39.94819999999998
              ],
              [
                116.34260000000003,
                39.94879999999998
              ],
              [
                116.34260000000003,
                39.949399999999976
              ],
              [
                116.34260000000003,
                39.949999999999974
              ],
              [
                116.34260000000003,
                39.95059999999997
              ],
              [
                116.34260000000003,
                39.95119999999997
              ],
              [
                116.34260000000003,
                39.95179999999997
              ],
              [
                116.34260000000003,
                39.95239999999997
              ],
              [
                116.34260000000003,
                39.95299999999997
              ],
              [
                116.34260000000003,
                39.953599999999966
              ],
              [
                116.34260000000003,
                39.954199999999965
              ],
              [
                116.34260000000003,
                39.95479999999996
              ],
              [
                116.34260000000003,
                39.95539999999996
              ],
              [
                116.34260000000003,
                39.95599999999996
              ],
              [
                116.34260000000003,
                39.95659999999996
              ],
              [
                116.34260000000003,
                39.95719999999996
              ],
              [
                116.34260000000003,
                39.957799999999956
              ],
              [
                116.34260000000003,
                39.958399999999955
              ],
              [
                116.34260000000003,
                39.95899999999995
              ],
              [
                116.34260000000003,
                39.95959999999995
              ],
              [
                116.34260000000003,
                39.96019999999995
              ],
              [
                116.34260000000003,
                39.96079999999995
              ],
              [
                116.34260000000003,
                39.96139999999995
              ],
              [
                116.34260000000003,
                39.96199999999995
              ],
              [
                116.34260000000003,
                39.962599999999945
              ],
              [
                116.34260000000003,
                39.963199999999944
              ],
              [
                116.34260000000003,
                39.96379999999994
              ],
              [
                116.34260000000003,
                39.96439999999994
              ],
              [
                116.34260000000003,
                39.96499999999994
              ],
              [
                116.34260000000003,
                39.96559999999994
              ],
              [
                116.34260000000003,
                39.96619999999994
              ],
              [
                116.34260000000003,
                39.966799999999935
              ],
              [
                116.34260000000003,
                39.967399999999934
              ],
              [
                116.34260000000003,
                39.96799999999993
              ],
              [
                116.34260000000003,
                39.96859999999993
              ],
              [
                116.34260000000003,
                39.96919999999993
              ],
              [
                116.34260000000003,
                39.96979999999993
              ],
              [
                116.34320000000004,
                39.96979999999993
              ],
              [
                116.34380000000004,
                39.96979999999993
              ],
              [
                116.34440000000005,
                39.96979999999993
              ],
              [
                116.34440000000005,
                39.96919999999993
              ],
              [
                116.34440000000005,
                39.96859999999993
              ],
              [
                116.34440000000005,
                39.96799999999993
              ],
              [
                116.34440000000005,
                39.967399999999934
              ],
              [
                116.34440000000005,
                39.966799999999935
              ],
              [
                116.34440000000005,
                39.96619999999994
              ],
              [
                116.34440000000005,
                39.96559999999994
              ],
              [
                116.34440000000005,
                39.96499999999994
              ],
              [
                116.34440000000005,
                39.96439999999994
              ],
              [
                116.34440000000005,
                39.96379999999994
              ],
              [
                116.34440000000005,
                39.963199999999944
              ],
              [
                116.34440000000005,
                39.962599999999945
              ],
              [
                116.34440000000005,
                39.96199999999995
              ],
              [
                116.34440000000005,
                39.96139999999995
              ],
              [
                116.34440000000005,
                39.96079999999995
              ],
              [
                116.34440000000005,
                39.96019999999995
              ],
              [
                116.34440000000005,
                39.95959999999995
              ],
              [
                116.34440000000005,
                39.95899999999995
              ],
              [
                116.34440000000005,
                39.958399999999955
              ],
              [
                116.34440000000005,
                39.957799999999956
              ],
              [
                116.34440000000005,
                39.95719999999996
              ],
              [
                116.34440000000005,
                39.95659999999996
              ],
              [
                116.34440000000005,
                39.95599999999996
              ],
              [
                116.34440000000005,
                39.95539999999996
              ],
              [
                116.34440000000005,
                39.95479999999996
              ],
              [
                116.34440000000005,
                39.954199999999965
              ],
              [
                116.34440000000005,
                39.953599999999966
              ],
              [
                116.34440000000005,
                39.95299999999997
              ],
              [
                116.34440000000005,
                39.95239999999997
              ],
              [
                116.34440000000005,
                39.95179999999997
              ],
              [
                116.34440000000005,
                39.95119999999997
              ],
              [
                116.34440000000005,
                39.95059999999997
              ],
              [
                116.34440000000005,
                39.949999999999974
              ],
              [
                116.34440000000005,
                39.949399999999976
              ],
              [
                116.34440000000005,
                39.94879999999998
              ],
              [
                116.34440000000005,
                39.94819999999998
              ],
              [
                116.34440000000005,
                39.94759999999998
              ],
              [
                116.34440000000005,
                39.94699999999998
              ],
              [
                116.34440000000005,
                39.94639999999998
              ],
              [
                116.34440000000005,
                39.945799999999984
              ],
              [
                116.34440000000005,
                39.945199999999986
              ],
              [
                116.34440000000005,
                39.94459999999999
              ],
              [
                116.34440000000005,
                39.94399999999999
              ],
              [
                116.34440000000005,
                39.94339999999999
              ],
              [
                116.34440000000005,
                39.94279999999999
              ],
              [
                116.34440000000005,
                39.94219999999999
              ],
              [
                116.34440000000005,
                39.941599999999994
              ],
              [
                116.34440000000005,
                39.940999999999995
              ],
              [
                116.34440000000005,
                39.9404
              ],
              [
                116.34440000000005,
                39.9398
              ],
              [
                116.34380000000004,
                39.9398
              ],
              [
                116.34320000000004,
                39.9398
              ],
              [
                116.34260000000003,
                39.9398
              ],
              [
                116.34260000000003,
                39.9404
              ],
              [
                116.34260000000003,
                39.940999999999995
              ],
              [
                116.34260000000003,
                39.941599999999994
              ],
              [
                116.34260000000003,
                39.94219999999999
              ],
              [
                116.34260000000003,
                39.94279999999999
              ]
            ]
          ]
        ]
      }
    },
    {
      "type": "Feature",
      "id": "LU-008",
      "properties": {
        "source_type": "agent_generated_design",
        "confidence": "medium",
        "geometry_role": "design_proposal",
        "id": "LU-008",
        "layer": "LAND_USE",
        "land_use_code": "1401",
        "name_zh": "原点社区西侧公园绿地",
        "area_sqm_declared": 61456.291
      },
      "geometry": {
        "type": "MultiPolygon",
        "coordinates": [
          [
            [
              [
                116.34260000000003,
                39.98479999999989
              ],
              [
                116.34260000000003,
                39.98539999999989
              ],
              [
                116.34260000000003,
                39.98599999999989
              ],
              [
                116.34260000000003,
                39.98659999999989
              ],
              [
                116.34260000000003,
                39.98719999999989
              ],
              [
                116.34260000000003,
                39.987799999999886
              ],
              [
                116.34320000000004,
                39.987799999999886
              ],
              [
                116.34320000000004,
                39.98719999999989
              ],
              [
                116.34320000000004,
                39.98659999999989
              ],
              [
                116.34320000000004,
                39.98599999999989
              ],
              [
                116.34320000000004,
                39.98539999999989
              ],
              [
                116.34320000000004,
                39.98479999999989
              ],
              [
                116.34380000000004,
                39.98479999999989
              ],
              [
                116.34380000000004,
                39.984199999999895
              ],
              [
                116.34380000000004,
                39.983599999999896
              ],
              [
                116.34320000000004,
                39.983599999999896
              ],
              [
                116.34260000000003,
                39.983599999999896
              ],
              [
                116.34260000000003,
                39.984199999999895
              ],
              [
                116.34260000000003,
                39.98479999999989
              ]
            ]
          ],
          [
            [
              [
                116.34320000000004,
                39.98959999999988
              ],
              [
                116.34320000000004,
                39.98899999999988
              ],
              [
                116.34260000000003,
                39.98899999999988
              ],
              [
                116.34260000000003,
                39.98959999999988
              ],
              [
                116.34260000000003,
                39.99019999999988
              ],
              [
                116.34260000000003,
                39.99079999999988
              ],
              [
                116.34260000000003,
                39.99139999999988
              ],
              [
                116.34260000000003,
                39.99199999999988
              ],
              [
                116.34260000000003,
                39.992599999999875
              ],
              [
                116.34260000000003,
                39.993199999999874
              ],
              [
                116.34320000000004,
                39.993199999999874
              ],
              [
                116.34380000000004,
                39.993199999999874
              ],
              [
                116.34380000000004,
                39.992599999999875
              ],
              [
                116.34380000000004,
                39.99199999999988
              ],
              [
                116.34320000000004,
                39.99199999999988
              ],
              [
                116.34320000000004,
                39.99139999999988
              ],
              [
                116.34320000000004,
                39.99079999999988
              ],
              [
                116.34320000000004,
                39.99019999999988
              ],
              [
                116.34320000000004,
                39.98959999999988
              ]
            ]
          ]
        ]
      }
    },
    {
      "type": "Feature",
      "id": "LU-009",
      "properties": {
        "source_type": "agent_generated_design",
        "confidence": "medium",
        "geometry_role": "design_proposal",
        "id": "LU-009",
        "layer": "LAND_USE",
        "land_use_code": "05",
        "name_zh": "原点服务街·创新服务商业街",
        "area_sqm_declared": 13656.939
      },
      "geometry": {
        "type": "MultiPolygon",
        "coordinates": [
          [
            [
              [
                116.35280000000013,
                39.987799999999886
              ],
              [
                116.35220000000012,
                39.987799999999886
              ],
              [
                116.35220000000012,
                39.988399999999885
              ],
              [
                116.35220000000012,
                39.98899999999988
              ],
              [
                116.35280000000013,
                39.98899999999988
              ],
              [
                116.35280000000013,
                39.988399999999885
              ],
              [
                116.35280000000013,
                39.987799999999886
              ]
            ]
          ],
          [
            [
              [
                116.34320000000004,
                39.987799999999886
              ],
              [
                116.34260000000003,
                39.987799999999886
              ],
              [
                116.34260000000003,
                39.988399999999885
              ],
              [
                116.34260000000003,
                39.98899999999988
              ],
              [
                116.34320000000004,
                39.98899999999988
              ],
              [
                116.34320000000004,
                39.988399999999885
              ],
              [
                116.34320000000004,
                39.987799999999886
              ]
            ]
          ]
        ]
      }
    },
    {
      "type": "Feature",
      "id": "LU-010",
      "properties": {
        "source_type": "agent_generated_design",
        "confidence": "medium",
        "geometry_role": "design_proposal",
        "id": "LU-010",
        "layer": "LAND_USE",
        "land_use_code": "0802",
        "name_zh": "策源台·近校创新服务用地",
        "area_sqm_declared": 163883.39
      },
      "geometry": {
        "type": "Polygon",
        "coordinates": [
          [
            [
              116.34320000000004,
              39.98719999999989
            ],
            [
              116.34320000000004,
              39.987799999999886
            ],
            [
              116.34320000000004,
              39.988399999999885
            ],
            [
              116.34320000000004,
              39.98899999999988
            ],
            [
              116.34320000000004,
              39.98959999999988
            ],
            [
              116.34320000000004,
              39.99019999999988
            ],
            [
              116.34320000000004,
              39.99079999999988
            ],
            [
              116.34320000000004,
              39.99139999999988
            ],
            [
              116.34320000000004,
              39.99199999999988
            ],
            [
              116.34380000000004,
              39.99199999999988
            ],
            [
              116.34440000000005,
              39.99199999999988
            ],
            [
              116.34500000000006,
              39.99199999999988
            ],
            [
              116.34560000000006,
              39.99199999999988
            ],
            [
              116.34560000000006,
              39.99139999999988
            ],
            [
              116.34560000000006,
              39.99079999999988
            ],
            [
              116.34560000000006,
              39.99019999999988
            ],
            [
              116.34560000000006,
              39.98959999999988
            ],
            [
              116.34560000000006,
              39.98899999999988
            ],
            [
              116.34560000000006,
              39.988399999999885
            ],
            [
              116.34560000000006,
              39.987799999999886
            ],
            [
              116.34560000000006,
              39.98719999999989
            ],
            [
              116.34560000000006,
              39.98659999999989
            ],
            [
              116.34560000000006,
              39.98599999999989
            ],
            [
              116.34560000000006,
              39.98539999999989
            ],
            [
              116.34560000000006,
              39.98479999999989
            ],
            [
              116.34500000000006,
              39.98479999999989
            ],
            [
              116.34440000000005,
              39.98479999999989
            ],
            [
              116.34380000000004,
              39.98479999999989
            ],
            [
              116.34320000000004,
              39.98479999999989
            ],
            [
              116.34320000000004,
              39.98539999999989
            ],
            [
              116.34320000000004,
              39.98599999999989
            ],
            [
              116.34320000000004,
              39.98659999999989
            ],
            [
              116.34320000000004,
              39.98719999999989
            ]
          ]
        ]
      }
    },
    {
      "type": "Feature",
      "id": "LU-011",
      "properties": {
        "source_type": "agent_generated_design",
        "confidence": "medium",
        "geometry_role": "design_proposal",
        "id": "LU-011",
        "layer": "LAND_USE",
        "land_use_code": "0802",
        "name_zh": "众智园·AI全栈研发创新用地",
        "area_sqm_declared": 2580357.618
      },
      "geometry": {
        "type": "MultiPolygon",
        "coordinates": [
          [
            [
              [
                116.34500000000006,
                39.99799999999986
              ],
              [
                116.34500000000006,
                39.99859999999986
              ],
              [
                116.34500000000006,
                39.99919999999986
              ],
              [
                116.34500000000006,
                39.99979999999986
              ],
              [
                116.34500000000006,
                40.00039999999986
              ],
              [
                116.34500000000006,
                40.000999999999856
              ],
              [
                116.34500000000006,
                40.001599999999854
              ],
              [
                116.34500000000006,
                40.00219999999985
              ],
              [
                116.34500000000006,
                40.00279999999985
              ],
              [
                116.34500000000006,
                40.00339999999985
              ],
              [
                116.34500000000006,
                40.00399999999985
              ],
              [
                116.34500000000006,
                40.00459999999985
              ],
              [
                116.34500000000006,
                40.005199999999846
              ],
              [
                116.34500000000006,
                40.005799999999844
              ],
              [
                116.34500000000006,
                40.00639999999984
              ],
              [
                116.34500000000006,
                40.00699999999984
              ],
              [
                116.34500000000006,
                40.00759999999984
              ],
              [
                116.34500000000006,
                40.00819999999984
              ],
              [
                116.34500000000006,
                40.00879999999984
              ],
              [
                116.34500000000006,
                40.009399999999836
              ],
              [
                116.34500000000006,
                40.009999999999835
              ],
              [
                116.34500000000006,
                40.01059999999983
              ],
              [
                116.34500000000006,
                40.01119999999983
              ],
              [
                116.34500000000006,
                40.01179999999983
              ],
              [
                116.34500000000006,
                40.01239999999983
              ],
              [
                116.34500000000006,
                40.01299999999983
              ],
              [
                116.34500000000006,
                40.013599999999826
              ],
              [
                116.34500000000006,
                40.014199999999825
              ],
              [
                116.34500000000006,
                40.01479999999982
              ],
              [
                116.34500000000006,
                40.01539999999982
              ],
              [
                116.34500000000006,
                40.01599999999982
              ],
              [
                116.34500000000006,
                40.01659999999982
              ],
              [
                116.34500000000006,
                40.01719999999982
              ],
              [
                116.34500000000006,
                40.017799999999816
              ],
              [
                116.34500000000006,
                40.018399999999815
              ],
              [
                116.34500000000006,
                40.018999999999814
              ],
              [
                116.34500000000006,
                40.01959999999981
              ],
              [
                116.34500000000006,
                40.02019999999981
              ],
              [
                116.34500000000006,
                40.02079999999981
              ],
              [
                116.34500000000006,
                40.02139999999981
              ],
              [
                116.34500000000006,
                40.02199999999981
              ],
              [
                116.34500000000006,
                40.022599999999805
              ],
              [
                116.34500000000006,
                40.023199999999804
              ],
              [
                116.34500000000006,
                40.0237999999998
              ],
              [
                116.34500000000006,
                40.0243999999998
              ],
              [
                116.34500000000006,
                40.0249999999998
              ],
              [
                116.34500000000006,
                40.0255999999998
              ],
              [
                116.34500000000006,
                40.0261999999998
              ],
              [
                116.34560000000006,
                40.0261999999998
              ],
              [
                116.34620000000007,
                40.0261999999998
              ],
              [
                116.34680000000007,
                40.0261999999998
              ],
              [
                116.34740000000008,
                40.0261999999998
              ],
              [
                116.34800000000008,
                40.0261999999998
              ],
              [
                116.34860000000009,
                40.0261999999998
              ],
              [
                116.3492000000001,
                40.0261999999998
              ],
              [
                116.3498000000001,
                40.0261999999998
              ],
              [
                116.3504000000001,
                40.0261999999998
              ],
              [
                116.35100000000011,
                40.0261999999998
              ],
              [
                116.35160000000012,
                40.0261999999998
              ],
              [
                116.35220000000012,
                40.0261999999998
              ],
              [
                116.35220000000012,
                40.0255999999998
              ],
              [
                116.35220000000012,
                40.0249999999998
              ],
              [
                116.35220000000012,
                40.0243999999998
              ],
              [
                116.35220000000012,
                40.0237999999998
              ],
              [
                116.35220000000012,
                40.023199999999804
              ],
              [
                116.35220000000012,
                40.022599999999805
              ],
              [
                116.35220000000012,
                40.02199999999981
              ],
              [
                116.35220000000012,
                40.02139999999981
              ],
              [
                116.35220000000012,
                40.02079999999981
              ],
              [
                116.35220000000012,
                40.02019999999981
              ],
              [
                116.35220000000012,
                40.01959999999981
              ],
              [
                116.35220000000012,
                40.018999999999814
              ],
              [
                116.35220000000012,
                40.018399999999815
              ],
              [
                116.35220000000012,
                40.017799999999816
              ],
              [
                116.35220000000012,
                40.01719999999982
              ],
              [
                116.35220000000012,
                40.01659999999982
              ],
              [
                116.35220000000012,
                40.01599999999982
              ],
              [
                116.35220000000012,
                40.01539999999982
              ],
              [
                116.35220000000012,
                40.01479999999982
              ],
              [
                116.35220000000012,
                40.014199999999825
              ],
              [
                116.35220000000012,
                40.013599999999826
              ],
              [
                116.35220000000012,
                40.01299999999983
              ],
              [
                116.35220000000012,
                40.01239999999983
              ],
              [
                116.35220000000012,
                40.01179999999983
              ],
              [
                116.35220000000012,
                40.01119999999983
              ],
              [
                116.35220000000012,
                40.01059999999983
              ],
              [
                116.35220000000012,
                40.009999999999835
              ],
              [
                116.35220000000012,
                40.009399999999836
              ],
              [
                116.35220000000012,
                40.00879999999984
              ],
              [
                116.35220000000012,
                40.00819999999984
              ],
              [
                116.35220000000012,
                40.00759999999984
              ],
              [
                116.35220000000012,
                40.00699999999984
              ],
              [
                116.35220000000012,
                40.00639999999984
              ],
              [
                116.35220000000012,
                40.005799999999844
              ],
              [
                116.35220000000012,
                40.005199999999846
              ],
              [
                116.35220000000012,
                40.00459999999985
              ],
              [
                116.35220000000012,
                40.00399999999985
              ],
              [
                116.35220000000012,
                40.00339999999985
              ],
              [
                116.35220000000012,
                40.00279999999985
              ],
              [
                116.35220000000012,
                40.00219999999985
              ],
              [
                116.35220000000012,
                40.001599999999854
              ],
              [
                116.35220000000012,
                40.000999999999856
              ],
              [
                116.35220000000012,
                40.00039999999986
              ],
              [
                116.35220000000012,
                39.99979999999986
              ],
              [
                116.35220000000012,
                39.99919999999986
              ],
              [
                116.35220000000012,
                39.99859999999986
              ],
              [
                116.35220000000012,
                39.99799999999986
              ],
              [
                116.35220000000012,
                39.997399999999864
              ],
              [
                116.35220000000012,
                39.996799999999865
              ],
              [
                116.35220000000012,
                39.99619999999987
              ],
              [
                116.35220000000012,
                39.99559999999987
              ],
              [
                116.35220000000012,
                39.99499999999987
              ],
              [
                116.35220000000012,
                39.99439999999987
              ],
              [
                116.35220000000012,
                39.99379999999987
              ],
              [
                116.35160000000012,
                39.99379999999987
              ],
              [
                116.35100000000011,
                39.99379999999987
              ],
              [
                116.3504000000001,
                39.99379999999987
              ],
              [
                116.3498000000001,
                39.99379999999987
              ],
              [
                116.3492000000001,
                39.99379999999987
              ],
              [
                116.34860000000009,
                39.99379999999987
              ],
              [
                116.34800000000008,
                39.99379999999987
              ],
              [
                116.34740000000008,
                39.99379999999987
              ],
              [
                116.34680000000007,
                39.99379999999987
              ],
              [
                116.34620000000007,
                39.99379999999987
              ],
              [
                116.34560000000006,
                39.99379999999987
              ],
              [
                116.34500000000006,
                39.99379999999987
              ],
              [
                116.34500000000006,
                39.99439999999987
              ],
              [
                116.34500000000006,
                39.99499999999987
              ],
              [
                116.34500000000006,
                39.99559999999987
              ],
              [
                116.34500000000006,
                39.99619999999987
              ],
              [
                116.34500000000006,
                39.996799999999865
              ],
              [
                116.34500000000006,
                39.997399999999864
              ],
              [
                116.34500000000006,
                39.99799999999986
              ]
            ]
          ],
          [
            [
              [
                116.34320000000004,
                39.996799999999865
              ],
              [
                116.34320000000004,
                39.997399999999864
              ],
              [
                116.34320000000004,
                39.99799999999986
              ],
              [
                116.34320000000004,
                39.99859999999986
              ],
              [
                116.34320000000004,
                39.99919999999986
              ],
              [
                116.34320000000004,
                39.99979999999986
              ],
              [
                116.34320000000004,
                40.00039999999986
              ],
              [
                116.34320000000004,
                40.000999999999856
              ],
              [
                116.34320000000004,
                40.001599999999854
              ],
              [
                116.34320000000004,
                40.00219999999985
              ],
              [
                116.34320000000004,
                40.00279999999985
              ],
              [
                116.34320000000004,
                40.00339999999985
              ],
              [
                116.34320000000004,
                40.00399999999985
              ],
              [
                116.34320000000004,
                40.00459999999985
              ],
              [
                116.34320000000004,
                40.005199999999846
              ],
              [
                116.34320000000004,
                40.005799999999844
              ],
              [
                116.34320000000004,
                40.00639999999984
              ],
              [
                116.34320000000004,
                40.00699999999984
              ],
              [
                116.34320000000004,
                40.00759999999984
              ],
              [
                116.34320000000004,
                40.00819999999984
              ],
              [
                116.34320000000004,
                40.00879999999984
              ],
              [
                116.34320000000004,
                40.009399999999836
              ],
              [
                116.34320000000004,
                40.009999999999835
              ],
              [
                116.34320000000004,
                40.01059999999983
              ],
              [
                116.34320000000004,
                40.01119999999983
              ],
              [
                116.34320000000004,
                40.01179999999983
              ],
              [
                116.34320000000004,
                40.01239999999983
              ],
              [
                116.34320000000004,
                40.01299999999983
              ],
              [
                116.34320000000004,
                40.013599999999826
              ],
              [
                116.34320000000004,
                40.014199999999825
              ],
              [
                116.34320000000004,
                40.01479999999982
              ],
              [
                116.34320000000004,
                40.01539999999982
              ],
              [
                116.34320000000004,
                40.01599999999982
              ],
              [
                116.34320000000004,
                40.01659999999982
              ],
              [
                116.34320000000004,
                40.01719999999982
              ],
              [
                116.34320000000004,
                40.017799999999816
              ],
              [
                116.34320000000004,
                40.018399999999815
              ],
              [
                116.34320000000004,
                40.018999999999814
              ],
              [
                116.34320000000004,
                40.01959999999981
              ],
              [
                116.34320000000004,
                40.02019999999981
              ],
              [
                116.34320000000004,
                40.02079999999981
              ],
              [
                116.34320000000004,
                40.02139999999981
              ],
              [
                116.34320000000004,
                40.02199999999981
              ],
              [
                116.34320000000004,
                40.022599999999805
              ],
              [
                116.34320000000004,
                40.023199999999804
              ],
              [
                116.34320000000004,
                40.0237999999998
              ],
              [
                116.34320000000004,
                40.0243999999998
              ],
              [
                116.34320000000004,
                40.0249999999998
              ],
              [
                116.34320000000004,
                40.0255999999998
              ],
              [
                116.34320000000004,
                40.0261999999998
              ],
              [
                116.34380000000004,
                40.0261999999998
              ],
              [
                116.34440000000005,
                40.0261999999998
              ],
              [
                116.34440000000005,
                40.0255999999998
              ],
              [
                116.34440000000005,
                40.0249999999998
              ],
              [
                116.34440000000005,
                40.0243999999998
              ],
              [
                116.34440000000005,
                40.0237999999998
              ],
              [
                116.34440000000005,
                40.023199999999804
              ],
              [
                116.34440000000005,
                40.022599999999805
              ],
              [
                116.34440000000005,
                40.02199999999981
              ],
              [
                116.34440000000005,
                40.02139999999981
              ],
              [
                116.34440000000005,
                40.02079999999981
              ],
              [
                116.34440000000005,
                40.02019999999981
              ],
              [
                116.34440000000005,
                40.01959999999981
              ],
              [
                116.34440000000005,
                40.018999999999814
              ],
              [
                116.34440000000005,
                40.018399999999815
              ],
              [
                116.34440000000005,
                40.017799999999816
              ],
              [
                116.34440000000005,
                40.01719999999982
              ],
              [
                116.34440000000005,
                40.01659999999982
              ],
              [
                116.34440000000005,
                40.01599999999982
              ],
              [
                116.34440000000005,
                40.01539999999982
              ],
              [
                116.34440000000005,
                40.01479999999982
              ],
              [
                116.34440000000005,
                40.014199999999825
              ],
              [
                116.34440000000005,
                40.013599999999826
              ],
              [
                116.34440000000005,
                40.01299999999983
              ],
              [
                116.34440000000005,
                40.01239999999983
              ],
              [
                116.34440000000005,
                40.01179999999983
              ],
              [
                116.34440000000005,
                40.01119999999983
              ],
              [
                116.34440000000005,
                40.01059999999983
              ],
              [
                116.34440000000005,
                40.009999999999835
              ],
              [
                116.34440000000005,
                40.009399999999836
              ],
              [
                116.34440000000005,
                40.00879999999984
              ],
              [
                116.34440000000005,
                40.00819999999984
              ],
              [
                116.34440000000005,
                40.00759999999984
              ],
              [
                116.34440000000005,
                40.00699999999984
              ],
              [
                116.34440000000005,
                40.00639999999984
              ],
              [
                116.34440000000005,
                40.005799999999844
              ],
              [
                116.34440000000005,
                40.005199999999846
              ],
              [
                116.34440000000005,
                40.00459999999985
              ],
              [
                116.34440000000005,
                40.00399999999985
              ],
              [
                116.34440000000005,
                40.00339999999985
              ],
              [
                116.34440000000005,
                40.00279999999985
              ],
              [
                116.34440000000005,
                40.00219999999985
              ],
              [
                116.34440000000005,
                40.001599999999854
              ],
              [
                116.34440000000005,
                40.000999999999856
              ],
              [
                116.34440000000005,
                40.00039999999986
              ],
              [
                116.34440000000005,
                39.99979999999986
              ],
              [
                116.34440000000005,
                39.99919999999986
              ],
              [
                116.34440000000005,
                39.99859999999986
              ],
              [
                116.34440000000005,
                39.99799999999986
              ],
              [
                116.34440000000005,
                39.997399999999864
              ],
              [
                116.34440000000005,
                39.996799999999865
              ],
              [
                116.34440000000005,
                39.99619999999987
              ],
              [
                116.34440000000005,
                39.99559999999987
              ],
              [
                116.34440000000005,
                39.99499999999987
              ],
              [
                116.34440000000005,
                39.99439999999987
              ],
              [
                116.34440000000005,
                39.99379999999987
              ],
              [
                116.34380000000004,
                39.99379999999987
              ],
              [
                116.34320000000004,
                39.99379999999987
              ],
              [
                116.34320000000004,
                39.99439999999987
              ],
              [
                116.34320000000004,
                39.99499999999987
              ],
              [
                116.34320000000004,
                39.99559999999987
              ],
              [
                116.34320000000004,
                39.99619999999987
              ],
              [
                116.34320000000004,
                39.996799999999865
              ]
            ]
          ]
        ]
      }
    },
    {
      "type": "Feature",
      "id": "LU-012",
      "properties": {
        "source_type": "agent_generated_design",
        "confidence": "medium",
        "geometry_role": "design_proposal",
        "id": "LU-012",
        "layer": "LAND_USE",
        "land_use_code": "1401",
        "name_zh": "京张遗址公园活力带·南段",
        "area_sqm_declared": 252751.811
      },
      "geometry": {
        "type": "Polygon",
        "coordinates": [
          [
            [
              116.34440000000005,
              39.941599999999994
            ],
            [
              116.34440000000005,
              39.94219999999999
            ],
            [
              116.34440000000005,
              39.94279999999999
            ],
            [
              116.34440000000005,
              39.94339999999999
            ],
            [
              116.34440000000005,
              39.94399999999999
            ],
            [
              116.34440000000005,
              39.94459999999999
            ],
            [
              116.34440000000005,
              39.945199999999986
            ],
            [
              116.34440000000005,
              39.945799999999984
            ],
            [
              116.34440000000005,
              39.94639999999998
            ],
            [
              116.34440000000005,
              39.94699999999998
            ],
            [
              116.34440000000005,
              39.94759999999998
            ],
            [
              116.34440000000005,
              39.94819999999998
            ],
            [
              116.34440000000005,
              39.94879999999998
            ],
            [
              116.34440000000005,
              39.949399999999976
            ],
            [
              116.34440000000005,
              39.949999999999974
            ],
            [
              116.34440000000005,
              39.95059999999997
            ],
            [
              116.34440000000005,
              39.95119999999997
            ],
            [
              116.34440000000005,
              39.95179999999997
            ],
            [
              116.34440000000005,
              39.95239999999997
            ],
            [
              116.34440000000005,
              39.95299999999997
            ],
            [
              116.34440000000005,
              39.953599999999966
            ],
            [
              116.34440000000005,
              39.954199999999965
            ],
            [
              116.34440000000005,
              39.95479999999996
            ],
            [
              116.34440000000005,
              39.95539999999996
            ],
            [
              116.34440000000005,
              39.95599999999996
            ],
            [
              116.34440000000005,
              39.95659999999996
            ],
            [
              116.34440000000005,
              39.95719999999996
            ],
            [
              116.34440000000005,
              39.957799999999956
            ],
            [
              116.34440000000005,
              39.958399999999955
            ],
            [
              116.34440000000005,
              39.95899999999995
            ],
            [
              116.34440000000005,
              39.95959999999995
            ],
            [
              116.34440000000005,
              39.96019999999995
            ],
            [
              116.34440000000005,
              39.96079999999995
            ],
            [
              116.34440000000005,
              39.96139999999995
            ],
            [
              116.34440000000005,
              39.96199999999995
            ],
            [
              116.34440000000005,
              39.962599999999945
            ],
            [
              116.34440000000005,
              39.963199999999944
            ],
            [
              116.34440000000005,
              39.96379999999994
            ],
            [
              116.34440000000005,
              39.96439999999994
            ],
            [
              116.34440000000005,
              39.96499999999994
            ],
            [
              116.34440000000005,
              39.96559999999994
            ],
            [
              116.34440000000005,
              39.96619999999994
            ],
            [
              116.34440000000005,
              39.966799999999935
            ],
            [
              116.34440000000005,
              39.967399999999934
            ],
            [
              116.34440000000005,
              39.96799999999993
            ],
            [
              116.34440000000005,
              39.96859999999993
            ],
            [
              116.34440000000005,
              39.96919999999993
            ],
            [
              116.34440000000005,
              39.96979999999993
            ],
            [
              116.34440000000005,
              39.97039999999993
            ],
            [
              116.34440000000005,
              39.970999999999925
            ],
            [
              116.34440000000005,
              39.971599999999924
            ],
            [
              116.34440000000005,
              39.97219999999992
            ],
            [
              116.34440000000005,
              39.97279999999992
            ],
            [
              116.34440000000005,
              39.97339999999992
            ],
            [
              116.34440000000005,
              39.97399999999992
            ],
            [
              116.34440000000005,
              39.97459999999992
            ],
            [
              116.34440000000005,
              39.975199999999916
            ],
            [
              116.34440000000005,
              39.975799999999914
            ],
            [
              116.34440000000005,
              39.97639999999991
            ],
            [
              116.34440000000005,
              39.97699999999991
            ],
            [
              116.34440000000005,
              39.97759999999991
            ],
            [
              116.34440000000005,
              39.97819999999991
            ],
            [
              116.34440000000005,
              39.97879999999991
            ],
            [
              116.34440000000005,
              39.979399999999906
            ],
            [
              116.34440000000005,
              39.979999999999905
            ],
            [
              116.34440000000005,
              39.9805999999999
            ],
            [
              116.34440000000005,
              39.9811999999999
            ],
            [
              116.34440000000005,
              39.9817999999999
            ],
            [
              116.34440000000005,
              39.9823999999999
            ],
            [
              116.34440000000005,
              39.9829999999999
            ],
            [
              116.34440000000005,
              39.983599999999896
            ],
            [
              116.34500000000006,
              39.983599999999896
            ],
            [
              116.34500000000006,
              39.9829999999999
            ],
            [
              116.34500000000006,
              39.9823999999999
            ],
            [
              116.34500000000006,
              39.9817999999999
            ],
            [
              116.34500000000006,
              39.9811999999999
            ],
            [
              116.34500000000006,
              39.9805999999999
            ],
            [
              116.34500000000006,
              39.979999999999905
            ],
            [
              116.34500000000006,
              39.979399999999906
            ],
            [
              116.34500000000006,
              39.97879999999991
            ],
            [
              116.34500000000006,
              39.97819999999991
            ],
            [
              116.34500000000006,
              39.97759999999991
            ],
            [
              116.34500000000006,
              39.97699999999991
            ],
            [
              116.34500000000006,
              39.97639999999991
            ],
            [
              116.34500000000006,
              39.975799999999914
            ],
            [
              116.34500000000006,
              39.975199999999916
            ],
            [
              116.34500000000006,
              39.97459999999992
            ],
            [
              116.34500000000006,
              39.97399999999992
            ],
            [
              116.34500000000006,
              39.97339999999992
            ],
            [
              116.34500000000006,
              39.97279999999992
            ],
            [
              116.34500000000006,
              39.97219999999992
            ],
            [
              116.34500000000006,
              39.971599999999924
            ],
            [
              116.34500000000006,
              39.970999999999925
            ],
            [
              116.34500000000006,
              39.97039999999993
            ],
            [
              116.34500000000006,
              39.96979999999993
            ],
            [
              116.34500000000006,
              39.96919999999993
            ],
            [
              116.34500000000006,
              39.96859999999993
            ],
            [
              116.34500000000006,
              39.96799999999993
            ],
            [
              116.34500000000006,
              39.967399999999934
            ],
            [
              116.34500000000006,
              39.966799999999935
            ],
            [
              116.34500000000006,
              39.96619999999994
            ],
            [
              116.34500000000006,
              39.96559999999994
            ],
            [
              116.34500000000006,
              39.96499999999994
            ],
            [
              116.34500000000006,
              39.96439999999994
            ],
            [
              116.34500000000006,
              39.96379999999994
            ],
            [
              116.34500000000006,
              39.963199999999944
            ],
            [
              116.34500000000006,
              39.962599999999945
            ],
            [
              116.34500000000006,
              39.96199999999995
            ],
            [
              116.34500000000006,
              39.96139999999995
            ],
            [
              116.34500000000006,
              39.96079999999995
            ],
            [
              116.34500000000006,
              39.96019999999995
            ],
            [
              116.34500000000006,
              39.95959999999995
            ],
            [
              116.34500000000006,
              39.95899999999995
            ],
            [
              116.34500000000006,
              39.958399999999955
            ],
            [
              116.34500000000006,
              39.957799999999956
            ],
            [
              116.34500000000006,
              39.95719999999996
            ],
            [
              116.34500000000006,
              39.95659999999996
            ],
            [
              116.34500000000006,
              39.95599999999996
            ],
            [
              116.34500000000006,
              39.95539999999996
            ],
            [
              116.34500000000006,
              39.95479999999996
            ],
            [
              116.34500000000006,
              39.954199999999965
            ],
            [
              116.34500000000006,
              39.953599999999966
            ],
            [
              116.34500000000006,
              39.95299999999997
            ],
            [
              116.34500000000006,
              39.95239999999997
            ],
            [
              116.34500000000006,
              39.95179999999997
            ],
            [
              116.34500000000006,
              39.95119999999997
            ],
            [
              116.34500000000006,
              39.95059999999997
            ],
            [
              116.34500000000006,
              39.949999999999974
            ],
            [
              116.34500000000006,
              39.949399999999976
            ],
            [
              116.34500000000006,
              39.94879999999998
            ],
            [
              116.34500000000006,
              39.94819999999998
            ],
            [
              116.34500000000006,
              39.94759999999998
            ],
            [
              116.34500000000006,
              39.94699999999998
            ],
            [
              116.34500000000006,
              39.94639999999998
            ],
            [
              116.34500000000006,
              39.945799999999984
            ],
            [
              116.34500000000006,
              39.945199999999986
            ],
            [
              116.34500000000006,
              39.94459999999999
            ],
            [
              116.34500000000006,
              39.94399999999999
            ],
            [
              116.34500000000006,
              39.94339999999999
            ],
            [
              116.34500000000006,
              39.94279999999999
            ],
            [
              116.34500000000006,
              39.94219999999999
            ],
            [
              116.34500000000006,
              39.941599999999994
            ],
            [
              116.34500000000006,
              39.940999999999995
            ],
            [
              116.34500000000006,
              39.9404
            ],
            [
              116.34500000000006,
              39.9398
            ],
            [
              116.34500000000006,
              39.9392
            ],
            [
              116.34440000000005,
              39.9392
            ],
            [
              116.34440000000005,
              39.9398
            ],
            [
              116.34440000000005,
              39.9404
            ],
            [
              116.34440000000005,
              39.940999999999995
            ],
            [
              116.34440000000005,
              39.941599999999994
            ]
          ]
        ]
      }
    },
    {
      "type": "Feature",
      "id": "LU-013",
      "properties": {
        "source_type": "agent_generated_design",
        "confidence": "medium",
        "geometry_role": "design_proposal",
        "id": "LU-013",
        "layer": "LAND_USE",
        "land_use_code": "1401",
        "name_zh": "京张遗址公园活力带·北段",
        "area_sqm_declared": 186017.582
      },
      "geometry": {
        "type": "Polygon",
        "coordinates": [
          [
            [
              116.34440000000005,
              39.99559999999987
            ],
            [
              116.34440000000005,
              39.99619999999987
            ],
            [
              116.34440000000005,
              39.996799999999865
            ],
            [
              116.34440000000005,
              39.997399999999864
            ],
            [
              116.34440000000005,
              39.99799999999986
            ],
            [
              116.34440000000005,
              39.99859999999986
            ],
            [
              116.34440000000005,
              39.99919999999986
            ],
            [
              116.34440000000005,
              39.99979999999986
            ],
            [
              116.34440000000005,
              40.00039999999986
            ],
            [
              116.34440000000005,
              40.000999999999856
            ],
            [
              116.34440000000005,
              40.001599999999854
            ],
            [
              116.34440000000005,
              40.00219999999985
            ],
            [
              116.34440000000005,
              40.00279999999985
            ],
            [
              116.34440000000005,
              40.00339999999985
            ],
            [
              116.34440000000005,
              40.00399999999985
            ],
            [
              116.34440000000005,
              40.00459999999985
            ],
            [
              116.34440000000005,
              40.005199999999846
            ],
            [
              116.34440000000005,
              40.005799999999844
            ],
            [
              116.34440000000005,
              40.00639999999984
            ],
            [
              116.34440000000005,
              40.00699999999984
            ],
            [
              116.34440000000005,
              40.00759999999984
            ],
            [
              116.34440000000005,
              40.00819999999984
            ],
            [
              116.34440000000005,
              40.00879999999984
            ],
            [
              116.34440000000005,
              40.009399999999836
            ],
            [
              116.34440000000005,
              40.009999999999835
            ],
            [
              116.34440000000005,
              40.01059999999983
            ],
            [
              116.34440000000005,
              40.01119999999983
            ],
            [
              116.34440000000005,
              40.01179999999983
            ],
            [
              116.34440000000005,
              40.01239999999983
            ],
            [
              116.34440000000005,
              40.01299999999983
            ],
            [
              116.34440000000005,
              40.013599999999826
            ],
            [
              116.34440000000005,
              40.014199999999825
            ],
            [
              116.34440000000005,
              40.01479999999982
            ],
            [
              116.34440000000005,
              40.01539999999982
            ],
            [
              116.34440000000005,
              40.01599999999982
            ],
            [
              116.34440000000005,
              40.01659999999982
            ],
            [
              116.34440000000005,
              40.01719999999982
            ],
            [
              116.34440000000005,
              40.017799999999816
            ],
            [
              116.34440000000005,
              40.018399999999815
            ],
            [
              116.34440000000005,
              40.018999999999814
            ],
            [
              116.34440000000005,
              40.01959999999981
            ],
            [
              116.34440000000005,
              40.02019999999981
            ],
            [
              116.34440000000005,
              40.02079999999981
            ],
            [
              116.34440000000005,
              40.02139999999981
            ],
            [
              116.34440000000005,
              40.02199999999981
            ],
            [
              116.34440000000005,
              40.022599999999805
            ],
            [
              116.34440000000005,
              40.023199999999804
            ],
            [
              116.34440000000005,
              40.0237999999998
            ],
            [
              116.34440000000005,
              40.0243999999998
            ],
            [
              116.34440000000005,
              40.0249999999998
            ],
            [
              116.34440000000005,
              40.0255999999998
            ],
            [
              116.34440000000005,
              40.0261999999998
            ],
            [
              116.34440000000005,
              40.0265
            ],
            [
              116.34500000000006,
              40.0265
            ],
            [
              116.34500000000006,
              40.0261999999998
            ],
            [
              116.34500000000006,
              40.0255999999998
            ],
            [
              116.34500000000006,
              40.0249999999998
            ],
            [
              116.34500000000006,
              40.0243999999998
            ],
            [
              116.34500000000006,
              40.0237999999998
            ],
            [
              116.34500000000006,
              40.023199999999804
            ],
            [
              116.34500000000006,
              40.022599999999805
            ],
            [
              116.34500000000006,
              40.02199999999981
            ],
            [
              116.34500000000006,
              40.02139999999981
            ],
            [
              116.34500000000006,
              40.02079999999981
            ],
            [
              116.34500000000006,
              40.02019999999981
            ],
            [
              116.34500000000006,
              40.01959999999981
            ],
            [
              116.34500000000006,
              40.018999999999814
            ],
            [
              116.34500000000006,
              40.018399999999815
            ],
            [
              116.34500000000006,
              40.017799999999816
            ],
            [
              116.34500000000006,
              40.01719999999982
            ],
            [
              116.34500000000006,
              40.01659999999982
            ],
            [
              116.34500000000006,
              40.01599999999982
            ],
            [
              116.34500000000006,
              40.01539999999982
            ],
            [
              116.34500000000006,
              40.01479999999982
            ],
            [
              116.34500000000006,
              40.014199999999825
            ],
            [
              116.34500000000006,
              40.013599999999826
            ],
            [
              116.34500000000006,
              40.01299999999983
            ],
            [
              116.34500000000006,
              40.01239999999983
            ],
            [
              116.34500000000006,
              40.01179999999983
            ],
            [
              116.34500000000006,
              40.01119999999983
            ],
            [
              116.34500000000006,
              40.01059999999983
            ],
            [
              116.34500000000006,
              40.009999999999835
            ],
            [
              116.34500000000006,
              40.009399999999836
            ],
            [
              116.34500000000006,
              40.00879999999984
            ],
            [
              116.34500000000006,
              40.00819999999984
            ],
            [
              116.34500000000006,
              40.00759999999984
            ],
            [
              116.34500000000006,
              40.00699999999984
            ],
            [
              116.34500000000006,
              40.00639999999984
            ],
            [
              116.34500000000006,
              40.005799999999844
            ],
            [
              116.34500000000006,
              40.005199999999846
            ],
            [
              116.34500000000006,
              40.00459999999985
            ],
            [
              116.34500000000006,
              40.00399999999985
            ],
            [
              116.34500000000006,
              40.00339999999985
            ],
            [
              116.34500000000006,
              40.00279999999985
            ],
            [
              116.34500000000006,
              40.00219999999985
            ],
            [
              116.34500000000006,
              40.001599999999854
            ],
            [
              116.34500000000006,
              40.000999999999856
            ],
            [
              116.34500000000006,
              40.00039999999986
            ],
            [
              116.34500000000006,
              39.99979999999986
            ],
            [
              116.34500000000006,
              39.99919999999986
            ],
            [
              116.34500000000006,
              39.99859999999986
            ],
            [
              116.34500000000006,
              39.99799999999986
            ],
            [
              116.34500000000006,
              39.997399999999864
            ],
            [
              116.34500000000006,
              39.996799999999865
            ],
            [
              116.34500000000006,
              39.99619999999987
            ],
            [
              116.34500000000006,
              39.99559999999987
            ],
            [
              116.34500000000006,
              39.99499999999987
            ],
            [
              116.34500000000006,
              39.99439999999987
            ],
            [
              116.34500000000006,
              39.99379999999987
            ],
            [
              116.34440000000005,
              39.99379999999987
            ],
            [
              116.34440000000005,
              39.99439999999987
            ],
            [
              116.34440000000005,
              39.99499999999987
            ],
            [
              116.34440000000005,
              39.99559999999987
            ]
          ]
        ]
      }
    },
    {
      "type": "Feature",
      "id": "LU-014",
      "properties": {
        "source_type": "agent_generated_design",
        "confidence": "medium",
        "geometry_role": "design_proposal",
        "id": "LU-014",
        "layer": "LAND_USE",
        "land_use_code": "0802",
        "name_zh": "成长台·创业孵化服务用地",
        "area_sqm_declared": 238996.459
      },
      "geometry": {
        "type": "Polygon",
        "coordinates": [
          [
            [
              116.34560000000006,
              39.98539999999989
            ],
            [
              116.34560000000006,
              39.98599999999989
            ],
            [
              116.34560000000006,
              39.98659999999989
            ],
            [
              116.34560000000006,
              39.98719999999989
            ],
            [
              116.34560000000006,
              39.987799999999886
            ],
            [
              116.34560000000006,
              39.988399999999885
            ],
            [
              116.34560000000006,
              39.98899999999988
            ],
            [
              116.34560000000006,
              39.98959999999988
            ],
            [
              116.34560000000006,
              39.99019999999988
            ],
            [
              116.34560000000006,
              39.99079999999988
            ],
            [
              116.34560000000006,
              39.99139999999988
            ],
            [
              116.34560000000006,
              39.99199999999988
            ],
            [
              116.34560000000006,
              39.992599999999875
            ],
            [
              116.34620000000007,
              39.992599999999875
            ],
            [
              116.34680000000007,
              39.992599999999875
            ],
            [
              116.34740000000008,
              39.992599999999875
            ],
            [
              116.34800000000008,
              39.992599999999875
            ],
            [
              116.34860000000009,
              39.992599999999875
            ],
            [
              116.34860000000009,
              39.99199999999988
            ],
            [
              116.34860000000009,
              39.99139999999988
            ],
            [
              116.34860000000009,
              39.99079999999988
            ],
            [
              116.34860000000009,
              39.99019999999988
            ],
            [
              116.34860000000009,
              39.98959999999988
            ],
            [
              116.34860000000009,
              39.98899999999988
            ],
            [
              116.34860000000009,
              39.988399999999885
            ],
            [
              116.34860000000009,
              39.987799999999886
            ],
            [
              116.34860000000009,
              39.98719999999989
            ],
            [
              116.34860000000009,
              39.98659999999989
            ],
            [
              116.34860000000009,
              39.98599999999989
            ],
            [
              116.34860000000009,
              39.98539999999989
            ],
            [
              116.34860000000009,
              39.98479999999989
            ],
            [
              116.34860000000009,
              39.984199999999895
            ],
            [
              116.34800000000008,
              39.984199999999895
            ],
            [
              116.34740000000008,
              39.984199999999895
            ],
            [
              116.34680000000007,
              39.984199999999895
            ],
            [
              116.34620000000007,
              39.984199999999895
            ],
            [
              116.34560000000006,
              39.984199999999895
            ],
            [
              116.34560000000006,
              39.98479999999989
            ],
            [
              116.34560000000006,
              39.98539999999989
            ]
          ]
        ]
      }
    },
    {
      "type": "Feature",
      "id": "LU-015",
      "properties": {
        "source_type": "agent_generated_design",
        "confidence": "medium",
        "geometry_role": "design_proposal",
        "id": "LU-015",
        "layer": "LAND_USE",
        "land_use_code": "0802",
        "name_zh": "发布台·成果发布服务用地",
        "area_sqm_declared": 286795.53
      },
      "geometry": {
        "type": "Polygon",
        "coordinates": [
          [
            [
              116.34860000000009,
              39.98539999999989
            ],
            [
              116.34860000000009,
              39.98599999999989
            ],
            [
              116.34860000000009,
              39.98659999999989
            ],
            [
              116.34860000000009,
              39.98719999999989
            ],
            [
              116.34860000000009,
              39.987799999999886
            ],
            [
              116.34860000000009,
              39.988399999999885
            ],
            [
              116.34860000000009,
              39.98899999999988
            ],
            [
              116.34860000000009,
              39.98959999999988
            ],
            [
              116.34860000000009,
              39.99019999999988
            ],
            [
              116.34860000000009,
              39.99079999999988
            ],
            [
              116.34860000000009,
              39.99139999999988
            ],
            [
              116.34860000000009,
              39.99199999999988
            ],
            [
              116.34860000000009,
              39.992599999999875
            ],
            [
              116.3492000000001,
              39.992599999999875
            ],
            [
              116.3498000000001,
              39.992599999999875
            ],
            [
              116.3504000000001,
              39.992599999999875
            ],
            [
              116.35100000000011,
              39.992599999999875
            ],
            [
              116.35160000000012,
              39.992599999999875
            ],
            [
              116.35220000000012,
              39.992599999999875
            ],
            [
              116.35220000000012,
              39.99199999999988
            ],
            [
              116.35220000000012,
              39.99139999999988
            ],
            [
              116.35220000000012,
              39.99079999999988
            ],
            [
              116.35220000000012,
              39.99019999999988
            ],
            [
              116.35220000000012,
              39.98959999999988
            ],
            [
              116.35220000000012,
              39.98899999999988
            ],
            [
              116.35220000000012,
              39.988399999999885
            ],
            [
              116.35220000000012,
              39.987799999999886
            ],
            [
              116.35220000000012,
              39.98719999999989
            ],
            [
              116.35220000000012,
              39.98659999999989
            ],
            [
              116.35220000000012,
              39.98599999999989
            ],
            [
              116.35220000000012,
              39.98539999999989
            ],
            [
              116.35220000000012,
              39.98479999999989
            ],
            [
              116.35220000000012,
              39.984199999999895
            ],
            [
              116.35160000000012,
              39.984199999999895
            ],
            [
              116.35100000000011,
              39.984199999999895
            ],
            [
              116.3504000000001,
              39.984199999999895
            ],
            [
              116.3498000000001,
              39.984199999999895
            ],
            [
              116.3492000000001,
              39.984199999999895
            ],
            [
              116.34860000000009,
              39.984199999999895
            ],
            [
              116.34860000000009,
              39.98479999999989
            ],
            [
              116.34860000000009,
              39.98539999999989
            ]
          ]
        ]
      }
    },
    {
      "type": "Feature",
      "id": "LU-016",
      "properties": {
        "source_type": "agent_generated_design",
        "confidence": "medium",
        "geometry_role": "design_proposal",
        "id": "LU-016",
        "layer": "LAND_USE",
        "land_use_code": "05",
        "name_zh": "学院路·创新商业服务带",
        "area_sqm_declared": 380348.345
      },
      "geometry": {
        "type": "Polygon",
        "coordinates": [
          [
            [
              116.3492000000001,
              39.97819999999991
            ],
            [
              116.3492000000001,
              39.97879999999991
            ],
            [
              116.3492000000001,
              39.979399999999906
            ],
            [
              116.3492000000001,
              39.979999999999905
            ],
            [
              116.3492000000001,
              39.9805999999999
            ],
            [
              116.3492000000001,
              39.9811999999999
            ],
            [
              116.3492000000001,
              39.9817999999999
            ],
            [
              116.3492000000001,
              39.9823999999999
            ],
            [
              116.3492000000001,
              39.9829999999999
            ],
            [
              116.3492000000001,
              39.983599999999896
            ],
            [
              116.3498000000001,
              39.983599999999896
            ],
            [
              116.3504000000001,
              39.983599999999896
            ],
            [
              116.35100000000011,
              39.983599999999896
            ],
            [
              116.35160000000012,
              39.983599999999896
            ],
            [
              116.35220000000012,
              39.983599999999896
            ],
            [
              116.35280000000013,
              39.983599999999896
            ],
            [
              116.35340000000014,
              39.983599999999896
            ],
            [
              116.353812,
              39.983599999999896
            ],
            [
              116.35386000000001,
              39.9829999999999
            ],
            [
              116.35390800000002,
              39.9823999999999
            ],
            [
              116.35395600000001,
              39.9817999999999
            ],
            [
              116.35400000000014,
              39.98124999999827
            ],
            [
              116.35400000000014,
              39.9811999999999
            ],
            [
              116.35400000000014,
              39.9805999999999
            ],
            [
              116.35400000000014,
              39.979999999999905
            ],
            [
              116.35400000000014,
              39.979399999999906
            ],
            [
              116.35400000000014,
              39.97879999999991
            ],
            [
              116.35400000000014,
              39.97819999999991
            ],
            [
              116.35400000000014,
              39.97759999999991
            ],
            [
              116.35400000000014,
              39.97699999999991
            ],
            [
              116.35400000000014,
              39.97639999999991
            ],
            [
              116.35400000000014,
              39.975799999999914
            ],
            [
              116.35400000000014,
              39.975199999999916
            ],
            [
              116.35340000000014,
              39.975199999999916
            ],
            [
              116.35280000000013,
              39.975199999999916
            ],
            [
              116.35220000000012,
              39.975199999999916
            ],
            [
              116.35160000000012,
              39.975199999999916
            ],
            [
              116.35100000000011,
              39.975199999999916
            ],
            [
              116.3504000000001,
              39.975199999999916
            ],
            [
              116.3498000000001,
              39.975199999999916
            ],
            [
              116.3492000000001,
              39.975199999999916
            ],
            [
              116.3492000000001,
              39.975799999999914
            ],
            [
              116.3492000000001,
              39.97639999999991
            ],
            [
              116.3492000000001,
              39.97699999999991
            ],
            [
              116.3492000000001,
              39.97759999999991
            ],
            [
              116.3492000000001,
              39.97819999999991
            ]
          ]
        ]
      }
    },
    {
      "type": "Feature",
      "id": "LU-017",
      "properties": {
        "source_type": "agent_generated_design",
        "confidence": "medium",
        "geometry_role": "design_proposal",
        "id": "LU-017",
        "layer": "LAND_USE",
        "land_use_code": "0701",
        "name_zh": "大钟寺·配套居住用地",
        "area_sqm_declared": 1024764.93
      },
      "geometry": {
        "type": "Polygon",
        "coordinates": [
          [
            [
              116.35100000000011,
              39.94339999999999
            ],
            [
              116.35100000000011,
              39.94399999999999
            ],
            [
              116.35100000000011,
              39.94459999999999
            ],
            [
              116.35100000000011,
              39.945199999999986
            ],
            [
              116.35100000000011,
              39.945799999999984
            ],
            [
              116.35100000000011,
              39.94639999999998
            ],
            [
              116.35100000000011,
              39.94699999999998
            ],
            [
              116.35100000000011,
              39.94759999999998
            ],
            [
              116.35100000000011,
              39.94819999999998
            ],
            [
              116.35100000000011,
              39.94879999999998
            ],
            [
              116.35100000000011,
              39.949399999999976
            ],
            [
              116.35100000000011,
              39.949999999999974
            ],
            [
              116.35100000000011,
              39.95059999999997
            ],
            [
              116.35100000000011,
              39.95119999999997
            ],
            [
              116.35100000000011,
              39.95179999999997
            ],
            [
              116.35100000000011,
              39.95239999999997
            ],
            [
              116.35100000000011,
              39.95299999999997
            ],
            [
              116.35100000000011,
              39.953599999999966
            ],
            [
              116.35100000000011,
              39.954199999999965
            ],
            [
              116.35100000000011,
              39.95479999999996
            ],
            [
              116.35100000000011,
              39.95539999999996
            ],
            [
              116.35100000000011,
              39.95599999999996
            ],
            [
              116.35100000000011,
              39.95659999999996
            ],
            [
              116.35100000000011,
              39.95719999999996
            ],
            [
              116.35100000000011,
              39.957799999999956
            ],
            [
              116.35100000000011,
              39.958399999999955
            ],
            [
              116.35100000000011,
              39.95899999999995
            ],
            [
              116.35100000000011,
              39.95959999999995
            ],
            [
              116.35100000000011,
              39.96019999999995
            ],
            [
              116.35100000000011,
              39.96079999999995
            ],
            [
              116.35100000000011,
              39.96139999999995
            ],
            [
              116.35100000000011,
              39.96199999999995
            ],
            [
              116.35100000000011,
              39.962599999999945
            ],
            [
              116.35100000000011,
              39.963199999999944
            ],
            [
              116.35100000000011,
              39.96379999999994
            ],
            [
              116.35100000000011,
              39.96439999999994
            ],
            [
              116.35100000000011,
              39.96499999999994
            ],
            [
              116.35100000000011,
              39.96559999999994
            ],
            [
              116.35100000000011,
              39.96619999999994
            ],
            [
              116.35100000000011,
              39.966799999999935
            ],
            [
              116.35100000000011,
              39.967399999999934
            ],
            [
              116.35100000000011,
              39.96799999999993
            ],
            [
              116.35100000000011,
              39.96859999999993
            ],
            [
              116.35100000000011,
              39.96919999999993
            ],
            [
              116.35100000000011,
              39.96979999999993
            ],
            [
              116.35160000000012,
              39.96979999999993
            ],
            [
              116.35220000000012,
              39.96979999999993
            ],
            [
              116.35280000000013,
              39.96979999999993
            ],
            [
              116.35340000000014,
              39.96979999999993
            ],
            [
              116.35400000000014,
              39.96979999999993
            ],
            [
              116.35460000000015,
              39.96979999999993
            ],
            [
              116.35460000000015,
              39.96919999999993
            ],
            [
              116.35460000000015,
              39.96859999999993
            ],
            [
              116.35460000000015,
              39.96799999999993
            ],
            [
              116.35460000000015,
              39.967399999999934
            ],
            [
              116.35460000000015,
              39.966799999999935
            ],
            [
              116.35460000000015,
              39.96619999999994
            ],
            [
              116.35460000000015,
              39.96559999999994
            ],
            [
              116.35460000000015,
              39.96499999999994
            ],
            [
              116.35460000000015,
              39.96439999999994
            ],
            [
              116.35460000000015,
              39.96379999999994
            ],
            [
              116.35460000000015,
              39.963199999999944
            ],
            [
              116.35460000000015,
              39.962599999999945
            ],
            [
              116.35460000000015,
              39.96199999999995
            ],
            [
              116.35460000000015,
              39.96139999999995
            ],
            [
              116.35460000000015,
              39.96079999999995
            ],
            [
              116.35460000000015,
              39.96019999999995
            ],
            [
              116.35460000000015,
              39.95959999999995
            ],
            [
              116.35460000000015,
              39.95899999999995
            ],
            [
              116.35460000000015,
              39.958399999999955
            ],
            [
              116.35460000000015,
              39.957799999999956
            ],
            [
              116.35460000000015,
              39.95719999999996
            ],
            [
              116.35460000000015,
              39.95659999999996
            ],
            [
              116.35460000000015,
              39.95599999999996
            ],
            [
              116.35460000000015,
              39.95539999999996
            ],
            [
              116.35460000000015,
              39.95479999999996
            ],
            [
              116.35460000000015,
              39.954199999999965
            ],
            [
              116.35460000000015,
              39.953599999999966
            ],
            [
              116.35460000000015,
              39.95299999999997
            ],
            [
              116.35460000000015,
              39.95239999999997
            ],
            [
              116.35460000000015,
              39.95179999999997
            ],
            [
              116.35460000000015,
              39.95119999999997
            ],
            [
              116.35460000000015,
              39.95059999999997
            ],
            [
              116.35460000000015,
              39.949999999999974
            ],
            [
              116.35460000000015,
              39.949399999999976
            ],
            [
              116.35460000000015,
              39.94879999999998
            ],
            [
              116.35460000000015,
              39.94819999999998
            ],
            [
              116.35460000000015,
              39.94759999999998
            ],
            [
              116.35460000000015,
              39.94699999999998
            ],
            [
              116.35460000000015,
              39.94639999999998
            ],
            [
              116.35460000000015,
              39.945799999999984
            ],
            [
              116.35460000000015,
              39.945199999999986
            ],
            [
              116.35460000000015,
              39.94459999999999
            ],
            [
              116.35460000000015,
              39.94399999999999
            ],
            [
              116.35460000000015,
              39.94339999999999
            ],
            [
              116.35460000000015,
              39.94279999999999
            ],
            [
              116.35460000000015,
              39.94219999999999
            ],
            [
              116.35460000000015,
              39.941599999999994
            ],
            [
              116.35460000000015,
              39.940999999999995
            ],
            [
              116.35460000000015,
              39.9404
            ],
            [
              116.35460000000015,
              39.9398
            ],
            [
              116.35400000000014,
              39.9398
            ],
            [
              116.35340000000014,
              39.9398
            ],
            [
              116.35280000000013,
              39.9398
            ],
            [
              116.35220000000012,
              39.9398
            ],
            [
              116.35160000000012,
              39.9398
            ],
            [
              116.35100000000011,
              39.9398
            ],
            [
              116.35100000000011,
              39.9404
            ],
            [
              116.35100000000011,
              39.940999999999995
            ],
            [
              116.35100000000011,
              39.941599999999994
            ],
            [
              116.35100000000011,
              39.94219999999999
            ],
            [
              116.35100000000011,
              39.94279999999999
            ],
            [
              116.35100000000011,
              39.94339999999999
            ]
          ]
        ]
      }
    },
    {
      "type": "Feature",
      "id": "LU-018",
      "properties": {
        "source_type": "agent_generated_design",
        "confidence": "medium",
        "geometry_role": "design_proposal",
        "id": "LU-018",
        "layer": "LAND_USE",
        "land_use_code": "1403",
        "name_zh": "发布广场·开源发布与路演广场",
        "area_sqm_declared": 17071.671
      },
      "geometry": {
        "type": "Polygon",
        "coordinates": [
          [
            [
              116.35220000000012,
              39.98479999999989
            ],
            [
              116.35220000000012,
              39.98539999999989
            ],
            [
              116.35220000000012,
              39.98599999999989
            ],
            [
              116.35220000000012,
              39.98659999999989
            ],
            [
              116.35220000000012,
              39.98719999999989
            ],
            [
              116.35220000000012,
              39.987799999999886
            ],
            [
              116.35280000000013,
              39.987799999999886
            ],
            [
              116.35280000000013,
              39.98719999999989
            ],
            [
              116.35280000000013,
              39.98659999999989
            ],
            [
              116.35280000000013,
              39.98599999999989
            ],
            [
              116.35280000000013,
              39.98539999999989
            ],
            [
              116.35280000000013,
              39.98479999999989
            ],
            [
              116.35220000000012,
              39.98479999999989
            ]
          ]
        ]
      }
    },
    {
      "type": "Feature",
      "id": "LU-019",
      "properties": {
        "source_type": "agent_generated_design",
        "confidence": "medium",
        "geometry_role": "design_proposal",
        "id": "LU-019",
        "layer": "LAND_USE",
        "land_use_code": "0702",
        "name_zh": "众智园·研发配套服务用地",
        "area_sqm_declared": 673919.487
      },
      "geometry": {
        "type": "Polygon",
        "coordinates": [
          [
            [
              116.35220000000012,
              39.996799999999865
            ],
            [
              116.35220000000012,
              39.997399999999864
            ],
            [
              116.35220000000012,
              39.99799999999986
            ],
            [
              116.35220000000012,
              39.99859999999986
            ],
            [
              116.35220000000012,
              39.99919999999986
            ],
            [
              116.35220000000012,
              39.99979999999986
            ],
            [
              116.35220000000012,
              40.00039999999986
            ],
            [
              116.35220000000012,
              40.000999999999856
            ],
            [
              116.35220000000012,
              40.001599999999854
            ],
            [
              116.35220000000012,
              40.00219999999985
            ],
            [
              116.35220000000012,
              40.00279999999985
            ],
            [
              116.35220000000012,
              40.00339999999985
            ],
            [
              116.35220000000012,
              40.00399999999985
            ],
            [
              116.35220000000012,
              40.00459999999985
            ],
            [
              116.35220000000012,
              40.005199999999846
            ],
            [
              116.35220000000012,
              40.005799999999844
            ],
            [
              116.35220000000012,
              40.00639999999984
            ],
            [
              116.35220000000012,
              40.00699999999984
            ],
            [
              116.35220000000012,
              40.00759999999984
            ],
            [
              116.35220000000012,
              40.00819999999984
            ],
            [
              116.35220000000012,
              40.00879999999984
            ],
            [
              116.35220000000012,
              40.009399999999836
            ],
            [
              116.35220000000012,
              40.009999999999835
            ],
            [
              116.35220000000012,
              40.01059999999983
            ],
            [
              116.35220000000012,
              40.01119999999983
            ],
            [
              116.35220000000012,
              40.01179999999983
            ],
            [
              116.35220000000012,
              40.01239999999983
            ],
            [
              116.35220000000012,
              40.01299999999983
            ],
            [
              116.35220000000012,
              40.013599999999826
            ],
            [
              116.35220000000012,
              40.014199999999825
            ],
            [
              116.35220000000012,
              40.01479999999982
            ],
            [
              116.35220000000012,
              40.01539999999982
            ],
            [
              116.35220000000012,
              40.01599999999982
            ],
            [
              116.35220000000012,
              40.01659999999982
            ],
            [
              116.35220000000012,
              40.01719999999982
            ],
            [
              116.35220000000012,
              40.017799999999816
            ],
            [
              116.35220000000012,
              40.018399999999815
            ],
            [
              116.35220000000012,
              40.018999999999814
            ],
            [
              116.35220000000012,
              40.01959999999981
            ],
            [
              116.35220000000012,
              40.02019999999981
            ],
            [
              116.35220000000012,
              40.02079999999981
            ],
            [
              116.35220000000012,
              40.02139999999981
            ],
            [
              116.35220000000012,
              40.02199999999981
            ],
            [
              116.35220000000012,
              40.022599999999805
            ],
            [
              116.35220000000012,
              40.023199999999804
            ],
            [
              116.35220000000012,
              40.0237999999998
            ],
            [
              116.35220000000012,
              40.0243999999998
            ],
            [
              116.35220000000012,
              40.0249999999998
            ],
            [
              116.35220000000012,
              40.0255999999998
            ],
            [
              116.35220000000012,
              40.0261999999998
            ],
            [
              116.35280000000013,
              40.0261999999998
            ],
            [
              116.35340000000014,
              40.0261999999998
            ],
            [
              116.35400000000014,
              40.0261999999998
            ],
            [
              116.35460000000015,
              40.0261999999998
            ],
            [
              116.35520000000015,
              40.0261999999998
            ],
            [
              116.35520000000015,
              40.0255999999998
            ],
            [
              116.35520000000015,
              40.0249999999998
            ],
            [
              116.35520000000015,
              40.02467500000279
            ],
            [
              116.35518493150684,
              40.0243999999998
            ],
            [
              116.35515205479452,
              40.0237999999998
            ],
            [
              116.35511917808218,
              40.023199999999804
            ],
            [
              116.35508630136985,
              40.022599999999805
            ],
            [
              116.35505342465753,
              40.02199999999981
            ],
            [
              116.3550205479452,
              40.02139999999981
            ],
            [
              116.35498767123286,
              40.02079999999981
            ],
            [
              116.35495479452054,
              40.02019999999981
            ],
            [
              116.35492191780821,
              40.01959999999981
            ],
            [
              116.35488904109589,
              40.018999999999814
            ],
            [
              116.35485616438355,
              40.018399999999815
            ],
            [
              116.35482328767122,
              40.017799999999816
            ],
            [
              116.3547904109589,
              40.01719999999982
            ],
            [
              116.35475753424657,
              40.01659999999982
            ],
            [
              116.35472465753423,
              40.01599999999982
            ],
            [
              116.35469178082191,
              40.01539999999982
            ],
            [
              116.35465890410958,
              40.01479999999982
            ],
            [
              116.35462602739725,
              40.014199999999825
            ],
            [
              116.35460000000015,
              40.01372500000266
            ],
            [
              116.35459315068492,
              40.013599999999826
            ],
            [
              116.3545602739726,
              40.01299999999983
            ],
            [
              116.35452739726027,
              40.01239999999983
            ],
            [
              116.35449452054793,
              40.01179999999983
            ],
            [
              116.3544616438356,
              40.01119999999983
            ],
            [
              116.35442876712328,
              40.01059999999983
            ],
            [
              116.35439589041096,
              40.009999999999835
            ],
            [
              116.35436301369862,
              40.009399999999836
            ],
            [
              116.35433013698629,
              40.00879999999984
            ],
            [
              116.35429726027397,
              40.00819999999984
            ],
            [
              116.35426438356164,
              40.00759999999984
            ],
            [
              116.3542315068493,
              40.00699999999984
            ],
            [
              116.35419863013698,
              40.00639999999984
            ],
            [
              116.35416575342465,
              40.005799999999844
            ],
            [
              116.35413287671233,
              40.005199999999846
            ],
            [
              116.35409999999999,
              40.00459999999985
            ],
            [
              116.35406712328766,
              40.00399999999985
            ],
            [
              116.35403424657534,
              40.00339999999985
            ],
            [
              116.35400136986301,
              40.00279999999985
            ],
            [
              116.35400000000014,
              40.00277500000253
            ],
            [
              116.35396849315067,
              40.00219999999985
            ],
            [
              116.35393561643835,
              40.001599999999854
            ],
            [
              116.35390273972602,
              40.000999999999856
            ],
            [
              116.3538698630137,
              40.00039999999986
            ],
            [
              116.35383698630136,
              39.99979999999986
            ],
            [
              116.35380410958903,
              39.99919999999986
            ],
            [
              116.35377123287671,
              39.99859999999986
            ],
            [
              116.35373835616438,
              39.99799999999986
            ],
            [
              116.35370547945205,
              39.997399999999864
            ],
            [
              116.35367260273972,
              39.996799999999865
            ],
            [
              116.3536397260274,
              39.99619999999987
            ],
            [
              116.35360684931507,
              39.99559999999987
            ],
            [
              116.35357397260273,
              39.99499999999987
            ],
            [
              116.3535410958904,
              39.99439999999987
            ],
            [
              116.35350821917808,
              39.99379999999987
            ],
            [
              116.35340000000014,
              39.99379999999987
            ],
            [
              116.35280000000013,
              39.99379999999987
            ],
            [
              116.35220000000012,
              39.99379999999987
            ],
            [
              116.35220000000012,
              39.99439999999987
            ],
            [
              116.35220000000012,
              39.99499999999987
            ],
            [
              116.35220000000012,
              39.99559999999987
            ],
            [
              116.35220000000012,
              39.99619999999987
            ],
            [
              116.35220000000012,
              39.996799999999865
            ]
          ]
        ]
      }
    }
  ]
}