{
  "type": "FeatureCollection",
  "name": "buildings_jingzhang_ai_belt",
  "features": [
    {
      "type": "Feature",
      "id": "BLDG-001",
      "properties": {
        "id": "BLDG-001",
        "layer": "BUILDING_FOOTPRINT",
        "source_type": "agent_generated_design",
        "confidence": "medium",
        "geometry_role": "design_proposal",
        "building_type": "ai_r_and_d",
        "name_zh": "AI研发与产业建筑(大钟寺AI产业核心)",
        "renewal_action": "新建/改造",
        "floor_count": 0,
        "height_m": null,
        "area_sqm_declared": 3850.0
      },
      "geometry": {
        "type": "Polygon",
        "coordinates": [
          [
            [
              116.35054440803235,
              39.93913556955926
            ],
            [
              116.35053844828613,
              39.93976596950122
            ],
            [
              116.34989498041428,
              39.93976236314849
            ],
            [
              116.34990094606421,
              39.939131963286634
            ],
            [
              116.35054440803235,
              39.93913556955926
            ]
          ]
        ]
      }
    },
    {
      "type": "Feature",
      "id": "BLDG-002",
      "properties": {
        "id": "BLDG-002",
        "layer": "BUILDING_FOOTPRINT",
        "source_type": "agent_generated_design",
        "confidence": "medium",
        "geometry_role": "design_proposal",
        "building_type": "ai_r_and_d",
        "name_zh": "AI研发与产业建筑(大钟寺AI产业核心)",
        "renewal_action": "新建/改造",
        "floor_count": 0,
        "height_m": null,
        "area_sqm_declared": 3850.0
      },
      "geometry": {
        "type": "Polygon",
        "coordinates": [
          [
            [
              116.35053333978288,
              39.940306312253284
            ],
            [
              116.35052737968812,
              39.94093671206617
            ],
            [
              116.34988390085167,
              39.94093310556471
            ],
            [
              116.34988986685052,
              39.94030270583191
            ],
            [
              116.35053333978288,
              39.940306312253284
            ]
          ]
        ]
      }
    },
    {
      "type": "Feature",
      "id": "BLDG-003",
      "properties": {
        "id": "BLDG-003",
        "layer": "BUILDING_FOOTPRINT",
        "source_type": "agent_generated_design",
        "confidence": "medium",
        "geometry_role": "design_proposal",
        "building_type": "ai_r_and_d",
        "name_zh": "AI研发与产业建筑(大钟寺AI产业核心)",
        "renewal_action": "新建/改造",
        "floor_count": 0,
        "height_m": null,
        "area_sqm_declared": 3850.0
      },
      "geometry": {
        "type": "Polygon",
        "coordinates": [
          [
            [
              116.35052227088606,
              39.94147705470762
            ],
            [
              116.35051631044269,
              39.94210745439143
            ],
            [
              116.34987282064107,
              39.942103847741244
            ],
            [
              116.34987878698884,
              39.9414734481375
            ],
            [
              116.35052227088606,
              39.94147705470762
            ]
          ]
        ]
      }
    },
    {
      "type": "Feature",
      "id": "BLDG-004",
      "properties": {
        "id": "BLDG-004",
        "layer": "BUILDING_FOOTPRINT",
        "source_type": "agent_generated_design",
        "confidence": "medium",
        "geometry_role": "design_proposal",
        "building_type": "ai_r_and_d",
        "name_zh": "AI研发与产业建筑(大钟寺AI产业核心)",
        "renewal_action": "新建/改造",
        "floor_count": 0,
        "height_m": null,
        "area_sqm_declared": 3850.0
      },
      "geometry": {
        "type": "Polygon",
        "coordinates": [
          [
            [
              116.35051120134183,
              39.94264779692226
            ],
            [
              116.35050524054985,
              39.943278196477
            ],
            [
              116.34986173978236,
              39.94327458967807
            ],
            [
              116.3498677064791,
              39.9426441902034
            ],
            [
              116.35051120134183,
              39.94264779692226
            ]
          ]
        ]
      }
    },
    {
      "type": "Feature",
      "id": "BLDG-005",
      "properties": {
        "id": "BLDG-005",
        "layer": "BUILDING_FOOTPRINT",
        "source_type": "agent_generated_design",
        "confidence": "medium",
        "geometry_role": "design_proposal",
        "building_type": "ai_r_and_d",
        "name_zh": "AI研发与产业建筑(大钟寺AI产业核心)",
        "renewal_action": "新建/改造",
        "floor_count": 0,
        "height_m": null,
        "area_sqm_declared": 3850.0
      },
      "geometry": {
        "type": "Polygon",
        "coordinates": [
          [
            [
              116.35050013115016,
              39.94381853889719
            ],
            [
              116.35049417000954,
              39.94444893832288
            ],
            [
              116.34985065827554,
              39.94444533137518
            ],
            [
              116.34985662532128,
              39.94381493202959
            ],
            [
              116.35050013115016,
              39.94381853889719
            ]
          ]
        ]
      }
    },
    {
      "type": "Feature",
      "id": "BLDG-006",
      "properties": {
        "id": "BLDG-006",
        "layer": "BUILDING_FOOTPRINT",
        "source_type": "agent_generated_design",
        "confidence": "medium",
        "geometry_role": "design_proposal",
        "building_type": "ai_r_and_d",
        "name_zh": "AI研发与产业建筑(大钟寺AI产业核心)",
        "renewal_action": "新建/改造",
        "floor_count": 0,
        "height_m": null,
        "area_sqm_declared": 3850.0
      },
      "geometry": {
        "type": "Polygon",
        "coordinates": [
          [
            [
              116.35048906031099,
              39.94498928063244
            ],
            [
              116.35048309882171,
              39.94561967992906
            ],
            [
              116.34983957612057,
              39.9456160728326
            ],
            [
              116.34984554351533,
              39.944985673616074
            ],
            [
              116.35048906031099,
              39.94498928063244
            ]
          ]
        ]
      }
    },
    {
      "type": "Feature",
      "id": "BLDG-007",
      "properties": {
        "id": "BLDG-007",
        "layer": "BUILDING_FOOTPRINT",
        "source_type": "agent_generated_design",
        "confidence": "medium",
        "geometry_role": "design_proposal",
        "building_type": "ai_r_and_d",
        "name_zh": "AI研发与产业建筑(大钟寺AI产业核心)",
        "renewal_action": "新建/改造",
        "floor_count": 0,
        "height_m": null,
        "area_sqm_declared": 3850.0
      },
      "geometry": {
        "type": "Polygon",
        "coordinates": [
          [
            [
              116.3504779888243,
              39.946160022127984
            ],
            [
              116.35047202698632,
              39.94679042129553
            ],
            [
              116.34982849331742,
              39.94678681405031
            ],
            [
              116.34983446106122,
              39.946156414962864
            ],
            [
              116.3504779888243,
              39.946160022127984
            ]
          ]
        ]
      }
    },
    {
      "type": "Feature",
      "id": "BLDG-008",
      "properties": {
        "id": "BLDG-008",
        "layer": "BUILDING_FOOTPRINT",
        "source_type": "agent_generated_design",
        "confidence": "medium",
        "geometry_role": "design_proposal",
        "building_type": "ai_r_and_d",
        "name_zh": "AI研发与产业建筑(大钟寺AI产业核心)",
        "renewal_action": "新建/改造",
        "floor_count": 0,
        "height_m": null,
        "area_sqm_declared": 3850.0
      },
      "geometry": {
        "type": "Polygon",
        "coordinates": [
          [
            [
              116.35046691669002,
              39.94733076338382
            ],
            [
              116.35046095450332,
              39.9479611624223
            ],
            [
              116.349817409866,
              39.94795755502832
            ],
            [
              116.34982337795886,
              39.947327156069946
            ],
            [
              116.35046691669002,
              39.94733076338382
            ]
          ]
        ]
      }
    },
    {
      "type": "Feature",
      "id": "BLDG-009",
      "properties": {
        "id": "BLDG-009",
        "layer": "BUILDING_FOOTPRINT",
        "source_type": "agent_generated_design",
        "confidence": "medium",
        "geometry_role": "design_proposal",
        "building_type": "ai_r_and_d",
        "name_zh": "AI研发与产业建筑(大钟寺AI产业核心)",
        "renewal_action": "新建/改造",
        "floor_count": 0,
        "height_m": null,
        "area_sqm_declared": 3850.0
      },
      "geometry": {
        "type": "Polygon",
        "coordinates": [
          [
            [
              116.35045584390814,
              39.94850150439997
            ],
            [
              116.3504498813727,
              39.949131903309386
            ],
            [
              116.34980632576631,
              39.94912829576663
            ],
            [
              116.34981229420826,
              39.948497896937326
            ],
            [
              116.35045584390814,
              39.94850150439997
            ]
          ]
        ]
      }
    },
    {
      "type": "Feature",
      "id": "BLDG-010",
      "properties": {
        "id": "BLDG-010",
        "layer": "BUILDING_FOOTPRINT",
        "source_type": "agent_generated_design",
        "confidence": "medium",
        "geometry_role": "design_proposal",
        "building_type": "ai_r_and_d",
        "name_zh": "AI研发与产业建筑(大钟寺AI产业核心)",
        "renewal_action": "新建/改造",
        "floor_count": 0,
        "height_m": null,
        "area_sqm_declared": 3850.0
      },
      "geometry": {
        "type": "Polygon",
        "coordinates": [
          [
            [
              116.35183133231608,
              39.93914277139212
            ],
            [
              116.35182538437739,
              39.93977317149401
            ],
            [
              116.35118191627389,
              39.939769572283055
            ],
            [
              116.35118787011633,
              39.93913917226109
            ],
            [
              116.35183133231608,
              39.93914277139212
            ]
          ]
        ]
      }
    },
    {
      "type": "Feature",
      "id": "BLDG-011",
      "properties": {
        "id": "BLDG-011",
        "layer": "BUILDING_FOOTPRINT",
        "source_type": "agent_generated_design",
        "confidence": "medium",
        "geometry_role": "design_proposal",
        "building_type": "ai_r_and_d",
        "name_zh": "AI研发与产业建筑(大钟寺AI产业核心)",
        "renewal_action": "新建/改造",
        "floor_count": 0,
        "height_m": null,
        "area_sqm_declared": 3850.0
      },
      "geometry": {
        "type": "Polygon",
        "coordinates": [
          [
            [
              116.3518202859951,
              39.94031351438316
            ],
            [
              116.3518143377085,
              39.940943914356005
            ],
            [
              116.35117085864044,
              39.9409403149966
            ],
            [
              116.35117681283111,
              39.940309915103704
            ],
            [
              116.3518202859951,
              39.94031351438316
            ]
          ]
        ]
      }
    },
    {
      "type": "Feature",
      "id": "BLDG-012",
      "properties": {
        "id": "BLDG-012",
        "layer": "BUILDING_FOOTPRINT",
        "source_type": "agent_generated_design",
        "confidence": "medium",
        "geometry_role": "design_proposal",
        "building_type": "ai_r_and_d",
        "name_zh": "AI研发与产业建筑(大钟寺AI产业核心)",
        "renewal_action": "新建/改造",
        "floor_count": 0,
        "height_m": null,
        "area_sqm_declared": 3850.0
      },
      "geometry": {
        "type": "Polygon",
        "coordinates": [
          [
            [
              116.35180923902804,
              39.94148425713454
            ],
            [
              116.35180329039355,
              39.9421146569783
            ],
            [
              116.35115980036022,
              39.942111057470456
            ],
            [
              116.35116575489917,
              39.94148065770663
            ],
            [
              116.35180923902804,
              39.94148425713454
            ]
          ]
        ]
      }
    },
    {
      "type": "Feature",
      "id": "BLDG-013",
      "properties": {
        "id": "BLDG-013",
        "layer": "BUILDING_FOOTPRINT",
        "source_type": "agent_generated_design",
        "confidence": "medium",
        "geometry_role": "design_proposal",
        "building_type": "ai_r_and_d",
        "name_zh": "AI研发与产业建筑(大钟寺AI产业核心)",
        "renewal_action": "新建/改造",
        "floor_count": 0,
        "height_m": null,
        "area_sqm_declared": 3850.0
      },
      "geometry": {
        "type": "Polygon",
        "coordinates": [
          [
            [
              116.35179819141484,
              39.942654999646216
            ],
            [
              116.35179224243241,
              39.943285399360924
            ],
            [
              116.35114874143325,
              39.94328179970463
            ],
            [
              116.35115469632046,
              39.942651400069856
            ],
            [
              116.35179819141484,
              39.942654999646216
            ]
          ]
        ]
      }
    },
    {
      "type": "Feature",
      "id": "BLDG-014",
      "properties": {
        "id": "BLDG-014",
        "layer": "BUILDING_FOOTPRINT",
        "source_type": "agent_generated_design",
        "confidence": "medium",
        "geometry_role": "design_proposal",
        "building_type": "ai_r_and_d",
        "name_zh": "AI研发与产业建筑(大钟寺AI产业核心)",
        "renewal_action": "新建/改造",
        "floor_count": 0,
        "height_m": null,
        "area_sqm_declared": 3850.0
      },
      "geometry": {
        "type": "Polygon",
        "coordinates": [
          [
            [
              116.35178714315548,
              39.94382574191822
            ],
            [
              116.35178119382509,
              39.944456141503856
            ],
            [
              116.35113768185943,
              39.94445254169911
            ],
            [
              116.35114363709494,
              39.943822142193405
            ],
            [
              116.35178714315548,
              39.94382574191822
            ]
          ]
        ]
      }
    },
    {
      "type": "Feature",
      "id": "BLDG-015",
      "properties": {
        "id": "BLDG-015",
        "layer": "BUILDING_FOOTPRINT",
        "source_type": "agent_generated_design",
        "confidence": "medium",
        "geometry_role": "design_proposal",
        "building_type": "ai_r_and_d",
        "name_zh": "AI研发与产业建筑(大钟寺AI产业核心)",
        "renewal_action": "新建/改造",
        "floor_count": 0,
        "height_m": null,
        "area_sqm_declared": 3850.0
      },
      "geometry": {
        "type": "Polygon",
        "coordinates": [
          [
            [
              116.35177609424993,
              39.94499648395053
            ],
            [
              116.35177014457155,
              39.945626883407115
            ],
            [
              116.35112662163871,
              39.9456232834539
            ],
            [
              116.35113257722257,
              39.94499288407726
            ],
            [
              116.35177609424993,
              39.94499648395053
            ]
          ]
        ]
      }
    },
    {
      "type": "Feature",
      "id": "BLDG-016",
      "properties": {
        "id": "BLDG-016",
        "layer": "BUILDING_FOOTPRINT",
        "source_type": "agent_generated_design",
        "confidence": "medium",
        "geometry_role": "design_proposal",
        "building_type": "ai_r_and_d",
        "name_zh": "AI研发与产业建筑(大钟寺AI产业核心)",
        "renewal_action": "新建/改造",
        "floor_count": 0,
        "height_m": null,
        "area_sqm_declared": 3850.0
      },
      "geometry": {
        "type": "Polygon",
        "coordinates": [
          [
            [
              116.35176504469808,
              39.94616722574316
            ],
            [
              116.35175909467172,
              39.94679762507067
            ],
            [
              116.35111556077112,
              39.94679402496898
            ],
            [
              116.35112151670329,
              39.94616362572141
            ],
            [
              116.35176504469808,
              39.94616722574316
            ]
          ]
        ]
      }
    },
    {
      "type": "Feature",
      "id": "BLDG-017",
      "properties": {
        "id": "BLDG-017",
        "layer": "BUILDING_FOOTPRINT",
        "source_type": "agent_generated_design",
        "confidence": "medium",
        "geometry_role": "design_proposal",
        "building_type": "ai_r_and_d",
        "name_zh": "AI研发与产业建筑(大钟寺AI产业核心)",
        "renewal_action": "新建/改造",
        "floor_count": 0,
        "height_m": null,
        "area_sqm_declared": 3850.0
      },
      "geometry": {
        "type": "Polygon",
        "coordinates": [
          [
            [
              116.35175399449999,
              39.947337967296086
            ],
            [
              116.3517480441256,
              39.94796836649454
            ],
            [
              116.35110449925655,
              39.94796476624438
            ],
            [
              116.35111045553711,
              39.947334367125876
            ],
            [
              116.35175399449999,
              39.947337967296086
            ]
          ]
        ]
      }
    },
    {
      "type": "Feature",
      "id": "BLDG-018",
      "properties": {
        "id": "BLDG-018",
        "layer": "BUILDING_FOOTPRINT",
        "source_type": "agent_generated_design",
        "confidence": "medium",
        "geometry_role": "design_proposal",
        "building_type": "ai_r_and_d",
        "name_zh": "AI研发与产业建筑(大钟寺AI产业核心)",
        "renewal_action": "新建/改造",
        "floor_count": 0,
        "height_m": null,
        "area_sqm_declared": 3850.0
      },
      "geometry": {
        "type": "Polygon",
        "coordinates": [
          [
            [
              116.35174294365554,
              39.948508708609324
            ],
            [
              116.3517369929331,
              39.949139107678725
            ],
            [
              116.35109343709499,
              39.94913550728008
            ],
            [
              116.35109939372393,
              39.94850510829064
            ],
            [
              116.35174294365554,
              39.948508708609324
            ]
          ]
        ]
      }
    },
    {
      "type": "Feature",
      "id": "BLDG-019",
      "properties": {
        "id": "BLDG-019",
        "layer": "BUILDING_FOOTPRINT",
        "source_type": "agent_generated_design",
        "confidence": "medium",
        "geometry_role": "design_proposal",
        "building_type": "ai_r_and_d",
        "name_zh": "AI研发与产业建筑(大钟寺AI产业核心)",
        "renewal_action": "新建/改造",
        "floor_count": 0,
        "height_m": null,
        "area_sqm_declared": 3850.0
      },
      "geometry": {
        "type": "Polygon",
        "coordinates": [
          [
            [
              116.3531182570624,
              39.93914995894174
            ],
            [
              116.35311232093117,
              39.939780359203255
            ],
            [
              116.35246885259652,
              39.93977676713408
            ],
            [
              116.35247479463149,
              39.939146366952336
            ],
            [
              116.3531182570624,
              39.93914995894174
            ]
          ]
        ]
      }
    },
    {
      "type": "Feature",
      "id": "BLDG-020",
      "properties": {
        "id": "BLDG-020",
        "layer": "BUILDING_FOOTPRINT",
        "source_type": "agent_generated_design",
        "confidence": "medium",
        "geometry_role": "design_proposal",
        "building_type": "ai_r_and_d",
        "name_zh": "AI研发与产业建筑(大钟寺AI产业核心)",
        "renewal_action": "新建/改造",
        "floor_count": 0,
        "height_m": null,
        "area_sqm_declared": 3850.0
      },
      "geometry": {
        "type": "Polygon",
        "coordinates": [
          [
            [
              116.35310723266993,
              39.94032070222923
            ],
            [
              116.35310129619151,
              39.940951102361694
            ],
            [
              116.35245781689225,
              39.94094751014437
            ],
            [
              116.35246375927474,
              39.94031711009167
            ],
            [
              116.35310723266993,
              39.94032070222923
            ]
          ]
        ]
      }
    },
    {
      "type": "Feature",
      "id": "BLDG-021",
      "properties": {
        "id": "BLDG-021",
        "layer": "BUILDING_FOOTPRINT",
        "source_type": "agent_generated_design",
        "confidence": "medium",
        "geometry_role": "design_proposal",
        "building_type": "ai_r_and_d",
        "name_zh": "AI研发与产业建筑(大钟寺AI产业核心)",
        "renewal_action": "新建/改造",
        "floor_count": 0,
        "height_m": null,
        "area_sqm_declared": 3850.0
      },
      "geometry": {
        "type": "Polygon",
        "coordinates": [
          [
            [
              116.35309620763263,
              39.94149144527706
            ],
            [
              116.353090270807,
              39.942121845280454
            ],
            [
              116.35244678054248,
              39.94211825291496
            ],
            [
              116.35245272327255,
              39.94148785299135
            ],
            [
              116.35309620763263,
              39.94149144527706
            ]
          ]
        ]
      }
    },
    {
      "type": "Feature",
      "id": "BLDG-022",
      "properties": {
        "id": "BLDG-022",
        "layer": "BUILDING_FOOTPRINT",
        "source_type": "agent_generated_design",
        "confidence": "medium",
        "geometry_role": "design_proposal",
        "building_type": "ai_r_and_d",
        "name_zh": "AI研发与产业建筑(大钟寺AI产业核心)",
        "renewal_action": "新建/改造",
        "floor_count": 0,
        "height_m": null,
        "area_sqm_declared": 3850.0
      },
      "geometry": {
        "type": "Polygon",
        "coordinates": [
          [
            [
              116.3530851819505,
              39.94266218808521
            ],
            [
              116.35307924477763,
              39.94329258795954
            ],
            [
              116.35243574354725,
              39.9432889954459
            ],
            [
              116.35244168662489,
              39.94265859565134
            ],
            [
              116.3530851819505,
              39.94266218808521
            ]
          ]
        ]
      }
    },
    {
      "type": "Feature",
      "id": "BLDG-023",
      "properties": {
        "id": "BLDG-023",
        "layer": "BUILDING_FOOTPRINT",
        "source_type": "agent_generated_design",
        "confidence": "medium",
        "geometry_role": "design_proposal",
        "building_type": "ai_r_and_d",
        "name_zh": "AI研发与产业建筑(大钟寺AI产业核心)",
        "renewal_action": "新建/改造",
        "floor_count": 0,
        "height_m": null,
        "area_sqm_declared": 3850.0
      },
      "geometry": {
        "type": "Polygon",
        "coordinates": [
          [
            [
              116.35307415562347,
              39.94383293065367
            ],
            [
              116.35306821810335,
              39.94446333039895
            ],
            [
              116.35242470590643,
              39.94445973773714
            ],
            [
              116.3524306493317,
              39.943829338071644
            ],
            [
              116.35307415562347,
              39.94383293065367
            ]
          ]
        ]
      }
    },
    {
      "type": "Feature",
      "id": "BLDG-024",
      "properties": {
        "id": "BLDG-024",
        "layer": "BUILDING_FOOTPRINT",
        "source_type": "agent_generated_design",
        "confidence": "medium",
        "geometry_role": "design_proposal",
        "building_type": "ai_r_and_d",
        "name_zh": "AI研发与产业建筑(大钟寺AI产业核心)",
        "renewal_action": "新建/改造",
        "floor_count": 0,
        "height_m": null,
        "area_sqm_declared": 3850.0
      },
      "geometry": {
        "type": "Polygon",
        "coordinates": [
          [
            [
              116.35306312865154,
              39.94500367298245
            ],
            [
              116.35305719078411,
              39.945634072598686
            ],
            [
              116.35241366762004,
              39.94563047978872
            ],
            [
              116.35241961139295,
              39.945000080252264
            ],
            [
              116.35306312865154,
              39.94500367298245
            ]
          ]
        ]
      }
    },
    {
      "type": "Feature",
      "id": "BLDG-025",
      "properties": {
        "id": "BLDG-025",
        "layer": "BUILDING_FOOTPRINT",
        "source_type": "agent_generated_design",
        "confidence": "medium",
        "geometry_role": "design_proposal",
        "building_type": "ai_r_and_d",
        "name_zh": "AI研发与产业建筑(大钟寺AI产业核心)",
        "renewal_action": "新建/改造",
        "floor_count": 0,
        "height_m": null,
        "area_sqm_declared": 3850.0
      },
      "geometry": {
        "type": "Polygon",
        "coordinates": [
          [
            [
              116.35305210103463,
              39.94617441507157
            ],
            [
              116.3530461628199,
              39.94680481455873
            ],
            [
              116.35240262868803,
              39.946801221600595
            ],
            [
              116.35240857280859,
              39.9461708221932
            ],
            [
              116.35305210103463,
              39.94617441507157
            ]
          ]
        ]
      }
    },
    {
      "type": "Feature",
      "id": "BLDG-026",
      "properties": {
        "id": "BLDG-026",
        "layer": "BUILDING_FOOTPRINT",
        "source_type": "agent_generated_design",
        "confidence": "medium",
        "geometry_role": "design_proposal",
        "building_type": "ai_r_and_d",
        "name_zh": "AI研发与产业建筑(大钟寺AI产业核心)",
        "renewal_action": "新建/改造",
        "floor_count": 0,
        "height_m": null,
        "area_sqm_declared": 3850.0
      },
      "geometry": {
        "type": "Polygon",
        "coordinates": [
          [
            [
              116.35304107277273,
              39.947345156920996
            ],
            [
              116.35303513421066,
              39.94797555627911
            ],
            [
              116.35239158911033,
              39.947971963172776
            ],
            [
              116.35239753357855,
              39.947341563894454
            ],
            [
              116.35304107277273,
              39.947345156920996
            ]
          ]
        ]
      }
    },
    {
      "type": "Feature",
      "id": "BLDG-027",
      "properties": {
        "id": "BLDG-027",
        "layer": "BUILDING_FOOTPRINT",
        "source_type": "agent_generated_design",
        "confidence": "medium",
        "geometry_role": "design_proposal",
        "building_type": "ai_r_and_d",
        "name_zh": "AI研发与产业建筑(大钟寺AI产业核心)",
        "renewal_action": "新建/改造",
        "floor_count": 0,
        "height_m": null,
        "area_sqm_declared": 3850.0
      },
      "geometry": {
        "type": "Polygon",
        "coordinates": [
          [
            [
              116.35303004386574,
              39.948515898530744
            ],
            [
              116.35302410495633,
              39.949146297759796
            ],
            [
              116.35238054888693,
              39.9491427045053
            ],
            [
              116.35238649370285,
              39.94851230535604
            ],
            [
              116.35303004386574,
              39.948515898530744
            ]
          ]
        ]
      }
    },
    {
      "type": "Feature",
      "id": "BLDG-028",
      "properties": {
        "id": "BLDG-028",
        "layer": "BUILDING_FOOTPRINT",
        "source_type": "agent_generated_design",
        "confidence": "medium",
        "geometry_role": "design_proposal",
        "building_type": "ai_r_and_d",
        "name_zh": "AI研发与产业建筑(大钟寺AI产业核心)",
        "renewal_action": "新建/改造",
        "floor_count": 0,
        "height_m": null,
        "area_sqm_declared": 3850.0
      },
      "geometry": {
        "type": "Polygon",
        "coordinates": [
          [
            [
              116.35440518227034,
              39.93915713220814
            ],
            [
              116.35439925794662,
              39.939787532628955
            ],
            [
              116.35375578938125,
              39.93978394770155
            ],
            [
              116.35376171960871,
              39.93915354736034
            ],
            [
              116.35440518227034,
              39.93915713220814
            ]
          ]
        ]
      }
    },
    {
      "type": "Feature",
      "id": "BLDG-029",
      "properties": {
        "id": "BLDG-029",
        "layer": "BUILDING_FOOTPRINT",
        "source_type": "agent_generated_design",
        "confidence": "medium",
        "geometry_role": "design_proposal",
        "building_type": "ai_r_and_d",
        "name_zh": "AI研发与产业建筑(大钟寺AI产业核心)",
        "renewal_action": "新建/改造",
        "floor_count": 0,
        "height_m": null,
        "area_sqm_declared": 3850.0
      },
      "geometry": {
        "type": "Polygon",
        "coordinates": [
          [
            [
              116.35439417980638,
              39.940327875791475
            ],
            [
              116.35438825513617,
              39.94095827608324
            ],
            [
              116.35374477560619,
              39.94095469100798
            ],
            [
              116.35375070618049,
              39.94032429079583
            ],
            [
              116.35439417980638,
              39.940327875791475
            ]
          ]
        ]
      }
    },
    {
      "type": "Feature",
      "id": "BLDG-030",
      "properties": {
        "id": "BLDG-030",
        "layer": "BUILDING_FOOTPRINT",
        "source_type": "agent_generated_design",
        "confidence": "medium",
        "geometry_role": "design_proposal",
        "building_type": "ai_r_and_d",
        "name_zh": "AI研发与产业建筑(大钟寺AI产业核心)",
        "renewal_action": "新建/改造",
        "floor_count": 0,
        "height_m": null,
        "area_sqm_declared": 3850.0
      },
      "geometry": {
        "type": "Polygon",
        "coordinates": [
          [
            [
              116.35438317669892,
              39.94149861913515
            ],
            [
              116.35437725168217,
              39.942129019297866
            ],
            [
              116.35373376118693,
              39.942125434074754
            ],
            [
              116.3537396921081,
              39.941495033991664
            ],
            [
              116.35438317669892,
              39.94149861913515
            ]
          ]
        ]
      }
    },
    {
      "type": "Feature",
      "id": "BLDG-031",
      "properties": {
        "id": "BLDG-031",
        "layer": "BUILDING_FOOTPRINT",
        "source_type": "agent_generated_design",
        "confidence": "medium",
        "geometry_role": "design_proposal",
        "building_type": "ai_r_and_d",
        "name_zh": "AI研发与产业建筑(大钟寺AI产业核心)",
        "renewal_action": "新建/改造",
        "floor_count": 0,
        "height_m": null,
        "area_sqm_declared": 3850.0
      },
      "geometry": {
        "type": "Polygon",
        "coordinates": [
          [
            [
              116.35437217294788,
              39.94266936223917
            ],
            [
              116.35436624758458,
              39.94329976227282
            ],
            [
              116.35372274612345,
              39.943296176901846
            ],
            [
              116.35372867739153,
              39.942665776947806
            ],
            [
              116.35437217294788,
              39.94266936223917
            ]
          ]
        ]
      }
    },
    {
      "type": "Feature",
      "id": "BLDG-032",
      "properties": {
        "id": "BLDG-032",
        "layer": "BUILDING_FOOTPRINT",
        "source_type": "agent_generated_design",
        "confidence": "medium",
        "geometry_role": "design_proposal",
        "building_type": "ai_r_and_d",
        "name_zh": "AI研发与产业建筑(大钟寺AI产业核心)",
        "renewal_action": "新建/改造",
        "floor_count": 0,
        "height_m": null,
        "area_sqm_declared": 3850.0
      },
      "geometry": {
        "type": "Polygon",
        "coordinates": [
          [
            [
              116.35436116855323,
              39.94384010510351
            ],
            [
              116.35435524284337,
              39.94447050500812
            ],
            [
              116.35371173041568,
              39.94446691948928
            ],
            [
              116.35371766203068,
              39.94383651966429
            ],
            [
              116.35436116855323,
              39.94384010510351
            ]
          ]
        ]
      }
    },
    {
      "type": "Feature",
      "id": "BLDG-033",
      "properties": {
        "id": "BLDG-033",
        "layer": "BUILDING_FOOTPRINT",
        "source_type": "agent_generated_design",
        "confidence": "medium",
        "geometry_role": "design_proposal",
        "building_type": "ai_r_and_d",
        "name_zh": "AI研发与产业建筑(大钟寺AI产业核心)",
        "renewal_action": "新建/改造",
        "floor_count": 0,
        "height_m": null,
        "area_sqm_declared": 3850.0
      },
      "geometry": {
        "type": "Polygon",
        "coordinates": [
          [
            [
              116.35435016351495,
              39.94501084772819
            ],
            [
              116.35434423745849,
              39.94564124750375
            ],
            [
              116.35370071406362,
              39.945637661837026
            ],
            [
              116.35370664602557,
              39.9450072621411
            ],
            [
              116.35435016351495,
              39.94501084772819
            ]
          ]
        ]
      }
    },
    {
      "type": "Feature",
      "id": "BLDG-034",
      "properties": {
        "id": "BLDG-034",
        "layer": "BUILDING_FOOTPRINT",
        "source_type": "agent_generated_design",
        "confidence": "medium",
        "geometry_role": "design_proposal",
        "building_type": "ai_r_and_d",
        "name_zh": "AI研发与产业建筑(大钟寺AI产业核心)",
        "renewal_action": "新建/改造",
        "floor_count": 0,
        "height_m": null,
        "area_sqm_declared": 3850.0
      },
      "geometry": {
        "type": "Polygon",
        "coordinates": [
          [
            [
              116.35433915783298,
              39.946181590113206
            ],
            [
              116.3543332314299,
              39.94681198975971
            ],
            [
              116.35368969706722,
              39.946808403945106
            ],
            [
              116.35369562937615,
              39.94617800437823
            ],
            [
              116.35433915783298,
              39.946181590113206
            ]
          ]
        ]
      }
    },
    {
      "type": "Feature",
      "id": "BLDG-035",
      "properties": {
        "id": "BLDG-035",
        "layer": "BUILDING_FOOTPRINT",
        "source_type": "agent_generated_design",
        "confidence": "medium",
        "geometry_role": "design_proposal",
        "building_type": "ai_r_and_d",
        "name_zh": "AI研发与产业建筑(大钟寺AI产业核心)",
        "renewal_action": "新建/改造",
        "floor_count": 0,
        "height_m": null,
        "area_sqm_declared": 3850.0
      },
      "geometry": {
        "type": "Polygon",
        "coordinates": [
          [
            [
              116.35432815150727,
              39.947352332258546
            ],
            [
              116.35432222475757,
              39.947982731775994
            ],
            [
              116.35367867942642,
              39.94797914581351
            ],
            [
              116.35368461208233,
              39.9473487463757
            ],
            [
              116.35432815150727,
              39.947352332258546
            ]
          ]
        ]
      }
    },
    {
      "type": "Feature",
      "id": "BLDG-036",
      "properties": {
        "id": "BLDG-036",
        "layer": "BUILDING_FOOTPRINT",
        "source_type": "agent_generated_design",
        "confidence": "medium",
        "geometry_role": "design_proposal",
        "building_type": "ai_r_and_d",
        "name_zh": "AI研发与产业建筑(大钟寺AI产业核心)",
        "renewal_action": "新建/改造",
        "floor_count": 0,
        "height_m": null,
        "area_sqm_declared": 3850.0
      },
      "geometry": {
        "type": "Polygon",
        "coordinates": [
          [
            [
              116.35431714453783,
              39.94852307416422
            ],
            [
              116.35431121744143,
              39.949153473552606
            ],
            [
              116.3536676611412,
              39.94914988744224
            ],
            [
              116.35367359414411,
              39.94851948813347
            ],
            [
              116.35431714453783,
              39.94852307416422
            ]
          ]
        ]
      }
    },
    {
      "type": "Feature",
      "id": "BLDG-037",
      "properties": {
        "id": "BLDG-037",
        "layer": "BUILDING_FOOTPRINT",
        "source_type": "agent_generated_design",
        "confidence": "medium",
        "geometry_role": "design_proposal",
        "building_type": "retail",
        "name_zh": "商业服务建筑(大钟寺商务服务区)",
        "renewal_action": "改造/保留",
        "floor_count": 0,
        "height_m": null,
        "area_sqm_declared": 3850.0
      },
      "geometry": {
        "type": "Polygon",
        "coordinates": [
          [
            [
              116.3504367587824,
              39.95051924067684
            ],
            [
              116.35043079564586,
              39.9511496393638
            ],
            [
              116.34978722113317,
              39.951146031564626
            ],
            [
              116.34979319017677,
              39.95051563295778
            ],
            [
              116.3504367587824,
              39.95051924067684
            ]
          ]
        ]
      }
    },
    {
      "type": "Feature",
      "id": "BLDG-038",
      "properties": {
        "id": "BLDG-038",
        "layer": "BUILDING_FOOTPRINT",
        "source_type": "agent_generated_design",
        "confidence": "medium",
        "geometry_role": "design_proposal",
        "building_type": "retail",
        "name_zh": "商业服务建筑(大钟寺商务服务区)",
        "renewal_action": "改造/保留",
        "floor_count": 0,
        "height_m": null,
        "area_sqm_declared": 3850.0
      },
      "geometry": {
        "type": "Polygon",
        "coordinates": [
          [
            [
              116.35042568423651,
              39.95168998104015
            ],
            [
              116.35041972075122,
              39.952320379598035
            ],
            [
              116.34977613526769,
              39.95231677165007
            ],
            [
              116.34978210466045,
              39.95168637317231
            ],
            [
              116.35042568423651,
              39.95168998104015
            ]
          ]
        ]
      }
    },
    {
      "type": "Feature",
      "id": "BLDG-039",
      "properties": {
        "id": "BLDG-039",
        "layer": "BUILDING_FOOTPRINT",
        "source_type": "agent_generated_design",
        "confidence": "medium",
        "geometry_role": "design_proposal",
        "building_type": "retail",
        "name_zh": "商业服务建筑(大钟寺商务服务区)",
        "renewal_action": "改造/保留",
        "floor_count": 0,
        "height_m": null,
        "area_sqm_declared": 3850.0
      },
      "geometry": {
        "type": "Polygon",
        "coordinates": [
          [
            [
              116.35041460904286,
              39.95286072116376
            ],
            [
              116.35040864520872,
              39.953491119592556
            ],
            [
              116.34976504875378,
              39.9534875114958
            ],
            [
              116.34977101849569,
              39.952857113147125
            ],
            [
              116.35041460904286,
              39.95286072116376
            ]
          ]
        ]
      }
    },
    {
      "type": "Feature",
      "id": "BLDG-040",
      "properties": {
        "id": "BLDG-040",
        "layer": "BUILDING_FOOTPRINT",
        "source_type": "agent_generated_design",
        "confidence": "medium",
        "geometry_role": "design_proposal",
        "building_type": "retail",
        "name_zh": "商业服务建筑(大钟寺商务服务区)",
        "renewal_action": "改造/保留",
        "floor_count": 0,
        "height_m": null,
        "area_sqm_declared": 3850.0
      },
      "geometry": {
        "type": "Polygon",
        "coordinates": [
          [
            [
              116.3504035332014,
              39.954031461047656
            ],
            [
              116.35039756901841,
              39.954661859347375
            ],
            [
              116.34975396159138,
              39.95465825110182
            ],
            [
              116.34975993168248,
              39.95402785288223
            ],
            [
              116.3504035332014,
              39.954031461047656
            ]
          ]
        ]
      }
    },
    {
      "type": "Feature",
      "id": "BLDG-041",
      "properties": {
        "id": "BLDG-041",
        "layer": "BUILDING_FOOTPRINT",
        "source_type": "agent_generated_design",
        "confidence": "medium",
        "geometry_role": "design_proposal",
        "building_type": "retail",
        "name_zh": "商业服务建筑(大钟寺商务服务区)",
        "renewal_action": "改造/保留",
        "floor_count": 0,
        "height_m": null,
        "area_sqm_declared": 3850.0
      },
      "geometry": {
        "type": "Polygon",
        "coordinates": [
          [
            [
              116.35039245671207,
              39.95520220069183
            ],
            [
              116.35038649218023,
              39.95583259886248
            ],
            [
              116.34974287378044,
              39.95582899046812
            ],
            [
              116.34974884422077,
              39.955198592377606
            ],
            [
              116.35039245671207,
              39.95520220069183
            ]
          ]
        ]
      }
    },
    {
      "type": "Feature",
      "id": "BLDG-042",
      "properties": {
        "id": "BLDG-042",
        "layer": "BUILDING_FOOTPRINT",
        "source_type": "agent_generated_design",
        "confidence": "medium",
        "geometry_role": "design_proposal",
        "building_type": "retail",
        "name_zh": "商业服务建筑(大钟寺商务服务区)",
        "renewal_action": "改造/保留",
        "floor_count": 0,
        "height_m": null,
        "area_sqm_declared": 3850.0
      },
      "geometry": {
        "type": "Polygon",
        "coordinates": [
          [
            [
              116.35038137957484,
              39.95637294009629
            ],
            [
              116.35037541469413,
              39.95700333813785
            ],
            [
              116.34973178532096,
              39.956999729594706
            ],
            [
              116.34973775611051,
              39.95636933163326
            ],
            [
              116.35038137957484,
              39.95637294009629
            ]
          ]
        ]
      }
    },
    {
      "type": "Feature",
      "id": "BLDG-043",
      "properties": {
        "id": "BLDG-043",
        "layer": "BUILDING_FOOTPRINT",
        "source_type": "agent_generated_design",
        "confidence": "medium",
        "geometry_role": "design_proposal",
        "building_type": "retail",
        "name_zh": "商业服务建筑(大钟寺商务服务区)",
        "renewal_action": "改造/保留",
        "floor_count": 0,
        "height_m": null,
        "area_sqm_declared": 3850.0
      },
      "geometry": {
        "type": "Polygon",
        "coordinates": [
          [
            [
              116.35037030178968,
              39.957543679261036
            ],
            [
              116.35036433656003,
              39.95817407717354
            ],
            [
              116.34972069621286,
              39.95817046848157
            ],
            [
              116.34972666735166,
              39.9575400706492
            ],
            [
              116.35037030178968,
              39.957543679261036
            ]
          ]
        ]
      }
    },
    {
      "type": "Feature",
      "id": "BLDG-044",
      "properties": {
        "id": "BLDG-044",
        "layer": "BUILDING_FOOTPRINT",
        "source_type": "agent_generated_design",
        "confidence": "medium",
        "geometry_role": "design_proposal",
        "building_type": "retail",
        "name_zh": "商业服务建筑(大钟寺商务服务区)",
        "renewal_action": "改造/保留",
        "floor_count": 0,
        "height_m": null,
        "area_sqm_declared": 3850.0
      },
      "geometry": {
        "type": "Polygon",
        "coordinates": [
          [
            [
              116.35172389634133,
              39.95052644539826
            ],
            [
              116.35171794501902,
              39.951156844245205
            ],
            [
              116.35107437027455,
              39.95115324359066
            ],
            [
              116.35108032750396,
              39.95052284482366
            ],
            [
              116.35172389634133,
              39.95052644539826
            ]
          ]
        ]
      }
    },
    {
      "type": "Feature",
      "id": "BLDG-045",
      "properties": {
        "id": "BLDG-045",
        "layer": "BUILDING_FOOTPRINT",
        "source_type": "agent_generated_design",
        "confidence": "medium",
        "geometry_role": "design_proposal",
        "building_type": "retail",
        "name_zh": "商业服务建筑(大钟寺商务服务区)",
        "renewal_action": "改造/保留",
        "floor_count": 0,
        "height_m": null,
        "area_sqm_declared": 3850.0
      },
      "geometry": {
        "type": "Polygon",
        "coordinates": [
          [
            [
              116.35171284373642,
              39.95169718605869
            ],
            [
              116.35170689206596,
              39.952327584776576
            ],
            [
              116.35106330635067,
              39.95232398397354
            ],
            [
              116.35106926392855,
              39.95169358533561
            ],
            [
              116.35171284373642,
              39.95169718605869
            ]
          ]
        ]
      }
    },
    {
      "type": "Feature",
      "id": "BLDG-046",
      "properties": {
        "id": "BLDG-046",
        "layer": "BUILDING_FOOTPRINT",
        "source_type": "agent_generated_design",
        "confidence": "medium",
        "geometry_role": "design_proposal",
        "building_type": "retail",
        "name_zh": "商业服务建筑(大钟寺商务服务区)",
        "renewal_action": "改造/保留",
        "floor_count": 0,
        "height_m": null,
        "area_sqm_declared": 3850.0
      },
      "geometry": {
        "type": "Polygon",
        "coordinates": [
          [
            [
              116.35170179048498,
              39.95286792647943
            ],
            [
              116.35169583846643,
              39.95349832506824
            ],
            [
              116.35105224177966,
              39.95349472411671
            ],
            [
              116.35105819970602,
              39.952864325607855
            ],
            [
              116.35170179048498,
              39.95286792647943
            ]
          ]
        ]
      }
    },
    {
      "type": "Feature",
      "id": "BLDG-047",
      "properties": {
        "id": "BLDG-047",
        "layer": "BUILDING_FOOTPRINT",
        "source_type": "agent_generated_design",
        "confidence": "medium",
        "geometry_role": "design_proposal",
        "building_type": "retail",
        "name_zh": "商业服务建筑(大钟寺商务服务区)",
        "renewal_action": "改造/保留",
        "floor_count": 0,
        "height_m": null,
        "area_sqm_declared": 3850.0
      },
      "geometry": {
        "type": "Polygon",
        "coordinates": [
          [
            [
              116.35169073658703,
              39.95403866666048
            ],
            [
              116.35168478422031,
              39.95466906512021
            ],
            [
              116.35104117656142,
              39.954665464020174
            ],
            [
              116.35104713483629,
              39.9540350656404
            ],
            [
              116.35169073658703,
              39.95403866666048
            ]
          ]
        ]
      }
    },
    {
      "type": "Feature",
      "id": "BLDG-048",
      "properties": {
        "id": "BLDG-048",
        "layer": "BUILDING_FOOTPRINT",
        "source_type": "agent_generated_design",
        "confidence": "medium",
        "geometry_role": "design_proposal",
        "building_type": "retail",
        "name_zh": "商业服务建筑(大钟寺商务服务区)",
        "renewal_action": "改造/保留",
        "floor_count": 0,
        "height_m": null,
        "area_sqm_declared": 3850.0
      },
      "geometry": {
        "type": "Polygon",
        "coordinates": [
          [
            [
              116.35167968204249,
              39.95520940660181
            ],
            [
              116.35167372932759,
              39.95583980493247
            ],
            [
              116.35103011069599,
              39.95583620368393
            ],
            [
              116.35103606931933,
              39.95520580543323
            ],
            [
              116.35167968204249,
              39.95520940660181
            ]
          ]
        ]
      }
    },
    {
      "type": "Feature",
      "id": "BLDG-049",
      "properties": {
        "id": "BLDG-049",
        "layer": "BUILDING_FOOTPRINT",
        "source_type": "agent_generated_design",
        "confidence": "medium",
        "geometry_role": "design_proposal",
        "building_type": "retail",
        "name_zh": "商业服务建筑(大钟寺商务服务区)",
        "renewal_action": "改造/保留",
        "floor_count": 0,
        "height_m": null,
        "area_sqm_declared": 3850.0
      },
      "geometry": {
        "type": "Polygon",
        "coordinates": [
          [
            [
              116.35166862685132,
              39.956380146303445
            ],
            [
              116.35166267378824,
              39.95701054450503
            ],
            [
              116.35101904418325,
              39.95700694310797
            ],
            [
              116.35102500315516,
              39.95637654498635
            ],
            [
              116.35166862685132,
              39.956380146303445
            ]
          ]
        ]
      }
    },
    {
      "type": "Feature",
      "id": "BLDG-050",
      "properties": {
        "id": "BLDG-050",
        "layer": "BUILDING_FOOTPRINT",
        "source_type": "agent_generated_design",
        "confidence": "medium",
        "geometry_role": "design_proposal",
        "building_type": "retail",
        "name_zh": "商业服务建筑(大钟寺商务服务区)",
        "renewal_action": "改造/保留",
        "floor_count": 0,
        "height_m": null,
        "area_sqm_declared": 3850.0
      },
      "geometry": {
        "type": "Polygon",
        "coordinates": [
          [
            [
              116.3516575710135,
              39.95755088576536
            ],
            [
              116.3516516176022,
              39.95818128383788
            ],
            [
              116.35100797702317,
              39.95817768229231
            ],
            [
              116.35101393634365,
              39.957547284299764
            ],
            [
              116.3516575710135,
              39.95755088576536
            ]
          ]
        ]
      }
    },
    {
      "type": "Feature",
      "id": "BLDG-051",
      "properties": {
        "id": "BLDG-051",
        "layer": "BUILDING_FOOTPRINT",
        "source_type": "agent_generated_design",
        "confidence": "medium",
        "geometry_role": "design_proposal",
        "building_type": "retail",
        "name_zh": "商业服务建筑(大钟寺商务服务区)",
        "renewal_action": "改造/保留",
        "floor_count": 0,
        "height_m": null,
        "area_sqm_declared": 3850.0
      },
      "geometry": {
        "type": "Polygon",
        "coordinates": [
          [
            [
              116.35301103436313,
              39.95053363583073
            ],
            [
              116.35300509485502,
              39.95116403483733
            ],
            [
              116.35236151987921,
              39.95116044132743
            ],
            [
              116.35236746529445,
              39.9505300424006
            ],
            [
              116.35301103436313,
              39.95053363583073
            ]
          ]
        ]
      }
    },
    {
      "type": "Feature",
      "id": "BLDG-052",
      "properties": {
        "id": "BLDG-052",
        "layer": "BUILDING_FOOTPRINT",
        "source_type": "agent_generated_design",
        "confidence": "medium",
        "geometry_role": "design_proposal",
        "building_type": "retail",
        "name_zh": "商业服务建筑(大钟寺商务服务区)",
        "renewal_action": "改造/保留",
        "floor_count": 0,
        "height_m": null,
        "area_sqm_declared": 3850.0
      },
      "geometry": {
        "type": "Polygon",
        "coordinates": [
          [
            [
              116.35300000369918,
              39.951704376787696
            ],
            [
              116.35299406384362,
              39.95233477566525
            ],
            [
              116.352350477897,
              39.95233118200715
            ],
            [
              116.35235642365998,
              39.95170078320939
            ],
            [
              116.35300000369918,
              39.951704376787696
            ]
          ]
        ]
      }
    },
    {
      "type": "Feature",
      "id": "BLDG-053",
      "properties": {
        "id": "BLDG-053",
        "layer": "BUILDING_FOOTPRINT",
        "source_type": "agent_generated_design",
        "confidence": "medium",
        "geometry_role": "design_proposal",
        "building_type": "retail",
        "name_zh": "商业服务建筑(大钟寺商务服务区)",
        "renewal_action": "改造/保留",
        "floor_count": 0,
        "height_m": null,
        "area_sqm_declared": 3850.0
      },
      "geometry": {
        "type": "Polygon",
        "coordinates": [
          [
            [
              116.35298897239,
              39.95287511750498
            ],
            [
              116.35298303218704,
              39.95350551625348
            ],
            [
              116.3523394352689,
              39.95350192244716
            ],
            [
              116.35234538137968,
              39.95287152377848
            ],
            [
              116.35298897239,
              39.95287511750498
            ]
          ]
        ]
      }
    },
    {
      "type": "Feature",
      "id": "BLDG-054",
      "properties": {
        "id": "BLDG-054",
        "layer": "BUILDING_FOOTPRINT",
        "source_type": "agent_generated_design",
        "confidence": "medium",
        "geometry_role": "design_proposal",
        "building_type": "retail",
        "name_zh": "商业服务建筑(大钟寺商务服务区)",
        "renewal_action": "改造/保留",
        "floor_count": 0,
        "height_m": null,
        "area_sqm_declared": 3850.0
      },
      "geometry": {
        "type": "Polygon",
        "coordinates": [
          [
            [
              116.35297794043558,
              39.95404585798258
            ],
            [
              116.35297199988516,
              39.954676256602006
            ],
            [
              116.35232839199493,
              39.95467266264748
            ],
            [
              116.35233433845349,
              39.95404226410786
            ],
            [
              116.35297794043558,
              39.95404585798258
            ]
          ]
        ]
      }
    },
    {
      "type": "Feature",
      "id": "BLDG-055",
      "properties": {
        "id": "BLDG-055",
        "layer": "BUILDING_FOOTPRINT",
        "source_type": "agent_generated_design",
        "confidence": "medium",
        "geometry_role": "design_proposal",
        "building_type": "retail",
        "name_zh": "商业服务建筑(大钟寺商务服务区)",
        "renewal_action": "改造/保留",
        "floor_count": 0,
        "height_m": null,
        "area_sqm_declared": 3850.0
      },
      "geometry": {
        "type": "Polygon",
        "coordinates": [
          [
            [
              116.35296690783586,
              39.95521659822047
            ],
            [
              116.35296096693794,
              39.95584699671083
            ],
            [
              116.35231734807496,
              39.95584340260811
            ],
            [
              116.35232329488134,
              39.95521300419755
            ],
            [
              116.35296690783586,
              39.95521659822047
            ]
          ]
        ]
      }
    },
    {
      "type": "Feature",
      "id": "BLDG-056",
      "properties": {
        "id": "BLDG-056",
        "layer": "BUILDING_FOOTPRINT",
        "source_type": "agent_generated_design",
        "confidence": "medium",
        "geometry_role": "design_proposal",
        "building_type": "retail",
        "name_zh": "商业服务建筑(大钟寺商务服务区)",
        "renewal_action": "改造/保留",
        "floor_count": 0,
        "height_m": null,
        "area_sqm_declared": 3850.0
      },
      "geometry": {
        "type": "Polygon",
        "coordinates": [
          [
            [
              116.3529558745908,
              39.95638733821868
            ],
            [
              116.3529499333454,
              39.95701773657996
            ],
            [
              116.35230630350901,
              39.95701414232902
            ],
            [
              116.35231225066325,
              39.95638374404755
            ],
            [
              116.3529558745908,
              39.95638733821868
            ]
          ]
        ]
      }
    },
    {
      "type": "Feature",
      "id": "BLDG-057",
      "properties": {
        "id": "BLDG-057",
        "layer": "BUILDING_FOOTPRINT",
        "source_type": "agent_generated_design",
        "confidence": "medium",
        "geometry_role": "design_proposal",
        "building_type": "retail",
        "name_zh": "商业服务建筑(大钟寺商务服务区)",
        "renewal_action": "改造/保留",
        "floor_count": 0,
        "height_m": null,
        "area_sqm_declared": 3850.0
      },
      "geometry": {
        "type": "Polygon",
        "coordinates": [
          [
            [
              116.35294484070037,
              39.95755807797718
            ],
            [
              116.35293889910741,
              39.95818847620941
            ],
            [
              116.352295258297,
              39.95818488181025
            ],
            [
              116.35230120579912,
              39.95755448365784
            ],
            [
              116.35294484070037,
              39.95755807797718
            ]
          ]
        ]
      }
    },
    {
      "type": "Feature",
      "id": "BLDG-058",
      "properties": {
        "id": "BLDG-058",
        "layer": "BUILDING_FOOTPRINT",
        "source_type": "agent_generated_design",
        "confidence": "medium",
        "geometry_role": "design_proposal",
        "building_type": "retail",
        "name_zh": "商业服务建筑(大钟寺商务服务区)",
        "renewal_action": "改造/保留",
        "floor_count": 0,
        "height_m": null,
        "area_sqm_declared": 3850.0
      },
      "geometry": {
        "type": "Polygon",
        "coordinates": [
          [
            [
              116.35429817284685,
              39.95054081197422
            ],
            [
              116.35429224515298,
              39.95117121114019
            ],
            [
              116.3536486699463,
              39.95116762477493
            ],
            [
              116.35365460354731,
              39.95053722568859
            ],
            [
              116.35429817284685,
              39.95054081197422
            ]
          ]
        ]
      }
    },
    {
      "type": "Feature",
      "id": "BLDG-059",
      "properties": {
        "id": "BLDG-059",
        "layer": "BUILDING_FOOTPRINT",
        "source_type": "agent_generated_design",
        "confidence": "medium",
        "geometry_role": "design_proposal",
        "building_type": "retail",
        "name_zh": "商业服务建筑(大钟寺商务服务区)",
        "renewal_action": "改造/保留",
        "floor_count": 0,
        "height_m": null,
        "area_sqm_declared": 3850.0
      },
      "geometry": {
        "type": "Polygon",
        "coordinates": [
          [
            [
              116.35428716412389,
              39.951711553227135
            ],
            [
              116.35428123608328,
              39.95234195226406
            ],
            [
              116.35363764990576,
              39.95233836575088
            ],
            [
              116.35364358385382,
              39.95170796679361
            ],
            [
              116.35428716412389,
              39.951711553227135
            ]
          ]
        ]
      }
    },
    {
      "type": "Feature",
      "id": "BLDG-060",
      "properties": {
        "id": "BLDG-060",
        "layer": "BUILDING_FOOTPRINT",
        "source_type": "agent_generated_design",
        "confidence": "medium",
        "geometry_role": "design_proposal",
        "building_type": "retail",
        "name_zh": "商业服务建筑(大钟寺商务服务区)",
        "renewal_action": "改造/保留",
        "floor_count": 0,
        "height_m": null,
        "area_sqm_declared": 3850.0
      },
      "geometry": {
        "type": "Polygon",
        "coordinates": [
          [
            [
              116.35427615475699,
              39.95288229424038
            ],
            [
              116.35427022636965,
              39.95351269314824
            ],
            [
              116.35362662922063,
              39.953509106487154
            ],
            [
              116.35363256351582,
              39.952878707658954
            ],
            [
              116.35427615475699,
              39.95288229424038
            ]
          ]
        ]
      }
    },
    {
      "type": "Feature",
      "id": "BLDG-061",
      "properties": {
        "id": "BLDG-061",
        "layer": "BUILDING_FOOTPRINT",
        "source_type": "agent_generated_design",
        "confidence": "medium",
        "geometry_role": "design_proposal",
        "building_type": "retail",
        "name_zh": "商业服务建筑(大钟寺商务服务区)",
        "renewal_action": "改造/保留",
        "floor_count": 0,
        "height_m": null,
        "area_sqm_declared": 3850.0
      },
      "geometry": {
        "type": "Polygon",
        "coordinates": [
          [
            [
              116.35426514474614,
              39.954053035013935
            ],
            [
              116.35425921601201,
              39.95468343379274
            ],
            [
              116.35361560789087,
              39.954679846983744
            ],
            [
              116.35362154253318,
              39.95404944828461
            ],
            [
              116.35426514474614,
              39.954053035013935
            ]
          ]
        ]
      }
    },
    {
      "type": "Feature",
      "id": "BLDG-062",
      "properties": {
        "id": "BLDG-062",
        "layer": "BUILDING_FOOTPRINT",
        "source_type": "agent_generated_design",
        "confidence": "medium",
        "geometry_role": "design_proposal",
        "building_type": "retail",
        "name_zh": "商业服务建筑(大钟寺商务服务区)",
        "renewal_action": "改造/保留",
        "floor_count": 0,
        "height_m": null,
        "area_sqm_declared": 3850.0
      },
      "geometry": {
        "type": "Polygon",
        "coordinates": [
          [
            [
              116.35425413409129,
              39.95522377554783
            ],
            [
              116.35424820501035,
              39.95585417419755
            ],
            [
              116.35360458591646,
              39.95585058724064
            ],
            [
              116.35361052090586,
              39.95522018867056
            ],
            [
              116.35425413409129,
              39.95522377554783
            ]
          ]
        ]
      }
    },
    {
      "type": "Feature",
      "id": "BLDG-063",
      "properties": {
        "id": "BLDG-063",
        "layer": "BUILDING_FOOTPRINT",
        "source_type": "agent_generated_design",
        "confidence": "medium",
        "geometry_role": "design_proposal",
        "building_type": "retail",
        "name_zh": "商业服务建筑(大钟寺商务服务区)",
        "renewal_action": "改造/保留",
        "floor_count": 0,
        "height_m": null,
        "area_sqm_declared": 3850.0
      },
      "geometry": {
        "type": "Polygon",
        "coordinates": [
          [
            [
              116.35424312279235,
              39.95639451584201
            ],
            [
              116.35423719336463,
              39.95702491436268
            ],
            [
              116.3535935632973,
              39.95702132725786
            ],
            [
              116.35359949863387,
              39.95639092881684
            ],
            [
              116.35424312279235,
              39.95639451584201
            ]
          ]
        ]
      }
    },
    {
      "type": "Feature",
      "id": "BLDG-064",
      "properties": {
        "id": "BLDG-064",
        "layer": "BUILDING_FOOTPRINT",
        "source_type": "agent_generated_design",
        "confidence": "medium",
        "geometry_role": "design_proposal",
        "building_type": "retail",
        "name_zh": "商业服务建筑(大钟寺商务服务区)",
        "renewal_action": "改造/保留",
        "floor_count": 0,
        "height_m": null,
        "area_sqm_declared": 3850.0
      },
      "geometry": {
        "type": "Polygon",
        "coordinates": [
          [
            [
              116.35423211084934,
              39.95756525589652
            ],
            [
              116.35422618107476,
              39.958195654288126
            ],
            [
              116.35358254003339,
              39.95819206703536
            ],
            [
              116.35358847571715,
              39.95756166872341
            ],
            [
              116.35423211084934,
              39.95756525589652
            ]
          ]
        ]
      }
    },
    {
      "type": "Feature",
      "id": "BLDG-065",
      "properties": {
        "id": "BLDG-065",
        "layer": "BUILDING_FOOTPRINT",
        "source_type": "agent_generated_design",
        "confidence": "medium",
        "geometry_role": "design_proposal",
        "building_type": "ai_r_and_d",
        "name_zh": "AI研发与产业建筑(AI成果转化研发区)",
        "renewal_action": "新建/改造",
        "floor_count": 0,
        "height_m": null,
        "area_sqm_declared": 3850.0
      },
      "geometry": {
        "type": "Polygon",
        "coordinates": [
          [
            [
              116.35035390999657,
              39.95927589534558
            ],
            [
              116.35034794425064,
              39.959906293067085
            ],
            [
              116.34970428766523,
              39.95990268415494
            ],
            [
              116.34971025932084,
              39.95927228651355
            ],
            [
              116.35035390999657,
              39.95927589534558
            ]
          ]
        ]
      }
    },
    {
      "type": "Feature",
      "id": "BLDG-066",
      "properties": {
        "id": "BLDG-066",
        "layer": "BUILDING_FOOTPRINT",
        "source_type": "agent_generated_design",
        "confidence": "medium",
        "geometry_role": "design_proposal",
        "building_type": "ai_r_and_d",
        "name_zh": "AI研发与产业建筑(AI成果转化研发区)",
        "renewal_action": "新建/改造",
        "floor_count": 0,
        "height_m": null,
        "area_sqm_declared": 3850.0
      },
      "geometry": {
        "type": "Polygon",
        "coordinates": [
          [
            [
              116.35034283060457,
              39.96044663391592
            ],
            [
              116.35033686450969,
              39.96107703150835
            ],
            [
              116.34969319694866,
              39.96107342244737
            ],
            [
              116.3496991689536,
              39.960443024935074
            ],
            [
              116.35034283060457,
              39.96044663391592
            ]
          ]
        ]
      }
    },
    {
      "type": "Feature",
      "id": "BLDG-067",
      "properties": {
        "id": "BLDG-067",
        "layer": "BUILDING_FOOTPRINT",
        "source_type": "agent_generated_design",
        "confidence": "medium",
        "geometry_role": "design_proposal",
        "building_type": "ai_r_and_d",
        "name_zh": "AI研发与产业建筑(AI成果转化研发区)",
        "renewal_action": "新建/改造",
        "floor_count": 0,
        "height_m": null,
        "area_sqm_declared": 3850.0
      },
      "geometry": {
        "type": "Polygon",
        "coordinates": [
          [
            [
              116.3503317505645,
              39.96161737224654
            ],
            [
              116.35032578412061,
              39.96224776970989
            ],
            [
              116.34968210558335,
              39.96224416050007
            ],
            [
              116.34968807793761,
              39.96161376311687
            ],
            [
              116.3503317505645,
              39.96161737224654
            ]
          ]
        ]
      }
    },
    {
      "type": "Feature",
      "id": "BLDG-068",
      "properties": {
        "id": "BLDG-068",
        "layer": "BUILDING_FOOTPRINT",
        "source_type": "agent_generated_design",
        "confidence": "medium",
        "geometry_role": "design_proposal",
        "building_type": "ai_r_and_d",
        "name_zh": "AI研发与产业建筑(AI成果转化研发区)",
        "renewal_action": "新建/改造",
        "floor_count": 0,
        "height_m": null,
        "area_sqm_declared": 3850.0
      },
      "geometry": {
        "type": "Polygon",
        "coordinates": [
          [
            [
              116.35032066987627,
              39.962788110337435
            ],
            [
              116.35031470308337,
              39.963418507671705
            ],
            [
              116.34967101356925,
              39.96341489831306
            ],
            [
              116.34967698627284,
              39.962784501058934
            ],
            [
              116.35032066987627,
              39.962788110337435
            ]
          ]
        ]
      }
    },
    {
      "type": "Feature",
      "id": "BLDG-069",
      "properties": {
        "id": "BLDG-069",
        "layer": "BUILDING_FOOTPRINT",
        "source_type": "agent_generated_design",
        "confidence": "medium",
        "geometry_role": "design_proposal",
        "building_type": "ai_r_and_d",
        "name_zh": "AI研发与产业建筑(AI成果转化研发区)",
        "renewal_action": "新建/改造",
        "floor_count": 0,
        "height_m": null,
        "area_sqm_declared": 3850.0
      },
      "geometry": {
        "type": "Polygon",
        "coordinates": [
          [
            [
              116.35030958853987,
              39.9639588481886
            ],
            [
              116.35030362139796,
              39.964589245393775
            ],
            [
              116.34965992090626,
              39.964585635886294
            ],
            [
              116.34966589395925,
              39.96395523876125
            ],
            [
              116.35030958853987,
              39.9639588481886
            ]
          ]
        ]
      }
    },
    {
      "type": "Feature",
      "id": "BLDG-070",
      "properties": {
        "id": "BLDG-070",
        "layer": "BUILDING_FOOTPRINT",
        "source_type": "agent_generated_design",
        "confidence": "medium",
        "geometry_role": "design_proposal",
        "building_type": "ai_r_and_d",
        "name_zh": "AI研发与产业建筑(AI成果转化研发区)",
        "renewal_action": "新建/改造",
        "floor_count": 0,
        "height_m": null,
        "area_sqm_declared": 3850.0
      },
      "geometry": {
        "type": "Polygon",
        "coordinates": [
          [
            [
              116.35029850655526,
              39.96512958580004
            ],
            [
              116.35029253906427,
              39.965759982876136
            ],
            [
              116.34964882759442,
              39.96575637321981
            ],
            [
              116.34965480099684,
              39.96512597622386
            ],
            [
              116.35029850655526,
              39.96512958580004
            ]
          ]
        ]
      }
    },
    {
      "type": "Feature",
      "id": "BLDG-071",
      "properties": {
        "id": "BLDG-071",
        "layer": "BUILDING_FOOTPRINT",
        "source_type": "agent_generated_design",
        "confidence": "medium",
        "geometry_role": "design_proposal",
        "building_type": "ai_r_and_d",
        "name_zh": "AI研发与产业建筑(AI成果转化研发区)",
        "renewal_action": "新建/改造",
        "floor_count": 0,
        "height_m": null,
        "area_sqm_declared": 3850.0
      },
      "geometry": {
        "type": "Polygon",
        "coordinates": [
          [
            [
              116.3502874239224,
              39.966300323171744
            ],
            [
              116.35028145608231,
              39.96693072011874
            ],
            [
              116.34963773363367,
              39.96692711031358
            ],
            [
              116.3496437073855,
              39.96629671344672
            ],
            [
              116.3502874239224,
              39.966300323171744
            ]
          ]
        ]
      }
    },
    {
      "type": "Feature",
      "id": "BLDG-072",
      "properties": {
        "id": "BLDG-072",
        "layer": "BUILDING_FOOTPRINT",
        "source_type": "agent_generated_design",
        "confidence": "medium",
        "geometry_role": "design_proposal",
        "building_type": "ai_r_and_d",
        "name_zh": "AI研发与产业建筑(AI成果转化研发区)",
        "renewal_action": "新建/改造",
        "floor_count": 0,
        "height_m": null,
        "area_sqm_declared": 3850.0
      },
      "geometry": {
        "type": "Polygon",
        "coordinates": [
          [
            [
              116.35027634064122,
              39.967471060303716
            ],
            [
              116.35027037245204,
              39.968101457121634
            ],
            [
              116.34962663902392,
              39.96809784716761
            ],
            [
              116.34963261312521,
              39.967467450429844
            ],
            [
              116.35027634064122,
              39.967471060303716
            ]
          ]
        ]
      }
    },
    {
      "type": "Feature",
      "id": "BLDG-073",
      "properties": {
        "id": "BLDG-073",
        "layer": "BUILDING_FOOTPRINT",
        "source_type": "agent_generated_design",
        "confidence": "medium",
        "geometry_role": "design_proposal",
        "building_type": "ai_r_and_d",
        "name_zh": "AI研发与产业建筑(AI成果转化研发区)",
        "renewal_action": "新建/改造",
        "floor_count": 0,
        "height_m": null,
        "area_sqm_declared": 3850.0
      },
      "geometry": {
        "type": "Polygon",
        "coordinates": [
          [
            [
              116.3502652567117,
              39.96864179719596
            ],
            [
              116.35025928817339,
              39.9692721938848
            ],
            [
              116.34961554376518,
              39.969268583781904
            ],
            [
              116.34962151821594,
              39.968638187173234
            ],
            [
              116.3502652567117,
              39.96864179719596
            ]
          ]
        ]
      }
    },
    {
      "type": "Feature",
      "id": "BLDG-074",
      "properties": {
        "id": "BLDG-074",
        "layer": "BUILDING_FOOTPRINT",
        "source_type": "agent_generated_design",
        "confidence": "medium",
        "geometry_role": "design_proposal",
        "building_type": "ai_r_and_d",
        "name_zh": "AI研发与产业建筑(AI成果转化研发区)",
        "renewal_action": "新建/改造",
        "floor_count": 0,
        "height_m": null,
        "area_sqm_declared": 3850.0
      },
      "geometry": {
        "type": "Polygon",
        "coordinates": [
          [
            [
              116.35025417213379,
              39.96981253384847
            ],
            [
              116.35024820324632,
              39.970442930408204
            ],
            [
              116.34960444785739,
              39.97043932015645
            ],
            [
              116.34961042265762,
              39.969808923676865
            ],
            [
              116.35025417213379,
              39.96981253384847
            ]
          ]
        ]
      }
    },
    {
      "type": "Feature",
      "id": "BLDG-075",
      "properties": {
        "id": "BLDG-075",
        "layer": "BUILDING_FOOTPRINT",
        "source_type": "agent_generated_design",
        "confidence": "medium",
        "geometry_role": "design_proposal",
        "building_type": "ai_r_and_d",
        "name_zh": "AI研发与产业建筑(AI成果转化研发区)",
        "renewal_action": "新建/改造",
        "floor_count": 0,
        "height_m": null,
        "area_sqm_declared": 3850.0
      },
      "geometry": {
        "type": "Polygon",
        "coordinates": [
          [
            [
              116.35024308690744,
              39.97098327026123
            ],
            [
              116.35023711767082,
              39.97161366669188
            ],
            [
              116.34959335130048,
              39.971610056291254
            ],
            [
              116.34959932645023,
              39.97097965994077
            ],
            [
              116.35024308690744,
              39.97098327026123
            ]
          ]
        ]
      }
    },
    {
      "type": "Feature",
      "id": "BLDG-076",
      "properties": {
        "id": "BLDG-076",
        "layer": "BUILDING_FOOTPRINT",
        "source_type": "agent_generated_design",
        "confidence": "medium",
        "geometry_role": "design_proposal",
        "building_type": "ai_r_and_d",
        "name_zh": "AI研发与产业建筑(AI成果转化研发区)",
        "renewal_action": "新建/改造",
        "floor_count": 0,
        "height_m": null,
        "area_sqm_declared": 3850.0
      },
      "geometry": {
        "type": "Polygon",
        "coordinates": [
          [
            [
              116.35023200103262,
              39.97215400643425
            ],
            [
              116.35022603144682,
              39.97278440273581
            ],
            [
              116.34958225409446,
              39.97278079218632
            ],
            [
              116.34958822959375,
              39.972150395964924
            ],
            [
              116.35023200103262,
              39.97215400643425
            ]
          ]
        ]
      }
    },
    {
      "type": "Feature",
      "id": "BLDG-077",
      "properties": {
        "id": "BLDG-077",
        "layer": "BUILDING_FOOTPRINT",
        "source_type": "agent_generated_design",
        "confidence": "medium",
        "geometry_role": "design_proposal",
        "building_type": "ai_r_and_d",
        "name_zh": "AI研发与产业建筑(AI成果转化研发区)",
        "renewal_action": "新建/改造",
        "floor_count": 0,
        "height_m": null,
        "area_sqm_declared": 3850.0
      },
      "geometry": {
        "type": "Polygon",
        "coordinates": [
          [
            [
              116.35022091450931,
              39.973324742367545
            ],
            [
              116.35021494457428,
              39.97395513854001
            ],
            [
              116.34957115623925,
              39.973951527841635
            ],
            [
              116.3495771320881,
              39.97332113174934
            ],
            [
              116.35022091450931,
              39.973324742367545
            ]
          ]
        ]
      }
    },
    {
      "type": "Feature",
      "id": "BLDG-078",
      "properties": {
        "id": "BLDG-078",
        "layer": "BUILDING_FOOTPRINT",
        "source_type": "agent_generated_design",
        "confidence": "medium",
        "geometry_role": "design_proposal",
        "building_type": "ai_r_and_d",
        "name_zh": "AI研发与产业建筑(AI成果转化研发区)",
        "renewal_action": "新建/改造",
        "floor_count": 0,
        "height_m": null,
        "area_sqm_declared": 3850.0
      },
      "geometry": {
        "type": "Polygon",
        "coordinates": [
          [
            [
              116.35020982733741,
              39.97449547806108
            ],
            [
              116.35020385705316,
              39.97512587410446
            ],
            [
              116.3495600577348,
              39.975122263257205
            ],
            [
              116.34956603393324,
              39.974491867294
            ],
            [
              116.35020982733741,
              39.97449547806108
            ]
          ]
        ]
      }
    },
    {
      "type": "Feature",
      "id": "BLDG-079",
      "properties": {
        "id": "BLDG-079",
        "layer": "BUILDING_FOOTPRINT",
        "source_type": "agent_generated_design",
        "confidence": "medium",
        "geometry_role": "design_proposal",
        "building_type": "ai_r_and_d",
        "name_zh": "AI研发与产业建筑(AI成果转化研发区)",
        "renewal_action": "新建/改造",
        "floor_count": 0,
        "height_m": null,
        "area_sqm_declared": 3850.0
      },
      "geometry": {
        "type": "Polygon",
        "coordinates": [
          [
            [
              116.35019873951694,
              39.97566621351488
            ],
            [
              116.3501927688834,
              39.97629660942916
            ],
            [
              116.3495489585811,
              39.97629299843302
            ],
            [
              116.34955493512916,
              39.97566260259891
            ],
            [
              116.35019873951694,
              39.97566621351488
            ]
          ]
        ]
      }
    },
    {
      "type": "Feature",
      "id": "BLDG-080",
      "properties": {
        "id": "BLDG-080",
        "layer": "BUILDING_FOOTPRINT",
        "source_type": "agent_generated_design",
        "confidence": "medium",
        "geometry_role": "design_proposal",
        "building_type": "ai_r_and_d",
        "name_zh": "AI研发与产业建筑(AI成果转化研发区)",
        "renewal_action": "新建/改造",
        "floor_count": 0,
        "height_m": null,
        "area_sqm_declared": 3850.0
      },
      "geometry": {
        "type": "Polygon",
        "coordinates": [
          [
            [
              116.3501876510478,
              39.97683694872893
            ],
            [
              116.35018168006499,
              39.97746734451412
            ],
            [
              116.3495378587781,
              39.977463733369085
            ],
            [
              116.34954383567579,
              39.976833337664075
            ],
            [
              116.3501876510478,
              39.97683694872893
            ]
          ]
        ]
      }
    },
    {
      "type": "Feature",
      "id": "BLDG-081",
      "properties": {
        "id": "BLDG-081",
        "layer": "BUILDING_FOOTPRINT",
        "source_type": "agent_generated_design",
        "confidence": "medium",
        "geometry_role": "design_proposal",
        "building_type": "ai_r_and_d",
        "name_zh": "AI研发与产业建筑(AI成果转化研发区)",
        "renewal_action": "新建/改造",
        "floor_count": 0,
        "height_m": null,
        "area_sqm_declared": 3850.0
      },
      "geometry": {
        "type": "Polygon",
        "coordinates": [
          [
            [
              116.35017656193001,
              39.97800768370323
            ],
            [
              116.35017059059786,
              39.97863807935932
            ],
            [
              116.34952675832574,
              39.97863446806538
            ],
            [
              116.34953273557309,
              39.978004072489476
            ],
            [
              116.35017656193001,
              39.97800768370323
            ]
          ]
        ]
      }
    },
    {
      "type": "Feature",
      "id": "BLDG-082",
      "properties": {
        "id": "BLDG-082",
        "layer": "BUILDING_FOOTPRINT",
        "source_type": "agent_generated_design",
        "confidence": "medium",
        "geometry_role": "design_proposal",
        "building_type": "ai_r_and_d",
        "name_zh": "AI研发与产业建筑(AI成果转化研发区)",
        "renewal_action": "新建/改造",
        "floor_count": 0,
        "height_m": null,
        "area_sqm_declared": 3850.0
      },
      "geometry": {
        "type": "Polygon",
        "coordinates": [
          [
            [
              116.35016547216347,
              39.97917841843778
            ],
            [
              116.350159500482,
              39.97980881396477
            ],
            [
              116.349515657224,
              39.97980520252193
            ],
            [
              116.349521634821,
              39.979174807075125
            ],
            [
              116.35016547216347,
              39.97917841843778
            ]
          ]
        ]
      }
    },
    {
      "type": "Feature",
      "id": "BLDG-083",
      "properties": {
        "id": "BLDG-083",
        "layer": "BUILDING_FOOTPRINT",
        "source_type": "agent_generated_design",
        "confidence": "medium",
        "geometry_role": "design_proposal",
        "building_type": "ai_r_and_d",
        "name_zh": "AI研发与产业建筑(AI成果转化研发区)",
        "renewal_action": "新建/改造",
        "floor_count": 0,
        "height_m": null,
        "area_sqm_declared": 3850.0
      },
      "geometry": {
        "type": "Polygon",
        "coordinates": [
          [
            [
              116.35015438174817,
              39.98034915293258
            ],
            [
              116.35014840971733,
              39.980979548330474
            ],
            [
              116.34950455547282,
              39.98097593673872
            ],
            [
              116.34951053341953,
              39.98034554142101
            ],
            [
              116.35015438174817,
              39.98034915293258
            ]
          ]
        ]
      }
    },
    {
      "type": "Feature",
      "id": "BLDG-084",
      "properties": {
        "id": "BLDG-084",
        "layer": "BUILDING_FOOTPRINT",
        "source_type": "agent_generated_design",
        "confidence": "medium",
        "geometry_role": "design_proposal",
        "building_type": "ai_r_and_d",
        "name_zh": "AI研发与产业建筑(AI成果转化研发区)",
        "renewal_action": "新建/改造",
        "floor_count": 0,
        "height_m": null,
        "area_sqm_declared": 3850.0
      },
      "geometry": {
        "type": "Polygon",
        "coordinates": [
          [
            [
              116.35014329068404,
              39.98151988718762
            ],
            [
              116.35013731830385,
              39.982150282456416
            ],
            [
              116.34949345307214,
              39.98214667071575
            ],
            [
              116.3494994313686,
              39.98151627552714
            ],
            [
              116.35014329068404,
              39.98151988718762
            ]
          ]
        ]
      }
    },
    {
      "type": "Feature",
      "id": "BLDG-085",
      "properties": {
        "id": "BLDG-085",
        "layer": "BUILDING_FOOTPRINT",
        "source_type": "agent_generated_design",
        "confidence": "medium",
        "geometry_role": "design_proposal",
        "building_type": "ai_r_and_d",
        "name_zh": "AI研发与产业建筑(AI成果转化研发区)",
        "renewal_action": "新建/改造",
        "floor_count": 0,
        "height_m": null,
        "area_sqm_declared": 3850.0
      },
      "geometry": {
        "type": "Polygon",
        "coordinates": [
          [
            [
              116.3516412116959,
              39.959283102289604
            ],
            [
              116.35163525776935,
              39.95991350017115
            ],
            [
              116.35099160095206,
              39.95990989840583
            ],
            [
              116.35099756078829,
              39.95927950060427
            ],
            [
              116.3516412116959,
              39.959283102289604
            ]
          ]
        ]
      }
    },
    {
      "type": "Feature",
      "id": "BLDG-086",
      "properties": {
        "id": "BLDG-086",
        "layer": "BUILDING_FOOTPRINT",
        "source_type": "agent_generated_design",
        "confidence": "medium",
        "geometry_role": "design_proposal",
        "building_type": "ai_r_and_d",
        "name_zh": "AI研发与产业建筑(AI成果转化研发区)",
        "renewal_action": "新建/改造",
        "floor_count": 0,
        "height_m": null,
        "area_sqm_declared": 3850.0
      },
      "geometry": {
        "type": "Polygon",
        "coordinates": [
          [
            [
              116.35163015425445,
              39.96045384115716
            ],
            [
              116.35162419997961,
              39.96108423890962
            ],
            [
              116.3509805321867,
              39.96108063699576
            ],
            [
              116.35098649237156,
              39.96045023932327
            ],
            [
              116.35163015425445,
              39.96045384115716
            ]
          ]
        ]
      }
    },
    {
      "type": "Feature",
      "id": "BLDG-087",
      "properties": {
        "id": "BLDG-087",
        "layer": "BUILDING_FOOTPRINT",
        "source_type": "agent_generated_design",
        "confidence": "medium",
        "geometry_role": "design_proposal",
        "building_type": "ai_r_and_d",
        "name_zh": "AI研发与产业建筑(AI成果转化研发区)",
        "renewal_action": "新建/改造",
        "floor_count": 0,
        "height_m": null,
        "area_sqm_declared": 3850.0
      },
      "geometry": {
        "type": "Polygon",
        "coordinates": [
          [
            [
              116.35161909616619,
              39.96162457978499
            ],
            [
              116.35161314154306,
              39.96225497740837
            ],
            [
              116.35096946277389,
              39.96225137534598
            ],
            [
              116.3509754233074,
              39.96162097780258
            ],
            [
              116.35161909616619,
              39.96162457978499
            ]
          ]
        ]
      }
    },
    {
      "type": "Feature",
      "id": "BLDG-088",
      "properties": {
        "id": "BLDG-088",
        "layer": "BUILDING_FOOTPRINT",
        "source_type": "agent_generated_design",
        "confidence": "medium",
        "geometry_role": "design_proposal",
        "building_type": "ai_r_and_d",
        "name_zh": "AI研发与产业建筑(AI成果转化研发区)",
        "renewal_action": "新建/改造",
        "floor_count": 0,
        "height_m": null,
        "area_sqm_declared": 3850.0
      },
      "geometry": {
        "type": "Polygon",
        "coordinates": [
          [
            [
              116.35160803743109,
              39.962795318173086
            ],
            [
              116.3516020824596,
              39.963425715667405
            ],
            [
              116.35095839271355,
              39.96342211345649
            ],
            [
              116.35096435359573,
              39.96279171604215
            ],
            [
              116.35160803743109,
              39.962795318173086
            ]
          ]
        ]
      }
    },
    {
      "type": "Feature",
      "id": "BLDG-089",
      "properties": {
        "id": "BLDG-089",
        "layer": "BUILDING_FOOTPRINT",
        "source_type": "agent_generated_design",
        "confidence": "medium",
        "geometry_role": "design_proposal",
        "building_type": "ai_r_and_d",
        "name_zh": "AI研发与产业建筑(AI成果转化研发区)",
        "renewal_action": "新建/改造",
        "floor_count": 0,
        "height_m": null,
        "area_sqm_declared": 3850.0
      },
      "geometry": {
        "type": "Polygon",
        "coordinates": [
          [
            [
              116.35159697804907,
              39.96396605632149
            ],
            [
              116.35159102272928,
              39.964596453686724
            ],
            [
              116.35094732200567,
              39.964592851327254
            ],
            [
              116.35095328323652,
              39.963962454042004
            ],
            [
              116.35159697804907,
              39.96396605632149
            ]
          ]
        ]
      }
    },
    {
      "type": "Feature",
      "id": "BLDG-090",
      "properties": {
        "id": "BLDG-090",
        "layer": "BUILDING_FOOTPRINT",
        "source_type": "agent_generated_design",
        "confidence": "medium",
        "geometry_role": "design_proposal",
        "building_type": "ai_r_and_d",
        "name_zh": "AI研发与产业建筑(AI成果转化研发区)",
        "renewal_action": "新建/改造",
        "floor_count": 0,
        "height_m": null,
        "area_sqm_declared": 3850.0
      },
      "geometry": {
        "type": "Polygon",
        "coordinates": [
          [
            [
              116.35158591802013,
              39.96513679423017
            ],
            [
              116.35157996235198,
              39.96576719146631
            ],
            [
              116.35093625065015,
              39.96576358895831
            ],
            [
              116.35094221222974,
              39.96513319180214
            ],
            [
              116.35158591802013,
              39.96513679423017
            ]
          ]
        ]
      }
    },
    {
      "type": "Feature",
      "id": "BLDG-091",
      "properties": {
        "id": "BLDG-091",
        "layer": "BUILDING_FOOTPRINT",
        "source_type": "agent_generated_design",
        "confidence": "medium",
        "geometry_role": "design_proposal",
        "building_type": "ai_r_and_d",
        "name_zh": "AI研发与产业建筑(AI成果转化研发区)",
        "renewal_action": "新建/改造",
        "floor_count": 0,
        "height_m": null,
        "area_sqm_declared": 3850.0
      },
      "geometry": {
        "type": "Polygon",
        "coordinates": [
          [
            [
              116.35157485734422,
              39.96630753189913
            ],
            [
              116.35156890132768,
              39.96693792900619
            ],
            [
              116.35092517864703,
              39.96693432634963
            ],
            [
              116.35093114057536,
              39.96630392932256
            ],
            [
              116.35157485734422,
              39.96630753189913
            ]
          ]
        ]
      }
    },
    {
      "type": "Feature",
      "id": "BLDG-092",
      "properties": {
        "id": "BLDG-092",
        "layer": "BUILDING_FOOTPRINT",
        "source_type": "agent_generated_design",
        "confidence": "medium",
        "geometry_role": "design_proposal",
        "building_type": "ai_r_and_d",
        "name_zh": "AI研发与产业建筑(AI成果转化研发区)",
        "renewal_action": "新建/改造",
        "floor_count": 0,
        "height_m": null,
        "area_sqm_declared": 3850.0
      },
      "geometry": {
        "type": "Polygon",
        "coordinates": [
          [
            [
              116.3515637960213,
              39.96747826932836
            ],
            [
              116.35155783965632,
              39.96810866630635
            ],
            [
              116.35091410599622,
              39.96810506350121
            ],
            [
              116.3509200682733,
              39.967474666603216
            ],
            [
              116.3515637960213,
              39.96747826932836
            ]
          ]
        ]
      }
    },
    {
      "type": "Feature",
      "id": "BLDG-093",
      "properties": {
        "id": "BLDG-093",
        "layer": "BUILDING_FOOTPRINT",
        "source_type": "agent_generated_design",
        "confidence": "medium",
        "geometry_role": "design_proposal",
        "building_type": "ai_r_and_d",
        "name_zh": "AI研发与产业建筑(AI成果转化研发区)",
        "renewal_action": "新建/改造",
        "floor_count": 0,
        "height_m": null,
        "area_sqm_declared": 3850.0
      },
      "geometry": {
        "type": "Polygon",
        "coordinates": [
          [
            [
              116.3515527340513,
              39.96864900651787
            ],
            [
              116.35154677733789,
              39.96927940336678
            ],
            [
              116.35090303269767,
              39.96927580041307
            ],
            [
              116.35090899532354,
              39.968645403644175
            ],
            [
              116.3515527340513,
              39.96864900651787
            ]
          ]
        ]
      }
    },
    {
      "type": "Feature",
      "id": "BLDG-094",
      "properties": {
        "id": "BLDG-094",
        "layer": "BUILDING_FOOTPRINT",
        "source_type": "agent_generated_design",
        "confidence": "medium",
        "geometry_role": "design_proposal",
        "building_type": "ai_r_and_d",
        "name_zh": "AI研发与产业建筑(AI成果转化研发区)",
        "renewal_action": "新建/改造",
        "floor_count": 0,
        "height_m": null,
        "area_sqm_declared": 3850.0
      },
      "geometry": {
        "type": "Polygon",
        "coordinates": [
          [
            [
              116.3515416714342,
              39.96981974346765
            ],
            [
              116.35153571437233,
              39.970450140187474
            ],
            [
              116.35089195875136,
              39.97044653708521
            ],
            [
              116.35089792172602,
              39.969816140445396
            ],
            [
              116.3515416714342,
              39.96981974346765
            ]
          ]
        ]
      }
    },
    {
      "type": "Feature",
      "id": "BLDG-095",
      "properties": {
        "id": "BLDG-095",
        "layer": "BUILDING_FOOTPRINT",
        "source_type": "agent_generated_design",
        "confidence": "medium",
        "geometry_role": "design_proposal",
        "building_type": "ai_r_and_d",
        "name_zh": "AI研发与产业建筑(AI成果转化研发区)",
        "renewal_action": "新建/改造",
        "floor_count": 0,
        "height_m": null,
        "area_sqm_declared": 3850.0
      },
      "geometry": {
        "type": "Polygon",
        "coordinates": [
          [
            [
              116.35153060816995,
              39.97099048017771
            ],
            [
              116.35152465075961,
              39.97162087676844
            ],
            [
              116.35088088415723,
              39.97161727351761
            ],
            [
              116.35088684748074,
              39.97098687700688
            ],
            [
              116.35153060816995,
              39.97099048017771
            ]
          ]
        ]
      }
    },
    {
      "type": "Feature",
      "id": "BLDG-096",
      "properties": {
        "id": "BLDG-096",
        "layer": "BUILDING_FOOTPRINT",
        "source_type": "agent_generated_design",
        "confidence": "medium",
        "geometry_role": "design_proposal",
        "building_type": "ai_r_and_d",
        "name_zh": "AI研发与产业建筑(AI成果转化研发区)",
        "renewal_action": "新建/改造",
        "floor_count": 0,
        "height_m": null,
        "area_sqm_declared": 3850.0
      },
      "geometry": {
        "type": "Polygon",
        "coordinates": [
          [
            [
              116.35151954425854,
              39.97216121664803
            ],
            [
              116.35151358649966,
              39.972791613109685
            ],
            [
              116.35086980891528,
              39.972788009710264
            ],
            [
              116.35087577258761,
              39.972157613328626
            ],
            [
              116.35151954425854,
              39.97216121664803
            ]
          ]
        ]
      }
    },
    {
      "type": "Feature",
      "id": "BLDG-097",
      "properties": {
        "id": "BLDG-097",
        "layer": "BUILDING_FOOTPRINT",
        "source_type": "agent_generated_design",
        "confidence": "medium",
        "geometry_role": "design_proposal",
        "building_type": "ai_r_and_d",
        "name_zh": "AI研发与产业建筑(AI成果转化研发区)",
        "renewal_action": "新建/改造",
        "floor_count": 0,
        "height_m": null,
        "area_sqm_declared": 3850.0
      },
      "geometry": {
        "type": "Polygon",
        "coordinates": [
          [
            [
              116.35150847969987,
              39.97333195287863
            ],
            [
              116.3515025215925,
              39.9739623492112
            ],
            [
              116.35085873302539,
              39.97395874566319
            ],
            [
              116.35086469704659,
              39.973328349410636
            ],
            [
              116.35150847969987,
              39.97333195287863
            ]
          ]
        ]
      }
    },
    {
      "type": "Feature",
      "id": "BLDG-098",
      "properties": {
        "id": "BLDG-098",
        "layer": "BUILDING_FOOTPRINT",
        "source_type": "agent_generated_design",
        "confidence": "medium",
        "geometry_role": "design_proposal",
        "building_type": "ai_r_and_d",
        "name_zh": "AI研发与产业建筑(AI成果转化研发区)",
        "renewal_action": "新建/改造",
        "floor_count": 0,
        "height_m": null,
        "area_sqm_declared": 3850.0
      },
      "geometry": {
        "type": "Polygon",
        "coordinates": [
          [
            [
              116.35149741449393,
              39.9745026888695
            ],
            [
              116.35149145603802,
              39.975133085072976
            ],
            [
              116.35084765648759,
              39.97512948137638
            ],
            [
              116.35085362085769,
              39.97449908525291
            ],
            [
              116.35149741449393,
              39.9745026888695
            ]
          ]
        ]
      }
    },
    {
      "type": "Feature",
      "id": "BLDG-099",
      "properties": {
        "id": "BLDG-099",
        "layer": "BUILDING_FOOTPRINT",
        "source_type": "agent_generated_design",
        "confidence": "medium",
        "geometry_role": "design_proposal",
        "building_type": "ai_r_and_d",
        "name_zh": "AI研发与产业建筑(AI成果转化研发区)",
        "renewal_action": "新建/改造",
        "floor_count": 0,
        "height_m": null,
        "area_sqm_declared": 3850.0
      },
      "geometry": {
        "type": "Polygon",
        "coordinates": [
          [
            [
              116.35148634864069,
              39.975673424620624
            ],
            [
              116.3514803898362,
              39.976303820695016
            ],
            [
              116.35083657930178,
              39.97630021684982
            ],
            [
              116.35084254402081,
              39.97566982085545
            ],
            [
              116.35148634864069,
              39.975673424620624
            ]
          ]
        ]
      }
    },
    {
      "type": "Feature",
      "id": "BLDG-100",
      "properties": {
        "id": "BLDG-100",
        "layer": "BUILDING_FOOTPRINT",
        "source_type": "agent_generated_design",
        "confidence": "medium",
        "geometry_role": "design_proposal",
        "building_type": "ai_r_and_d",
        "name_zh": "AI研发与产业建筑(AI成果转化研发区)",
        "renewal_action": "新建/改造",
        "floor_count": 0,
        "height_m": null,
        "area_sqm_declared": 3850.0
      },
      "geometry": {
        "type": "Polygon",
        "coordinates": [
          [
            [
              116.35147528214009,
              39.97684416013201
            ],
            [
              116.351469322987,
              39.97747455607731
            ],
            [
              116.350825501468,
              39.97747095208353
            ],
            [
              116.35083146653594,
              39.97684055621824
            ],
            [
              116.35147528214009,
              39.97684416013201
            ]
          ]
        ]
      }
    },
    {
      "type": "Feature",
      "id": "BLDG-101",
      "properties": {
        "id": "BLDG-101",
        "layer": "BUILDING_FOOTPRINT",
        "source_type": "agent_generated_design",
        "confidence": "medium",
        "geometry_role": "design_proposal",
        "building_type": "ai_r_and_d",
        "name_zh": "AI研发与产业建筑(AI成果转化研发区)",
        "renewal_action": "新建/改造",
        "floor_count": 0,
        "height_m": null,
        "area_sqm_declared": 3850.0
      },
      "geometry": {
        "type": "Polygon",
        "coordinates": [
          [
            [
              116.35146421499209,
              39.97801489540366
            ],
            [
              116.35145825549037,
              39.97864529121988
            ],
            [
              116.35081442298612,
              39.97864168707747
            ],
            [
              116.35082038840305,
              39.9780112913413
            ],
            [
              116.35146421499209,
              39.97801489540366
            ]
          ]
        ]
      }
    },
    {
      "type": "Feature",
      "id": "BLDG-102",
      "properties": {
        "id": "BLDG-102",
        "layer": "BUILDING_FOOTPRINT",
        "source_type": "agent_generated_design",
        "confidence": "medium",
        "geometry_role": "design_proposal",
        "building_type": "ai_r_and_d",
        "name_zh": "AI研发与产业建筑(AI成果转化研发区)",
        "renewal_action": "新建/改造",
        "floor_count": 0,
        "height_m": null,
        "area_sqm_declared": 3850.0
      },
      "geometry": {
        "type": "Polygon",
        "coordinates": [
          [
            [
              116.35145314719664,
              39.97918563043557
            ],
            [
              116.35144718734628,
              39.97981602612269
            ],
            [
              116.35080334385614,
              39.979812421831696
            ],
            [
              116.35080930962205,
              39.9791820262246
            ],
            [
              116.35145314719664,
              39.97918563043557
            ]
          ]
        ]
      }
    },
    {
      "type": "Feature",
      "id": "BLDG-103",
      "properties": {
        "id": "BLDG-103",
        "layer": "BUILDING_FOOTPRINT",
        "source_type": "agent_generated_design",
        "confidence": "medium",
        "geometry_role": "design_proposal",
        "building_type": "ai_r_and_d",
        "name_zh": "AI研发与产业建筑(AI成果转化研发区)",
        "renewal_action": "新建/改造",
        "floor_count": 0,
        "height_m": null,
        "area_sqm_declared": 3850.0
      },
      "geometry": {
        "type": "Polygon",
        "coordinates": [
          [
            [
              116.3514420787537,
              39.98035636522774
            ],
            [
              116.35143611855472,
              39.98098676078576
            ],
            [
              116.35079226407801,
              39.98098315634615
            ],
            [
              116.35079823019294,
              39.98035276086816
            ],
            [
              116.3514420787537,
              39.98035636522774
            ]
          ]
        ]
      }
    },
    {
      "type": "Feature",
      "id": "BLDG-104",
      "properties": {
        "id": "BLDG-104",
        "layer": "BUILDING_FOOTPRINT",
        "source_type": "agent_generated_design",
        "confidence": "medium",
        "geometry_role": "design_proposal",
        "building_type": "ai_r_and_d",
        "name_zh": "AI研发与产业建筑(AI成果转化研发区)",
        "renewal_action": "新建/改造",
        "floor_count": 0,
        "height_m": null,
        "area_sqm_declared": 3850.0
      },
      "geometry": {
        "type": "Polygon",
        "coordinates": [
          [
            [
              116.35143100966326,
              39.981527099780166
            ],
            [
              116.35142504911555,
              39.98215749520909
            ],
            [
              116.35078118365169,
              39.98215389062086
            ],
            [
              116.35078715011564,
              39.981523495271965
            ],
            [
              116.35143100966326,
              39.981527099780166
            ]
          ]
        ]
      }
    },
    {
      "type": "Feature",
      "id": "BLDG-105",
      "properties": {
        "id": "BLDG-105",
        "layer": "BUILDING_FOOTPRINT",
        "source_type": "agent_generated_design",
        "confidence": "medium",
        "geometry_role": "design_proposal",
        "building_type": "ai_r_and_d",
        "name_zh": "AI研发与产业建筑(AI成果转化研发区)",
        "renewal_action": "新建/改造",
        "floor_count": 0,
        "height_m": null,
        "area_sqm_declared": 3850.0
      },
      "geometry": {
        "type": "Polygon",
        "coordinates": [
          [
            [
              116.35292851385832,
              39.95929029494029
            ],
            [
              116.35292257175114,
              39.95992069298154
            ],
            [
              116.3522789147024,
              39.95991709836305
            ],
            [
              116.35228486271929,
              39.95928670040161
            ],
            [
              116.35292851385832,
              39.95929029494029
            ]
          ]
        ]
      }
    },
    {
      "type": "Feature",
      "id": "BLDG-106",
      "properties": {
        "id": "BLDG-106",
        "layer": "BUILDING_FOOTPRINT",
        "source_type": "agent_generated_design",
        "confidence": "medium",
        "geometry_role": "design_proposal",
        "building_type": "ai_r_and_d",
        "name_zh": "AI研发与产业建筑(AI成果转化研发区)",
        "renewal_action": "新建/改造",
        "floor_count": 0,
        "height_m": null,
        "area_sqm_declared": 3850.0
      },
      "geometry": {
        "type": "Polygon",
        "coordinates": [
          [
            [
              116.35291747836743,
              39.96046103410444
            ],
            [
              116.35291153591265,
              39.961091432016616
            ],
            [
              116.3522678678883,
              39.961087837249906
            ],
            [
              116.35227381625312,
              39.96045743941754
            ],
            [
              116.35291747836743,
              39.96046103410444
            ]
          ]
        ]
      }
    },
    {
      "type": "Feature",
      "id": "BLDG-107",
      "properties": {
        "id": "BLDG-107",
        "layer": "BUILDING_FOOTPRINT",
        "source_type": "agent_generated_design",
        "confidence": "medium",
        "geometry_role": "design_proposal",
        "building_type": "ai_r_and_d",
        "name_zh": "AI研发与产业建筑(AI成果转化研发区)",
        "renewal_action": "新建/改造",
        "floor_count": 0,
        "height_m": null,
        "area_sqm_declared": 3850.0
      },
      "geometry": {
        "type": "Polygon",
        "coordinates": [
          [
            [
              116.35290644223102,
              39.96163177302888
            ],
            [
              116.35290049942864,
              39.96226217081199
            ],
            [
              116.352256820428,
              39.96225857589704
            ],
            [
              116.35226276914076,
              39.961628178193756
            ],
            [
              116.35290644223102,
              39.96163177302888
            ]
          ]
        ]
      }
    },
    {
      "type": "Feature",
      "id": "BLDG-108",
      "properties": {
        "id": "BLDG-108",
        "layer": "BUILDING_FOOTPRINT",
        "source_type": "agent_generated_design",
        "confidence": "medium",
        "geometry_role": "design_proposal",
        "building_type": "ai_r_and_d",
        "name_zh": "AI研发与产业建筑(AI成果转化研发区)",
        "renewal_action": "新建/改造",
        "floor_count": 0,
        "height_m": null,
        "area_sqm_declared": 3850.0
      },
      "geometry": {
        "type": "Polygon",
        "coordinates": [
          [
            [
              116.35289540544906,
              39.96280251171363
            ],
            [
              116.35288946229903,
              39.96343290936767
            ],
            [
              116.35224577232148,
              39.96342931430446
            ],
            [
              116.35225172138223,
              39.96279891673026
            ],
            [
              116.35289540544906,
              39.96280251171363
            ]
          ]
        ]
      }
    },
    {
      "type": "Feature",
      "id": "BLDG-109",
      "properties": {
        "id": "BLDG-109",
        "layer": "BUILDING_FOOTPRINT",
        "source_type": "agent_generated_design",
        "confidence": "medium",
        "geometry_role": "design_proposal",
        "building_type": "ai_r_and_d",
        "name_zh": "AI研发与产业建筑(AI成果转化研发区)",
        "renewal_action": "新建/改造",
        "floor_count": 0,
        "height_m": null,
        "area_sqm_declared": 3850.0
      },
      "geometry": {
        "type": "Polygon",
        "coordinates": [
          [
            [
              116.35288436802146,
              39.96397325015866
            ],
            [
              116.3528784245238,
              39.96460364768363
            ],
            [
              116.3522347235687,
              39.96460005247219
            ],
            [
              116.35224067297743,
              39.96396965502704
            ],
            [
              116.35288436802146,
              39.96397325015866
            ]
          ]
        ]
      }
    },
    {
      "type": "Feature",
      "id": "BLDG-110",
      "properties": {
        "id": "BLDG-110",
        "layer": "BUILDING_FOOTPRINT",
        "source_type": "agent_generated_design",
        "confidence": "medium",
        "geometry_role": "design_proposal",
        "building_type": "ai_r_and_d",
        "name_zh": "AI研发与产业建筑(AI成果转化研发区)",
        "renewal_action": "新建/改造",
        "floor_count": 0,
        "height_m": null,
        "area_sqm_declared": 3850.0
      },
      "geometry": {
        "type": "Polygon",
        "coordinates": [
          [
            [
              116.35287332994822,
              39.965143988364005
            ],
            [
              116.3528673861029,
              39.965774385759886
            ],
            [
              116.35222367416958,
              39.965770790400185
            ],
            [
              116.35222962392633,
              39.96514039308413
            ],
            [
              116.35287332994822,
              39.965143988364005
            ]
          ]
        ]
      }
    },
    {
      "type": "Feature",
      "id": "BLDG-111",
      "properties": {
        "id": "BLDG-111",
        "layer": "BUILDING_FOOTPRINT",
        "source_type": "agent_generated_design",
        "confidence": "medium",
        "geometry_role": "design_proposal",
        "building_type": "ai_r_and_d",
        "name_zh": "AI研发与产业建筑(AI成果转化研发区)",
        "renewal_action": "新建/改造",
        "floor_count": 0,
        "height_m": null,
        "area_sqm_declared": 3850.0
      },
      "geometry": {
        "type": "Polygon",
        "coordinates": [
          [
            [
              116.3528622912293,
              39.966314726329614
            ],
            [
              116.35285634703628,
              39.96694512359642
            ],
            [
              116.35221262412412,
              39.966941528088455
            ],
            [
              116.35221857422893,
              39.966311130901495
            ],
            [
              116.3528622912293,
              39.966314726329614
            ]
          ]
        ]
      }
    },
    {
      "type": "Feature",
      "id": "BLDG-112",
      "properties": {
        "id": "BLDG-112",
        "layer": "BUILDING_FOOTPRINT",
        "source_type": "agent_generated_design",
        "confidence": "medium",
        "geometry_role": "design_proposal",
        "building_type": "ai_r_and_d",
        "name_zh": "AI研发与产业建筑(AI成果转化研发区)",
        "renewal_action": "新建/改造",
        "floor_count": 0,
        "height_m": null,
        "area_sqm_declared": 3850.0
      },
      "geometry": {
        "type": "Polygon",
        "coordinates": [
          [
            [
              116.35285125186465,
              39.967485464055514
            ],
            [
              116.35284530732389,
              39.96811586119325
            ],
            [
              116.35220157343224,
              39.96811226553702
            ],
            [
              116.35220752388513,
              39.967481868479126
            ],
            [
              116.35285125186465,
              39.967485464055514
            ]
          ]
        ]
      }
    },
    {
      "type": "Feature",
      "id": "BLDG-113",
      "properties": {
        "id": "BLDG-113",
        "layer": "BUILDING_FOOTPRINT",
        "source_type": "agent_generated_design",
        "confidence": "medium",
        "geometry_role": "design_proposal",
        "building_type": "ai_r_and_d",
        "name_zh": "AI研发与产业建筑(AI成果转化研发区)",
        "renewal_action": "新建/改造",
        "floor_count": 0,
        "height_m": null,
        "area_sqm_declared": 3850.0
      },
      "geometry": {
        "type": "Polygon",
        "coordinates": [
          [
            [
              116.35284021185423,
              39.96865620154171
            ],
            [
              116.35283426696571,
              39.96928659855037
            ],
            [
              116.35219052209395,
              39.96928300274587
            ],
            [
              116.35219647289489,
              39.96865260581705
            ],
            [
              116.35284021185423,
              39.96865620154171
            ]
          ]
        ]
      }
    },
    {
      "type": "Feature",
      "id": "BLDG-114",
      "properties": {
        "id": "BLDG-114",
        "layer": "BUILDING_FOOTPRINT",
        "source_type": "agent_generated_design",
        "confidence": "medium",
        "geometry_role": "design_proposal",
        "building_type": "ai_r_and_d",
        "name_zh": "AI研发与产业建筑(AI成果转化研发区)",
        "renewal_action": "新建/改造",
        "floor_count": 0,
        "height_m": null,
        "area_sqm_declared": 3850.0
      },
      "geometry": {
        "type": "Polygon",
        "coordinates": [
          [
            [
              116.35282917119797,
              39.96982693878819
            ],
            [
              116.3528232259617,
              39.97045733566777
            ],
            [
              116.35217947010916,
              39.97045373971498
            ],
            [
              116.35218542125821,
              39.96982334291525
            ],
            [
              116.35282917119797,
              39.96982693878819
            ]
          ]
        ]
      }
    },
    {
      "type": "Feature",
      "id": "BLDG-115",
      "properties": {
        "id": "BLDG-115",
        "layer": "BUILDING_FOOTPRINT",
        "source_type": "agent_generated_design",
        "confidence": "medium",
        "geometry_role": "design_proposal",
        "building_type": "ai_r_and_d",
        "name_zh": "AI研发与产业建筑(AI成果转化研发区)",
        "renewal_action": "新建/改造",
        "floor_count": 0,
        "height_m": null,
        "area_sqm_declared": 3850.0
      },
      "geometry": {
        "type": "Polygon",
        "coordinates": [
          [
            [
              116.35281812989585,
              39.97099767579493
            ],
            [
              116.35281218431179,
              39.97162807254543
            ],
            [
              116.35216841747784,
              39.97162447644439
            ],
            [
              116.35217436897504,
              39.97099407977374
            ],
            [
              116.35281812989585,
              39.97099767579493
            ]
          ]
        ]
      }
    },
    {
      "type": "Feature",
      "id": "BLDG-116",
      "properties": {
        "id": "BLDG-116",
        "layer": "BUILDING_FOOTPRINT",
        "source_type": "agent_generated_design",
        "confidence": "medium",
        "geometry_role": "design_proposal",
        "building_type": "ai_r_and_d",
        "name_zh": "AI研发与产业建筑(AI成果转化研发区)",
        "renewal_action": "新建/改造",
        "floor_count": 0,
        "height_m": null,
        "area_sqm_declared": 3850.0
      },
      "geometry": {
        "type": "Polygon",
        "coordinates": [
          [
            [
              116.35280708794782,
              39.97216841256197
            ],
            [
              116.35280114201596,
              39.972798809183395
            ],
            [
              116.35215736419994,
              39.97279521293405
            ],
            [
              116.35216331604532,
              39.972164816392485
            ],
            [
              116.35280708794782,
              39.97216841256197
            ]
          ]
        ]
      }
    },
    {
      "type": "Feature",
      "id": "BLDG-117",
      "properties": {
        "id": "BLDG-117",
        "layer": "BUILDING_FOOTPRINT",
        "source_type": "agent_generated_design",
        "confidence": "medium",
        "geometry_role": "design_proposal",
        "building_type": "ai_r_and_d",
        "name_zh": "AI研发与产业建筑(AI成果转化研发区)",
        "renewal_action": "新建/改造",
        "floor_count": 0,
        "height_m": null,
        "area_sqm_declared": 3850.0
      },
      "geometry": {
        "type": "Polygon",
        "coordinates": [
          [
            [
              116.35279604535387,
              39.9733391490893
            ],
            [
              116.35279009907416,
              39.97396954558164
            ],
            [
              116.35214631027546,
              39.97396594918401
            ],
            [
              116.35215226246899,
              39.97333555277151
            ],
            [
              116.35279604535387,
              39.9733391490893
            ]
          ]
        ]
      }
    },
    {
      "type": "Feature",
      "id": "BLDG-118",
      "properties": {
        "id": "BLDG-118",
        "layer": "BUILDING_FOOTPRINT",
        "source_type": "agent_generated_design",
        "confidence": "medium",
        "geometry_role": "design_proposal",
        "building_type": "ai_r_and_d",
        "name_zh": "AI研发与产业建筑(AI成果转化研发区)",
        "renewal_action": "新建/改造",
        "floor_count": 0,
        "height_m": null,
        "area_sqm_declared": 3850.0
      },
      "geometry": {
        "type": "Polygon",
        "coordinates": [
          [
            [
              116.3527850021139,
              39.97450988537688
            ],
            [
              116.35277905548637,
              39.97514028174014
            ],
            [
              116.35213525570431,
              39.97513668519423
            ],
            [
              116.35214120824607,
              39.97450628891082
            ],
            [
              116.3527850021139,
              39.97450988537688
            ]
          ]
        ]
      }
    },
    {
      "type": "Feature",
      "id": "BLDG-119",
      "properties": {
        "id": "BLDG-119",
        "layer": "BUILDING_FOOTPRINT",
        "source_type": "agent_generated_design",
        "confidence": "medium",
        "geometry_role": "design_proposal",
        "building_type": "ai_r_and_d",
        "name_zh": "AI研发与产业建筑(AI成果转化研发区)",
        "renewal_action": "新建/改造",
        "floor_count": 0,
        "height_m": null,
        "area_sqm_declared": 3850.0
      },
      "geometry": {
        "type": "Polygon",
        "coordinates": [
          [
            [
              116.35277395822793,
              39.97568062142476
            ],
            [
              116.3527680112525,
              39.97631101765893
            ],
            [
              116.35212420048646,
              39.976307420964716
            ],
            [
              116.35213015337644,
              39.975677024810395
            ],
            [
              116.35277395822793,
              39.97568062142476
            ]
          ]
        ]
      }
    },
    {
      "type": "Feature",
      "id": "BLDG-120",
      "properties": {
        "id": "BLDG-120",
        "layer": "BUILDING_FOOTPRINT",
        "source_type": "agent_generated_design",
        "confidence": "medium",
        "geometry_role": "design_proposal",
        "building_type": "ai_r_and_d",
        "name_zh": "AI研发与产业建筑(AI成果转化研发区)",
        "renewal_action": "新建/改造",
        "floor_count": 0,
        "height_m": null,
        "area_sqm_declared": 3850.0
      },
      "geometry": {
        "type": "Polygon",
        "coordinates": [
          [
            [
              116.35276291369587,
              39.976851357232896
            ],
            [
              116.35275696637252,
              39.977481753337976
            ],
            [
              116.35211314462188,
              39.977478156495465
            ],
            [
              116.3521190978601,
              39.976847760470235
            ],
            [
              116.35276291369587,
              39.976851357232896
            ]
          ]
        ]
      }
    },
    {
      "type": "Feature",
      "id": "BLDG-121",
      "properties": {
        "id": "BLDG-121",
        "layer": "BUILDING_FOOTPRINT",
        "source_type": "agent_generated_design",
        "confidence": "medium",
        "geometry_role": "design_proposal",
        "building_type": "ai_r_and_d",
        "name_zh": "AI研发与产业建筑(AI成果转化研发区)",
        "renewal_action": "新建/改造",
        "floor_count": 0,
        "height_m": null,
        "area_sqm_declared": 3850.0
      },
      "geometry": {
        "type": "Polygon",
        "coordinates": [
          [
            [
              116.35275186851771,
              39.978022092801304
            ],
            [
              116.35274592084646,
              39.9786524887773
            ],
            [
              116.35210208811053,
              39.97864889178648
            ],
            [
              116.352108041697,
              39.97801849589033
            ],
            [
              116.35275186851771,
              39.978022092801304
            ]
          ]
        ]
      }
    },
    {
      "type": "Feature",
      "id": "BLDG-122",
      "properties": {
        "id": "BLDG-122",
        "layer": "BUILDING_FOOTPRINT",
        "source_type": "agent_generated_design",
        "confidence": "medium",
        "geometry_role": "design_proposal",
        "building_type": "ai_r_and_d",
        "name_zh": "AI研发与产业建筑(AI成果转化研发区)",
        "renewal_action": "新建/改造",
        "floor_count": 0,
        "height_m": null,
        "area_sqm_declared": 3850.0
      },
      "geometry": {
        "type": "Polygon",
        "coordinates": [
          [
            [
              116.3527408226934,
              39.979192828129975
            ],
            [
              116.35273487467417,
              39.979823223976894
            ],
            [
              116.35209103095234,
              39.97981962683775
            ],
            [
              116.35209698488714,
              39.9791892310707
            ],
            [
              116.3527408226934,
              39.979192828129975
            ]
          ]
        ]
      }
    },
    {
      "type": "Feature",
      "id": "BLDG-123",
      "properties": {
        "id": "BLDG-123",
        "layer": "BUILDING_FOOTPRINT",
        "source_type": "agent_generated_design",
        "confidence": "medium",
        "geometry_role": "design_proposal",
        "building_type": "ai_r_and_d",
        "name_zh": "AI研发与产业建筑(AI成果转化研发区)",
        "renewal_action": "新建/改造",
        "floor_count": 0,
        "height_m": null,
        "area_sqm_declared": 3850.0
      },
      "geometry": {
        "type": "Polygon",
        "coordinates": [
          [
            [
              116.35272977622286,
              39.98036356321893
            ],
            [
              116.35272382785568,
              39.98099395893676
            ],
            [
              116.35207997314731,
              39.9809903616493
            ],
            [
              116.3520859274304,
              39.980359966011335
            ],
            [
              116.35272977622286,
              39.98036356321893
            ]
          ]
        ]
      }
    },
    {
      "type": "Feature",
      "id": "BLDG-124",
      "properties": {
        "id": "BLDG-124",
        "layer": "BUILDING_FOOTPRINT",
        "source_type": "agent_generated_design",
        "confidence": "medium",
        "geometry_role": "design_proposal",
        "building_type": "ai_r_and_d",
        "name_zh": "AI研发与产业建筑(AI成果转化研发区)",
        "renewal_action": "新建/改造",
        "floor_count": 0,
        "height_m": null,
        "area_sqm_declared": 3850.0
      },
      "geometry": {
        "type": "Polygon",
        "coordinates": [
          [
            [
              116.3527187291061,
              39.98153429806815
            ],
            [
              116.35271278039092,
              39.982164693656884
            ],
            [
              116.35206891469534,
              39.982161096221084
            ],
            [
              116.35207486932678,
              39.98153070071223
            ],
            [
              116.3527187291061,
              39.98153429806815
            ]
          ]
        ]
      }
    },
    {
      "type": "Feature",
      "id": "BLDG-125",
      "properties": {
        "id": "BLDG-125",
        "layer": "BUILDING_FOOTPRINT",
        "source_type": "agent_generated_design",
        "confidence": "medium",
        "geometry_role": "design_proposal",
        "building_type": "ai_r_and_d",
        "name_zh": "AI研发与产业建筑(AI成果转化研发区)",
        "renewal_action": "新建/改造",
        "floor_count": 0,
        "height_m": null,
        "area_sqm_declared": 3850.0
      },
      "geometry": {
        "type": "Polygon",
        "coordinates": [
          [
            [
              116.35421581648285,
              39.95929747329758
            ],
            [
              116.35420988619506,
              39.95992787149824
            ],
            [
              116.35356622891538,
              39.9599242840266
            ],
            [
              116.35357216511287,
              39.95929388590561
            ],
            [
              116.35421581648285,
              39.95929747329758
            ]
          ]
        ]
      }
    },
    {
      "type": "Feature",
      "id": "BLDG-126",
      "properties": {
        "id": "BLDG-126",
        "layer": "BUILDING_FOOTPRINT",
        "source_type": "agent_generated_design",
        "confidence": "medium",
        "geometry_role": "design_proposal",
        "building_type": "ai_r_and_d",
        "name_zh": "AI研发与产业建筑(AI成果转化研发区)",
        "renewal_action": "新建/改造",
        "floor_count": 0,
        "height_m": null,
        "area_sqm_declared": 3850.0
      },
      "geometry": {
        "type": "Polygon",
        "coordinates": [
          [
            [
              116.35420480294258,
              39.96046821275777
            ],
            [
              116.35419887230788,
              39.96109861082934
            ],
            [
              116.35355520405255,
              39.96109502320977
            ],
            [
              116.35356114059728,
              39.960464625217845
            ],
            [
              116.35420480294258,
              39.96046821275777
            ]
          ]
        ]
      }
    },
    {
      "type": "Feature",
      "id": "BLDG-127",
      "properties": {
        "id": "BLDG-127",
        "layer": "BUILDING_FOOTPRINT",
        "source_type": "agent_generated_design",
        "confidence": "medium",
        "geometry_role": "design_proposal",
        "building_type": "ai_r_and_d",
        "name_zh": "AI研发与产业建筑(AI成果转化研发区)",
        "renewal_action": "新建/改造",
        "floor_count": 0,
        "height_m": null,
        "area_sqm_declared": 3850.0
      },
      "geometry": {
        "type": "Polygon",
        "coordinates": [
          [
            [
              116.35419378875805,
              39.96163895197823
            ],
            [
              116.35418785777644,
              39.96226934992075
            ],
            [
              116.35354417854482,
              39.96226576215324
            ],
            [
              116.35355011543682,
              39.96163536429039
            ],
            [
              116.35419378875805,
              39.96163895197823
            ]
          ]
        ]
      }
    },
    {
      "type": "Feature",
      "id": "BLDG-128",
      "properties": {
        "id": "BLDG-128",
        "layer": "BUILDING_FOOTPRINT",
        "source_type": "agent_generated_design",
        "confidence": "medium",
        "geometry_role": "design_proposal",
        "building_type": "ai_r_and_d",
        "name_zh": "AI研发与产业建筑(AI成果转化研发区)",
        "renewal_action": "新建/改造",
        "floor_count": 0,
        "height_m": null,
        "area_sqm_declared": 3850.0
      },
      "geometry": {
        "type": "Polygon",
        "coordinates": [
          [
            [
              116.35418277392924,
              39.96280969095903
            ],
            [
              116.35417684260071,
              39.96344008877247
            ],
            [
              116.35353315239215,
              39.96343650085701
            ],
            [
              116.35353908963143,
              39.962806103123214
            ],
            [
              116.35418277392924,
              39.96280969095903
            ]
          ]
        ]
      }
    },
    {
      "type": "Feature",
      "id": "BLDG-129",
      "properties": {
        "id": "BLDG-129",
        "layer": "BUILDING_FOOTPRINT",
        "source_type": "agent_generated_design",
        "confidence": "medium",
        "geometry_role": "design_proposal",
        "building_type": "ai_r_and_d",
        "name_zh": "AI研发与产业建筑(AI成果转化研发区)",
        "renewal_action": "新建/改造",
        "floor_count": 0,
        "height_m": null,
        "area_sqm_declared": 3850.0
      },
      "geometry": {
        "type": "Polygon",
        "coordinates": [
          [
            [
              116.35417175845613,
              39.96398042970011
            ],
            [
              116.35416582678063,
              39.96461082738449
            ],
            [
              116.35352212559448,
              39.96460723932107
            ],
            [
              116.35352806318107,
              39.96397684171636
            ],
            [
              116.35417175845613,
              39.96398042970011
            ]
          ]
        ]
      }
    },
    {
      "type": "Feature",
      "id": "BLDG-130",
      "properties": {
        "id": "BLDG-130",
        "layer": "BUILDING_FOOTPRINT",
        "source_type": "agent_generated_design",
        "confidence": "medium",
        "geometry_role": "design_proposal",
        "building_type": "ai_r_and_d",
        "name_zh": "AI研发与产业建筑(AI成果转化研发区)",
        "renewal_action": "新建/改造",
        "floor_count": 0,
        "height_m": null,
        "area_sqm_declared": 3850.0
      },
      "geometry": {
        "type": "Polygon",
        "coordinates": [
          [
            [
              116.3541607423386,
              39.9651511682015
            ],
            [
              116.35415481031613,
              39.965781565756814
            ],
            [
              116.3535110981518,
              39.965777977545436
            ],
            [
              116.3535170360857,
              39.9651475800698
            ],
            [
              116.3541607423386,
              39.9651511682015
            ]
          ]
        ]
      }
    },
    {
      "type": "Feature",
      "id": "BLDG-131",
      "properties": {
        "id": "BLDG-131",
        "layer": "BUILDING_FOOTPRINT",
        "source_type": "agent_generated_design",
        "confidence": "medium",
        "geometry_role": "design_proposal",
        "building_type": "ai_r_and_d",
        "name_zh": "AI研发与产业建筑(AI成果转化研发区)",
        "renewal_action": "新建/改造",
        "floor_count": 0,
        "height_m": null,
        "area_sqm_declared": 3850.0
      },
      "geometry": {
        "type": "Polygon",
        "coordinates": [
          [
            [
              116.35414972557672,
              39.96632190646318
            ],
            [
              116.35414379320721,
              39.96695230388943
            ],
            [
              116.35350007006402,
              39.96694871553008
            ],
            [
              116.35350600834528,
              39.96631831818352
            ],
            [
              116.35414972557672,
              39.96632190646318
            ]
          ]
        ]
      }
    },
    {
      "type": "Feature",
      "id": "BLDG-132",
      "properties": {
        "id": "BLDG-132",
        "layer": "BUILDING_FOOTPRINT",
        "source_type": "agent_generated_design",
        "confidence": "medium",
        "geometry_role": "design_proposal",
        "building_type": "ai_r_and_d",
        "name_zh": "AI研发与产业建筑(AI成果转化研发区)",
        "renewal_action": "新建/改造",
        "floor_count": 0,
        "height_m": null,
        "area_sqm_declared": 3850.0
      },
      "geometry": {
        "type": "Polygon",
        "coordinates": [
          [
            [
              116.35413870817037,
              39.967492644485176
            ],
            [
              116.35413277545385,
              39.96812304178234
            ],
            [
              116.35348904133113,
              39.96811945327503
            ],
            [
              116.35349497995978,
              39.96748905605754
            ],
            [
              116.35413870817037,
              39.967492644485176
            ]
          ]
        ]
      }
    },
    {
      "type": "Feature",
      "id": "BLDG-133",
      "properties": {
        "id": "BLDG-133",
        "layer": "BUILDING_FOOTPRINT",
        "source_type": "agent_generated_design",
        "confidence": "medium",
        "geometry_role": "design_proposal",
        "building_type": "ai_r_and_d",
        "name_zh": "AI研发与产业建筑(AI成果转化研发区)",
        "renewal_action": "新建/改造",
        "floor_count": 0,
        "height_m": null,
        "area_sqm_declared": 3850.0
      },
      "geometry": {
        "type": "Polygon",
        "coordinates": [
          [
            [
              116.35412769011953,
              39.96866338226745
            ],
            [
              116.35412175705595,
              39.969293779435546
            ],
            [
              116.35347801195309,
              39.96929019078026
            ],
            [
              116.35348395092913,
              39.96865979369184
            ],
            [
              116.35412769011953,
              39.96866338226745
            ]
          ]
        ]
      }
    },
    {
      "type": "Feature",
      "id": "BLDG-134",
      "properties": {
        "id": "BLDG-134",
        "layer": "BUILDING_FOOTPRINT",
        "source_type": "agent_generated_design",
        "confidence": "medium",
        "geometry_role": "design_proposal",
        "building_type": "ai_r_and_d",
        "name_zh": "AI研发与产业建筑(AI成果转化研发区)",
        "renewal_action": "新建/改造",
        "floor_count": 0,
        "height_m": null,
        "area_sqm_declared": 3850.0
      },
      "geometry": {
        "type": "Polygon",
        "coordinates": [
          [
            [
              116.35411667142414,
              39.96983411981003
            ],
            [
              116.3541107380135,
              39.970464516849056
            ],
            [
              116.35346698192986,
              39.97046092804578
            ],
            [
              116.35347292125331,
              39.969830531086444
            ],
            [
              116.35411667142414,
              39.96983411981003
            ]
          ]
        ]
      }
    },
    {
      "type": "Feature",
      "id": "BLDG-135",
      "properties": {
        "id": "BLDG-135",
        "layer": "BUILDING_FOOTPRINT",
        "source_type": "agent_generated_design",
        "confidence": "medium",
        "geometry_role": "design_proposal",
        "building_type": "ai_r_and_d",
        "name_zh": "AI研发与产业建筑(AI成果转化研发区)",
        "renewal_action": "新建/改造",
        "floor_count": 0,
        "height_m": null,
        "area_sqm_declared": 3850.0
      },
      "geometry": {
        "type": "Polygon",
        "coordinates": [
          [
            [
              116.35410565208417,
              39.971004857112895
            ],
            [
              116.35409971832644,
              39.97163525402284
            ],
            [
              116.35345595126138,
              39.971631665071584
            ],
            [
              116.35346189093225,
              39.97100126824133
            ],
            [
              116.35410565208417,
              39.971004857112895
            ]
          ]
        ]
      }
    },
    {
      "type": "Feature",
      "id": "BLDG-136",
      "properties": {
        "id": "BLDG-136",
        "layer": "BUILDING_FOOTPRINT",
        "source_type": "agent_generated_design",
        "confidence": "medium",
        "geometry_role": "design_proposal",
        "building_type": "ai_r_and_d",
        "name_zh": "AI研发与产业建筑(AI成果转化研发区)",
        "renewal_action": "新建/改造",
        "floor_count": 0,
        "height_m": null,
        "area_sqm_declared": 3850.0
      },
      "geometry": {
        "type": "Polygon",
        "coordinates": [
          [
            [
              116.35409463209962,
              39.97217559417606
            ],
            [
              116.35408869799475,
              39.97280599095692
            ],
            [
              116.3534449199476,
              39.972802401857685
            ],
            [
              116.35345085996597,
              39.972172005156494
            ],
            [
              116.35409463209962,
              39.97217559417606
            ]
          ]
        ]
      }
    },
    {
      "type": "Feature",
      "id": "BLDG-137",
      "properties": {
        "id": "BLDG-137",
        "layer": "BUILDING_FOOTPRINT",
        "source_type": "agent_generated_design",
        "confidence": "medium",
        "geometry_role": "design_proposal",
        "building_type": "ai_r_and_d",
        "name_zh": "AI研发与产业建筑(AI成果转化研发区)",
        "renewal_action": "新建/改造",
        "floor_count": 0,
        "height_m": null,
        "area_sqm_declared": 3850.0
      },
      "geometry": {
        "type": "Polygon",
        "coordinates": [
          [
            [
              116.35408361147037,
              39.973346330999505
            ],
            [
              116.35407767701837,
              39.9739767276513
            ],
            [
              116.3534338879885,
              39.97397313840406
            ],
            [
              116.35343982835437,
              39.97334274183196
            ],
            [
              116.35408361147037,
              39.973346330999505
            ]
          ]
        ]
      }
    },
    {
      "type": "Feature",
      "id": "BLDG-138",
      "properties": {
        "id": "BLDG-138",
        "layer": "BUILDING_FOOTPRINT",
        "source_type": "agent_generated_design",
        "confidence": "medium",
        "geometry_role": "design_proposal",
        "building_type": "ai_r_and_d",
        "name_zh": "AI研发与产业建筑(AI成果转化研发区)",
        "renewal_action": "新建/改造",
        "floor_count": 0,
        "height_m": null,
        "area_sqm_declared": 3850.0
      },
      "geometry": {
        "type": "Polygon",
        "coordinates": [
          [
            [
              116.35407259019644,
              39.97451706758323
            ],
            [
              116.35406665539728,
              39.97514746410596
            ],
            [
              116.35342285538404,
              39.975143874710724
            ],
            [
              116.35342879609742,
              39.97451347826768
            ],
            [
              116.35407259019644,
              39.97451706758323
            ]
          ]
        ]
      }
    },
    {
      "type": "Feature",
      "id": "BLDG-139",
      "properties": {
        "id": "BLDG-139",
        "layer": "BUILDING_FOOTPRINT",
        "source_type": "agent_generated_design",
        "confidence": "medium",
        "geometry_role": "design_proposal",
        "building_type": "ai_r_and_d",
        "name_zh": "AI研发与产业建筑(AI成果转化研发区)",
        "renewal_action": "新建/改造",
        "floor_count": 0,
        "height_m": null,
        "area_sqm_declared": 3850.0
      },
      "geometry": {
        "type": "Polygon",
        "coordinates": [
          [
            [
              116.35406156827774,
              39.97568780392725
            ],
            [
              116.35405563313138,
              39.9763182003209
            ],
            [
              116.35341182213416,
              39.97631461077765
            ],
            [
              116.35341776319508,
              39.97568421446371
            ],
            [
              116.35406156827774,
              39.97568780392725
            ]
          ]
        ]
      }
    },
    {
      "type": "Feature",
      "id": "BLDG-140",
      "properties": {
        "id": "BLDG-140",
        "layer": "BUILDING_FOOTPRINT",
        "source_type": "agent_generated_design",
        "confidence": "medium",
        "geometry_role": "design_proposal",
        "building_type": "ai_r_and_d",
        "name_zh": "AI研发与产业建筑(AI成果转化研发区)",
        "renewal_action": "新建/改造",
        "floor_count": 0,
        "height_m": null,
        "area_sqm_declared": 3850.0
      },
      "geometry": {
        "type": "Polygon",
        "coordinates": [
          [
            [
              116.35405054571427,
              39.97685854003155
            ],
            [
              116.35404461022071,
              39.97748893629612
            ],
            [
              116.35340078823884,
              39.977485346604865
            ],
            [
              116.3534067296473,
              39.976854950420005
            ],
            [
              116.35405054571427,
              39.97685854003155
            ]
          ]
        ]
      }
    },
    {
      "type": "Feature",
      "id": "BLDG-141",
      "properties": {
        "id": "BLDG-141",
        "layer": "BUILDING_FOOTPRINT",
        "source_type": "agent_generated_design",
        "confidence": "medium",
        "geometry_role": "design_proposal",
        "building_type": "ai_r_and_d",
        "name_zh": "AI研发与产业建筑(AI成果转化研发区)",
        "renewal_action": "新建/改造",
        "floor_count": 0,
        "height_m": null,
        "area_sqm_declared": 3850.0
      },
      "geometry": {
        "type": "Polygon",
        "coordinates": [
          [
            [
              116.35403952250599,
              39.978029275896134
            ],
            [
              116.35403358666518,
              39.97865967203162
            ],
            [
              116.35338975369804,
              39.97865608219235
            ],
            [
              116.35339569545408,
              39.978025686136576
            ],
            [
              116.35403952250599,
              39.978029275896134
            ]
          ]
        ]
      }
    },
    {
      "type": "Feature",
      "id": "BLDG-142",
      "properties": {
        "id": "BLDG-142",
        "layer": "BUILDING_FOOTPRINT",
        "source_type": "agent_generated_design",
        "confidence": "medium",
        "geometry_role": "design_proposal",
        "building_type": "ai_r_and_d",
        "name_zh": "AI研发与产业建筑(AI成果转化研发区)",
        "renewal_action": "新建/改造",
        "floor_count": 0,
        "height_m": null,
        "area_sqm_declared": 3850.0
      },
      "geometry": {
        "type": "Polygon",
        "coordinates": [
          [
            [
              116.3540284986528,
              39.979200011520994
            ],
            [
              116.35402256246475,
              39.9798304075274
            ],
            [
              116.35337871851169,
              39.97982681754011
            ],
            [
              116.35338466061532,
              39.979196421613416
            ],
            [
              116.3540284986528,
              39.979200011520994
            ]
          ]
        ]
      }
    },
    {
      "type": "Feature",
      "id": "BLDG-143",
      "properties": {
        "id": "BLDG-143",
        "layer": "BUILDING_FOOTPRINT",
        "source_type": "agent_generated_design",
        "confidence": "medium",
        "geometry_role": "design_proposal",
        "building_type": "ai_r_and_d",
        "name_zh": "AI研发与产业建筑(AI成果转化研发区)",
        "renewal_action": "新建/改造",
        "floor_count": 0,
        "height_m": null,
        "area_sqm_declared": 3850.0
      },
      "geometry": {
        "type": "Polygon",
        "coordinates": [
          [
            [
              116.35401747415472,
              39.98037074690614
            ],
            [
              116.35401153761939,
              39.98100114278345
            ],
            [
              116.35336768267975,
              39.98099755264814
            ],
            [
              116.35337362513101,
              39.98036715685053
            ],
            [
              116.35401747415472,
              39.98037074690614
            ]
          ]
        ]
      }
    },
    {
      "type": "Feature",
      "id": "BLDG-144",
      "properties": {
        "id": "BLDG-144",
        "layer": "BUILDING_FOOTPRINT",
        "source_type": "agent_generated_design",
        "confidence": "medium",
        "geometry_role": "design_proposal",
        "building_type": "ai_r_and_d",
        "name_zh": "AI研发与产业建筑(原点AI研发与开源社区)",
        "renewal_action": "新建/改造",
        "floor_count": 0,
        "height_m": null,
        "area_sqm_declared": 3850.0
      },
      "geometry": {
        "type": "Polygon",
        "coordinates": [
          [
            [
              116.35012588884425,
              39.98335662653164
            ],
            [
              116.35011991591585,
              39.9839870215979
            ],
            [
              116.34947603344534,
              39.98398340962358
            ],
            [
              116.34948201229051,
              39.98335301463752
            ],
            [
              116.35012588884425,
              39.98335662653164
            ]
          ]
        ]
      }
    },
    {
      "type": "Feature",
      "id": "BLDG-145",
      "properties": {
        "id": "BLDG-145",
        "layer": "BUILDING_FOOTPRINT",
        "source_type": "agent_generated_design",
        "confidence": "medium",
        "geometry_role": "design_proposal",
        "building_type": "ai_r_and_d",
        "name_zh": "AI研发与产业建筑(原点AI研发与开源社区)",
        "renewal_action": "新建/改造",
        "floor_count": 0,
        "height_m": null,
        "area_sqm_declared": 3850.0
      },
      "geometry": {
        "type": "Polygon",
        "coordinates": [
          [
            [
              116.35011479611323,
              39.98452736017077
            ],
            [
              116.35010882283541,
              39.98515775510793
            ],
            [
              116.34946492937607,
              39.9851541429847
            ],
            [
              116.34947090857102,
              39.984523748127735
            ],
            [
              116.35011479611323,
              39.98452736017077
            ]
          ]
        ]
      }
    },
    {
      "type": "Feature",
      "id": "BLDG-146",
      "properties": {
        "id": "BLDG-146",
        "layer": "BUILDING_FOOTPRINT",
        "source_type": "agent_generated_design",
        "confidence": "medium",
        "geometry_role": "design_proposal",
        "building_type": "ai_r_and_d",
        "name_zh": "AI研发与产业建筑(原点AI研发与开源社区)",
        "renewal_action": "新建/改造",
        "floor_count": 0,
        "height_m": null,
        "area_sqm_declared": 3850.0
      },
      "geometry": {
        "type": "Polygon",
        "coordinates": [
          [
            [
              116.35010370273322,
              39.98569809357014
            ],
            [
              116.35009772910594,
              39.98632848837819
            ],
            [
              116.34945382465716,
              39.98632487610603
            ],
            [
              116.34945980420191,
              39.98569448137819
            ],
            [
              116.35010370273322,
              39.98569809357014
            ]
          ]
        ]
      }
    },
    {
      "type": "Feature",
      "id": "BLDG-147",
      "properties": {
        "id": "BLDG-147",
        "layer": "BUILDING_FOOTPRINT",
        "source_type": "agent_generated_design",
        "confidence": "medium",
        "geometry_role": "design_proposal",
        "building_type": "ai_r_and_d",
        "name_zh": "AI研发与产业建筑(原点AI研发与开源社区)",
        "renewal_action": "新建/改造",
        "floor_count": 0,
        "height_m": null,
        "area_sqm_declared": 3850.0
      },
      "geometry": {
        "type": "Polygon",
        "coordinates": [
          [
            [
              116.35009260870422,
              39.98686882672976
            ],
            [
              116.35008663472748,
              39.98749922140869
            ],
            [
              116.34944271928859,
              39.9874956089876
            ],
            [
              116.34944869918316,
              39.986865214388864
            ],
            [
              116.35009260870422,
              39.98686882672976
            ]
          ]
        ]
      }
    },
    {
      "type": "Feature",
      "id": "BLDG-148",
      "properties": {
        "id": "BLDG-148",
        "layer": "BUILDING_FOOTPRINT",
        "source_type": "agent_generated_design",
        "confidence": "medium",
        "geometry_role": "design_proposal",
        "building_type": "ai_r_and_d",
        "name_zh": "AI研发与产业建筑(原点AI研发与开源社区)",
        "renewal_action": "新建/改造",
        "floor_count": 0,
        "height_m": null,
        "area_sqm_declared": 3850.0
      },
      "geometry": {
        "type": "Polygon",
        "coordinates": [
          [
            [
              116.35008151402619,
              39.98803955964961
            ],
            [
              116.35007553969993,
              39.98866995419943
            ],
            [
              116.34943161327028,
              39.988666341629404
            ],
            [
              116.34943759351474,
              39.988035947159766
            ],
            [
              116.35008151402619,
              39.98803955964961
            ]
          ]
        ]
      }
    },
    {
      "type": "Feature",
      "id": "BLDG-149",
      "properties": {
        "id": "BLDG-149",
        "layer": "BUILDING_FOOTPRINT",
        "source_type": "agent_generated_design",
        "confidence": "medium",
        "geometry_role": "design_proposal",
        "building_type": "ai_r_and_d",
        "name_zh": "AI研发与产业建筑(原点AI研发与开源社区)",
        "renewal_action": "新建/改造",
        "floor_count": 0,
        "height_m": null,
        "area_sqm_declared": 3850.0
      },
      "geometry": {
        "type": "Polygon",
        "coordinates": [
          [
            [
              116.35007041869908,
              39.98921029232968
            ],
            [
              116.35006444402329,
              39.989840686750405
            ],
            [
              116.34942050660224,
              39.98983707403142
            ],
            [
              116.34942648719657,
              39.9892066796909
            ],
            [
              116.35007041869908,
              39.98921029232968
            ]
          ]
        ]
      }
    },
    {
      "type": "Feature",
      "id": "BLDG-150",
      "properties": {
        "id": "BLDG-150",
        "layer": "BUILDING_FOOTPRINT",
        "source_type": "agent_generated_design",
        "confidence": "medium",
        "geometry_role": "design_proposal",
        "building_type": "ai_r_and_d",
        "name_zh": "AI研发与产业建筑(原点AI研发与开源社区)",
        "renewal_action": "新建/改造",
        "floor_count": 0,
        "height_m": null,
        "area_sqm_declared": 3850.0
      },
      "geometry": {
        "type": "Polygon",
        "coordinates": [
          [
            [
              116.35005932272281,
              39.99038102477
            ],
            [
              116.35005334769747,
              39.99101141906162
            ],
            [
              116.34940939928441,
              39.99100780619368
            ],
            [
              116.3494153802286,
              39.990377411982266
            ],
            [
              116.35005932272281,
              39.99038102477
            ]
          ]
        ]
      }
    },
    {
      "type": "Feature",
      "id": "BLDG-151",
      "properties": {
        "id": "BLDG-151",
        "layer": "BUILDING_FOOTPRINT",
        "source_type": "agent_generated_design",
        "confidence": "medium",
        "geometry_role": "design_proposal",
        "building_type": "ai_r_and_d",
        "name_zh": "AI研发与产业建筑(原点AI研发与开源社区)",
        "renewal_action": "新建/改造",
        "floor_count": 0,
        "height_m": null,
        "area_sqm_declared": 3850.0
      },
      "geometry": {
        "type": "Polygon",
        "coordinates": [
          [
            [
              116.35004822609736,
              39.99155175697053
            ],
            [
              116.35004225072247,
              39.99218215113304
            ],
            [
              116.34939829131672,
              39.99217853811615
            ],
            [
              116.34940427261084,
              39.99154814403384
            ],
            [
              116.35004822609736,
              39.99155175697053
            ]
          ]
        ]
      }
    },
    {
      "type": "Feature",
      "id": "BLDG-152",
      "properties": {
        "id": "BLDG-152",
        "layer": "BUILDING_FOOTPRINT",
        "source_type": "agent_generated_design",
        "confidence": "medium",
        "geometry_role": "design_proposal",
        "building_type": "ai_r_and_d",
        "name_zh": "AI研发与产业建筑(原点AI研发与开源社区)",
        "renewal_action": "新建/改造",
        "floor_count": 0,
        "height_m": null,
        "area_sqm_declared": 3850.0
      },
      "geometry": {
        "type": "Polygon",
        "coordinates": [
          [
            [
              116.35141364230005,
              39.983363839590744
            ],
            [
              116.35140768120526,
              39.983994234817146
            ],
            [
              116.35076379850253,
              39.983990629995745
            ],
            [
              116.35076976551412,
              39.98336023484938
            ],
            [
              116.35141364230005,
              39.983363839590744
            ]
          ]
        ]
      }
    },
    {
      "type": "Feature",
      "id": "BLDG-153",
      "properties": {
        "id": "BLDG-153",
        "layer": "BUILDING_FOOTPRINT",
        "source_type": "agent_generated_design",
        "confidence": "medium",
        "geometry_role": "design_proposal",
        "building_type": "ai_r_and_d",
        "name_zh": "AI研发与产业建筑(原点AI研发与开源社区)",
        "renewal_action": "新建/改造",
        "floor_count": 0,
        "height_m": null,
        "area_sqm_declared": 3850.0
      },
      "geometry": {
        "type": "Polygon",
        "coordinates": [
          [
            [
              116.35140257154596,
              39.98453457352729
            ],
            [
              116.35139661010246,
              39.98516496862458
            ],
            [
              116.3507527164109,
              39.985161363654555
            ],
            [
              116.35075868377159,
              39.984530968637294
            ],
            [
              116.35140257154596,
              39.98453457352729
            ]
          ]
        ]
      }
    },
    {
      "type": "Feature",
      "id": "BLDG-154",
      "properties": {
        "id": "BLDG-154",
        "layer": "BUILDING_FOOTPRINT",
        "source_type": "agent_generated_design",
        "confidence": "medium",
        "geometry_role": "design_proposal",
        "building_type": "ai_r_and_d",
        "name_zh": "AI研发与产业建筑(原点AI研发与开源社区)",
        "renewal_action": "新建/改造",
        "floor_count": 0,
        "height_m": null,
        "area_sqm_declared": 3850.0
      },
      "geometry": {
        "type": "Polygon",
        "coordinates": [
          [
            [
              116.35139150014423,
              39.98570530722408
            ],
            [
              116.35138553835195,
              39.98633570219228
            ],
            [
              116.3507416336709,
              39.9863320970736
            ],
            [
              116.35074760138069,
              39.98570170218545
            ],
            [
              116.35139150014423,
              39.98570530722408
            ]
          ]
        ]
      }
    },
    {
      "type": "Feature",
      "id": "BLDG-155",
      "properties": {
        "id": "BLDG-155",
        "layer": "BUILDING_FOOTPRINT",
        "source_type": "agent_generated_design",
        "confidence": "medium",
        "geometry_role": "design_proposal",
        "building_type": "ai_r_and_d",
        "name_zh": "AI研发与产业建筑(原点AI研发与开源社区)",
        "renewal_action": "新建/改造",
        "floor_count": 0,
        "height_m": null,
        "area_sqm_declared": 3850.0
      },
      "geometry": {
        "type": "Polygon",
        "coordinates": [
          [
            [
              116.35138042809477,
              39.98687604068112
            ],
            [
              116.35137446595371,
              39.987506435520224
            ],
            [
              116.35073055028255,
              39.9875028302529
            ],
            [
              116.35073651834148,
              39.986872435493844
            ],
            [
              116.35138042809477,
              39.98687604068112
            ]
          ]
        ]
      }
    },
    {
      "type": "Feature",
      "id": "BLDG-156",
      "properties": {
        "id": "BLDG-156",
        "layer": "BUILDING_FOOTPRINT",
        "source_type": "agent_generated_design",
        "confidence": "medium",
        "geometry_role": "design_proposal",
        "building_type": "ai_r_and_d",
        "name_zh": "AI研发与产业建筑(原点AI研发与开源社区)",
        "renewal_action": "新建/改造",
        "floor_count": 0,
        "height_m": null,
        "area_sqm_declared": 3850.0
      },
      "geometry": {
        "type": "Polygon",
        "coordinates": [
          [
            [
              116.35136935539755,
              39.988046773898404
            ],
            [
              116.35136339290767,
              39.9886771686084
            ],
            [
              116.35071946624576,
              39.988673563192435
            ],
            [
              116.35072543465384,
              39.988043168562484
            ],
            [
              116.35136935539755,
              39.988046773898404
            ]
          ]
        ]
      }
    },
    {
      "type": "Feature",
      "id": "BLDG-157",
      "properties": {
        "id": "BLDG-157",
        "layer": "BUILDING_FOOTPRINT",
        "source_type": "agent_generated_design",
        "confidence": "medium",
        "geometry_role": "design_proposal",
        "building_type": "ai_r_and_d",
        "name_zh": "AI研发与产业建筑(原点AI研发与开源社区)",
        "renewal_action": "新建/改造",
        "floor_count": 0,
        "height_m": null,
        "area_sqm_declared": 3850.0
      },
      "geometry": {
        "type": "Polygon",
        "coordinates": [
          [
            [
              116.35135828205254,
              39.989217506875924
            ],
            [
              116.35135231921379,
              39.98984790145682
            ],
            [
              116.3507083815605,
              39.98984429589222
            ],
            [
              116.35071435031776,
              39.98921390139136
            ],
            [
              116.35135828205254,
              39.989217506875924
            ]
          ]
        ]
      }
    },
    {
      "type": "Feature",
      "id": "BLDG-158",
      "properties": {
        "id": "BLDG-158",
        "layer": "BUILDING_FOOTPRINT",
        "source_type": "agent_generated_design",
        "confidence": "medium",
        "geometry_role": "design_proposal",
        "building_type": "ai_r_and_d",
        "name_zh": "AI研发与产业建筑(原点AI研发与开源社区)",
        "renewal_action": "新建/改造",
        "floor_count": 0,
        "height_m": null,
        "area_sqm_declared": 3850.0
      },
      "geometry": {
        "type": "Polygon",
        "coordinates": [
          [
            [
              116.35134720805966,
              39.9903882396137
            ],
            [
              116.35134124487207,
              39.99101863406548
            ],
            [
              116.35069729622673,
              39.99101502835222
            ],
            [
              116.3507032653332,
              39.99038463398047
            ],
            [
              116.35134720805966,
              39.9903882396137
            ]
          ]
        ]
      }
    },
    {
      "type": "Feature",
      "id": "BLDG-159",
      "properties": {
        "id": "BLDG-159",
        "layer": "BUILDING_FOOTPRINT",
        "source_type": "agent_generated_design",
        "confidence": "medium",
        "geometry_role": "design_proposal",
        "building_type": "ai_r_and_d",
        "name_zh": "AI研发与产业建筑(原点AI研发与开源社区)",
        "renewal_action": "新建/改造",
        "floor_count": 0,
        "height_m": null,
        "area_sqm_declared": 3850.0
      },
      "geometry": {
        "type": "Polygon",
        "coordinates": [
          [
            [
              116.35133613341891,
              39.9915589721117
            ],
            [
              116.35133016988244,
              39.99218936643439
            ],
            [
              116.35068621024439,
              39.99218576057246
            ],
            [
              116.35069217970009,
              39.99155536632981
            ],
            [
              116.35133613341891,
              39.9915589721117
            ]
          ]
        ]
      }
    },
    {
      "type": "Feature",
      "id": "BLDG-160",
      "properties": {
        "id": "BLDG-160",
        "layer": "BUILDING_FOOTPRINT",
        "source_type": "agent_generated_design",
        "confidence": "medium",
        "geometry_role": "design_proposal",
        "building_type": "ai_r_and_d",
        "name_zh": "AI研发与产业建筑(原点AI研发与开源社区)",
        "renewal_action": "新建/改造",
        "floor_count": 0,
        "height_m": null,
        "area_sqm_declared": 3850.0
      },
      "geometry": {
        "type": "Polygon",
        "coordinates": [
          [
            [
              116.35270139621954,
              39.98337103834437
            ],
            [
              116.35269544695835,
              39.98400143373059
            ],
            [
              116.3520515640239,
              39.983997836062095
            ],
            [
              116.35205751920189,
              39.98336744075574
            ],
            [
              116.35270139621954,
              39.98337103834437
            ]
          ]
        ]
      }
    },
    {
      "type": "Feature",
      "id": "BLDG-161",
      "properties": {
        "id": "BLDG-161",
        "layer": "BUILDING_FOOTPRINT",
        "source_type": "agent_generated_design",
        "confidence": "medium",
        "geometry_role": "design_proposal",
        "building_type": "ai_r_and_d",
        "name_zh": "AI研发与产业建筑(原点AI研发与开源社区)",
        "renewal_action": "新建/改造",
        "floor_count": 0,
        "height_m": null,
        "area_sqm_declared": 3850.0
      },
      "geometry": {
        "type": "Polygon",
        "coordinates": [
          [
            [
              116.35269034744246,
              39.98454177257774
            ],
            [
              116.35268439783323,
              39.985172167834854
            ],
            [
              116.35204050390992,
              39.98516857001802
            ],
            [
              116.35204645943631,
              39.984538174840786
            ],
            [
              116.35269034744246,
              39.98454177257774
            ]
          ]
        ]
      }
    },
    {
      "type": "Feature",
      "id": "BLDG-162",
      "properties": {
        "id": "BLDG-162",
        "layer": "BUILDING_FOOTPRINT",
        "source_type": "agent_generated_design",
        "confidence": "medium",
        "geometry_role": "design_proposal",
        "building_type": "ai_r_and_d",
        "name_zh": "AI研发与产业建筑(原点AI研发与开源社区)",
        "renewal_action": "新建/改造",
        "floor_count": 0,
        "height_m": null,
        "area_sqm_declared": 3850.0
      },
      "geometry": {
        "type": "Polygon",
        "coordinates": [
          [
            [
              116.35267929801901,
              39.98571250657135
            ],
            [
              116.35267334806169,
              39.98634290169938
            ],
            [
              116.3520294431489,
              39.986339303734205
            ],
            [
              116.3520353990237,
              39.98570890868605
            ],
            [
              116.35267929801901,
              39.98571250657135
            ]
          ]
        ]
      }
    },
    {
      "type": "Feature",
      "id": "BLDG-163",
      "properties": {
        "id": "BLDG-163",
        "layer": "BUILDING_FOOTPRINT",
        "source_type": "agent_generated_design",
        "confidence": "medium",
        "geometry_role": "design_proposal",
        "building_type": "ai_r_and_d",
        "name_zh": "AI研发与产业建筑(原点AI研发与开源社区)",
        "renewal_action": "新建/改造",
        "floor_count": 0,
        "height_m": null,
        "area_sqm_declared": 3850.0
      },
      "geometry": {
        "type": "Polygon",
        "coordinates": [
          [
            [
              116.3526682479491,
              39.986883240325234
            ],
            [
              116.35266229764372,
              39.987513635324156
            ],
            [
              116.35201838174079,
              39.98751003721063
            ],
            [
              116.35202433796404,
              39.98687964229158
            ],
            [
              116.3526682479491,
              39.986883240325234
            ]
          ]
        ]
      }
    },
    {
      "type": "Feature",
      "id": "BLDG-164",
      "properties": {
        "id": "BLDG-164",
        "layer": "BUILDING_FOOTPRINT",
        "source_type": "agent_generated_design",
        "confidence": "medium",
        "geometry_role": "design_proposal",
        "building_type": "ai_r_and_d",
        "name_zh": "AI研发与产业建筑(原点AI研发与开源社区)",
        "renewal_action": "新建/改造",
        "floor_count": 0,
        "height_m": null,
        "area_sqm_declared": 3850.0
      },
      "geometry": {
        "type": "Polygon",
        "coordinates": [
          [
            [
              116.35265719723274,
              39.98805397383935
            ],
            [
              116.35265124657921,
              39.98868436870919
            ],
            [
              116.35200731968553,
              39.988680770447324
            ],
            [
              116.35201327625724,
              39.98805037565736
            ],
            [
              116.35265719723274,
              39.98805397383935
            ]
          ]
        ]
      }
    },
    {
      "type": "Feature",
      "id": "BLDG-165",
      "properties": {
        "id": "BLDG-165",
        "layer": "BUILDING_FOOTPRINT",
        "source_type": "agent_generated_design",
        "confidence": "medium",
        "geometry_role": "design_proposal",
        "building_type": "ai_r_and_d",
        "name_zh": "AI研发与产业建筑(原点AI研发与开源社区)",
        "renewal_action": "新建/改造",
        "floor_count": 0,
        "height_m": null,
        "area_sqm_declared": 3850.0
      },
      "geometry": {
        "type": "Polygon",
        "coordinates": [
          [
            [
              116.35264614586985,
              39.989224707113735
            ],
            [
              116.35264019486817,
              39.98985510185448
            ],
            [
              116.35199625698306,
              39.98985150344424
            ],
            [
              116.35200221390326,
              39.98922110878338
            ],
            [
              116.35264614586985,
              39.989224707113735
            ]
          ]
        ]
      }
    },
    {
      "type": "Feature",
      "id": "BLDG-166",
      "properties": {
        "id": "BLDG-166",
        "layer": "BUILDING_FOOTPRINT",
        "source_type": "agent_generated_design",
        "confidence": "medium",
        "geometry_role": "design_proposal",
        "building_type": "ai_r_and_d",
        "name_zh": "AI研发与产业建筑(原点AI研发与开源社区)",
        "renewal_action": "新建/改造",
        "floor_count": 0,
        "height_m": null,
        "area_sqm_declared": 3850.0
      },
      "geometry": {
        "type": "Polygon",
        "coordinates": [
          [
            [
              116.35263509386041,
              39.99039544014837
            ],
            [
              116.35262914251058,
              39.991025834760016
            ],
            [
              116.3519851936334,
              39.99102223620142
            ],
            [
              116.35199115090211,
              39.990391841669656
            ],
            [
              116.35263509386041,
              39.99039544014837
            ]
          ]
        ]
      }
    },
    {
      "type": "Feature",
      "id": "BLDG-167",
      "properties": {
        "id": "BLDG-167",
        "layer": "BUILDING_FOOTPRINT",
        "source_type": "agent_generated_design",
        "confidence": "medium",
        "geometry_role": "design_proposal",
        "building_type": "ai_r_and_d",
        "name_zh": "AI研发与产业建筑(原点AI研发与开源社区)",
        "renewal_action": "新建/改造",
        "floor_count": 0,
        "height_m": null,
        "area_sqm_declared": 3850.0
      },
      "geometry": {
        "type": "Polygon",
        "coordinates": [
          [
            [
              116.35262404120435,
              39.99156617294325
            ],
            [
              116.35261808950634,
              39.9921965674258
            ],
            [
              116.35197412963645,
              39.99219296871884
            ],
            [
              116.3519800872537,
              39.99156257431618
            ],
            [
              116.35262404120435,
              39.99156617294325
            ]
          ]
        ]
      }
    },
    {
      "type": "Feature",
      "id": "BLDG-168",
      "properties": {
        "id": "BLDG-168",
        "layer": "BUILDING_FOOTPRINT",
        "source_type": "agent_generated_design",
        "confidence": "medium",
        "geometry_role": "design_proposal",
        "building_type": "ai_r_and_d",
        "name_zh": "AI研发与产业建筑(AI中试测试验证区)",
        "renewal_action": "新建/改造",
        "floor_count": 0,
        "height_m": null,
        "area_sqm_declared": 3850.0
      },
      "geometry": {
        "type": "Polygon",
        "coordinates": [
          [
            [
              116.35003045315506,
              39.993426720404074
            ],
            [
              116.35002447722026,
              39.99405711435981
            ],
            [
              116.34938050020806,
              39.994053501104354
            ],
            [
              116.34938648206263,
              39.99342310722882
            ],
            [
              116.35003045315506,
              39.993426720404074
            ]
          ]
        ]
      }
    },
    {
      "type": "Feature",
      "id": "BLDG-169",
      "properties": {
        "id": "BLDG-169",
        "layer": "BUILDING_FOOTPRINT",
        "source_type": "agent_generated_design",
        "confidence": "medium",
        "geometry_role": "design_proposal",
        "building_type": "ai_r_and_d",
        "name_zh": "AI研发与产业建筑(AI中试测试验证区)",
        "renewal_action": "新建/改造",
        "floor_count": 0,
        "height_m": null,
        "area_sqm_declared": 3850.0
      },
      "geometry": {
        "type": "Polygon",
        "coordinates": [
          [
            [
              116.35001935484058,
              39.99459745198085
            ],
            [
              116.35001337855613,
              39.99522784580747
            ],
            [
              116.34936939054961,
              39.99522423240303
            ],
            [
              116.34937537275415,
              39.99459383865662
            ],
            [
              116.35001935484058,
              39.99459745198085
            ]
          ]
        ]
      }
    },
    {
      "type": "Feature",
      "id": "BLDG-170",
      "properties": {
        "id": "BLDG-170",
        "layer": "BUILDING_FOOTPRINT",
        "source_type": "agent_generated_design",
        "confidence": "medium",
        "geometry_role": "design_proposal",
        "building_type": "ai_r_and_d",
        "name_zh": "AI研发与产业建筑(AI中试测试验证区)",
        "renewal_action": "新建/改造",
        "floor_count": 0,
        "height_m": null,
        "area_sqm_declared": 3850.0
      },
      "geometry": {
        "type": "Polygon",
        "coordinates": [
          [
            [
              116.35000825587676,
              39.99576818331783
            ],
            [
              116.35000227924267,
              39.99639857701534
            ],
            [
              116.34935828024116,
              39.99639496346193
            ],
            [
              116.34936426279572,
              39.99576456984463
            ],
            [
              116.35000825587676,
              39.99576818331783
            ]
          ]
        ]
      }
    },
    {
      "type": "Feature",
      "id": "BLDG-171",
      "properties": {
        "id": "BLDG-171",
        "layer": "BUILDING_FOOTPRINT",
        "source_type": "agent_generated_design",
        "confidence": "medium",
        "geometry_role": "design_proposal",
        "building_type": "ai_r_and_d",
        "name_zh": "AI研发与产业建筑(AI中试测试验证区)",
        "renewal_action": "新建/改造",
        "floor_count": 0,
        "height_m": null,
        "area_sqm_declared": 3850.0
      },
      "geometry": {
        "type": "Polygon",
        "coordinates": [
          [
            [
              116.34999715626358,
              39.996938914415026
            ],
            [
              116.34999117927981,
              39.99756930798343
            ],
            [
              116.34934716928267,
              39.99756569428106
            ],
            [
              116.34935315218722,
              39.996935300792856
            ],
            [
              116.34999715626358,
              39.996938914415026
            ]
          ]
        ]
      }
    },
    {
      "type": "Feature",
      "id": "BLDG-172",
      "properties": {
        "id": "BLDG-172",
        "layer": "BUILDING_FOOTPRINT",
        "source_type": "agent_generated_design",
        "confidence": "medium",
        "geometry_role": "design_proposal",
        "building_type": "ai_r_and_d",
        "name_zh": "AI研发与产业建筑(AI中试测试验证区)",
        "renewal_action": "新建/改造",
        "floor_count": 0,
        "height_m": null,
        "area_sqm_declared": 3850.0
      },
      "geometry": {
        "type": "Polygon",
        "coordinates": [
          [
            [
              116.349986056001,
              39.99810964527246
            ],
            [
              116.34998007866751,
              39.99874003871175
            ],
            [
              116.34933605767411,
              39.99873642486038
            ],
            [
              116.3493420409287,
              39.99810603150131
            ],
            [
              116.349986056001,
              39.99810964527246
            ]
          ]
        ]
      }
    },
    {
      "type": "Feature",
      "id": "BLDG-173",
      "properties": {
        "id": "BLDG-173",
        "layer": "BUILDING_FOOTPRINT",
        "source_type": "agent_generated_design",
        "confidence": "medium",
        "geometry_role": "design_proposal",
        "building_type": "ai_r_and_d",
        "name_zh": "AI研发与产业建筑(AI中试测试验证区)",
        "renewal_action": "新建/改造",
        "floor_count": 0,
        "height_m": null,
        "area_sqm_declared": 3850.0
      },
      "geometry": {
        "type": "Polygon",
        "coordinates": [
          [
            [
              116.34997495508895,
              39.999280375890095
            ],
            [
              116.34996897740574,
              39.9999107692003
            ],
            [
              116.34932494541542,
              39.99990715519993
            ],
            [
              116.34933092902011,
              39.99927676196996
            ],
            [
              116.34997495508895,
              39.999280375890095
            ]
          ]
        ]
      }
    },
    {
      "type": "Feature",
      "id": "BLDG-174",
      "properties": {
        "id": "BLDG-174",
        "layer": "BUILDING_FOOTPRINT",
        "source_type": "agent_generated_design",
        "confidence": "medium",
        "geometry_role": "design_proposal",
        "building_type": "ai_r_and_d",
        "name_zh": "AI研发与产业建筑(AI中试测试验证区)",
        "renewal_action": "新建/改造",
        "floor_count": 0,
        "height_m": null,
        "area_sqm_declared": 3850.0
      },
      "geometry": {
        "type": "Polygon",
        "coordinates": [
          [
            [
              116.34996385352741,
              40.00045110626796
            ],
            [
              116.34995787549447,
              40.001081499449036
            ],
            [
              116.34931383250654,
              40.00107788529968
            ],
            [
              116.34931981646133,
              40.00044749219883
            ],
            [
              116.34996385352741,
              40.00045110626796
            ]
          ]
        ]
      }
    },
    {
      "type": "Feature",
      "id": "BLDG-175",
      "properties": {
        "id": "BLDG-175",
        "layer": "BUILDING_FOOTPRINT",
        "source_type": "agent_generated_design",
        "confidence": "medium",
        "geometry_role": "design_proposal",
        "building_type": "ai_r_and_d",
        "name_zh": "AI研发与产业建筑(AI中试测试验证区)",
        "renewal_action": "新建/改造",
        "floor_count": 0,
        "height_m": null,
        "area_sqm_declared": 3850.0
      },
      "geometry": {
        "type": "Polygon",
        "coordinates": [
          [
            [
              116.34995275131632,
              40.00162183640603
            ],
            [
              116.34994677293362,
              40.00225222945799
            ],
            [
              116.3493027189475,
              40.00224861515964
            ],
            [
              116.34930870325239,
              40.0016182221879
            ],
            [
              116.34995275131632,
              40.00162183640603
            ]
          ]
        ]
      }
    },
    {
      "type": "Feature",
      "id": "BLDG-176",
      "properties": {
        "id": "BLDG-176",
        "layer": "BUILDING_FOOTPRINT",
        "source_type": "agent_generated_design",
        "confidence": "medium",
        "geometry_role": "design_proposal",
        "building_type": "ai_r_and_d",
        "name_zh": "AI研发与产业建筑(AI中试测试验证区)",
        "renewal_action": "新建/改造",
        "floor_count": 0,
        "height_m": null,
        "area_sqm_declared": 3850.0
      },
      "geometry": {
        "type": "Polygon",
        "coordinates": [
          [
            [
              116.34994164845567,
              40.00279256630433
            ],
            [
              116.34993566972315,
              40.00342295922716
            ],
            [
              116.34929160473818,
              40.0034193447798
            ],
            [
              116.34929758939323,
              40.0027889519372
            ],
            [
              116.34994164845567,
              40.00279256630433
            ]
          ]
        ]
      }
    },
    {
      "type": "Feature",
      "id": "BLDG-177",
      "properties": {
        "id": "BLDG-177",
        "layer": "BUILDING_FOOTPRINT",
        "source_type": "agent_generated_design",
        "confidence": "medium",
        "geometry_role": "design_proposal",
        "building_type": "ai_r_and_d",
        "name_zh": "AI研发与产业建筑(AI中试测试验证区)",
        "renewal_action": "新建/改造",
        "floor_count": 0,
        "height_m": null,
        "area_sqm_declared": 3850.0
      },
      "geometry": {
        "type": "Polygon",
        "coordinates": [
          [
            [
              116.35131839568841,
              39.99343393602167
            ],
            [
              116.35131243159317,
              39.99406433013758
            ],
            [
              116.35066845434866,
              39.99406072403756
            ],
            [
              116.35067442436369,
              39.99343033000168
            ],
            [
              116.35131839568841,
              39.99343393602167
            ]
          ]
        ]
      }
    },
    {
      "type": "Feature",
      "id": "BLDG-178",
      "properties": {
        "id": "BLDG-178",
        "layer": "BUILDING_FOOTPRINT",
        "source_type": "agent_generated_design",
        "confidence": "medium",
        "geometry_role": "design_proposal",
        "building_type": "ai_r_and_d",
        "name_zh": "AI研发与产业建筑(AI中试测试验证区)",
        "renewal_action": "新建/改造",
        "floor_count": 0,
        "height_m": null,
        "area_sqm_declared": 3850.0
      },
      "geometry": {
        "type": "Polygon",
        "coordinates": [
          [
            [
              116.35130731936195,
              39.99460466789591
            ],
            [
              116.35130135491777,
              39.995235061882745
            ],
            [
              116.35065736667889,
              39.995231455634034
            ],
            [
              116.35066333704322,
              39.99460106172726
            ],
            [
              116.35130731936195,
              39.99460466789591
            ]
          ]
        ]
      }
    },
    {
      "type": "Feature",
      "id": "BLDG-179",
      "properties": {
        "id": "BLDG-179",
        "layer": "BUILDING_FOOTPRINT",
        "source_type": "agent_generated_design",
        "confidence": "medium",
        "geometry_role": "design_proposal",
        "building_type": "ai_r_and_d",
        "name_zh": "AI研发与产业建筑(AI中试测试验证区)",
        "renewal_action": "新建/改造",
        "floor_count": 0,
        "height_m": null,
        "area_sqm_declared": 3850.0
      },
      "geometry": {
        "type": "Polygon",
        "coordinates": [
          [
            [
              116.35129624238745,
              39.99577539953041
            ],
            [
              116.35129027759432,
              39.99640579338813
            ],
            [
              116.35064627836041,
              39.99640218699074
            ],
            [
              116.35065224907405,
              39.99577179321307
            ],
            [
              116.35129624238745,
              39.99577539953041
            ]
          ]
        ]
      }
    },
    {
      "type": "Feature",
      "id": "BLDG-180",
      "properties": {
        "id": "BLDG-180",
        "layer": "BUILDING_FOOTPRINT",
        "source_type": "agent_generated_design",
        "confidence": "medium",
        "geometry_role": "design_proposal",
        "building_type": "ai_r_and_d",
        "name_zh": "AI研发与产业建筑(AI中试测试验证区)",
        "renewal_action": "新建/改造",
        "floor_count": 0,
        "height_m": null,
        "area_sqm_declared": 3850.0
      },
      "geometry": {
        "type": "Polygon",
        "coordinates": [
          [
            [
              116.35128516476487,
              39.996946130925124
            ],
            [
              116.35127919962274,
              39.99757652465374
            ],
            [
              116.3506351893932,
              39.99757291810766
            ],
            [
              116.35064116045616,
              39.99694252445911
            ],
            [
              116.35128516476487,
              39.996946130925124
            ]
          ]
        ]
      }
    },
    {
      "type": "Feature",
      "id": "BLDG-181",
      "properties": {
        "id": "BLDG-181",
        "layer": "BUILDING_FOOTPRINT",
        "source_type": "agent_generated_design",
        "confidence": "medium",
        "geometry_role": "design_proposal",
        "building_type": "ai_r_and_d",
        "name_zh": "AI研发与产业建筑(AI中试测试验证区)",
        "renewal_action": "新建/改造",
        "floor_count": 0,
        "height_m": null,
        "area_sqm_declared": 3850.0
      },
      "geometry": {
        "type": "Polygon",
        "coordinates": [
          [
            [
              116.35127408649419,
              39.99811686208007
            ],
            [
              116.35126812100302,
              39.998747255679575
            ],
            [
              116.35062409977719,
              39.99874364898482
            ],
            [
              116.3506300711895,
              39.99811325546538
            ],
            [
              116.35127408649419,
              39.99811686208007
            ]
          ]
        ]
      }
    },
    {
      "type": "Feature",
      "id": "BLDG-182",
      "properties": {
        "id": "BLDG-182",
        "layer": "BUILDING_FOOTPRINT",
        "source_type": "agent_generated_design",
        "confidence": "medium",
        "geometry_role": "design_proposal",
        "building_type": "ai_r_and_d",
        "name_zh": "AI研发与产业建筑(AI中试测试验证区)",
        "renewal_action": "新建/改造",
        "floor_count": 0,
        "height_m": null,
        "area_sqm_declared": 3850.0
      },
      "geometry": {
        "type": "Polygon",
        "coordinates": [
          [
            [
              116.35126300757528,
              39.99928759299524
            ],
            [
              116.35125704173511,
              39.999917986465654
            ],
            [
              116.35061300951234,
              39.999914379622204
            ],
            [
              116.35061898127405,
              39.99928398623186
            ],
            [
              116.35126300757528,
              39.99928759299524
            ]
          ]
        ]
      }
    },
    {
      "type": "Feature",
      "id": "BLDG-183",
      "properties": {
        "id": "BLDG-183",
        "layer": "BUILDING_FOOTPRINT",
        "source_type": "agent_generated_design",
        "confidence": "medium",
        "geometry_role": "design_proposal",
        "building_type": "ai_r_and_d",
        "name_zh": "AI研发与产业建筑(AI中试测试验证区)",
        "renewal_action": "新建/改造",
        "floor_count": 0,
        "height_m": null,
        "area_sqm_declared": 3850.0
      },
      "geometry": {
        "type": "Polygon",
        "coordinates": [
          [
            [
              116.3512519280082,
              40.00045832367065
            ],
            [
              116.35124596181898,
              40.001088717011946
            ],
            [
              116.35060191859864,
              40.00108511001979
            ],
            [
              116.35060789070972,
              40.00045471675856
            ],
            [
              116.3512519280082,
              40.00045832367065
            ]
          ]
        ]
      }
    },
    {
      "type": "Feature",
      "id": "BLDG-184",
      "properties": {
        "id": "BLDG-184",
        "layer": "BUILDING_FOOTPRINT",
        "source_type": "agent_generated_design",
        "confidence": "medium",
        "geometry_role": "design_proposal",
        "building_type": "ai_r_and_d",
        "name_zh": "AI研发与产业建筑(AI中试测试验证区)",
        "renewal_action": "新建/改造",
        "floor_count": 0,
        "height_m": null,
        "area_sqm_declared": 3850.0
      },
      "geometry": {
        "type": "Polygon",
        "coordinates": [
          [
            [
              116.35124084779287,
              40.00162905410627
            ],
            [
              116.35123488125457,
              40.00225944731846
            ],
            [
              116.350590827036,
              40.00225584017759
            ],
            [
              116.35059679949651,
              40.001625447045484
            ],
            [
              116.35124084779287,
              40.00162905410627
            ]
          ]
        ]
      }
    },
    {
      "type": "Feature",
      "id": "BLDG-185",
      "properties": {
        "id": "BLDG-185",
        "layer": "BUILDING_FOOTPRINT",
        "source_type": "agent_generated_design",
        "confidence": "medium",
        "geometry_role": "design_proposal",
        "building_type": "ai_r_and_d",
        "name_zh": "AI研发与产业建筑(AI中试测试验证区)",
        "renewal_action": "新建/改造",
        "floor_count": 0,
        "height_m": null,
        "area_sqm_declared": 3850.0
      },
      "geometry": {
        "type": "Polygon",
        "coordinates": [
          [
            [
              116.35122976692922,
              40.002799784302134
            ],
            [
              116.35122380004182,
              40.00343017738519
            ],
            [
              116.35057973482441,
              40.00342657009563
            ],
            [
              116.35058570763437,
              40.002796177092634
            ],
            [
              116.35122976692922,
              40.002799784302134
            ]
          ]
        ]
      }
    },
    {
      "type": "Feature",
      "id": "BLDG-186",
      "properties": {
        "id": "BLDG-186",
        "layer": "BUILDING_FOOTPRINT",
        "source_type": "agent_generated_design",
        "confidence": "medium",
        "geometry_role": "design_proposal",
        "building_type": "ai_r_and_d",
        "name_zh": "AI研发与产业建筑(AI中试测试验证区)",
        "renewal_action": "新建/改造",
        "floor_count": 0,
        "height_m": null,
        "area_sqm_declared": 3850.0
      },
      "geometry": {
        "type": "Polygon",
        "coordinates": [
          [
            [
              116.35260633868573,
              39.99344113732869
            ],
            [
              116.35260038643003,
              39.99407153160448
            ],
            [
              116.35195640895365,
              39.9940679326599
            ],
            [
              116.35196236712915,
              39.99343753846399
            ],
            [
              116.35260633868573,
              39.99344113732869
            ]
          ]
        ]
      }
    },
    {
      "type": "Feature",
      "id": "BLDG-187",
      "properties": {
        "id": "BLDG-187",
        "layer": "BUILDING_FOOTPRINT",
        "source_type": "agent_generated_design",
        "confidence": "medium",
        "geometry_role": "design_proposal",
        "building_type": "ai_r_and_d",
        "name_zh": "AI研发与产业建筑(AI中试测试验证区)",
        "renewal_action": "新建/改造",
        "floor_count": 0,
        "height_m": null,
        "area_sqm_declared": 3850.0
      },
      "geometry": {
        "type": "Polygon",
        "coordinates": [
          [
            [
              116.35259528434733,
              39.99461186949984
            ],
            [
              116.35258933174337,
              39.99524226364654
            ],
            [
              116.35194534327263,
              39.99523866455358
            ],
            [
              116.35195130179669,
              39.99460827048677
            ],
            [
              116.35259528434733,
              39.99461186949984
            ]
          ]
        ]
      }
    },
    {
      "type": "Feature",
      "id": "BLDG-188",
      "properties": {
        "id": "BLDG-188",
        "layer": "BUILDING_FOOTPRINT",
        "source_type": "agent_generated_design",
        "confidence": "medium",
        "geometry_role": "design_proposal",
        "building_type": "ai_r_and_d",
        "name_zh": "AI研发与产业建筑(AI中试测试验证区)",
        "renewal_action": "新建/改造",
        "floor_count": 0,
        "height_m": null,
        "area_sqm_declared": 3850.0
      },
      "geometry": {
        "type": "Polygon",
        "coordinates": [
          [
            [
              116.35258422936217,
              39.995782601431245
            ],
            [
              116.35257827640996,
              39.996412995448836
            ],
            [
              116.35193427694418,
              39.99640939620748
            ],
            [
              116.35194023581688,
              39.9957790022698
            ],
            [
              116.35258422936217,
              39.995782601431245
            ]
          ]
        ]
      }
    },
    {
      "type": "Feature",
      "id": "BLDG-189",
      "properties": {
        "id": "BLDG-189",
        "layer": "BUILDING_FOOTPRINT",
        "source_type": "agent_generated_design",
        "confidence": "medium",
        "geometry_role": "design_proposal",
        "building_type": "ai_r_and_d",
        "name_zh": "AI研发与产业建筑(AI中试测试验证区)",
        "renewal_action": "新建/改造",
        "floor_count": 0,
        "height_m": null,
        "area_sqm_declared": 3850.0
      },
      "geometry": {
        "type": "Polygon",
        "coordinates": [
          [
            [
              116.35257317373022,
              39.99695333312288
            ],
            [
              116.3525672204297,
              39.99758372701137
            ],
            [
              116.35192320996828,
              39.99758012762164
            ],
            [
              116.35192916918959,
              39.99694973381305
            ],
            [
              116.35257317373022,
              39.99695333312288
            ]
          ]
        ]
      }
    },
    {
      "type": "Feature",
      "id": "BLDG-190",
      "properties": {
        "id": "BLDG-190",
        "layer": "BUILDING_FOOTPRINT",
        "source_type": "agent_generated_design",
        "confidence": "medium",
        "geometry_role": "design_proposal",
        "building_type": "ai_r_and_d",
        "name_zh": "AI研发与产业建筑(AI中试测试验证区)",
        "renewal_action": "新建/改造",
        "floor_count": 0,
        "height_m": null,
        "area_sqm_declared": 3850.0
      },
      "geometry": {
        "type": "Polygon",
        "coordinates": [
          [
            [
              116.35256211745141,
              39.99812406457475
            ],
            [
              116.3525561638026,
              39.99875445833416
            ],
            [
              116.35191214234486,
              39.998750858796036
            ],
            [
              116.35191810191483,
              39.998120465116536
            ],
            [
              116.35256211745141,
              39.99812406457475
            ]
          ]
        ]
      }
    },
    {
      "type": "Feature",
      "id": "BLDG-191",
      "properties": {
        "id": "BLDG-191",
        "layer": "BUILDING_FOOTPRINT",
        "source_type": "agent_generated_design",
        "confidence": "medium",
        "geometry_role": "design_proposal",
        "building_type": "ai_r_and_d",
        "name_zh": "AI研发与产业建筑(AI中试测试验证区)",
        "renewal_action": "新建/改造",
        "floor_count": 0,
        "height_m": null,
        "area_sqm_declared": 3850.0
      },
      "geometry": {
        "type": "Polygon",
        "coordinates": [
          [
            [
              116.35255106052576,
              39.999294795786874
            ],
            [
              116.35254510652858,
              39.99992518941718
            ],
            [
              116.3519010740739,
              39.99992158973064
            ],
            [
              116.35190703399257,
              39.999291196180245
            ],
            [
              116.35255106052576,
              39.999294795786874
            ]
          ]
        ]
      }
    },
    {
      "type": "Feature",
      "id": "BLDG-192",
      "properties": {
        "id": "BLDG-192",
        "layer": "BUILDING_FOOTPRINT",
        "source_type": "agent_generated_design",
        "confidence": "medium",
        "geometry_role": "design_proposal",
        "building_type": "ai_r_and_d",
        "name_zh": "AI研发与产业建筑(AI中试测试验证区)",
        "renewal_action": "新建/改造",
        "floor_count": 0,
        "height_m": null,
        "area_sqm_declared": 3850.0
      },
      "geometry": {
        "type": "Polygon",
        "coordinates": [
          [
            [
              116.35254000295313,
              40.00046552675925
            ],
            [
              116.35253404860761,
              40.001095920260425
            ],
            [
              116.35189000515533,
              40.00109232042549
            ],
            [
              116.35189596542271,
              40.00046192700421
            ],
            [
              116.35254000295313,
              40.00046552675925
            ]
          ]
        ]
      }
    },
    {
      "type": "Feature",
      "id": "BLDG-193",
      "properties": {
        "id": "BLDG-193",
        "layer": "BUILDING_FOOTPRINT",
        "source_type": "agent_generated_design",
        "confidence": "medium",
        "geometry_role": "design_proposal",
        "building_type": "ai_r_and_d",
        "name_zh": "AI研发与产业建筑(AI中试测试验证区)",
        "renewal_action": "新建/改造",
        "floor_count": 0,
        "height_m": null,
        "area_sqm_declared": 3850.0
      },
      "geometry": {
        "type": "Polygon",
        "coordinates": [
          [
            [
              116.35252894473358,
              40.00163625749183
            ],
            [
              116.35252299003966,
              40.00226665086391
            ],
            [
              116.35187893558916,
              40.00226305088056
            ],
            [
              116.35188489620526,
              40.00163265758839
            ],
            [
              116.35252894473358,
              40.00163625749183
            ]
          ]
        ]
      }
    },
    {
      "type": "Feature",
      "id": "BLDG-194",
      "properties": {
        "id": "BLDG-194",
        "layer": "BUILDING_FOOTPRINT",
        "source_type": "agent_generated_design",
        "confidence": "medium",
        "geometry_role": "design_proposal",
        "building_type": "ai_r_and_d",
        "name_zh": "AI研发与产业建筑(AI中试测试验证区)",
        "renewal_action": "新建/改造",
        "floor_count": 0,
        "height_m": null,
        "area_sqm_declared": 3850.0
      },
      "geometry": {
        "type": "Polygon",
        "coordinates": [
          [
            [
              116.35251788586702,
              40.002806987984656
            ],
            [
              116.35251193082469,
              40.00343738122763
            ],
            [
              116.35186786537528,
              40.00343378109586
            ],
            [
              116.35187382634015,
              40.0028033879328
            ],
            [
              116.35251788586702,
              40.002806987984656
            ]
          ]
        ]
      }
    },
    {
      "type": "Feature",
      "id": "BLDG-195",
      "properties": {
        "id": "BLDG-195",
        "layer": "BUILDING_FOOTPRINT",
        "source_type": "agent_generated_design",
        "confidence": "medium",
        "geometry_role": "design_proposal",
        "building_type": "ai_r_and_d",
        "name_zh": "AI研发与产业建筑(AI中试测试验证区)",
        "renewal_action": "新建/改造",
        "floor_count": 0,
        "height_m": null,
        "area_sqm_declared": 3850.0
      },
      "geometry": {
        "type": "Polygon",
        "coordinates": [
          [
            [
              116.35382807836129,
              40.00047271553371
            ],
            [
              116.35382213585952,
              40.00110310919448
            ],
            [
              116.35317809217571,
              40.00109951651677
            ],
            [
              116.35318404059939,
              40.00046912293574
            ],
            [
              116.35382807836129,
              40.00047271553371
            ]
          ]
        ]
      }
    },
    {
      "type": "Feature",
      "id": "BLDG-196",
      "properties": {
        "id": "BLDG-196",
        "layer": "BUILDING_FOOTPRINT",
        "source_type": "agent_generated_design",
        "confidence": "medium",
        "geometry_role": "design_proposal",
        "building_type": "ai_r_and_d",
        "name_zh": "AI研发与产业建筑(AI中试测试验证区)",
        "renewal_action": "新建/改造",
        "floor_count": 0,
        "height_m": null,
        "area_sqm_declared": 3850.0
      },
      "geometry": {
        "type": "Polygon",
        "coordinates": [
          [
            [
              116.35381704213754,
              40.00164344656267
            ],
            [
              116.35381109928805,
              40.00227384009435
            ],
            [
              116.353167044606,
              40.00227024726851
            ],
            [
              116.35317299337773,
              40.001639853816584
            ],
            [
              116.35381704213754,
              40.00164344656267
            ]
          ]
        ]
      }
    },
    {
      "type": "Feature",
      "id": "BLDG-197",
      "properties": {
        "id": "BLDG-197",
        "layer": "BUILDING_FOOTPRINT",
        "source_type": "agent_generated_design",
        "confidence": "medium",
        "geometry_role": "design_proposal",
        "building_type": "ai_r_and_d",
        "name_zh": "AI研发与产业建筑(AI中试测试验证区)",
        "renewal_action": "新建/改造",
        "floor_count": 0,
        "height_m": null,
        "area_sqm_declared": 3850.0
      },
      "geometry": {
        "type": "Polygon",
        "coordinates": [
          [
            [
              116.35380600526804,
              40.00281417735188
            ],
            [
              116.35380006207087,
              40.003444570754446
            ],
            [
              116.35315599638992,
              40.003440977780485
            ],
            [
              116.35316194550967,
              40.002810584457684
            ],
            [
              116.35380600526804,
              40.00281417735188
            ]
          ]
        ]
      }
    },
    {
      "type": "Feature",
      "id": "BLDG-198",
      "properties": {
        "id": "BLDG-198",
        "layer": "BUILDING_FOOTPRINT",
        "source_type": "agent_generated_design",
        "confidence": "medium",
        "geometry_role": "design_proposal",
        "building_type": "ai_r_and_d",
        "name_zh": "AI研发与产业建筑(众智园全栈创新南区)",
        "renewal_action": "新建/改造",
        "floor_count": 0,
        "height_m": null,
        "area_sqm_declared": 3850.0
      },
      "geometry": {
        "type": "Polygon",
        "coordinates": [
          [
            [
              116.34992251148547,
              40.004810283419694
            ],
            [
              116.34991653215005,
              40.00544067612
            ],
            [
              116.34927244820739,
              40.00543706141581
            ],
            [
              116.34927843346595,
              40.00480666879576
            ],
            [
              116.34992251148547,
              40.004810283419694
            ]
          ]
        ]
      }
    },
    {
      "type": "Feature",
      "id": "BLDG-199",
      "properties": {
        "id": "BLDG-199",
        "layer": "BUILDING_FOOTPRINT",
        "source_type": "agent_generated_design",
        "confidence": "medium",
        "geometry_role": "design_proposal",
        "building_type": "ai_r_and_d",
        "name_zh": "AI研发与产业建筑(众智园全栈创新南区)",
        "renewal_action": "新建/改造",
        "floor_count": 0,
        "height_m": null,
        "area_sqm_declared": 3850.0
      },
      "geometry": {
        "type": "Polygon",
        "coordinates": [
          [
            [
              116.34991140685548,
              40.00598101266492
            ],
            [
              116.3499054271702,
              40.00661140523611
            ],
            [
              116.34926133222694,
              40.00660779038291
            ],
            [
              116.3492673178357,
              40.00597739789196
            ],
            [
              116.34991140685548,
              40.00598101266492
            ]
          ]
        ]
      }
    },
    {
      "type": "Feature",
      "id": "BLDG-200",
      "properties": {
        "id": "BLDG-200",
        "layer": "BUILDING_FOOTPRINT",
        "source_type": "agent_generated_design",
        "confidence": "medium",
        "geometry_role": "design_proposal",
        "building_type": "ai_r_and_d",
        "name_zh": "AI研发与产业建筑(众智园全栈创新南区)",
        "renewal_action": "新建/改造",
        "floor_count": 0,
        "height_m": null,
        "area_sqm_declared": 3850.0
      },
      "geometry": {
        "type": "Polygon",
        "coordinates": [
          [
            [
              116.34990030157574,
              40.00715174167035
            ],
            [
              116.34989432154059,
              40.00778213411241
            ],
            [
              116.34925021559609,
              40.00777851911018
            ],
            [
              116.34925620155505,
              40.00714812674836
            ],
            [
              116.34990030157574,
              40.00715174167035
            ]
          ]
        ]
      }
    },
    {
      "type": "Feature",
      "id": "BLDG-201",
      "properties": {
        "id": "BLDG-201",
        "layer": "BUILDING_FOOTPRINT",
        "source_type": "agent_generated_design",
        "confidence": "medium",
        "geometry_role": "design_proposal",
        "building_type": "ai_r_and_d",
        "name_zh": "AI研发与产业建筑(众智园全栈创新南区)",
        "renewal_action": "新建/改造",
        "floor_count": 0,
        "height_m": null,
        "area_sqm_declared": 3850.0
      },
      "geometry": {
        "type": "Polygon",
        "coordinates": [
          [
            [
              116.34988919564623,
              40.008322470435985
            ],
            [
              116.34988321526117,
              40.00895286274892
            ],
            [
              116.34923909831477,
              40.00894924759767
            ],
            [
              116.349245084624,
              40.008318855364976
            ],
            [
              116.34988919564623,
              40.008322470435985
            ]
          ]
        ]
      }
    },
    {
      "type": "Feature",
      "id": "BLDG-202",
      "properties": {
        "id": "BLDG-202",
        "layer": "BUILDING_FOOTPRINT",
        "source_type": "agent_generated_design",
        "confidence": "medium",
        "geometry_role": "design_proposal",
        "building_type": "ai_r_and_d",
        "name_zh": "AI研发与产业建筑(众智园全栈创新南区)",
        "renewal_action": "新建/改造",
        "floor_count": 0,
        "height_m": null,
        "area_sqm_declared": 3850.0
      },
      "geometry": {
        "type": "Polygon",
        "coordinates": [
          [
            [
              116.34987808906686,
              40.009493198961806
            ],
            [
              116.3498721083319,
              40.010123591145614
            ],
            [
              116.34922798038299,
              40.010119975845335
            ],
            [
              116.34923396704247,
              40.00948958374178
            ],
            [
              116.34987808906686,
              40.009493198961806
            ]
          ]
        ]
      }
    },
    {
      "type": "Feature",
      "id": "BLDG-203",
      "properties": {
        "id": "BLDG-203",
        "layer": "BUILDING_FOOTPRINT",
        "source_type": "agent_generated_design",
        "confidence": "medium",
        "geometry_role": "design_proposal",
        "building_type": "ai_r_and_d",
        "name_zh": "AI研发与产业建筑(众智园全栈创新南区)",
        "renewal_action": "新建/改造",
        "floor_count": 0,
        "height_m": null,
        "area_sqm_declared": 3850.0
      },
      "geometry": {
        "type": "Polygon",
        "coordinates": [
          [
            [
              116.34986698183768,
              40.01066392724784
            ],
            [
              116.34986100075275,
              40.011294319302536
            ],
            [
              116.34921686180064,
              40.01129070385321
            ],
            [
              116.34922284881044,
              40.01066031187877
            ],
            [
              116.34986698183768,
              40.01066392724784
            ]
          ]
        ]
      }
    },
    {
      "type": "Feature",
      "id": "BLDG-204",
      "properties": {
        "id": "BLDG-204",
        "layer": "BUILDING_FOOTPRINT",
        "source_type": "agent_generated_design",
        "confidence": "medium",
        "geometry_role": "design_proposal",
        "building_type": "ai_r_and_d",
        "name_zh": "AI研发与产业建筑(众智园全栈创新南区)",
        "renewal_action": "新建/改造",
        "floor_count": 0,
        "height_m": null,
        "area_sqm_declared": 3850.0
      },
      "geometry": {
        "type": "Polygon",
        "coordinates": [
          [
            [
              116.34985587395856,
              40.01183465529407
            ],
            [
              116.34984989252366,
              40.012465047219635
            ],
            [
              116.34920574256775,
              40.01246143162127
            ],
            [
              116.34921172992783,
              40.011831039775956
            ],
            [
              116.34985587395856,
              40.01183465529407
            ]
          ]
        ]
      }
    },
    {
      "type": "Feature",
      "id": "BLDG-205",
      "properties": {
        "id": "BLDG-205",
        "layer": "BUILDING_FOOTPRINT",
        "source_type": "agent_generated_design",
        "confidence": "medium",
        "geometry_role": "design_proposal",
        "building_type": "ai_r_and_d",
        "name_zh": "AI研发与产业建筑(众智园全栈创新南区)",
        "renewal_action": "新建/改造",
        "floor_count": 0,
        "height_m": null,
        "area_sqm_declared": 3850.0
      },
      "geometry": {
        "type": "Polygon",
        "coordinates": [
          [
            [
              116.3498447654295,
              40.01300538310049
            ],
            [
              116.34983878364461,
              40.01363577489693
            ],
            [
              116.34919462268422,
              40.01363215914952
            ],
            [
              116.34920061039466,
              40.01300176743334
            ],
            [
              116.3498447654295,
              40.01300538310049
            ]
          ]
        ]
      }
    },
    {
      "type": "Feature",
      "id": "BLDG-206",
      "properties": {
        "id": "BLDG-206",
        "layer": "BUILDING_FOOTPRINT",
        "source_type": "agent_generated_design",
        "confidence": "medium",
        "geometry_role": "design_proposal",
        "building_type": "ai_r_and_d",
        "name_zh": "AI研发与产业建筑(众智园全栈创新南区)",
        "renewal_action": "新建/改造",
        "floor_count": 0,
        "height_m": null,
        "area_sqm_declared": 3850.0
      },
      "geometry": {
        "type": "Polygon",
        "coordinates": [
          [
            [
              116.34983365625042,
              40.014176110667115
            ],
            [
              116.34982767411553,
              40.01480650233443
            ],
            [
              116.34918350215004,
              40.01480288643796
            ],
            [
              116.34918949021085,
              40.014172494850904
            ],
            [
              116.34983365625042,
              40.014176110667115
            ]
          ]
        ]
      }
    },
    {
      "type": "Feature",
      "id": "BLDG-207",
      "properties": {
        "id": "BLDG-207",
        "layer": "BUILDING_FOOTPRINT",
        "source_type": "agent_generated_design",
        "confidence": "medium",
        "geometry_role": "design_proposal",
        "building_type": "ai_r_and_d",
        "name_zh": "AI研发与产业建筑(众智园全栈创新南区)",
        "renewal_action": "新建/改造",
        "floor_count": 0,
        "height_m": null,
        "area_sqm_declared": 3850.0
      },
      "geometry": {
        "type": "Polygon",
        "coordinates": [
          [
            [
              116.35121066787327,
              40.00481750193036
            ],
            [
              116.35120470038413,
              40.0054478947909
            ],
            [
              116.350560616209,
              40.005444287245034
            ],
            [
              116.3505665896213,
              40.004813894464576
            ],
            [
              116.35121066787327,
              40.00481750193036
            ]
          ]
        ]
      }
    },
    {
      "type": "Feature",
      "id": "BLDG-208",
      "properties": {
        "id": "BLDG-208",
        "layer": "BUILDING_FOOTPRINT",
        "source_type": "agent_generated_design",
        "confidence": "medium",
        "geometry_role": "design_proposal",
        "building_type": "ai_r_and_d",
        "name_zh": "AI研发与产业建筑(众智园全栈创新南区)",
        "renewal_action": "新建/改造",
        "floor_count": 0,
        "height_m": null,
        "area_sqm_declared": 3850.0
      },
      "geometry": {
        "type": "Polygon",
        "coordinates": [
          [
            [
              116.35119958524382,
              40.00598823147318
            ],
            [
              116.35119361740553,
              40.006618624204606
            ],
            [
              116.35054952222977,
              40.00661501651001
            ],
            [
              116.35055549599154,
              40.00598462385866
            ],
            [
              116.35119958524382,
              40.00598823147318
            ]
          ]
        ]
      }
    },
    {
      "type": "Feature",
      "id": "BLDG-209",
      "properties": {
        "id": "BLDG-209",
        "layer": "BUILDING_FOOTPRINT",
        "source_type": "agent_generated_design",
        "confidence": "medium",
        "geometry_role": "design_proposal",
        "building_type": "ai_r_and_d",
        "name_zh": "AI研发与产业建筑(众智园全栈创新南区)",
        "renewal_action": "新建/改造",
        "floor_count": 0,
        "height_m": null,
        "area_sqm_declared": 3850.0
      },
      "geometry": {
        "type": "Polygon",
        "coordinates": [
          [
            [
              116.35118850196591,
              40.0071589607762
            ],
            [
              116.35118253377843,
              40.00778935337852
            ],
            [
              116.3505384276014,
              40.00778574553519
            ],
            [
              116.35054440171274,
              40.007155353012955
            ],
            [
              116.35118850196591,
              40.0071589607762
            ]
          ]
        ]
      }
    },
    {
      "type": "Feature",
      "id": "BLDG-210",
      "properties": {
        "id": "BLDG-210",
        "layer": "BUILDING_FOOTPRINT",
        "source_type": "agent_generated_design",
        "confidence": "medium",
        "geometry_role": "design_proposal",
        "building_type": "ai_r_and_d",
        "name_zh": "AI研发与产业建筑(众智园全栈创新南区)",
        "renewal_action": "新建/改造",
        "floor_count": 0,
        "height_m": null,
        "area_sqm_declared": 3850.0
      },
      "geometry": {
        "type": "Polygon",
        "coordinates": [
          [
            [
              116.3511774180395,
              40.00832968983945
            ],
            [
              116.35117144950281,
              40.00896008231264
            ],
            [
              116.35052733232388,
              40.00895647432057
            ],
            [
              116.35053330678477,
              40.00832608192747
            ],
            [
              116.3511774180395,
              40.00832968983945
            ]
          ]
        ]
      }
    },
    {
      "type": "Feature",
      "id": "BLDG-211",
      "properties": {
        "id": "BLDG-211",
        "layer": "BUILDING_FOOTPRINT",
        "source_type": "agent_generated_design",
        "confidence": "medium",
        "geometry_role": "design_proposal",
        "building_type": "ai_r_and_d",
        "name_zh": "AI研发与产业建筑(众智园全栈创新南区)",
        "renewal_action": "新建/改造",
        "floor_count": 0,
        "height_m": null,
        "area_sqm_declared": 3850.0
      },
      "geometry": {
        "type": "Polygon",
        "coordinates": [
          [
            [
              116.35116633346456,
              40.0095004186629
            ],
            [
              116.35116036457863,
              40.01013081100697
            ],
            [
              116.35051623639717,
              40.01012720286617
            ],
            [
              116.35052221120763,
              40.00949681060219
            ],
            [
              116.35116633346456,
              40.0095004186629
            ]
          ]
        ]
      }
    },
    {
      "type": "Feature",
      "id": "BLDG-212",
      "properties": {
        "id": "BLDG-212",
        "layer": "BUILDING_FOOTPRINT",
        "source_type": "agent_generated_design",
        "confidence": "medium",
        "geometry_role": "design_proposal",
        "building_type": "ai_r_and_d",
        "name_zh": "AI研发与产业建筑(众智园全栈创新南区)",
        "renewal_action": "新建/改造",
        "floor_count": 0,
        "height_m": null,
        "area_sqm_declared": 3850.0
      },
      "geometry": {
        "type": "Polygon",
        "coordinates": [
          [
            [
              116.35115524824103,
              40.010671147246555
            ],
            [
              116.35114927900587,
              40.011301539461506
            ],
            [
              116.35050513982121,
              40.01129793117197
            ],
            [
              116.35051111498124,
              40.0106675390371
            ],
            [
              116.35115524824103,
              40.010671147246555
            ]
          ]
        ]
      }
    },
    {
      "type": "Feature",
      "id": "BLDG-213",
      "properties": {
        "id": "BLDG-213",
        "layer": "BUILDING_FOOTPRINT",
        "source_type": "agent_generated_design",
        "confidence": "medium",
        "geometry_role": "design_proposal",
        "building_type": "ai_r_and_d",
        "name_zh": "AI研发与产业建筑(众智园全栈创新南区)",
        "renewal_action": "新建/改造",
        "floor_count": 0,
        "height_m": null,
        "area_sqm_declared": 3850.0
      },
      "geometry": {
        "type": "Polygon",
        "coordinates": [
          [
            [
              116.35114416236888,
              40.01184187559042
            ],
            [
              116.35113819278445,
              40.012472267676266
            ],
            [
              116.35049404259593,
              40.01246865923796
            ],
            [
              116.3505000181056,
              40.01183826723223
            ],
            [
              116.35114416236888,
              40.01184187559042
            ]
          ]
        ]
      }
    },
    {
      "type": "Feature",
      "id": "BLDG-214",
      "properties": {
        "id": "BLDG-214",
        "layer": "BUILDING_FOOTPRINT",
        "source_type": "agent_generated_design",
        "confidence": "medium",
        "geometry_role": "design_proposal",
        "building_type": "ai_r_and_d",
        "name_zh": "AI研发与产业建筑(众智园全栈创新南区)",
        "renewal_action": "新建/改造",
        "floor_count": 0,
        "height_m": null,
        "area_sqm_declared": 3850.0
      },
      "geometry": {
        "type": "Polygon",
        "coordinates": [
          [
            [
              116.35113307584808,
              40.013012603694506
            ],
            [
              116.35112710591432,
              40.01364299565123
            ],
            [
              116.35048294472134,
              40.013639387064174
            ],
            [
              116.35048892058067,
              40.013008995187555
            ],
            [
              116.35113307584808,
              40.013012603694506
            ]
          ]
        ]
      }
    },
    {
      "type": "Feature",
      "id": "BLDG-215",
      "properties": {
        "id": "BLDG-215",
        "layer": "BUILDING_FOOTPRINT",
        "source_type": "agent_generated_design",
        "confidence": "medium",
        "geometry_role": "design_proposal",
        "building_type": "ai_r_and_d",
        "name_zh": "AI研发与产业建筑(众智园全栈创新南区)",
        "renewal_action": "新建/改造",
        "floor_count": 0,
        "height_m": null,
        "area_sqm_declared": 3850.0
      },
      "geometry": {
        "type": "Polygon",
        "coordinates": [
          [
            [
              116.35112198867854,
              40.014183331558776
            ],
            [
              116.35111601839549,
              40.01481372338638
            ],
            [
              116.35047184619738,
              40.01481011465057
            ],
            [
              116.35047782240638,
              40.01417972290307
            ],
            [
              116.35112198867854,
              40.014183331558776
            ]
          ]
        ]
      }
    },
    {
      "type": "Feature",
      "id": "BLDG-216",
      "properties": {
        "id": "BLDG-216",
        "layer": "BUILDING_FOOTPRINT",
        "source_type": "agent_generated_design",
        "confidence": "medium",
        "geometry_role": "design_proposal",
        "building_type": "ai_r_and_d",
        "name_zh": "AI研发与产业建筑(众智园全栈创新南区)",
        "renewal_action": "新建/改造",
        "floor_count": 0,
        "height_m": null,
        "area_sqm_declared": 3850.0
      },
      "geometry": {
        "type": "Polygon",
        "coordinates": [
          [
            [
              116.35249882472533,
              40.00482470612473
            ],
            [
              116.3524928690825,
              40.005455099145195
            ],
            [
              116.35184878467535,
              40.00545149875764
            ],
            [
              116.35185474624133,
              40.00482110581709
            ],
            [
              116.35249882472533,
              40.00482470612473
            ]
          ]
        ]
      }
    },
    {
      "type": "Feature",
      "id": "BLDG-217",
      "properties": {
        "id": "BLDG-217",
        "layer": "BUILDING_FOOTPRINT",
        "source_type": "agent_generated_design",
        "confidence": "medium",
        "geometry_role": "design_proposal",
        "building_type": "ai_r_and_d",
        "name_zh": "AI研发与产业建筑(众智园全栈创新南区)",
        "renewal_action": "新建/改造",
        "floor_count": 0,
        "height_m": null,
        "area_sqm_declared": 3850.0
      },
      "geometry": {
        "type": "Polygon",
        "coordinates": [
          [
            [
              116.35248776409644,
              40.00599543596454
            ],
            [
              116.35248180810514,
              40.0066258288559
            ],
            [
              116.35183771269735,
              40.006622228319905
            ],
            [
              116.35184367461216,
              40.00599183550846
            ],
            [
              116.35248776409644,
              40.00599543596454
            ]
          ]
        ]
      }
    },
    {
      "type": "Feature",
      "id": "BLDG-218",
      "properties": {
        "id": "BLDG-218",
        "layer": "BUILDING_FOOTPRINT",
        "source_type": "agent_generated_design",
        "confidence": "medium",
        "geometry_role": "design_proposal",
        "building_type": "ai_r_and_d",
        "name_zh": "AI研发与产业建筑(众智园全栈创新南区)",
        "renewal_action": "新建/改造",
        "floor_count": 0,
        "height_m": null,
        "area_sqm_declared": 3850.0
      },
      "geometry": {
        "type": "Polygon",
        "coordinates": [
          [
            [
              116.35247670282038,
              40.00716616556458
            ],
            [
              116.35247074648059,
              40.007796558326824
            ],
            [
              116.35182664007152,
              40.007792957642394
            ],
            [
              116.35183260233515,
              40.007162564960076
            ],
            [
              116.35247670282038,
              40.00716616556458
            ]
          ]
        ]
      }
    },
    {
      "type": "Feature",
      "id": "BLDG-219",
      "properties": {
        "id": "BLDG-219",
        "layer": "BUILDING_FOOTPRINT",
        "source_type": "agent_generated_design",
        "confidence": "medium",
        "geometry_role": "design_proposal",
        "building_type": "ai_r_and_d",
        "name_zh": "AI研发与产业建筑(众智园全栈创新南区)",
        "renewal_action": "新建/改造",
        "floor_count": 0,
        "height_m": null,
        "area_sqm_declared": 3850.0
      },
      "geometry": {
        "type": "Polygon",
        "coordinates": [
          [
            [
              116.35246564089711,
              40.008336894924845
            ],
            [
              116.3524596842088,
              40.00896728755797
            ],
            [
              116.35181556679781,
              40.00896368672511
            ],
            [
              116.35182152941032,
              40.008333294171905
            ],
            [
              116.35246564089711,
              40.008336894924845
            ]
          ]
        ]
      }
    },
    {
      "type": "Feature",
      "id": "BLDG-220",
      "properties": {
        "id": "BLDG-220",
        "layer": "BUILDING_FOOTPRINT",
        "source_type": "agent_generated_design",
        "confidence": "medium",
        "geometry_role": "design_proposal",
        "building_type": "ai_r_and_d",
        "name_zh": "AI研发与产业建筑(众智园全栈创新南区)",
        "renewal_action": "新建/改造",
        "floor_count": 0,
        "height_m": null,
        "area_sqm_declared": 3850.0
      },
      "geometry": {
        "type": "Polygon",
        "coordinates": [
          [
            [
              116.35245457832659,
              40.00950762404533
            ],
            [
              116.35244862128975,
              40.01013801654935
            ],
            [
              116.35180449287621,
              40.01013441556803
            ],
            [
              116.35181045583758,
              40.00950402314395
            ],
            [
              116.35245457832659,
              40.00950762404533
            ]
          ]
        ]
      }
    },
    {
      "type": "Feature",
      "id": "BLDG-221",
      "properties": {
        "id": "BLDG-221",
        "layer": "BUILDING_FOOTPRINT",
        "source_type": "agent_generated_design",
        "confidence": "medium",
        "geometry_role": "design_proposal",
        "building_type": "ai_r_and_d",
        "name_zh": "AI研发与产业建筑(众智园全栈创新南区)",
        "renewal_action": "新建/改造",
        "floor_count": 0,
        "height_m": null,
        "area_sqm_declared": 3850.0
      },
      "geometry": {
        "type": "Polygon",
        "coordinates": [
          [
            [
              116.35244351510877,
              40.01067835292602
            ],
            [
              116.35243755772338,
              40.01130874530092
            ],
            [
              116.35179341830663,
              40.011305144171175
            ],
            [
              116.35179938161693,
              40.01067475187619
            ],
            [
              116.35244351510877,
              40.01067835292602
            ]
          ]
        ]
      }
    },
    {
      "type": "Feature",
      "id": "BLDG-222",
      "properties": {
        "id": "BLDG-222",
        "layer": "BUILDING_FOOTPRINT",
        "source_type": "agent_generated_design",
        "confidence": "medium",
        "geometry_role": "design_proposal",
        "building_type": "ai_r_and_d",
        "name_zh": "AI研发与产业建筑(众智园全栈创新南区)",
        "renewal_action": "新建/改造",
        "floor_count": 0,
        "height_m": null,
        "area_sqm_declared": 3850.0
      },
      "geometry": {
        "type": "Polygon",
        "coordinates": [
          [
            [
              116.35243245124363,
              40.011849081566936
            ],
            [
              116.35242649350964,
              40.01247947381273
            ],
            [
              116.35178234308904,
              40.01247587253451
            ],
            [
              116.35178830674828,
              40.01184548036866
            ],
            [
              116.35243245124363,
              40.011849081566936
            ]
          ]
        ]
      }
    },
    {
      "type": "Feature",
      "id": "BLDG-223",
      "properties": {
        "id": "BLDG-223",
        "layer": "BUILDING_FOOTPRINT",
        "source_type": "agent_generated_design",
        "confidence": "medium",
        "geometry_role": "design_proposal",
        "building_type": "ai_r_and_d",
        "name_zh": "AI研发与产业建筑(众智园全栈创新南区)",
        "renewal_action": "新建/改造",
        "floor_count": 0,
        "height_m": null,
        "area_sqm_declared": 3850.0
      },
      "geometry": {
        "type": "Polygon",
        "coordinates": [
          [
            [
              116.35242138673112,
              40.01301980996808
            ],
            [
              116.35241542864851,
              40.013650202084754
            ],
            [
              116.35177126722343,
              40.013646600658085
            ],
            [
              116.35177723123158,
              40.01301620862134
            ],
            [
              116.35242138673112,
              40.01301980996808
            ]
          ]
        ]
      }
    },
    {
      "type": "Feature",
      "id": "BLDG-224",
      "properties": {
        "id": "BLDG-224",
        "layer": "BUILDING_FOOTPRINT",
        "source_type": "agent_generated_design",
        "confidence": "medium",
        "geometry_role": "design_proposal",
        "building_type": "ai_r_and_d",
        "name_zh": "AI研发与产业建筑(众智园全栈创新南区)",
        "renewal_action": "新建/改造",
        "floor_count": 0,
        "height_m": null,
        "area_sqm_declared": 3850.0
      },
      "geometry": {
        "type": "Polygon",
        "coordinates": [
          [
            [
              116.35241032157118,
              40.01419053812943
            ],
            [
              116.35240436313994,
              40.01482093011699
            ],
            [
              116.35176019070973,
              40.01481732854185
            ],
            [
              116.35176615506685,
              40.01418693663423
            ],
            [
              116.35241032157118,
              40.01419053812943
            ]
          ]
        ]
      }
    },
    {
      "type": "Feature",
      "id": "BLDG-225",
      "properties": {
        "id": "BLDG-225",
        "layer": "BUILDING_FOOTPRINT",
        "source_type": "agent_generated_design",
        "confidence": "medium",
        "geometry_role": "design_proposal",
        "building_type": "ai_r_and_d",
        "name_zh": "AI研发与产业建筑(众智园全栈创新南区)",
        "renewal_action": "新建/改造",
        "floor_count": 0,
        "height_m": null,
        "area_sqm_declared": 3850.0
      },
      "geometry": {
        "type": "Polygon",
        "coordinates": [
          [
            [
              116.35378698204073,
              40.00483189600279
            ],
            [
              116.3537810382442,
              40.00546228918286
            ],
            [
              116.35313695360549,
              40.0054586959536
            ],
            [
              116.35314290332518,
              40.004828302853305
            ],
            [
              116.35378698204073,
              40.00483189600279
            ]
          ]
        ]
      }
    },
    {
      "type": "Feature",
      "id": "BLDG-226",
      "properties": {
        "id": "BLDG-226",
        "layer": "BUILDING_FOOTPRINT",
        "source_type": "agent_generated_design",
        "confidence": "medium",
        "geometry_role": "design_proposal",
        "building_type": "ai_r_and_d",
        "name_zh": "AI研发与产业建筑(众智园全栈创新南区)",
        "renewal_action": "新建/改造",
        "floor_count": 0,
        "height_m": null,
        "area_sqm_declared": 3850.0
      },
      "geometry": {
        "type": "Polygon",
        "coordinates": [
          [
            [
              116.35377594341242,
              40.00600262613901
            ],
            [
              116.35376999926812,
              40.00663301918997
            ],
            [
              116.35312590362877,
              40.006629425812584
            ],
            [
              116.35313185369658,
              40.005999032841395
            ],
            [
              116.35377594341242,
              40.00600262613901
            ]
          ]
        ]
      }
    },
    {
      "type": "Feature",
      "id": "BLDG-227",
      "properties": {
        "id": "BLDG-227",
        "layer": "BUILDING_FOOTPRINT",
        "source_type": "agent_generated_design",
        "confidence": "medium",
        "geometry_role": "design_proposal",
        "building_type": "ai_r_and_d",
        "name_zh": "AI研发与产业建筑(众智园全栈创新南区)",
        "renewal_action": "新建/改造",
        "floor_count": 0,
        "height_m": null,
        "area_sqm_declared": 3850.0
      },
      "geometry": {
        "type": "Polygon",
        "coordinates": [
          [
            [
              116.35376490413825,
              40.00717335603547
            ],
            [
              116.35375895964616,
              40.00780374895732
            ],
            [
              116.3531148530055,
              40.0078001554318
            ],
            [
              116.35312080342146,
              40.007169762589704
            ],
            [
              116.35376490413825,
              40.00717335603547
            ]
          ]
        ]
      }
    },
    {
      "type": "Feature",
      "id": "BLDG-228",
      "properties": {
        "id": "BLDG-228",
        "layer": "BUILDING_FOOTPRINT",
        "source_type": "agent_generated_design",
        "confidence": "medium",
        "geometry_role": "design_proposal",
        "building_type": "ai_r_and_d",
        "name_zh": "AI研发与产业建筑(众智园全栈创新南区)",
        "renewal_action": "新建/改造",
        "floor_count": 0,
        "height_m": null,
        "area_sqm_declared": 3850.0
      },
      "geometry": {
        "type": "Polygon",
        "coordinates": [
          [
            [
              116.35375386421815,
              40.00834408569216
            ],
            [
              116.35374791937824,
              40.008974478484916
            ],
            [
              116.35310380173564,
              40.00897088481124
            ],
            [
              116.35310975249976,
              40.008340492098256
            ],
            [
              116.35375386421815,
              40.00834408569216
            ]
          ]
        ]
      }
    },
    {
      "type": "Feature",
      "id": "BLDG-229",
      "properties": {
        "id": "BLDG-229",
        "layer": "BUILDING_FOOTPRINT",
        "source_type": "agent_generated_design",
        "confidence": "medium",
        "geometry_role": "design_proposal",
        "building_type": "ai_r_and_d",
        "name_zh": "AI研发与产业建筑(众智园全栈创新南区)",
        "renewal_action": "新建/改造",
        "floor_count": 0,
        "height_m": null,
        "area_sqm_declared": 3850.0
      },
      "geometry": {
        "type": "Polygon",
        "coordinates": [
          [
            [
              116.35374282365208,
              40.00951481510907
            ],
            [
              116.35373687846432,
              40.010145207772716
            ],
            [
              116.35309274981915,
              40.01014161395091
            ],
            [
              116.35309870093145,
              40.009511221367035
            ],
            [
              116.35374282365208,
              40.00951481510907
            ]
          ]
        ]
      }
    },
    {
      "type": "Feature",
      "id": "BLDG-230",
      "properties": {
        "id": "BLDG-230",
        "layer": "BUILDING_FOOTPRINT",
        "source_type": "agent_generated_design",
        "confidence": "medium",
        "geometry_role": "design_proposal",
        "building_type": "ai_r_and_d",
        "name_zh": "AI研发与产业建筑(众智园全栈创新南区)",
        "renewal_action": "新建/改造",
        "floor_count": 0,
        "height_m": null,
        "area_sqm_declared": 3850.0
      },
      "geometry": {
        "type": "Polygon",
        "coordinates": [
          [
            [
              116.35373178244002,
              40.01068554428621
            ],
            [
              116.35372583690437,
              40.01131593682076
            ],
            [
              116.35308169725599,
              40.01131234285079
            ],
            [
              116.35308764871652,
              40.010681950396034
            ],
            [
              116.35373178244002,
              40.01068554428621
            ]
          ]
        ]
      }
    },
    {
      "type": "Feature",
      "id": "BLDG-231",
      "properties": {
        "id": "BLDG-231",
        "layer": "BUILDING_FOOTPRINT",
        "source_type": "agent_generated_design",
        "confidence": "medium",
        "geometry_role": "design_proposal",
        "building_type": "ai_r_and_d",
        "name_zh": "AI研发与产业建筑(众智园全栈创新南区)",
        "renewal_action": "新建/改造",
        "floor_count": 0,
        "height_m": null,
        "area_sqm_declared": 3850.0
      },
      "geometry": {
        "type": "Polygon",
        "coordinates": [
          [
            [
              116.35372074058189,
              40.01185627322359
            ],
            [
              116.35371479469838,
              40.012486665629034
            ],
            [
              116.35307064404613,
              40.01248307151091
            ],
            [
              116.35307659585487,
              40.01185267918526
            ],
            [
              116.35372074058189,
              40.01185627322359
            ]
          ]
        ]
      }
    },
    {
      "type": "Feature",
      "id": "BLDG-232",
      "properties": {
        "id": "BLDG-232",
        "layer": "BUILDING_FOOTPRINT",
        "source_type": "agent_generated_design",
        "confidence": "medium",
        "geometry_role": "design_proposal",
        "building_type": "ai_r_and_d",
        "name_zh": "AI研发与产业建筑(众智园全栈创新南区)",
        "renewal_action": "新建/改造",
        "floor_count": 0,
        "height_m": null,
        "area_sqm_declared": 3850.0
      },
      "geometry": {
        "type": "Polygon",
        "coordinates": [
          [
            [
              116.35370969807768,
              40.01302700192121
            ],
            [
              116.35370375184625,
              40.01365739419753
            ],
            [
              116.3530595901895,
              40.013653799931234
            ],
            [
              116.35306554234653,
              40.01302340773469
            ],
            [
              116.35370969807768,
              40.01302700192121
            ]
          ]
        ]
      }
    },
    {
      "type": "Feature",
      "id": "BLDG-233",
      "properties": {
        "id": "BLDG-233",
        "layer": "BUILDING_FOOTPRINT",
        "source_type": "agent_generated_design",
        "confidence": "medium",
        "geometry_role": "design_proposal",
        "building_type": "ai_r_and_d",
        "name_zh": "AI研发与产业建筑(众智园全栈创新南区)",
        "renewal_action": "新建/改造",
        "floor_count": 0,
        "height_m": null,
        "area_sqm_declared": 3850.0
      },
      "geometry": {
        "type": "Polygon",
        "coordinates": [
          [
            [
              116.35369865492736,
              40.01419773037904
            ],
            [
              116.35369270834798,
              40.01482812252625
            ],
            [
              116.35304853568607,
              40.01482452811178
            ],
            [
              116.35305448819138,
              40.01419413604436
            ],
            [
              116.35369865492736,
              40.01419773037904
            ]
          ]
        ]
      }
    },
    {
      "type": "Feature",
      "id": "BLDG-234",
      "properties": {
        "id": "BLDG-234",
        "layer": "BUILDING_FOOTPRINT",
        "source_type": "agent_generated_design",
        "confidence": "medium",
        "geometry_role": "design_proposal",
        "building_type": "ai_r_and_d",
        "name_zh": "AI研发与产业建筑(众智园全栈创新北区)",
        "renewal_action": "新建/改造",
        "floor_count": 0,
        "height_m": null,
        "area_sqm_declared": 3850.0
      },
      "geometry": {
        "type": "Polygon",
        "coordinates": [
          [
            [
              116.3498145083897,
              40.01619382376389
            ],
            [
              116.34980852565151,
              40.01682421520866
            ],
            [
              116.34916433471751,
              40.01682059905528
            ],
            [
              116.3491703233822,
              40.016190207690784
            ],
            [
              116.3498145083897,
              40.01619382376389
            ]
          ]
        ]
      }
    },
    {
      "type": "Feature",
      "id": "BLDG-235",
      "properties": {
        "id": "BLDG-235",
        "layer": "BUILDING_FOOTPRINT",
        "source_type": "agent_generated_design",
        "confidence": "medium",
        "geometry_role": "design_proposal",
        "building_type": "ai_r_and_d",
        "name_zh": "AI研发与产业建筑(众智园全栈创新北区)",
        "renewal_action": "新建/改造",
        "floor_count": 0,
        "height_m": null,
        "area_sqm_declared": 3850.0
      },
      "geometry": {
        "type": "Polygon",
        "coordinates": [
          [
            [
              116.34980339744018,
              40.01736455067739
            ],
            [
              116.3497974143519,
              40.017994941993024
            ],
            [
              116.34915321241105,
              40.017991325690595
            ],
            [
              116.34915920142618,
              40.01736093445521
            ],
            [
              116.34980339744018,
              40.01736455067739
            ]
          ]
        ]
      }
    },
    {
      "type": "Feature",
      "id": "BLDG-236",
      "properties": {
        "id": "BLDG-236",
        "layer": "BUILDING_FOOTPRINT",
        "source_type": "agent_generated_design",
        "confidence": "medium",
        "geometry_role": "design_proposal",
        "building_type": "ai_r_and_d",
        "name_zh": "AI研发与产业建筑(众智园全栈创新北区)",
        "renewal_action": "新建/改造",
        "floor_count": 0,
        "height_m": null,
        "area_sqm_declared": 3850.0
      },
      "geometry": {
        "type": "Polygon",
        "coordinates": [
          [
            [
              116.34979228584051,
              40.018535277351084
            ],
            [
              116.34978630240214,
              40.01916566853759
            ],
            [
              116.34914208945379,
              40.01916205208609
            ],
            [
              116.34914807881934,
              40.018531660979846
            ],
            [
              116.34979228584051,
              40.018535277351084
            ]
          ]
        ]
      }
    },
    {
      "type": "Feature",
      "id": "BLDG-237",
      "properties": {
        "id": "BLDG-237",
        "layer": "BUILDING_FOOTPRINT",
        "source_type": "agent_generated_design",
        "confidence": "medium",
        "geometry_role": "design_proposal",
        "building_type": "ai_r_and_d",
        "name_zh": "AI研发与产业建筑(众智园全栈创新北区)",
        "renewal_action": "新建/改造",
        "floor_count": 0,
        "height_m": null,
        "area_sqm_declared": 3850.0
      },
      "geometry": {
        "type": "Polygon",
        "coordinates": [
          [
            [
              116.34978117359061,
              40.019706003784975
            ],
            [
              116.34977518980213,
              40.02033639484234
            ],
            [
              116.34913096584565,
              40.02033277824175
            ],
            [
              116.34913695556169,
              40.01970238726466
            ],
            [
              116.34978117359061,
              40.019706003784975
            ]
          ]
        ]
      }
    },
    {
      "type": "Feature",
      "id": "BLDG-238",
      "properties": {
        "id": "BLDG-238",
        "layer": "BUILDING_FOOTPRINT",
        "source_type": "agent_generated_design",
        "confidence": "medium",
        "geometry_role": "design_proposal",
        "building_type": "ai_r_and_d",
        "name_zh": "AI研发与产业建筑(众智园全栈创新北区)",
        "renewal_action": "新建/改造",
        "floor_count": 0,
        "height_m": null,
        "area_sqm_declared": 3850.0
      },
      "geometry": {
        "type": "Polygon",
        "coordinates": [
          [
            [
              116.34977006069053,
              40.02087672997904
            ],
            [
              116.3497640765519,
              40.02150712090728
            ],
            [
              116.34911984158659,
              40.0215035041576
            ],
            [
              116.34912583165313,
              40.02087311330964
            ],
            [
              116.34977006069053,
              40.02087672997904
            ]
          ]
        ]
      }
    },
    {
      "type": "Feature",
      "id": "BLDG-239",
      "properties": {
        "id": "BLDG-239",
        "layer": "BUILDING_FOOTPRINT",
        "source_type": "agent_generated_design",
        "confidence": "medium",
        "geometry_role": "design_proposal",
        "building_type": "ai_r_and_d",
        "name_zh": "AI研发与产业建筑(众智园全栈创新北区)",
        "renewal_action": "新建/改造",
        "floor_count": 0,
        "height_m": null,
        "area_sqm_declared": 3850.0
      },
      "geometry": {
        "type": "Polygon",
        "coordinates": [
          [
            [
              116.34975894714013,
              40.022047455933276
            ],
            [
              116.34975296265134,
              40.02267784673239
            ],
            [
              116.3491087166766,
              40.022674229833626
            ],
            [
              116.34911470709363,
              40.0220438391148
            ],
            [
              116.34975894714013,
              40.022047455933276
            ]
          ]
        ]
      }
    },
    {
      "type": "Feature",
      "id": "BLDG-240",
      "properties": {
        "id": "BLDG-240",
        "layer": "BUILDING_FOOTPRINT",
        "source_type": "agent_generated_design",
        "confidence": "medium",
        "geometry_role": "design_proposal",
        "building_type": "ai_r_and_d",
        "name_zh": "AI研发与产业建筑(众智园全栈创新北区)",
        "renewal_action": "新建/改造",
        "floor_count": 0,
        "height_m": null,
        "area_sqm_declared": 3850.0
      },
      "geometry": {
        "type": "Polygon",
        "coordinates": [
          [
            [
              116.34974783293941,
              40.023218181647714
            ],
            [
              116.34974184810044,
              40.02384857231767
            ],
            [
              116.34909759111564,
              40.02384495526983
            ],
            [
              116.3491035818832,
              40.02321456468014
            ],
            [
              116.34974783293941,
              40.023218181647714
            ]
          ]
        ]
      }
    },
    {
      "type": "Feature",
      "id": "BLDG-241",
      "properties": {
        "id": "BLDG-241",
        "layer": "BUILDING_FOOTPRINT",
        "source_type": "agent_generated_design",
        "confidence": "medium",
        "geometry_role": "design_proposal",
        "building_type": "ai_r_and_d",
        "name_zh": "AI研发与产业建筑(众智园全栈创新北区)",
        "renewal_action": "新建/改造",
        "floor_count": 0,
        "height_m": null,
        "area_sqm_declared": 3850.0
      },
      "geometry": {
        "type": "Polygon",
        "coordinates": [
          [
            [
              116.34973671808835,
              40.02438890712231
            ],
            [
              116.34973073289915,
              40.02501929766314
            ],
            [
              116.34908646490359,
              40.0250156804662
            ],
            [
              116.34909245602176,
              40.02438529000564
            ],
            [
              116.34973671808835,
              40.02438890712231
            ]
          ]
        ]
      }
    },
    {
      "type": "Feature",
      "id": "BLDG-242",
      "properties": {
        "id": "BLDG-242",
        "layer": "BUILDING_FOOTPRINT",
        "source_type": "agent_generated_design",
        "confidence": "medium",
        "geometry_role": "design_proposal",
        "building_type": "ai_r_and_d",
        "name_zh": "AI研发与产业建筑(众智园全栈创新北区)",
        "renewal_action": "新建/改造",
        "floor_count": 0,
        "height_m": null,
        "area_sqm_declared": 3850.0
      },
      "geometry": {
        "type": "Polygon",
        "coordinates": [
          [
            [
              116.34972560258687,
              40.025559632357094
            ],
            [
              116.34971961704743,
              40.02619002276879
            ],
            [
              116.34907533804052,
              40.026186405422735
            ],
            [
              116.34908132950925,
              40.02555601509132
            ],
            [
              116.34972560258687,
              40.025559632357094
            ]
          ]
        ]
      }
    },
    {
      "type": "Feature",
      "id": "BLDG-243",
      "properties": {
        "id": "BLDG-243",
        "layer": "BUILDING_FOOTPRINT",
        "source_type": "agent_generated_design",
        "confidence": "medium",
        "geometry_role": "design_proposal",
        "building_type": "ai_r_and_d",
        "name_zh": "AI研发与产业建筑(众智园全栈创新北区)",
        "renewal_action": "新建/改造",
        "floor_count": 0,
        "height_m": null,
        "area_sqm_declared": 3850.0
      },
      "geometry": {
        "type": "Polygon",
        "coordinates": [
          [
            [
              116.35110287875362,
              40.016201045168586
            ],
            [
              116.35109690786847,
              40.01683143677364
            ],
            [
              116.35045271670187,
              40.016827827781434
            ],
            [
              116.35045869351353,
              40.01619743625649
            ],
            [
              116.35110287875362,
              40.016201045168586
            ]
          ]
        ]
      }
    },
    {
      "type": "Feature",
      "id": "BLDG-244",
      "properties": {
        "id": "BLDG-244",
        "layer": "BUILDING_FOOTPRINT",
        "source_type": "agent_generated_design",
        "confidence": "medium",
        "geometry_role": "design_proposal",
        "building_type": "ai_r_and_d",
        "name_zh": "AI研发与产业建筑(众智园全栈创新北区)",
        "renewal_action": "新建/改造",
        "floor_count": 0,
        "height_m": null,
        "area_sqm_declared": 3850.0
      },
      "geometry": {
        "type": "Polygon",
        "coordinates": [
          [
            [
              116.35109178981715,
              40.01737177237978
            ],
            [
              116.35108581858262,
              40.0180021638557
            ],
            [
              116.35044161640913,
              40.01799855471474
            ],
            [
              116.35044759357054,
              40.01736816331892
            ],
            [
              116.35109178981715,
              40.01737177237978
            ]
          ]
        ]
      }
    },
    {
      "type": "Feature",
      "id": "BLDG-245",
      "properties": {
        "id": "BLDG-245",
        "layer": "BUILDING_FOOTPRINT",
        "source_type": "agent_generated_design",
        "confidence": "medium",
        "geometry_role": "design_proposal",
        "building_type": "ai_r_and_d",
        "name_zh": "AI研发与产业建筑(众智园全栈创新北区)",
        "renewal_action": "新建/改造",
        "floor_count": 0,
        "height_m": null,
        "area_sqm_declared": 3850.0
      },
      "geometry": {
        "type": "Polygon",
        "coordinates": [
          [
            [
              116.35108070023182,
              40.01854249935116
            ],
            [
              116.35107472864786,
              40.01917289069799
            ],
            [
              116.35043051546685,
              40.01916928140824
            ],
            [
              116.35043649297802,
              40.018538890141535
            ],
            [
              116.35108070023182,
              40.01854249935116
            ]
          ]
        ]
      }
    },
    {
      "type": "Feature",
      "id": "BLDG-246",
      "properties": {
        "id": "BLDG-246",
        "layer": "BUILDING_FOOTPRINT",
        "source_type": "agent_generated_design",
        "confidence": "medium",
        "geometry_role": "design_proposal",
        "building_type": "ai_r_and_d",
        "name_zh": "AI研发与产业建筑(众智园全栈创新北区)",
        "renewal_action": "新建/改造",
        "floor_count": 0,
        "height_m": null,
        "area_sqm_declared": 3850.0
      },
      "geometry": {
        "type": "Polygon",
        "coordinates": [
          [
            [
              116.35106960999758,
              40.019713226082764
            ],
            [
              116.3510636380642,
              40.02034361730044
            ],
            [
              116.35041941387504,
              40.02034000786191
            ],
            [
              116.35042539173595,
              40.019709616724334
            ],
            [
              116.35106960999758,
              40.019713226082764
            ]
          ]
        ]
      }
    },
    {
      "type": "Feature",
      "id": "BLDG-247",
      "properties": {
        "id": "BLDG-247",
        "layer": "BUILDING_FOOTPRINT",
        "source_type": "agent_generated_design",
        "confidence": "medium",
        "geometry_role": "design_proposal",
        "building_type": "ai_r_and_d",
        "name_zh": "AI研发与产业建筑(众智园全栈创新北区)",
        "renewal_action": "新建/改造",
        "floor_count": 0,
        "height_m": null,
        "area_sqm_declared": 3850.0
      },
      "geometry": {
        "type": "Polygon",
        "coordinates": [
          [
            [
              116.3510585191144,
              40.02088395257454
            ],
            [
              116.35105254683157,
              40.02151434366309
            ],
            [
              116.3504083116336,
              40.021510734075775
            ],
            [
              116.35041428984432,
              40.02088034306733
            ],
            [
              116.3510585191144,
              40.02088395257454
            ]
          ]
        ]
      }
    },
    {
      "type": "Feature",
      "id": "BLDG-248",
      "properties": {
        "id": "BLDG-248",
        "layer": "BUILDING_FOOTPRINT",
        "source_type": "agent_generated_design",
        "confidence": "medium",
        "geometry_role": "design_proposal",
        "building_type": "ai_r_and_d",
        "name_zh": "AI研发与产业建筑(众智园全栈创新北区)",
        "renewal_action": "新建/改造",
        "floor_count": 0,
        "height_m": null,
        "area_sqm_declared": 3850.0
      },
      "geometry": {
        "type": "Polygon",
        "coordinates": [
          [
            [
              116.35104742758223,
              40.022054678826514
            ],
            [
              116.35104145494991,
              40.02268506978594
            ],
            [
              116.35039720874248,
              40.022681460049824
            ],
            [
              116.35040318730302,
              40.02205106917052
            ],
            [
              116.35104742758223,
              40.022054678826514
            ]
          ]
        ]
      }
    },
    {
      "type": "Feature",
      "id": "BLDG-249",
      "properties": {
        "id": "BLDG-249",
        "layer": "BUILDING_FOOTPRINT",
        "source_type": "agent_generated_design",
        "confidence": "medium",
        "geometry_role": "design_proposal",
        "building_type": "ai_r_and_d",
        "name_zh": "AI研发与产业建筑(众智园全栈创新北区)",
        "renewal_action": "新建/改造",
        "floor_count": 0,
        "height_m": null,
        "area_sqm_declared": 3850.0
      },
      "geometry": {
        "type": "Polygon",
        "coordinates": [
          [
            [
              116.351036335401,
              40.023225404838676
            ],
            [
              116.35103036241918,
              40.023855795668965
            ],
            [
              116.35038610520166,
              40.02385218578405
            ],
            [
              116.35039208411207,
              40.023221795033876
            ],
            [
              116.351036335401,
              40.023225404838676
            ]
          ]
        ]
      }
    },
    {
      "type": "Feature",
      "id": "BLDG-250",
      "properties": {
        "id": "BLDG-250",
        "layer": "BUILDING_FOOTPRINT",
        "source_type": "agent_generated_design",
        "confidence": "medium",
        "geometry_role": "design_proposal",
        "building_type": "ai_r_and_d",
        "name_zh": "AI研发与产业建筑(众智园全栈创新北区)",
        "renewal_action": "新建/改造",
        "floor_count": 0,
        "height_m": null,
        "area_sqm_declared": 3850.0
      },
      "geometry": {
        "type": "Polygon",
        "coordinates": [
          [
            [
              116.3510252425707,
              40.024396130611024
            ],
            [
              116.35101926923937,
              40.025026521312185
            ],
            [
              116.3503750010111,
              40.02502291127847
            ],
            [
              116.35038098027137,
              40.024392520657436
            ],
            [
              116.3510252425707,
              40.024396130611024
            ]
          ]
        ]
      }
    },
    {
      "type": "Feature",
      "id": "BLDG-251",
      "properties": {
        "id": "BLDG-251",
        "layer": "BUILDING_FOOTPRINT",
        "source_type": "agent_generated_design",
        "confidence": "medium",
        "geometry_role": "design_proposal",
        "building_type": "ai_r_and_d",
        "name_zh": "AI研发与产业建筑(众智园全栈创新北区)",
        "renewal_action": "新建/改造",
        "floor_count": 0,
        "height_m": null,
        "area_sqm_declared": 3850.0
      },
      "geometry": {
        "type": "Polygon",
        "coordinates": [
          [
            [
              116.3510141490913,
              40.02556685614356
            ],
            [
              116.35100817541041,
              40.0261972467156
            ],
            [
              116.35036389617078,
              40.02619363653307
            ],
            [
              116.35036987578091,
              40.02556324604117
            ],
            [
              116.3510141490913,
              40.02556685614356
            ]
          ]
        ]
      }
    },
    {
      "type": "Feature",
      "id": "BLDG-252",
      "properties": {
        "id": "BLDG-252",
        "layer": "BUILDING_FOOTPRINT",
        "source_type": "agent_generated_design",
        "confidence": "medium",
        "geometry_role": "design_proposal",
        "building_type": "ai_r_and_d",
        "name_zh": "AI研发与产业建筑(众智园全栈创新北区)",
        "renewal_action": "新建/改造",
        "floor_count": 0,
        "height_m": null,
        "area_sqm_declared": 3850.0
      },
      "geometry": {
        "type": "Polygon",
        "coordinates": [
          [
            [
              116.3523912495821,
              40.01620825225124
            ],
            [
              116.35238529054999,
              40.01683864401627
            ],
            [
              116.3517410991512,
              40.01683504218525
            ],
            [
              116.35174706410986,
              40.016204650500164
            ],
            [
              116.3523912495821,
              40.01620825225124
            ]
          ]
        ]
      }
    },
    {
      "type": "Feature",
      "id": "BLDG-253",
      "properties": {
        "id": "BLDG-253",
        "layer": "BUILDING_FOOTPRINT",
        "source_type": "agent_generated_design",
        "confidence": "medium",
        "geometry_role": "design_proposal",
        "building_type": "ai_r_and_d",
        "name_zh": "AI研发与产业建筑(众智园全栈创新北区)",
        "renewal_action": "新建/改造",
        "floor_count": 0,
        "height_m": null,
        "area_sqm_declared": 3850.0
      },
      "geometry": {
        "type": "Polygon",
        "coordinates": [
          [
            [
              116.35238018265873,
              40.017378979759535
            ],
            [
              116.3523742232779,
              40.01800937139544
            ],
            [
              116.35173002087224,
              40.01800576941594
            ],
            [
              116.35173598617993,
              40.017375377859985
            ],
            [
              116.35238018265873,
              40.017378979759535
            ]
          ]
        ]
      }
    },
    {
      "type": "Feature",
      "id": "BLDG-254",
      "properties": {
        "id": "BLDG-254",
        "layer": "BUILDING_FOOTPRINT",
        "source_type": "agent_generated_design",
        "confidence": "medium",
        "geometry_role": "design_proposal",
        "building_type": "ai_r_and_d",
        "name_zh": "AI研发与产业建筑(众智园全栈创新北区)",
        "renewal_action": "新建/改造",
        "floor_count": 0,
        "height_m": null,
        "area_sqm_declared": 3850.0
      },
      "geometry": {
        "type": "Polygon",
        "coordinates": [
          [
            [
              116.35236911508775,
              40.01854970702803
            ],
            [
              116.35236315535823,
              40.019180098534825
            ],
            [
              116.35171894194502,
              40.01917649640685
            ],
            [
              116.35172490760178,
              40.018546104980004
            ],
            [
              116.35236911508775,
              40.01854970702803
            ]
          ]
        ]
      }
    },
    {
      "type": "Feature",
      "id": "BLDG-255",
      "properties": {
        "id": "BLDG-255",
        "layer": "BUILDING_FOOTPRINT",
        "source_type": "agent_generated_design",
        "confidence": "medium",
        "geometry_role": "design_proposal",
        "building_type": "ai_r_and_d",
        "name_zh": "AI研发与产业建筑(众智园全栈创新北区)",
        "renewal_action": "新建/改造",
        "floor_count": 0,
        "height_m": null,
        "area_sqm_declared": 3850.0
      },
      "geometry": {
        "type": "Polygon",
        "coordinates": [
          [
            [
              116.35235804686918,
              40.01972043405674
            ],
            [
              116.35235208679093,
              40.020350825434406
            ],
            [
              116.35170786236954,
              40.020347223157934
            ],
            [
              116.35171382837535,
              40.01971683186023
            ],
            [
              116.35235804686918,
              40.01972043405674
            ]
          ]
        ]
      }
    },
    {
      "type": "Feature",
      "id": "BLDG-256",
      "properties": {
        "id": "BLDG-256",
        "layer": "BUILDING_FOOTPRINT",
        "source_type": "agent_generated_design",
        "confidence": "medium",
        "geometry_role": "design_proposal",
        "building_type": "ai_r_and_d",
        "name_zh": "AI研发与产业建筑(众智园全栈创新北区)",
        "renewal_action": "新建/改造",
        "floor_count": 0,
        "height_m": null,
        "area_sqm_declared": 3850.0
      },
      "geometry": {
        "type": "Polygon",
        "coordinates": [
          [
            [
              116.35234697800294,
              40.02089116084565
            ],
            [
              116.35234101757591,
              40.02152155209419
            ],
            [
              116.3516967821457,
              40.02151794966923
            ],
            [
              116.35170274850064,
              40.02088755850065
            ],
            [
              116.35234697800294,
              40.02089116084565
            ]
          ]
        ]
      }
    },
    {
      "type": "Feature",
      "id": "BLDG-257",
      "properties": {
        "id": "BLDG-257",
        "layer": "BUILDING_FOOTPRINT",
        "source_type": "agent_generated_design",
        "confidence": "medium",
        "geometry_role": "design_proposal",
        "building_type": "ai_r_and_d",
        "name_zh": "AI研发与产业建筑(众智园全栈创新北区)",
        "renewal_action": "新建/改造",
        "floor_count": 0,
        "height_m": null,
        "area_sqm_declared": 3850.0
      },
      "geometry": {
        "type": "Polygon",
        "coordinates": [
          [
            [
              116.352335908489,
              40.022061887394756
            ],
            [
              116.3523299477132,
              40.02269227851419
            ],
            [
              116.35168570127351,
              40.02268867594072
            ],
            [
              116.35169166797759,
              40.022058284901256
            ],
            [
              116.352335908489,
              40.022061887394756
            ]
          ]
        ]
      }
    },
    {
      "type": "Feature",
      "id": "BLDG-258",
      "properties": {
        "id": "BLDG-258",
        "layer": "BUILDING_FOOTPRINT",
        "source_type": "agent_generated_design",
        "confidence": "medium",
        "geometry_role": "design_proposal",
        "building_type": "ai_r_and_d",
        "name_zh": "AI研发与产业建筑(众智园全栈创新北区)",
        "renewal_action": "新建/改造",
        "floor_count": 0,
        "height_m": null,
        "area_sqm_declared": 3850.0
      },
      "geometry": {
        "type": "Polygon",
        "coordinates": [
          [
            [
              116.35232483832729,
              40.02323261370406
            ],
            [
              116.3523188772027,
              40.02386300469436
            ],
            [
              116.3516746197529,
              40.0238594019724
            ],
            [
              116.35168058680613,
              40.023229011062064
            ],
            [
              116.35232483832729,
              40.02323261370406
            ]
          ]
        ]
      }
    },
    {
      "type": "Feature",
      "id": "BLDG-259",
      "properties": {
        "id": "BLDG-259",
        "layer": "BUILDING_FOOTPRINT",
        "source_type": "agent_generated_design",
        "confidence": "medium",
        "geometry_role": "design_proposal",
        "building_type": "ai_r_and_d",
        "name_zh": "AI研发与产业建筑(众智园全栈创新北区)",
        "renewal_action": "新建/改造",
        "floor_count": 0,
        "height_m": null,
        "area_sqm_declared": 3850.0
      },
      "geometry": {
        "type": "Polygon",
        "coordinates": [
          [
            [
              116.35231376751781,
              40.02440333977356
            ],
            [
              116.3523078060444,
              40.02503373063475
            ],
            [
              116.35166353758385,
              40.025030127764275
            ],
            [
              116.35166950498623,
              40.024399736983064
            ],
            [
              116.35231376751781,
              40.02440333977356
            ]
          ]
        ]
      }
    },
    {
      "type": "Feature",
      "id": "BLDG-260",
      "properties": {
        "id": "BLDG-260",
        "layer": "BUILDING_FOOTPRINT",
        "source_type": "agent_generated_design",
        "confidence": "medium",
        "geometry_role": "design_proposal",
        "building_type": "ai_r_and_d",
        "name_zh": "AI研发与产业建筑(众智园全栈创新北区)",
        "renewal_action": "新建/改造",
        "floor_count": 0,
        "height_m": null,
        "area_sqm_declared": 3850.0
      },
      "geometry": {
        "type": "Polygon",
        "coordinates": [
          [
            [
              116.3523026960605,
              40.02557406560328
            ],
            [
              116.35229673423824,
              40.02620445633532
            ],
            [
              116.35165245476628,
              40.02620085331634
            ],
            [
              116.35165842251787,
              40.025570462664255
            ],
            [
              116.3523026960605,
              40.02557406560328
            ]
          ]
        ]
      }
    },
    {
      "type": "Feature",
      "id": "BLDG-261",
      "properties": {
        "id": "BLDG-261",
        "layer": "BUILDING_FOOTPRINT",
        "source_type": "agent_generated_design",
        "confidence": "medium",
        "geometry_role": "design_proposal",
        "building_type": "ai_r_and_d",
        "name_zh": "AI研发与产业建筑(众智园全栈创新北区)",
        "renewal_action": "新建/改造",
        "floor_count": 0,
        "height_m": null,
        "area_sqm_declared": 3850.0
      },
      "geometry": {
        "type": "Polygon",
        "coordinates": [
          [
            [
              116.3536796208742,
              40.01621544501185
            ],
            [
              116.35367367369513,
              40.01684583693653
            ],
            [
              116.35302948206467,
              40.0168422422667
            ],
            [
              116.35303543517027,
              40.016211850421804
            ],
            [
              116.3536796208742,
              40.01621544501185
            ]
          ]
        ]
      }
    },
    {
      "type": "Feature",
      "id": "BLDG-262",
      "properties": {
        "id": "BLDG-262",
        "layer": "BUILDING_FOOTPRINT",
        "source_type": "agent_generated_design",
        "confidence": "medium",
        "geometry_role": "design_proposal",
        "building_type": "ai_r_and_d",
        "name_zh": "AI研发与产业建筑(众智园全栈创新北区)",
        "renewal_action": "新建/改造",
        "floor_count": 0,
        "height_m": null,
        "area_sqm_declared": 3850.0
      },
      "geometry": {
        "type": "Polygon",
        "coordinates": [
          [
            [
              116.35366857596394,
              40.01738617281664
            ],
            [
              116.35366262843687,
              40.01801656461222
            ],
            [
              116.35301842579949,
              40.01801296979419
            ],
            [
              116.35302437925343,
              40.017382578078426
            ],
            [
              116.35366857596394,
              40.01738617281664
            ]
          ]
        ]
      }
    },
    {
      "type": "Feature",
      "id": "BLDG-263",
      "properties": {
        "id": "BLDG-263",
        "layer": "BUILDING_FOOTPRINT",
        "source_type": "agent_generated_design",
        "confidence": "medium",
        "geometry_role": "design_proposal",
        "building_type": "ai_r_and_d",
        "name_zh": "AI研发与产业建筑(众智园全栈创新北区)",
        "renewal_action": "新建/改造",
        "floor_count": 0,
        "height_m": null,
        "area_sqm_declared": 3850.0
      },
      "geometry": {
        "type": "Polygon",
        "coordinates": [
          [
            [
              116.35365753040739,
              40.01855690038167
            ],
            [
              116.35365158253228,
              40.01918729204812
            ],
            [
              116.35300736888735,
              40.019183697081914
            ],
            [
              116.35301332268966,
              40.01855330549525
            ],
            [
              116.35365753040739,
              40.01855690038167
            ]
          ]
        ]
      }
    },
    {
      "type": "Feature",
      "id": "BLDG-264",
      "properties": {
        "id": "BLDG-264",
        "layer": "BUILDING_FOOTPRINT",
        "source_type": "agent_generated_design",
        "confidence": "medium",
        "geometry_role": "design_proposal",
        "building_type": "ai_r_and_d",
        "name_zh": "AI研发与产业建筑(众智园全栈创新北区)",
        "renewal_action": "新建/改造",
        "floor_count": 0,
        "height_m": null,
        "area_sqm_declared": 3850.0
      },
      "geometry": {
        "type": "Polygon",
        "coordinates": [
          [
            [
              116.35364648420449,
              40.0197276277069
            ],
            [
              116.35364053598136,
              40.020358019244235
            ],
            [
              116.35299631132821,
              40.02035442412985
            ],
            [
              116.35300226547892,
              40.01972403267229
            ],
            [
              116.35364648420449,
              40.0197276277069
            ]
          ]
        ]
      }
    },
    {
      "type": "Feature",
      "id": "BLDG-265",
      "properties": {
        "id": "BLDG-265",
        "layer": "BUILDING_FOOTPRINT",
        "source_type": "agent_generated_design",
        "confidence": "medium",
        "geometry_role": "design_proposal",
        "building_type": "ai_r_and_d",
        "name_zh": "AI研发与产业建筑(众智园全栈创新北区)",
        "renewal_action": "新建/改造",
        "floor_count": 0,
        "height_m": null,
        "area_sqm_declared": 3850.0
      },
      "geometry": {
        "type": "Polygon",
        "coordinates": [
          [
            [
              116.35363543735521,
              40.02089835479234
            ],
            [
              116.35362948878402,
              40.021528746200566
            ],
            [
              116.35298525312206,
              40.02152515093797
            ],
            [
              116.35299120762117,
              40.02089475960955
            ],
            [
              116.35363543735521,
              40.02089835479234
            ]
          ]
        ]
      }
    },
    {
      "type": "Feature",
      "id": "BLDG-266",
      "properties": {
        "id": "BLDG-266",
        "layer": "BUILDING_FOOTPRINT",
        "source_type": "agent_generated_design",
        "confidence": "medium",
        "geometry_role": "design_proposal",
        "building_type": "ai_r_and_d",
        "name_zh": "AI研发与产业建筑(众智园全栈创新北区)",
        "renewal_action": "新建/改造",
        "floor_count": 0,
        "height_m": null,
        "area_sqm_declared": 3850.0
      },
      "geometry": {
        "type": "Polygon",
        "coordinates": [
          [
            [
              116.35362438985953,
              40.02206908163799
            ],
            [
              116.35361844094027,
              40.022699472917104
            ],
            [
              116.35297419426881,
              40.02269587750631
            ],
            [
              116.35298014911635,
              40.022065486307
            ],
            [
              116.35362438985953,
              40.02206908163799
            ]
          ]
        ]
      }
    },
    {
      "type": "Feature",
      "id": "BLDG-267",
      "properties": {
        "id": "BLDG-267",
        "layer": "BUILDING_FOOTPRINT",
        "source_type": "agent_generated_design",
        "confidence": "medium",
        "geometry_role": "design_proposal",
        "building_type": "ai_r_and_d",
        "name_zh": "AI研发与产业建筑(众智园全栈创新北区)",
        "renewal_action": "新建/改造",
        "floor_count": 0,
        "height_m": null,
        "area_sqm_declared": 3850.0
      },
      "geometry": {
        "type": "Polygon",
        "coordinates": [
          [
            [
              116.35361334171739,
              40.023239808243865
            ],
            [
              116.35360739245002,
              40.023870199393855
            ],
            [
              116.35296313476842,
              40.02386660383485
            ],
            [
              116.35296908996443,
              40.02323621276467
            ],
            [
              116.35361334171739,
              40.023239808243865
            ]
          ]
        ]
      }
    },
    {
      "type": "Feature",
      "id": "BLDG-268",
      "properties": {
        "id": "BLDG-268",
        "layer": "BUILDING_FOOTPRINT",
        "source_type": "agent_generated_design",
        "confidence": "medium",
        "geometry_role": "design_proposal",
        "building_type": "ai_r_and_d",
        "name_zh": "AI研发与产业建筑(众智园全栈创新北区)",
        "renewal_action": "新建/改造",
        "floor_count": 0,
        "height_m": null,
        "area_sqm_declared": 3850.0
      },
      "geometry": {
        "type": "Polygon",
        "coordinates": [
          [
            [
              116.35360229292877,
              40.024410534609935
            ],
            [
              116.35359634331323,
              40.025040925630805
            ],
            [
              116.35295207462089,
              40.025037329923585
            ],
            [
              116.35295803016538,
              40.02440693898252
            ],
            [
              116.35360229292877,
              40.024410534609935
            ]
          ]
        ]
      }
    },
    {
      "type": "Feature",
      "id": "BLDG-269",
      "properties": {
        "id": "BLDG-269",
        "layer": "BUILDING_FOOTPRINT",
        "source_type": "agent_generated_design",
        "confidence": "medium",
        "geometry_role": "design_proposal",
        "building_type": "ai_r_and_d",
        "name_zh": "AI研发与产业建筑(众智园全栈创新北区)",
        "renewal_action": "新建/改造",
        "floor_count": 0,
        "height_m": null,
        "area_sqm_declared": 3850.0
      },
      "geometry": {
        "type": "Polygon",
        "coordinates": [
          [
            [
              116.35359124349358,
              40.025581260736224
            ],
            [
              116.3535852935299,
              40.02621165162797
            ],
            [
              116.35294101382614,
              40.02620805577253
            ],
            [
              116.35294696971913,
              40.0255776649606
            ],
            [
              116.35359124349358,
              40.025581260736224
            ]
          ]
        ]
      }
    },
    {
      "type": "Feature",
      "id": "BLDG-270",
      "properties": {
        "id": "BLDG-270",
        "layer": "BUILDING_FOOTPRINT",
        "source_type": "agent_generated_design",
        "confidence": "medium",
        "geometry_role": "design_proposal",
        "building_type": "ai_r_and_d",
        "name_zh": "AI研发与产业建筑(众智园全栈创新北区)",
        "renewal_action": "新建/改造",
        "floor_count": 0,
        "height_m": null,
        "area_sqm_declared": 3850.0
      },
      "geometry": {
        "type": "Polygon",
        "coordinates": [
          [
            [
              116.35492389717032,
              40.0209055344146
            ],
            [
              116.35491796045497,
              40.02153592598219
            ],
            [
              116.3542737245617,
              40.02153233788197
            ],
            [
              116.35427966720496,
              40.020901946394034
            ],
            [
              116.35492389717032,
              40.0209055344146
            ]
          ]
        ]
      }
    },
    {
      "type": "Feature",
      "id": "BLDG-271",
      "properties": {
        "id": "BLDG-271",
        "layer": "BUILDING_FOOTPRINT",
        "source_type": "agent_generated_design",
        "confidence": "medium",
        "geometry_role": "design_proposal",
        "building_type": "ai_r_and_d",
        "name_zh": "AI研发与产业建筑(众智园全栈创新北区)",
        "renewal_action": "新建/改造",
        "floor_count": 0,
        "height_m": null,
        "area_sqm_declared": 3850.0
      },
      "geometry": {
        "type": "Polygon",
        "coordinates": [
          [
            [
              116.35491287169295,
              40.02207626155621
            ],
            [
              116.3549069346302,
              40.02270665299469
            ],
            [
              116.35426268772741,
              40.022703064746565
            ],
            [
              116.35426863071844,
              40.02207267338773
            ],
            [
              116.35491287169295,
              40.02207626155621
            ]
          ]
        ]
      }
    },
    {
      "type": "Feature",
      "id": "BLDG-272",
      "properties": {
        "id": "BLDG-272",
        "layer": "BUILDING_FOOTPRINT",
        "source_type": "agent_generated_design",
        "confidence": "medium",
        "geometry_role": "design_proposal",
        "building_type": "ai_r_and_d",
        "name_zh": "AI研发与产业建筑(众智园全栈创新北区)",
        "renewal_action": "新建/改造",
        "floor_count": 0,
        "height_m": null,
        "area_sqm_declared": 3850.0
      },
      "geometry": {
        "type": "Polygon",
        "coordinates": [
          [
            [
              116.35490184557037,
              40.02324698845805
            ],
            [
              116.35489590816022,
              40.023877379767406
            ],
            [
              116.3542516502473,
              40.02387379137136
            ],
            [
              116.35425759358608,
              40.02324340014165
            ],
            [
              116.35490184557037,
              40.02324698845805
            ]
          ]
        ]
      }
    },
    {
      "type": "Feature",
      "id": "BLDG-273",
      "properties": {
        "id": "BLDG-273",
        "layer": "BUILDING_FOOTPRINT",
        "source_type": "agent_generated_design",
        "confidence": "medium",
        "geometry_role": "design_proposal",
        "building_type": "ai_r_and_d",
        "name_zh": "AI研发与产业建筑(众智园全栈创新北区)",
        "renewal_action": "新建/改造",
        "floor_count": 0,
        "height_m": null,
        "area_sqm_declared": 3850.0
      },
      "geometry": {
        "type": "Polygon",
        "coordinates": [
          [
            [
              116.35489081880262,
              40.0244177151201
            ],
            [
              116.35488488104501,
              40.02504810630034
            ],
            [
              116.35424061212132,
              40.02504451775638
            ],
            [
              116.35424655580788,
              40.02441412665579
            ],
            [
              116.35489081880262,
              40.0244177151201
            ]
          ]
        ]
      }
    },
    {
      "type": "Feature",
      "id": "BLDG-274",
      "properties": {
        "id": "BLDG-274",
        "layer": "BUILDING_FOOTPRINT",
        "source_type": "agent_generated_design",
        "confidence": "medium",
        "geometry_role": "design_proposal",
        "building_type": "ai_r_and_d",
        "name_zh": "AI研发与产业建筑(众智园全栈创新北区)",
        "renewal_action": "新建/改造",
        "floor_count": 0,
        "height_m": null,
        "area_sqm_declared": 3850.0
      },
      "geometry": {
        "type": "Polygon",
        "coordinates": [
          [
            [
              116.35487979138958,
              40.025588441542354
            ],
            [
              116.35487385328452,
              40.02621883259349
            ],
            [
              116.3542295733494,
              40.02621524390161
            ],
            [
              116.35423551738377,
              40.02558485293014
            ],
            [
              116.35487979138958,
              40.025588441542354
            ]
          ]
        ]
      }
    },
    {
      "type": "Feature",
      "id": "BLDG-275",
      "properties": {
        "id": "BLDG-275",
        "layer": "BUILDING_FOOTPRINT",
        "source_type": "agent_generated_design",
        "confidence": "medium",
        "geometry_role": "design_proposal",
        "building_type": "retail",
        "name_zh": "商业服务建筑(大钟寺商业服务街区)",
        "renewal_action": "改造/保留",
        "floor_count": 0,
        "height_m": null,
        "area_sqm_declared": 3850.0
      },
      "geometry": {
        "type": "Polygon",
        "coordinates": [
          [
            [
              116.34134757143046,
              39.93913330734322
            ],
            [
              116.3413415272934,
              39.93976370612755
            ],
            [
              116.34069806062541,
              39.939760048733525
            ],
            [
              116.34070411066615,
              39.9391296500304
            ],
            [
              116.34134757143046,
              39.93913330734322
            ]
          ]
        ]
      }
    },
    {
      "type": "Feature",
      "id": "BLDG-276",
      "properties": {
        "id": "BLDG-276",
        "layer": "BUILDING_FOOTPRINT",
        "source_type": "agent_generated_design",
        "confidence": "medium",
        "geometry_role": "design_proposal",
        "building_type": "retail",
        "name_zh": "商业服务建筑(大钟寺商业服务街区)",
        "renewal_action": "改造/保留",
        "floor_count": 0,
        "height_m": null,
        "area_sqm_declared": 3850.0
      },
      "geometry": {
        "type": "Polygon",
        "coordinates": [
          [
            [
              116.34133634645299,
              39.94030404788736
            ],
            [
              116.34133030196243,
              39.9409344465426
            ],
            [
              116.34068682432996,
              39.94093078899773
            ],
            [
              116.34069287472457,
              39.94030039042372
            ],
            [
              116.34133634645299,
              39.94030404788736
            ]
          ]
        ]
      }
    },
    {
      "type": "Feature",
      "id": "BLDG-277",
      "properties": {
        "id": "BLDG-277",
        "layer": "BUILDING_FOOTPRINT",
        "source_type": "agent_generated_design",
        "confidence": "medium",
        "geometry_role": "design_proposal",
        "building_type": "retail",
        "name_zh": "商业服务建筑(大钟寺商业服务街区)",
        "renewal_action": "改造/保留",
        "floor_count": 0,
        "height_m": null,
        "area_sqm_declared": 3850.0
      },
      "geometry": {
        "type": "Polygon",
        "coordinates": [
          [
            [
              116.34132512081901,
              39.941474788191755
            ],
            [
              116.34131907597492,
              39.94210518671788
            ],
            [
              116.34067558737732,
              39.942101529022175
            ],
            [
              116.34068163812579,
              39.94147113057726
            ],
            [
              116.34132512081901,
              39.941474788191755
            ]
          ]
        ]
      }
    },
    {
      "type": "Feature",
      "id": "BLDG-278",
      "properties": {
        "id": "BLDG-278",
        "layer": "BUILDING_FOOTPRINT",
        "source_type": "agent_generated_design",
        "confidence": "medium",
        "geometry_role": "design_proposal",
        "building_type": "retail",
        "name_zh": "商业服务建筑(大钟寺商业服务街区)",
        "renewal_action": "改造/保留",
        "floor_count": 0,
        "height_m": null,
        "area_sqm_declared": 3850.0
      },
      "geometry": {
        "type": "Polygon",
        "coordinates": [
          [
            [
              116.34131389452845,
              39.94264552825638
            ],
            [
              116.34130784933082,
              39.9432759266534
            ],
            [
              116.34066434976745,
              39.94327226880683
            ],
            [
              116.34067040086983,
              39.94264187049104
            ],
            [
              116.34131389452845,
              39.94264552825638
            ]
          ]
        ]
      }
    },
    {
      "type": "Feature",
      "id": "BLDG-279",
      "properties": {
        "id": "BLDG-279",
        "layer": "BUILDING_FOOTPRINT",
        "source_type": "agent_generated_design",
        "confidence": "medium",
        "geometry_role": "design_proposal",
        "building_type": "retail",
        "name_zh": "商业服务建筑(大钟寺商业服务街区)",
        "renewal_action": "改造/保留",
        "floor_count": 0,
        "height_m": null,
        "area_sqm_declared": 3850.0
      },
      "geometry": {
        "type": "Polygon",
        "coordinates": [
          [
            [
              116.34130266758127,
              39.943816268081235
            ],
            [
              116.34129662203003,
              39.94444666634915
            ],
            [
              116.34065311150027,
              39.944443008351726
            ],
            [
              116.34065916295658,
              39.94381261016504
            ],
            [
              116.34130266758127,
              39.943816268081235
            ]
          ]
        ]
      }
    },
    {
      "type": "Feature",
      "id": "BLDG-280",
      "properties": {
        "id": "BLDG-280",
        "layer": "BUILDING_FOOTPRINT",
        "source_type": "agent_generated_design",
        "confidence": "medium",
        "geometry_role": "design_proposal",
        "building_type": "retail",
        "name_zh": "商业服务建筑(大钟寺商业服务街区)",
        "renewal_action": "改造/保留",
        "floor_count": 0,
        "height_m": null,
        "area_sqm_declared": 3850.0
      },
      "geometry": {
        "type": "Polygon",
        "coordinates": [
          [
            [
              116.34129143997745,
              39.94498700766632
            ],
            [
              116.34128539407261,
              39.94561740580513
            ],
            [
              116.34064187257579,
              39.94561374765685
            ],
            [
              116.34064792438603,
              39.944983349599276
            ],
            [
              116.34129143997745,
              39.94498700766632
            ]
          ]
        ]
      }
    },
    {
      "type": "Feature",
      "id": "BLDG-281",
      "properties": {
        "id": "BLDG-281",
        "layer": "BUILDING_FOOTPRINT",
        "source_type": "agent_generated_design",
        "confidence": "medium",
        "geometry_role": "design_proposal",
        "building_type": "retail",
        "name_zh": "商业服务建筑(大钟寺商业服务街区)",
        "renewal_action": "改造/保留",
        "floor_count": 0,
        "height_m": null,
        "area_sqm_declared": 3850.0
      },
      "geometry": {
        "type": "Polygon",
        "coordinates": [
          [
            [
              116.34128021171692,
              39.94615774701163
            ],
            [
              116.34127416545844,
              39.94678814502134
            ],
            [
              116.34063063299394,
              39.946784486722194
            ],
            [
              116.34063668515816,
              39.94615408879372
            ],
            [
              116.34128021171692,
              39.94615774701163
            ]
          ]
        ]
      }
    },
    {
      "type": "Feature",
      "id": "BLDG-282",
      "properties": {
        "id": "BLDG-282",
        "layer": "BUILDING_FOOTPRINT",
        "source_type": "agent_generated_design",
        "confidence": "medium",
        "geometry_role": "design_proposal",
        "building_type": "retail",
        "name_zh": "商业服务建筑(大钟寺商业服务街区)",
        "renewal_action": "改造/保留",
        "floor_count": 0,
        "height_m": null,
        "area_sqm_declared": 3850.0
      },
      "geometry": {
        "type": "Polygon",
        "coordinates": [
          [
            [
              116.34126898279963,
              39.94732848611718
            ],
            [
              116.34126293618753,
              39.94795888399778
            ],
            [
              116.34061939275469,
              39.947955225547744
            ],
            [
              116.34062544527289,
              39.947324827748396
            ],
            [
              116.34126898279963,
              39.94732848611718
            ]
          ]
        ]
      }
    },
    {
      "type": "Feature",
      "id": "BLDG-283",
      "properties": {
        "id": "BLDG-283",
        "layer": "BUILDING_FOOTPRINT",
        "source_type": "agent_generated_design",
        "confidence": "medium",
        "geometry_role": "design_proposal",
        "building_type": "retail",
        "name_zh": "商业服务建筑(大钟寺商业服务街区)",
        "renewal_action": "改造/保留",
        "floor_count": 0,
        "height_m": null,
        "area_sqm_declared": 3850.0
      },
      "geometry": {
        "type": "Polygon",
        "coordinates": [
          [
            [
              116.34125775322558,
              39.948499224982946
            ],
            [
              116.3412517062598,
              39.94912962273443
            ],
            [
              116.34060815185798,
              39.94912596413353
            ],
            [
              116.34061420473019,
              39.94849556646329
            ],
            [
              116.34125775322558,
              39.948499224982946
            ]
          ]
        ]
      }
    },
    {
      "type": "Feature",
      "id": "BLDG-284",
      "properties": {
        "id": "BLDG-284",
        "layer": "BUILDING_FOOTPRINT",
        "source_type": "agent_generated_design",
        "confidence": "medium",
        "geometry_role": "design_proposal",
        "building_type": "retail",
        "name_zh": "商业服务建筑(大钟寺商业服务街区)",
        "renewal_action": "改造/保留",
        "floor_count": 0,
        "height_m": null,
        "area_sqm_declared": 3850.0
      },
      "geometry": {
        "type": "Polygon",
        "coordinates": [
          [
            [
              116.34263449331144,
              39.93914061125646
            ],
            [
              116.34262846098179,
              39.939771010203
            ],
            [
              116.34198499407887,
              39.9397673599507
            ],
            [
              116.34199103231225,
              39.939136961085225
            ],
            [
              116.34263449331144,
              39.93914061125646
            ]
          ]
        ]
      }
    },
    {
      "type": "Feature",
      "id": "BLDG-285",
      "properties": {
        "id": "BLDG-285",
        "layer": "BUILDING_FOOTPRINT",
        "source_type": "agent_generated_design",
        "confidence": "medium",
        "geometry_role": "design_proposal",
        "building_type": "retail",
        "name_zh": "商业服务建筑(大钟寺商业服务街区)",
        "renewal_action": "改造/保留",
        "floor_count": 0,
        "height_m": null,
        "area_sqm_declared": 3850.0
      },
      "geometry": {
        "type": "Polygon",
        "coordinates": [
          [
            [
              116.34262329026228,
              39.94031135210185
            ],
            [
              116.3426172575798,
              39.9409417509193
            ],
            [
              116.34197377971242,
              39.94093810051646
            ],
            [
              116.34197981829894,
              39.94030770178008
            ],
            [
              116.34262329026228,
              39.94031135210185
            ]
          ]
        ]
      }
    },
    {
      "type": "Feature",
      "id": "BLDG-286",
      "properties": {
        "id": "BLDG-286",
        "layer": "BUILDING_FOOTPRINT",
        "source_type": "agent_generated_design",
        "confidence": "medium",
        "geometry_role": "design_proposal",
        "building_type": "retail",
        "name_zh": "商业服务建筑(大钟寺商业服务街区)",
        "renewal_action": "改造/保留",
        "floor_count": 0,
        "height_m": null,
        "area_sqm_declared": 3850.0
      },
      "geometry": {
        "type": "Polygon",
        "coordinates": [
          [
            [
              116.34261208655789,
              39.94148209270749
            ],
            [
              116.34260605352257,
              39.94211249139583
            ],
            [
              116.34196256469004,
              39.94210884084244
            ],
            [
              116.34196860362975,
              39.94147844223516
            ],
            [
              116.34261208655789,
              39.94148209270749
            ]
          ]
        ]
      }
    },
    {
      "type": "Feature",
      "id": "BLDG-287",
      "properties": {
        "id": "BLDG-287",
        "layer": "BUILDING_FOOTPRINT",
        "source_type": "agent_generated_design",
        "confidence": "medium",
        "geometry_role": "design_proposal",
        "building_type": "retail",
        "name_zh": "商业服务建筑(大钟寺商业服务街区)",
        "renewal_action": "改造/保留",
        "floor_count": 0,
        "height_m": null,
        "area_sqm_declared": 3850.0
      },
      "geometry": {
        "type": "Polygon",
        "coordinates": [
          [
            [
              116.3426008821982,
              39.942652833073375
            ],
            [
              116.34259484881001,
              39.94328323163262
            ],
            [
              116.3419513490117,
              39.94327958092866
            ],
            [
              116.34195738830462,
              39.94264918245048
            ],
            [
              116.3426008821982,
              39.942652833073375
            ]
          ]
        ]
      }
    },
    {
      "type": "Feature",
      "id": "BLDG-288",
      "properties": {
        "id": "BLDG-288",
        "layer": "BUILDING_FOOTPRINT",
        "source_type": "agent_generated_design",
        "confidence": "medium",
        "geometry_role": "design_proposal",
        "building_type": "retail",
        "name_zh": "商业服务建筑(大钟寺商业服务街区)",
        "renewal_action": "改造/保留",
        "floor_count": 0,
        "height_m": null,
        "area_sqm_declared": 3850.0
      },
      "geometry": {
        "type": "Polygon",
        "coordinates": [
          [
            [
              116.34258967718317,
              39.9438235731995
            ],
            [
              116.34258364344208,
              39.944453971629635
            ],
            [
              116.34194013267735,
              39.94445032077512
            ],
            [
              116.34194617232352,
              39.94381992242605
            ],
            [
              116.34258967718317,
              39.9438235731995
            ]
          ]
        ]
      }
    },
    {
      "type": "Feature",
      "id": "BLDG-289",
      "properties": {
        "id": "BLDG-289",
        "layer": "BUILDING_FOOTPRINT",
        "source_type": "agent_generated_design",
        "confidence": "medium",
        "geometry_role": "design_proposal",
        "building_type": "retail",
        "name_zh": "商业服务建筑(大钟寺商业服务街区)",
        "renewal_action": "改造/保留",
        "floor_count": 0,
        "height_m": null,
        "area_sqm_declared": 3850.0
      },
      "geometry": {
        "type": "Polygon",
        "coordinates": [
          [
            [
              116.34257847151278,
              39.944994313085864
            ],
            [
              116.3425724374188,
              39.945624711386905
            ],
            [
              116.34192891568699,
              39.94562106038182
            ],
            [
              116.34193495568641,
              39.94499066216185
            ],
            [
              116.34257847151278,
              39.944994313085864
            ]
          ]
        ]
      }
    },
    {
      "type": "Feature",
      "id": "BLDG-290",
      "properties": {
        "id": "BLDG-290",
        "layer": "BUILDING_FOOTPRINT",
        "source_type": "agent_generated_design",
        "confidence": "medium",
        "geometry_role": "design_proposal",
        "building_type": "retail",
        "name_zh": "商业服务建筑(大钟寺商业服务街区)",
        "renewal_action": "改造/保留",
        "floor_count": 0,
        "height_m": null,
        "area_sqm_declared": 3850.0
      },
      "geometry": {
        "type": "Polygon",
        "coordinates": [
          [
            [
              116.34256726518696,
              39.94616505273246
            ],
            [
              116.34256123074002,
              39.946795450904396
            ],
            [
              116.34191769804052,
              39.94679179974875
            ],
            [
              116.3419237383932,
              39.94616140165789
            ],
            [
              116.34256726518696,
              39.94616505273246
            ]
          ]
        ]
      }
    },
    {
      "type": "Feature",
      "id": "BLDG-291",
      "properties": {
        "id": "BLDG-291",
        "layer": "BUILDING_FOOTPRINT",
        "source_type": "agent_generated_design",
        "confidence": "medium",
        "geometry_role": "design_proposal",
        "building_type": "retail",
        "name_zh": "商业服务建筑(大钟寺商业服务街区)",
        "renewal_action": "改造/保留",
        "floor_count": 0,
        "height_m": null,
        "area_sqm_declared": 3850.0
      },
      "geometry": {
        "type": "Polygon",
        "coordinates": [
          [
            [
              116.3425560582057,
              39.947335792139306
            ],
            [
              116.3425500234058,
              39.947966190182136
            ],
            [
              116.34190647973794,
              39.947962538875906
            ],
            [
              116.34191252044393,
              39.94733214091415
            ],
            [
              116.3425560582057,
              39.947335792139306
            ]
          ]
        ]
      }
    },
    {
      "type": "Feature",
      "id": "BLDG-292",
      "properties": {
        "id": "BLDG-292",
        "layer": "BUILDING_FOOTPRINT",
        "source_type": "agent_generated_design",
        "confidence": "medium",
        "geometry_role": "design_proposal",
        "building_type": "retail",
        "name_zh": "商业服务建筑(大钟寺商业服务街区)",
        "renewal_action": "改造/保留",
        "floor_count": 0,
        "height_m": null,
        "area_sqm_declared": 3850.0
      },
      "geometry": {
        "type": "Polygon",
        "coordinates": [
          [
            [
              116.3425448505689,
              39.94850653130639
            ],
            [
              116.34253881541603,
              39.94913692922012
            ],
            [
              116.34189526077918,
              39.949133277763295
            ],
            [
              116.3419013018385,
              39.94850287993065
            ],
            [
              116.3425448505689,
              39.94850653130639
            ]
          ]
        ]
      }
    },
    {
      "type": "Feature",
      "id": "BLDG-293",
      "properties": {
        "id": "BLDG-293",
        "layer": "BUILDING_FOOTPRINT",
        "source_type": "agent_generated_design",
        "confidence": "medium",
        "geometry_role": "design_proposal",
        "building_type": "retail",
        "name_zh": "商业服务建筑(大钟寺商业服务街区)",
        "renewal_action": "改造/保留",
        "floor_count": 0,
        "height_m": null,
        "area_sqm_declared": 3850.0
      },
      "geometry": {
        "type": "Polygon",
        "coordinates": [
          [
            [
              116.34392141566153,
              39.939147900886574
            ],
            [
              116.34391539513926,
              39.939778299995005
            ],
            [
              116.34327192800194,
              39.93977465688444
            ],
            [
              116.34327795442789,
              39.93914425785691
            ],
            [
              116.34392141566153,
              39.939147900886574
            ]
          ]
        ]
      }
    },
    {
      "type": "Feature",
      "id": "BLDG-294",
      "properties": {
        "id": "BLDG-294",
        "layer": "BUILDING_FOOTPRINT",
        "source_type": "agent_generated_design",
        "confidence": "medium",
        "geometry_role": "design_proposal",
        "building_type": "retail",
        "name_zh": "商业服务建筑(大钟寺商业服务街区)",
        "renewal_action": "改造/保留",
        "floor_count": 0,
        "height_m": null,
        "area_sqm_declared": 3850.0
      },
      "geometry": {
        "type": "Polygon",
        "coordinates": [
          [
            [
              116.34391023454073,
              39.940318642032615
            ],
            [
              116.34390421366633,
              39.94094904101195
            ],
            [
              116.34326073556447,
              39.940945397751136
            ],
            [
              116.3432667623429,
              39.9403149988527
            ],
            [
              116.34391023454073,
              39.940318642032615
            ]
          ]
        ]
      }
    },
    {
      "type": "Feature",
      "id": "BLDG-295",
      "properties": {
        "id": "BLDG-295",
        "layer": "BUILDING_FOOTPRINT",
        "source_type": "agent_generated_design",
        "confidence": "medium",
        "geometry_role": "design_proposal",
        "building_type": "retail",
        "name_zh": "商业服务建筑(大钟寺商业服务街区)",
        "renewal_action": "改造/保留",
        "floor_count": 0,
        "height_m": null,
        "area_sqm_declared": 3850.0
      },
      "geometry": {
        "type": "Polygon",
        "coordinates": [
          [
            [
              116.34389905276592,
              39.941489382938904
            ],
            [
              116.34389303153938,
              39.94211978178915
            ],
            [
              116.34324954247239,
              39.942116138378076
            ],
            [
              116.34325556960331,
              39.94148573960874
            ],
            [
              116.34389905276592,
              39.941489382938904
            ]
          ]
        ]
      }
    },
    {
      "type": "Feature",
      "id": "BLDG-296",
      "properties": {
        "id": "BLDG-296",
        "layer": "BUILDING_FOOTPRINT",
        "source_type": "agent_generated_design",
        "confidence": "medium",
        "geometry_role": "design_proposal",
        "building_type": "retail",
        "name_zh": "商业服务建筑(大钟寺商业服务街区)",
        "renewal_action": "改造/保留",
        "floor_count": 0,
        "height_m": null,
        "area_sqm_declared": 3850.0
      },
      "geometry": {
        "type": "Polygon",
        "coordinates": [
          [
            [
              116.34388787033716,
              39.94266012360547
            ],
            [
              116.34388184875844,
              39.9432905223266
            ],
            [
              116.34323834872563,
              39.943286878765264
            ],
            [
              116.34324437620909,
              39.94265648012504
            ],
            [
              116.34388787033716,
              39.94266012360547
            ]
          ]
        ]
      }
    },
    {
      "type": "Feature",
      "id": "BLDG-297",
      "properties": {
        "id": "BLDG-297",
        "layer": "BUILDING_FOOTPRINT",
        "source_type": "agent_generated_design",
        "confidence": "medium",
        "geometry_role": "design_proposal",
        "building_type": "retail",
        "name_zh": "商业服务建筑(大钟寺商业服务街区)",
        "renewal_action": "改造/保留",
        "floor_count": 0,
        "height_m": null,
        "area_sqm_declared": 3850.0
      },
      "geometry": {
        "type": "Polygon",
        "coordinates": [
          [
            [
              116.34387668725431,
              39.94383086403226
            ],
            [
              116.3438706653234,
              39.944461262624316
            ],
            [
              116.34322715432415,
              39.9444576189127
            ],
            [
              116.34323318216013,
              39.943827220401566
            ],
            [
              116.34387668725431,
              39.94383086403226
            ]
          ]
        ]
      }
    },
    {
      "type": "Feature",
      "id": "BLDG-298",
      "properties": {
        "id": "BLDG-298",
        "layer": "BUILDING_FOOTPRINT",
        "source_type": "agent_generated_design",
        "confidence": "medium",
        "geometry_role": "design_proposal",
        "building_type": "retail",
        "name_zh": "商业服务建筑(大钟寺商业服务街区)",
        "renewal_action": "改造/保留",
        "floor_count": 0,
        "height_m": null,
        "area_sqm_declared": 3850.0
      },
      "geometry": {
        "type": "Polygon",
        "coordinates": [
          [
            [
              116.34386550351738,
              39.945001604219314
            ],
            [
              116.34385948123423,
              39.94563200268228
            ],
            [
              116.34321595926792,
              39.94562835882039
            ],
            [
              116.34322198745649,
              39.94499796043836
            ],
            [
              116.34386550351738,
              39.945001604219314
            ]
          ]
        ]
      }
    },
    {
      "type": "Feature",
      "id": "BLDG-299",
      "properties": {
        "id": "BLDG-299",
        "layer": "BUILDING_FOOTPRINT",
        "source_type": "agent_generated_design",
        "confidence": "medium",
        "geometry_role": "design_proposal",
        "building_type": "retail",
        "name_zh": "商业服务建筑(大钟寺商业服务街区)",
        "renewal_action": "改造/保留",
        "floor_count": 0,
        "height_m": null,
        "area_sqm_declared": 3850.0
      },
      "geometry": {
        "type": "Polygon",
        "coordinates": [
          [
            [
              116.34385431912631,
              39.94617234416663
            ],
            [
              116.34384829649092,
              39.94680274250048
            ],
            [
              116.34320476355687,
              39.94679909848831
            ],
            [
              116.34321079209802,
              39.94616870023539
            ],
            [
              116.34385431912631,
              39.94617234416663
            ]
          ]
        ]
      }
    },
    {
      "type": "Feature",
      "id": "BLDG-300",
      "properties": {
        "id": "BLDG-300",
        "layer": "BUILDING_FOOTPRINT",
        "source_type": "agent_generated_design",
        "confidence": "medium",
        "geometry_role": "design_proposal",
        "building_type": "retail",
        "name_zh": "商业服务建筑(大钟寺商业服务街区)",
        "renewal_action": "改造/保留",
        "floor_count": 0,
        "height_m": null,
        "area_sqm_declared": 3850.0
      },
      "geometry": {
        "type": "Polygon",
        "coordinates": [
          [
            [
              116.34384313408106,
              39.94734308387418
            ],
            [
              116.3438371110934,
              39.94797348207893
            ],
            [
              116.34319356719098,
              39.94796983791649
            ],
            [
              116.34319959608477,
              39.94733943979264
            ],
            [
              116.34384313408106,
              39.94734308387418
            ]
          ]
        ]
      }
    },
    {
      "type": "Feature",
      "id": "BLDG-301",
      "properties": {
        "id": "BLDG-301",
        "layer": "BUILDING_FOOTPRINT",
        "source_type": "agent_generated_design",
        "confidence": "medium",
        "geometry_role": "design_proposal",
        "building_type": "retail",
        "name_zh": "商业服务建筑(大钟寺商业服务街区)",
        "renewal_action": "改造/保留",
        "floor_count": 0,
        "height_m": null,
        "area_sqm_declared": 3850.0
      },
      "geometry": {
        "type": "Polygon",
        "coordinates": [
          [
            [
              116.34383194838158,
              39.94851382334197
            ],
            [
              116.34382592504166,
              39.94914422141763
            ],
            [
              116.34318237017023,
              39.94914057710489
            ],
            [
              116.34318839941663,
              39.948510179110166
            ],
            [
              116.34383194838158,
              39.94851382334197
            ]
          ]
        ]
      }
    },
    {
      "type": "Feature",
      "id": "BLDG-302",
      "properties": {
        "id": "BLDG-302",
        "layer": "BUILDING_FOOTPRINT",
        "source_type": "agent_generated_design",
        "confidence": "medium",
        "geometry_role": "design_proposal",
        "building_type": "retail",
        "name_zh": "商业服务建筑(大钟寺商业服务街区)",
        "renewal_action": "改造/保留",
        "floor_count": 0,
        "height_m": null,
        "area_sqm_declared": 3850.0
      },
      "geometry": {
        "type": "Polygon",
        "coordinates": [
          [
            [
              116.34520833847982,
              39.939155176233534
            ],
            [
              116.345202329765,
              39.93978557550353
            ],
            [
              116.34455886239365,
              39.9397819395347
            ],
            [
              116.3445648770122,
              39.93915154034544
            ],
            [
              116.34520833847982,
              39.939155176233534
            ]
          ]
        ]
      }
    },
    {
      "type": "Feature",
      "id": "BLDG-303",
      "properties": {
        "id": "BLDG-303",
        "layer": "BUILDING_FOOTPRINT",
        "source_type": "agent_generated_design",
        "confidence": "medium",
        "geometry_role": "design_proposal",
        "building_type": "retail",
        "name_zh": "商业服务建筑(大钟寺商业服务街区)",
        "renewal_action": "改造/保留",
        "floor_count": 0,
        "height_m": null,
        "area_sqm_declared": 3850.0
      },
      "geometry": {
        "type": "Polygon",
        "coordinates": [
          [
            [
              116.34519717928737,
              39.94032591767963
            ],
            [
              116.3451911702211,
              39.94095631682055
            ],
            [
              116.34454769188525,
              39.94095268070175
            ],
            [
              116.34455370685558,
              39.94032228164159
            ],
            [
              116.34519717928737,
              39.94032591767963
            ]
          ]
        ]
      }
    },
    {
      "type": "Feature",
      "id": "BLDG-304",
      "properties": {
        "id": "BLDG-304",
        "layer": "BUILDING_FOOTPRINT",
        "source_type": "agent_generated_design",
        "confidence": "medium",
        "geometry_role": "design_proposal",
        "building_type": "retail",
        "name_zh": "商业服务建筑(大钟寺商业服务街区)",
        "renewal_action": "改造/保留",
        "floor_count": 0,
        "height_m": null,
        "area_sqm_declared": 3850.0
      },
      "geometry": {
        "type": "Polygon",
        "coordinates": [
          [
            [
              116.34518601944224,
              39.941496658885995
            ],
            [
              116.3451800100245,
              39.942127057897814
            ],
            [
              116.34453652072348,
              39.94212342162907
            ],
            [
              116.34454253604561,
              39.94149302269799
            ],
            [
              116.34518601944224,
              39.941496658885995
            ]
          ]
        ]
      }
    },
    {
      "type": "Feature",
      "id": "BLDG-305",
      "properties": {
        "id": "BLDG-305",
        "layer": "BUILDING_FOOTPRINT",
        "source_type": "agent_generated_design",
        "confidence": "medium",
        "geometry_role": "design_proposal",
        "building_type": "retail",
        "name_zh": "商业服务建筑(大钟寺商业服务街区)",
        "renewal_action": "改造/保留",
        "floor_count": 0,
        "height_m": null,
        "area_sqm_declared": 3850.0
      },
      "geometry": {
        "type": "Polygon",
        "coordinates": [
          [
            [
              116.34517485894438,
              39.94266739985263
            ],
            [
              116.34516884917517,
              39.94329779873536
            ],
            [
              116.34452534890832,
              39.94329416231664
            ],
            [
              116.3445313645823,
              39.94266376351466
            ],
            [
              116.34517485894438,
              39.94266739985263
            ]
          ]
        ]
      }
    },
    {
      "type": "Feature",
      "id": "BLDG-306",
      "properties": {
        "id": "BLDG-306",
        "layer": "BUILDING_FOOTPRINT",
        "source_type": "agent_generated_design",
        "confidence": "medium",
        "geometry_role": "design_proposal",
        "building_type": "retail",
        "name_zh": "商业服务建筑(大钟寺商业服务街区)",
        "renewal_action": "改造/保留",
        "floor_count": 0,
        "height_m": null,
        "area_sqm_declared": 3850.0
      },
      "geometry": {
        "type": "Polygon",
        "coordinates": [
          [
            [
              116.34516369779375,
              39.943838140579516
            ],
            [
              116.34515768767302,
              39.944468539333165
            ],
            [
              116.34451417643972,
              39.944464902764466
            ],
            [
              116.34452019246554,
              39.94383450409158
            ],
            [
              116.34516369779375,
              39.943838140579516
            ]
          ]
        ]
      }
    },
    {
      "type": "Feature",
      "id": "BLDG-307",
      "properties": {
        "id": "BLDG-307",
        "layer": "BUILDING_FOOTPRINT",
        "source_type": "agent_generated_design",
        "confidence": "medium",
        "geometry_role": "design_proposal",
        "building_type": "retail",
        "name_zh": "商业服务建筑(大钟寺商业服务街区)",
        "renewal_action": "改造/保留",
        "floor_count": 0,
        "height_m": null,
        "area_sqm_declared": 3850.0
      },
      "geometry": {
        "type": "Polygon",
        "coordinates": [
          [
            [
              116.34515253599031,
              39.94500888106668
            ],
            [
              116.34514652551805,
              39.94563927969123
            ],
            [
              116.34450300331766,
              39.945635642972555
            ],
            [
              116.34450901969535,
              39.945005244428756
            ],
            [
              116.34515253599031,
              39.94500888106668
            ]
          ]
        ]
      }
    },
    {
      "type": "Feature",
      "id": "BLDG-308",
      "properties": {
        "id": "BLDG-308",
        "layer": "BUILDING_FOOTPRINT",
        "source_type": "agent_generated_design",
        "confidence": "medium",
        "geometry_role": "design_proposal",
        "building_type": "retail",
        "name_zh": "商业服务建筑(大钟寺商业服务街区)",
        "renewal_action": "改造/保留",
        "floor_count": 0,
        "height_m": null,
        "area_sqm_declared": 3850.0
      },
      "geometry": {
        "type": "Polygon",
        "coordinates": [
          [
            [
              116.34514137353402,
              39.94617962131408
            ],
            [
              116.34513536271021,
              39.94681001980955
            ],
            [
              116.34449182954208,
              39.94680638294089
            ],
            [
              116.34449784627166,
              39.946175984526185
            ],
            [
              116.34514137353402,
              39.94617962131408
            ]
          ]
        ]
      }
    },
    {
      "type": "Feature",
      "id": "BLDG-309",
      "properties": {
        "id": "BLDG-309",
        "layer": "BUILDING_FOOTPRINT",
        "source_type": "agent_generated_design",
        "confidence": "medium",
        "geometry_role": "design_proposal",
        "building_type": "retail",
        "name_zh": "商业服务建筑(大钟寺商业服务街区)",
        "renewal_action": "改造/保留",
        "floor_count": 0,
        "height_m": null,
        "area_sqm_declared": 3850.0
      },
      "geometry": {
        "type": "Polygon",
        "coordinates": [
          [
            [
              116.34513021042483,
              39.94735036132175
            ],
            [
              116.34512419924945,
              39.94798075968813
            ],
            [
              116.34448065511293,
              39.94797712266947
            ],
            [
              116.34448667219445,
              39.94734672438388
            ],
            [
              116.34513021042483,
              39.94735036132175
            ]
          ]
        ]
      }
    },
    {
      "type": "Feature",
      "id": "BLDG-310",
      "properties": {
        "id": "BLDG-310",
        "layer": "BUILDING_FOOTPRINT",
        "source_type": "agent_generated_design",
        "confidence": "medium",
        "geometry_role": "design_proposal",
        "building_type": "retail",
        "name_zh": "商业服务建筑(大钟寺商业服务街区)",
        "renewal_action": "改造/保留",
        "floor_count": 0,
        "height_m": null,
        "area_sqm_declared": 3850.0
      },
      "geometry": {
        "type": "Polygon",
        "coordinates": [
          [
            [
              116.3451190466627,
              39.94852110108969
            ],
            [
              116.34511303513572,
              39.94915149932696
            ],
            [
              116.34446948003018,
              39.94914786215832
            ],
            [
              116.34447549746366,
              39.94851746400181
            ],
            [
              116.3451190466627,
              39.94852110108969
            ]
          ]
        ]
      }
    },
    {
      "type": "Feature",
      "id": "BLDG-311",
      "properties": {
        "id": "BLDG-311",
        "layer": "BUILDING_FOOTPRINT",
        "source_type": "agent_generated_design",
        "confidence": "medium",
        "geometry_role": "design_proposal",
        "building_type": "residential",
        "name_zh": "人才居住建筑(南部人才居住社区)",
        "renewal_action": "保留",
        "floor_count": 0,
        "height_m": null,
        "area_sqm_declared": 3850.0
      },
      "geometry": {
        "type": "Polygon",
        "coordinates": [
          [
            [
              116.34107982955368,
              39.950466435914905
            ],
            [
              116.34107378053349,
              39.95109683342927
            ],
            [
              116.34043020771949,
              39.9510931736919
            ],
            [
              116.3404362626467,
              39.950462776258796
            ],
            [
              116.34107982955368,
              39.950466435914905
            ]
          ]
        ]
      }
    },
    {
      "type": "Feature",
      "id": "BLDG-312",
      "properties": {
        "id": "BLDG-312",
        "layer": "BUILDING_FOOTPRINT",
        "source_type": "agent_generated_design",
        "confidence": "medium",
        "geometry_role": "design_proposal",
        "building_type": "residential",
        "name_zh": "人才居住建筑(南部人才居住社区)",
        "renewal_action": "保留",
        "floor_count": 0,
        "height_m": null,
        "area_sqm_declared": 3850.0
      },
      "geometry": {
        "type": "Polygon",
        "coordinates": [
          [
            [
              116.34106859550741,
              39.951637174100526
            ],
            [
              116.34106254613339,
              39.95226757148579
            ],
            [
              116.34041896234869,
              39.95226391159749
            ],
            [
              116.34042501763008,
              39.95163351429349
            ],
            [
              116.34106859550741,
              39.951637174100526
            ]
          ]
        ]
      }
    },
    {
      "type": "Feature",
      "id": "BLDG-313",
      "properties": {
        "id": "BLDG-313",
        "layer": "BUILDING_FOOTPRINT",
        "source_type": "agent_generated_design",
        "confidence": "medium",
        "geometry_role": "design_proposal",
        "building_type": "residential",
        "name_zh": "人才居住建筑(南部人才居住社区)",
        "renewal_action": "保留",
        "floor_count": 0,
        "height_m": null,
        "area_sqm_declared": 3850.0
      },
      "geometry": {
        "type": "Polygon",
        "coordinates": [
          [
            [
              116.34105736080403,
              39.95280791204639
            ],
            [
              116.34105131107619,
              39.95343830930252
            ],
            [
              116.34040771632014,
              39.95343464926329
            ],
            [
              116.34041377195571,
              39.95280425208843
            ],
            [
              116.34105736080403,
              39.95280791204639
            ]
          ]
        ]
      }
    },
    {
      "type": "Feature",
      "id": "BLDG-314",
      "properties": {
        "id": "BLDG-314",
        "layer": "BUILDING_FOOTPRINT",
        "source_type": "agent_generated_design",
        "confidence": "medium",
        "geometry_role": "design_proposal",
        "building_type": "residential",
        "name_zh": "人才居住建筑(南部人才居住社区)",
        "renewal_action": "保留",
        "floor_count": 0,
        "height_m": null,
        "area_sqm_declared": 3850.0
      },
      "geometry": {
        "type": "Polygon",
        "coordinates": [
          [
            [
              116.3410461254435,
              39.95397864975244
            ],
            [
              116.34104007536178,
              39.95460904687947
            ],
            [
              116.34039646963376,
              39.9546053866893
            ],
            [
              116.34040252562356,
              39.953974989643555
            ],
            [
              116.3410461254435,
              39.95397864975244
            ]
          ]
        ]
      }
    },
    {
      "type": "Feature",
      "id": "BLDG-315",
      "properties": {
        "id": "BLDG-315",
        "layer": "BUILDING_FOOTPRINT",
        "source_type": "agent_generated_design",
        "confidence": "medium",
        "geometry_role": "design_proposal",
        "building_type": "residential",
        "name_zh": "人才居住建筑(南部人才居住社区)",
        "renewal_action": "保留",
        "floor_count": 0,
        "height_m": null,
        "area_sqm_declared": 3850.0
      },
      "geometry": {
        "type": "Polygon",
        "coordinates": [
          [
            [
              116.34103488942579,
              39.955149387218725
            ],
            [
              116.34102883899018,
              39.95577978421664
            ],
            [
              116.34038522228954,
              39.955776123875516
            ],
            [
              116.34039127863358,
              39.9551457269589
            ],
            [
              116.34103488942579,
              39.955149387218725
            ]
          ]
        ]
      }
    },
    {
      "type": "Feature",
      "id": "BLDG-316",
      "properties": {
        "id": "BLDG-316",
        "layer": "BUILDING_FOOTPRINT",
        "source_type": "agent_generated_design",
        "confidence": "medium",
        "geometry_role": "design_proposal",
        "building_type": "residential",
        "name_zh": "人才居住建筑(南部人才居住社区)",
        "renewal_action": "保留",
        "floor_count": 0,
        "height_m": null,
        "area_sqm_declared": 3850.0
      },
      "geometry": {
        "type": "Polygon",
        "coordinates": [
          [
            [
              116.34102365275085,
              39.956320124445206
            ],
            [
              116.34101760196131,
              39.956950521314
            ],
            [
              116.34037397428742,
              39.95694686082193
            ],
            [
              116.34038003098571,
              39.95631646403443
            ],
            [
              116.34102365275085,
              39.956320124445206
            ]
          ]
        ]
      }
    },
    {
      "type": "Feature",
      "id": "BLDG-317",
      "properties": {
        "id": "BLDG-317",
        "layer": "BUILDING_FOOTPRINT",
        "source_type": "agent_generated_design",
        "confidence": "medium",
        "geometry_role": "design_proposal",
        "building_type": "residential",
        "name_zh": "人才居住建筑(南部人才居住社区)",
        "renewal_action": "保留",
        "floor_count": 0,
        "height_m": null,
        "area_sqm_declared": 3850.0
      },
      "geometry": {
        "type": "Polygon",
        "coordinates": [
          [
            [
              116.34101241541863,
              39.957490861431914
            ],
            [
              116.34100636427516,
              39.95812125817158
            ],
            [
              116.34036272562736,
              39.95811759752857
            ],
            [
              116.34036878267992,
              39.95748720087018
            ],
            [
              116.34101241541863,
              39.957490861431914
            ]
          ]
        ]
      }
    },
    {
      "type": "Feature",
      "id": "BLDG-318",
      "properties": {
        "id": "BLDG-318",
        "layer": "BUILDING_FOOTPRINT",
        "source_type": "agent_generated_design",
        "confidence": "medium",
        "geometry_role": "design_proposal",
        "building_type": "residential",
        "name_zh": "人才居住建筑(南部人才居住社区)",
        "renewal_action": "保留",
        "floor_count": 0,
        "height_m": null,
        "area_sqm_declared": 3850.0
      },
      "geometry": {
        "type": "Polygon",
        "coordinates": [
          [
            [
              116.34236696372034,
              39.95047374451048
            ],
            [
              116.34236092651423,
              39.95110414218715
            ],
            [
              116.3417173534651,
              39.95110048959435
            ],
            [
              116.34172339657826,
              39.95047009199881
            ],
            [
              116.34236696372034,
              39.95047374451048
            ]
          ]
        ]
      }
    },
    {
      "type": "Feature",
      "id": "BLDG-319",
      "properties": {
        "id": "BLDG-319",
        "layer": "BUILDING_FOOTPRINT",
        "source_type": "agent_generated_design",
        "confidence": "medium",
        "geometry_role": "design_proposal",
        "building_type": "residential",
        "name_zh": "人才居住建筑(南部人才居住社区)",
        "renewal_action": "保留",
        "floor_count": 0,
        "height_m": null,
        "area_sqm_declared": 3850.0
      },
      "geometry": {
        "type": "Polygon",
        "coordinates": [
          [
            [
              116.34235575161478,
              39.95164448299753
            ],
            [
              116.34234971405553,
              39.95227488054508
            ],
            [
              116.34170613003572,
              39.95227122780166
            ],
            [
              116.34171217350236,
              39.9516408303352
            ],
            [
              116.34235575161478,
              39.95164448299753
            ]
          ]
        ]
      }
    },
    {
      "type": "Feature",
      "id": "BLDG-320",
      "properties": {
        "id": "BLDG-320",
        "layer": "BUILDING_FOOTPRINT",
        "source_type": "agent_generated_design",
        "confidence": "medium",
        "geometry_role": "design_proposal",
        "building_type": "residential",
        "name_zh": "人才居住建筑(南部人才居住社区)",
        "renewal_action": "保留",
        "floor_count": 0,
        "height_m": null,
        "area_sqm_declared": 3850.0
      },
      "geometry": {
        "type": "Polygon",
        "coordinates": [
          [
            [
              116.34234453885341,
              39.95281522124479
            ],
            [
              116.34233850094103,
              39.95344561866323
            ],
            [
              116.34169490594982,
              39.95344196576917
            ],
            [
              116.34170094976996,
              39.952811568431834
            ],
            [
              116.34234453885341,
              39.95281522124479
            ]
          ]
        ]
      }
    },
    {
      "type": "Feature",
      "id": "BLDG-321",
      "properties": {
        "id": "BLDG-321",
        "layer": "BUILDING_FOOTPRINT",
        "source_type": "agent_generated_design",
        "confidence": "medium",
        "geometry_role": "design_proposal",
        "building_type": "residential",
        "name_zh": "人才居住建筑(南部人才居住社区)",
        "renewal_action": "保留",
        "floor_count": 0,
        "height_m": null,
        "area_sqm_declared": 3850.0
      },
      "geometry": {
        "type": "Polygon",
        "coordinates": [
          [
            [
              116.34233332543616,
              39.95398595925228
            ],
            [
              116.3423272871706,
              39.954616356541614
            ],
            [
              116.34168368120744,
              39.95461270349691
            ],
            [
              116.34168972538107,
              39.95398230628869
            ],
            [
              116.34233332543616,
              39.95398595925228
            ]
          ]
        ]
      }
    },
    {
      "type": "Feature",
      "id": "BLDG-322",
      "properties": {
        "id": "BLDG-322",
        "layer": "BUILDING_FOOTPRINT",
        "source_type": "agent_generated_design",
        "confidence": "medium",
        "geometry_role": "design_proposal",
        "building_type": "residential",
        "name_zh": "人才居住建筑(南部人才居住社区)",
        "renewal_action": "保留",
        "floor_count": 0,
        "height_m": null,
        "area_sqm_declared": 3850.0
      },
      "geometry": {
        "type": "Polygon",
        "coordinates": [
          [
            [
              116.34232211136303,
              39.95515669702
            ],
            [
              116.34231607274425,
              39.955787094180224
            ],
            [
              116.34167245580846,
              39.95578344098487
            ],
            [
              116.34167850033563,
              39.95515304390577
            ],
            [
              116.34232211136303,
              39.95515669702
            ]
          ]
        ]
      }
    },
    {
      "type": "Feature",
      "id": "BLDG-323",
      "properties": {
        "id": "BLDG-323",
        "layer": "BUILDING_FOOTPRINT",
        "source_type": "agent_generated_design",
        "confidence": "medium",
        "geometry_role": "design_proposal",
        "building_type": "residential",
        "name_zh": "人才居住建筑(南部人才居住社区)",
        "renewal_action": "保留",
        "floor_count": 0,
        "height_m": null,
        "area_sqm_declared": 3850.0
      },
      "geometry": {
        "type": "Polygon",
        "coordinates": [
          [
            [
              116.34231089663392,
              39.95632743454794
            ],
            [
              116.34230485766196,
              39.95695783157905
            ],
            [
              116.34166122975286,
              39.956954178233026
            ],
            [
              116.34166727463361,
              39.95632378128305
            ],
            [
              116.34231089663392,
              39.95632743454794
            ]
          ]
        ]
      }
    },
    {
      "type": "Feature",
      "id": "BLDG-324",
      "properties": {
        "id": "BLDG-324",
        "layer": "BUILDING_FOOTPRINT",
        "source_type": "agent_generated_design",
        "confidence": "medium",
        "geometry_role": "design_proposal",
        "building_type": "residential",
        "name_zh": "人才居住建筑(南部人才居住社区)",
        "renewal_action": "保留",
        "floor_count": 0,
        "height_m": null,
        "area_sqm_declared": 3850.0
      },
      "geometry": {
        "type": "Polygon",
        "coordinates": [
          [
            [
              116.34229968124886,
              39.95749817183609
            ],
            [
              116.34229364192362,
              39.95812856873809
            ],
            [
              116.34165000304061,
              39.95812491524141
            ],
            [
              116.34165604827497,
              39.957494518420546
            ],
            [
              116.34229968124886,
              39.95749817183609
            ]
          ]
        ]
      }
    },
    {
      "type": "Feature",
      "id": "BLDG-325",
      "properties": {
        "id": "BLDG-325",
        "layer": "BUILDING_FOOTPRINT",
        "source_type": "agent_generated_design",
        "confidence": "medium",
        "geometry_role": "design_proposal",
        "building_type": "residential",
        "name_zh": "人才居住建筑(南部人才居住社区)",
        "renewal_action": "保留",
        "floor_count": 0,
        "height_m": null,
        "area_sqm_declared": 3850.0
      },
      "geometry": {
        "type": "Polygon",
        "coordinates": [
          [
            [
              116.34365409835652,
              39.950481038817216
            ],
            [
              116.34364807296451,
              39.95111143665586
            ],
            [
              116.34300449968072,
              39.95110779120765
            ],
            [
              116.3430105309798,
              39.95047739344996
            ],
            [
              116.34365409835652,
              39.950481038817216
            ]
          ]
        ]
      }
    },
    {
      "type": "Feature",
      "id": "BLDG-326",
      "properties": {
        "id": "BLDG-326",
        "layer": "BUILDING_FOOTPRINT",
        "source_type": "agent_generated_design",
        "confidence": "medium",
        "geometry_role": "design_proposal",
        "building_type": "residential",
        "name_zh": "人才居住建筑(南部人才居住社区)",
        "renewal_action": "保留",
        "floor_count": 0,
        "height_m": null,
        "area_sqm_declared": 3850.0
      },
      "geometry": {
        "type": "Polygon",
        "coordinates": [
          [
            [
              116.34364290819173,
              39.951651777605086
            ],
            [
              116.34363688244726,
              39.95228217531462
            ],
            [
              116.34299329819277,
              39.95227852971607
            ],
            [
              116.34299932984463,
              39.95164813208748
            ],
            [
              116.34364290819173,
              39.951651777605086
            ]
          ]
        ]
      }
    },
    {
      "type": "Feature",
      "id": "BLDG-327",
      "properties": {
        "id": "BLDG-327",
        "layer": "BUILDING_FOOTPRINT",
        "source_type": "agent_generated_design",
        "confidence": "medium",
        "geometry_role": "design_proposal",
        "building_type": "residential",
        "name_zh": "人才居住建筑(南部人才居住社区)",
        "renewal_action": "保留",
        "floor_count": 0,
        "height_m": null,
        "area_sqm_declared": 3850.0
      },
      "geometry": {
        "type": "Polygon",
        "coordinates": [
          [
            [
              116.34363171737238,
              39.95282251615318
            ],
            [
              116.34362569127546,
              39.95345291373361
            ],
            [
              116.3429820960496,
              39.953449267984716
            ],
            [
              116.34298812805427,
              39.95281887048523
            ],
            [
              116.34363171737238,
              39.95282251615318
            ]
          ]
        ]
      }
    },
    {
      "type": "Feature",
      "id": "BLDG-328",
      "properties": {
        "id": "BLDG-328",
        "layer": "BUILDING_FOOTPRINT",
        "source_type": "agent_generated_design",
        "confidence": "medium",
        "geometry_role": "design_proposal",
        "building_type": "residential",
        "name_zh": "人才居住建筑(南部人才居住社区)",
        "renewal_action": "保留",
        "floor_count": 0,
        "height_m": null,
        "area_sqm_declared": 3850.0
      },
      "geometry": {
        "type": "Polygon",
        "coordinates": [
          [
            [
              116.34362052589846,
              39.95399325446151
            ],
            [
              116.34361449944905,
              39.954623651912826
            ],
            [
              116.34297089325118,
              39.954620006013585
            ],
            [
              116.34297692560867,
              39.95398960864322
            ],
            [
              116.34362052589846,
              39.95399325446151
            ]
          ]
        ]
      }
    },
    {
      "type": "Feature",
      "id": "BLDG-329",
      "properties": {
        "id": "BLDG-329",
        "layer": "BUILDING_FOOTPRINT",
        "source_type": "agent_generated_design",
        "confidence": "medium",
        "geometry_role": "design_proposal",
        "building_type": "residential",
        "name_zh": "人才居住建筑(南部人才居住社区)",
        "renewal_action": "保留",
        "floor_count": 0,
        "height_m": null,
        "area_sqm_declared": 3850.0
      },
      "geometry": {
        "type": "Polygon",
        "coordinates": [
          [
            [
              116.34360933376992,
              39.955163992530075
            ],
            [
              116.34360330696799,
              39.955794389852294
            ],
            [
              116.34295968979748,
              39.95579074380269
            ],
            [
              116.34296572250781,
              39.955160346561435
            ],
            [
              116.34360933376992,
              39.955163992530075
            ]
          ]
        ]
      }
    },
    {
      "type": "Feature",
      "id": "BLDG-330",
      "properties": {
        "id": "BLDG-330",
        "layer": "BUILDING_FOOTPRINT",
        "source_type": "agent_generated_design",
        "confidence": "medium",
        "geometry_role": "design_proposal",
        "building_type": "residential",
        "name_zh": "人才居住建筑(南部人才居住社区)",
        "renewal_action": "保留",
        "floor_count": 0,
        "height_m": null,
        "area_sqm_declared": 3850.0
      },
      "geometry": {
        "type": "Polygon",
        "coordinates": [
          [
            [
              116.3435981409867,
              39.956334730358876
            ],
            [
              116.34359211383224,
              39.95696512755198
            ],
            [
              116.34294848568845,
              39.956961481352025
            ],
            [
              116.34295451875167,
              39.95633108423987
            ],
            [
              116.3435981409867,
              39.956334730358876
            ]
          ]
        ]
      }
    },
    {
      "type": "Feature",
      "id": "BLDG-331",
      "properties": {
        "id": "BLDG-331",
        "layer": "BUILDING_FOOTPRINT",
        "source_type": "agent_generated_design",
        "confidence": "medium",
        "geometry_role": "design_proposal",
        "building_type": "residential",
        "name_zh": "人才居住建筑(南部人才居住社区)",
        "renewal_action": "保留",
        "floor_count": 0,
        "height_m": null,
        "area_sqm_declared": 3850.0
      },
      "geometry": {
        "type": "Polygon",
        "coordinates": [
          [
            [
              116.34358694754879,
              39.9575054679479
            ],
            [
              116.34358092004177,
              39.958135865011904
            ],
            [
              116.34293728092405,
              39.95813221866159
            ],
            [
              116.34294331434018,
              39.95750182167854
            ],
            [
              116.34358694754879,
              39.9575054679479
            ]
          ]
        ]
      }
    },
    {
      "type": "Feature",
      "id": "BLDG-332",
      "properties": {
        "id": "BLDG-332",
        "layer": "BUILDING_FOOTPRINT",
        "source_type": "agent_generated_design",
        "confidence": "medium",
        "geometry_role": "design_proposal",
        "building_type": "residential",
        "name_zh": "人才居住建筑(南部人才居住社区)",
        "renewal_action": "保留",
        "floor_count": 0,
        "height_m": null,
        "area_sqm_declared": 3850.0
      },
      "geometry": {
        "type": "Polygon",
        "coordinates": [
          [
            [
              116.34494123346133,
              39.9504883188351
            ],
            [
              116.34493521988341,
              39.9511187168354
            ],
            [
              116.34429164636543,
              39.95111507853178
            ],
            [
              116.3442976658504,
              39.95048468061226
            ],
            [
              116.34494123346133,
              39.9504883188351
            ]
          ]
        ]
      }
    },
    {
      "type": "Feature",
      "id": "BLDG-333",
      "properties": {
        "id": "BLDG-333",
        "layer": "BUILDING_FOOTPRINT",
        "source_type": "agent_generated_design",
        "confidence": "medium",
        "geometry_role": "design_proposal",
        "building_type": "residential",
        "name_zh": "人才居住建筑(南部人才居住社区)",
        "renewal_action": "保留",
        "floor_count": 0,
        "height_m": null,
        "area_sqm_declared": 3850.0
      },
      "geometry": {
        "type": "Polygon",
        "coordinates": [
          [
            [
              116.34493006523729,
              39.95165905792319
            ],
            [
              116.34492405130763,
              39.952289455794386
            ],
            [
              116.34428046681893,
              39.95228581734073
            ],
            [
              116.344286486656,
              39.95165541955031
            ],
            [
              116.34493006523729,
              39.95165905792319
            ]
          ]
        ]
      }
    },
    {
      "type": "Feature",
      "id": "BLDG-334",
      "properties": {
        "id": "BLDG-334",
        "layer": "BUILDING_FOOTPRINT",
        "source_type": "agent_generated_design",
        "confidence": "medium",
        "geometry_role": "design_proposal",
        "building_type": "residential",
        "name_zh": "人才居住建筑(南部人才居住社区)",
        "renewal_action": "保留",
        "floor_count": 0,
        "height_m": null,
        "area_sqm_declared": 3850.0
      },
      "geometry": {
        "type": "Polygon",
        "coordinates": [
          [
            [
              116.34491889636003,
              39.952829796771525
            ],
            [
              116.34491288207857,
              39.95346019451363
            ],
            [
              116.34426928661848,
              39.953456555909916
            ],
            [
              116.34427530680767,
              39.9528261582486
            ],
            [
              116.34491889636003,
              39.952829796771525
            ]
          ]
        ]
      }
    },
    {
      "type": "Feature",
      "id": "BLDG-335",
      "properties": {
        "id": "BLDG-335",
        "layer": "BUILDING_FOOTPRINT",
        "source_type": "agent_generated_design",
        "confidence": "medium",
        "geometry_role": "design_proposal",
        "building_type": "residential",
        "name_zh": "人才居住建筑(南部人才居住社区)",
        "renewal_action": "保留",
        "floor_count": 0,
        "height_m": null,
        "area_sqm_declared": 3850.0
      },
      "geometry": {
        "type": "Polygon",
        "coordinates": [
          [
            [
              116.34490772682945,
              39.954000535380096
            ],
            [
              116.34490171219619,
              39.95463093299311
            ],
            [
              116.34425810576408,
              39.95462729423934
            ],
            [
              116.34426412630543,
              39.95399689670713
            ],
            [
              116.34490772682945,
              39.954000535380096
            ]
          ]
        ]
      }
    },
    {
      "type": "Feature",
      "id": "BLDG-336",
      "properties": {
        "id": "BLDG-336",
        "layer": "BUILDING_FOOTPRINT",
        "source_type": "agent_generated_design",
        "confidence": "medium",
        "geometry_role": "design_proposal",
        "building_type": "residential",
        "name_zh": "人才居住建筑(南部人才居住社区)",
        "renewal_action": "保留",
        "floor_count": 0,
        "height_m": null,
        "area_sqm_declared": 3850.0
      },
      "geometry": {
        "type": "Polygon",
        "coordinates": [
          [
            [
              116.34489655664552,
              39.95517127374893
            ],
            [
              116.34489054166049,
              39.95580167123283
            ],
            [
              116.34424692425569,
              39.95579803232901
            ],
            [
              116.34425294514918,
              39.95516763492591
            ],
            [
              116.34489655664552,
              39.95517127374893
            ]
          ]
        ]
      }
    },
    {
      "type": "Feature",
      "id": "BLDG-337",
      "properties": {
        "id": "BLDG-337",
        "layer": "BUILDING_FOOTPRINT",
        "source_type": "agent_generated_design",
        "confidence": "medium",
        "geometry_role": "design_proposal",
        "building_type": "residential",
        "name_zh": "人才居住建筑(南部人才居住社区)",
        "renewal_action": "保留",
        "floor_count": 0,
        "height_m": null,
        "area_sqm_declared": 3850.0
      },
      "geometry": {
        "type": "Polygon",
        "coordinates": [
          [
            [
              116.34488538580823,
              39.956342011878
            ],
            [
              116.34487937047133,
              39.956972409232804
            ],
            [
              116.34423574209328,
              39.95696877017891
            ],
            [
              116.34424176333891,
              39.9563383729049
            ],
            [
              116.34488538580823,
              39.956342011878
            ]
          ]
        ]
      }
    },
    {
      "type": "Feature",
      "id": "BLDG-338",
      "properties": {
        "id": "BLDG-338",
        "layer": "BUILDING_FOOTPRINT",
        "source_type": "agent_generated_design",
        "confidence": "medium",
        "geometry_role": "design_proposal",
        "building_type": "residential",
        "name_zh": "人才居住建筑(南部人才居住社区)",
        "renewal_action": "保留",
        "floor_count": 0,
        "height_m": null,
        "area_sqm_declared": 3850.0
      },
      "geometry": {
        "type": "Polygon",
        "coordinates": [
          [
            [
              116.3448742143175,
              39.95751274976731
            ],
            [
              116.34486819862875,
              39.95814314699301
            ],
            [
              116.34422455927673,
              39.95813950778905
            ],
            [
              116.3442305808746,
              39.95750911064415
            ],
            [
              116.3448742143175,
              39.95751274976731
            ]
          ]
        ]
      }
    },
    {
      "type": "Feature",
      "id": "BLDG-339",
      "properties": {
        "id": "BLDG-339",
        "layer": "BUILDING_FOOTPRINT",
        "source_type": "agent_generated_design",
        "confidence": "medium",
        "geometry_role": "design_proposal",
        "building_type": "education",
        "name_zh": "教育科研建筑(高校成果转化教育基地)",
        "renewal_action": "保留/改造",
        "floor_count": 0,
        "height_m": null,
        "area_sqm_declared": 3850.0
      },
      "geometry": {
        "type": "Polygon",
        "coordinates": [
          [
            [
              116.34107795039999,
              39.98330554311834
            ],
            [
              116.34107189432747,
              39.983935937050475
            ],
            [
              116.34042801350141,
              39.98393227481905
            ],
            [
              116.34043407549065,
              39.98330188096823
            ],
            [
              116.34107795039999,
              39.98330554311834
            ]
          ]
        ]
      }
    },
    {
      "type": "Feature",
      "id": "BLDG-340",
      "properties": {
        "id": "BLDG-340",
        "layer": "BUILDING_FOOTPRINT",
        "source_type": "agent_generated_design",
        "confidence": "medium",
        "geometry_role": "design_proposal",
        "building_type": "education",
        "name_zh": "教育科研建筑(高校成果转化教育基地)",
        "renewal_action": "保留/改造",
        "floor_count": 0,
        "height_m": null,
        "area_sqm_declared": 3850.0
      },
      "geometry": {
        "type": "Polygon",
        "coordinates": [
          [
            [
              116.34106670325635,
              39.984476274651236
            ],
            [
              116.34106064682952,
              39.98510666845422
            ],
            [
              116.34041675501473,
              39.985103006071796
            ],
            [
              116.34042281735864,
              39.98447261235012
            ],
            [
              116.34106670325635,
              39.984476274651236
            ]
          ]
        ]
      }
    },
    {
      "type": "Feature",
      "id": "BLDG-341",
      "properties": {
        "id": "BLDG-341",
        "layer": "BUILDING_FOOTPRINT",
        "source_type": "agent_generated_design",
        "confidence": "medium",
        "geometry_role": "design_proposal",
        "building_type": "education",
        "name_zh": "教育科研建筑(高校成果转化教育基地)",
        "renewal_action": "保留/改造",
        "floor_count": 0,
        "height_m": null,
        "area_sqm_declared": 3850.0
      },
      "geometry": {
        "type": "Polygon",
        "coordinates": [
          [
            [
              116.34236570057188,
              39.98331285668955
            ],
            [
              116.34235965633283,
              39.983943250784066
            ],
            [
              116.34171577527133,
              39.98393959570548
            ],
            [
              116.34172182542711,
              39.98330920169213
            ],
            [
              116.34236570057188,
              39.98331285668955
            ]
          ]
        ]
      }
    },
    {
      "type": "Feature",
      "id": "BLDG-342",
      "properties": {
        "id": "BLDG-342",
        "layer": "BUILDING_FOOTPRINT",
        "source_type": "agent_generated_design",
        "confidence": "medium",
        "geometry_role": "design_proposal",
        "building_type": "education",
        "name_zh": "教育科研建筑(高校成果转化教育基地)",
        "renewal_action": "保留/改造",
        "floor_count": 0,
        "height_m": null,
        "area_sqm_declared": 3850.0
      },
      "geometry": {
        "type": "Polygon",
        "coordinates": [
          [
            [
              116.34235447540497,
              39.984483588524
            ],
            [
              116.34234843081232,
              39.98511398248936
            ],
            [
              116.34170453876209,
              39.98511032726007
            ],
            [
              116.34171058927183,
              39.984479933375866
            ],
            [
              116.34235447540497,
              39.984483588524
            ]
          ]
        ]
      }
    },
    {
      "type": "Feature",
      "id": "BLDG-343",
      "properties": {
        "id": "BLDG-343",
        "layer": "BUILDING_FOOTPRINT",
        "source_type": "agent_generated_design",
        "confidence": "medium",
        "geometry_role": "design_proposal",
        "building_type": "education",
        "name_zh": "教育科研建筑(高校成果转化教育基地)",
        "renewal_action": "保留/改造",
        "floor_count": 0,
        "height_m": null,
        "area_sqm_declared": 3850.0
      },
      "geometry": {
        "type": "Polygon",
        "coordinates": [
          [
            [
              116.34234324958135,
              39.98565432011861
            ],
            [
              116.34233720463507,
              39.98628471395484
            ],
            [
              116.34169330159548,
              39.98628105857485
            ],
            [
              116.34169935245919,
              39.98565066481977
            ],
            [
              116.34234324958135,
              39.98565432011861
            ]
          ]
        ]
      }
    },
    {
      "type": "Feature",
      "id": "BLDG-344",
      "properties": {
        "id": "BLDG-344",
        "layer": "BUILDING_FOOTPRINT",
        "source_type": "agent_generated_design",
        "confidence": "medium",
        "geometry_role": "design_proposal",
        "building_type": "education",
        "name_zh": "教育科研建筑(高校成果转化教育基地)",
        "renewal_action": "保留/改造",
        "floor_count": 0,
        "height_m": null,
        "area_sqm_declared": 3850.0
      },
      "geometry": {
        "type": "Polygon",
        "coordinates": [
          [
            [
              116.34233202310101,
              39.9868250514734
            ],
            [
              116.34232597780105,
              39.987455445180494
            ],
            [
              116.34168206377144,
              39.98745178964978
            ],
            [
              116.34168811498917,
              39.986821396023856
            ],
            [
              116.34233202310101,
              39.9868250514734
            ]
          ]
        ]
      }
    },
    {
      "type": "Feature",
      "id": "BLDG-345",
      "properties": {
        "id": "BLDG-345",
        "layer": "BUILDING_FOOTPRINT",
        "source_type": "agent_generated_design",
        "confidence": "medium",
        "geometry_role": "design_proposal",
        "building_type": "education",
        "name_zh": "教育科研建筑(高校成果转化教育基地)",
        "renewal_action": "保留/改造",
        "floor_count": 0,
        "height_m": null,
        "area_sqm_declared": 3850.0
      },
      "geometry": {
        "type": "Polygon",
        "coordinates": [
          [
            [
              116.34232079596384,
              39.98799578258837
            ],
            [
              116.34231475031024,
              39.98862617616633
            ],
            [
              116.34167082528995,
              39.98862252048489
            ],
            [
              116.3416768768617,
              39.9879921269881
            ],
            [
              116.34232079596384,
              39.98799578258837
            ]
          ]
        ]
      }
    },
    {
      "type": "Feature",
      "id": "BLDG-346",
      "properties": {
        "id": "BLDG-346",
        "layer": "BUILDING_FOOTPRINT",
        "source_type": "agent_generated_design",
        "confidence": "medium",
        "geometry_role": "design_proposal",
        "building_type": "education",
        "name_zh": "教育科研建筑(高校成果转化教育基地)",
        "renewal_action": "保留/改造",
        "floor_count": 0,
        "height_m": null,
        "area_sqm_declared": 3850.0
      },
      "geometry": {
        "type": "Polygon",
        "coordinates": [
          [
            [
              116.34230956816985,
              39.9891665134635
            ],
            [
              116.34230352216251,
              39.989796906912325
            ],
            [
              116.34165958615097,
              39.98979325108018
            ],
            [
              116.34166563807676,
              39.98916285771251
            ],
            [
              116.34230956816985,
              39.9891665134635
            ]
          ]
        ]
      }
    },
    {
      "type": "Feature",
      "id": "BLDG-347",
      "properties": {
        "id": "BLDG-347",
        "layer": "BUILDING_FOOTPRINT",
        "source_type": "agent_generated_design",
        "confidence": "medium",
        "geometry_role": "design_proposal",
        "building_type": "education",
        "name_zh": "教育科研建筑(高校成果转化教育基地)",
        "renewal_action": "保留/改造",
        "floor_count": 0,
        "height_m": null,
        "area_sqm_declared": 3850.0
      },
      "geometry": {
        "type": "Polygon",
        "coordinates": [
          [
            [
              116.34229833971895,
              39.99033724409882
            ],
            [
              116.34229229335791,
              39.990967637418485
            ],
            [
              116.34164834635443,
              39.990963981435605
            ],
            [
              116.34165439863428,
              39.990333588197096
            ],
            [
              116.34229833971895,
              39.99033724409882
            ]
          ]
        ]
      }
    },
    {
      "type": "Feature",
      "id": "BLDG-348",
      "properties": {
        "id": "BLDG-348",
        "layer": "BUILDING_FOOTPRINT",
        "source_type": "agent_generated_design",
        "confidence": "medium",
        "geometry_role": "design_proposal",
        "building_type": "education",
        "name_zh": "教育科研建筑(高校成果转化教育基地)",
        "renewal_action": "保留/改造",
        "floor_count": 0,
        "height_m": null,
        "area_sqm_declared": 3850.0
      },
      "geometry": {
        "type": "Polygon",
        "coordinates": [
          [
            [
              116.34228711061114,
              39.9915079744943
            ],
            [
              116.34228106389638,
              39.992138367684824
            ],
            [
              116.34163710590028,
              39.99213471155121
            ],
            [
              116.34164315853424,
              39.99150431844185
            ],
            [
              116.34228711061114,
              39.9915079744943
            ]
          ]
        ]
      }
    },
    {
      "type": "Feature",
      "id": "BLDG-349",
      "properties": {
        "id": "BLDG-349",
        "layer": "BUILDING_FOOTPRINT",
        "source_type": "agent_generated_design",
        "confidence": "medium",
        "geometry_role": "design_proposal",
        "building_type": "education",
        "name_zh": "教育科研建筑(高校成果转化教育基地)",
        "renewal_action": "保留/改造",
        "floor_count": 0,
        "height_m": null,
        "area_sqm_declared": 3850.0
      },
      "geometry": {
        "type": "Polygon",
        "coordinates": [
          [
            [
              116.34365345121392,
              39.98332015595539
            ],
            [
              116.34364741880837,
              39.98395055021195
            ],
            [
              116.34300353751189,
              39.98394690228621
            ],
            [
              116.34300957583419,
              39.98331650811065
            ],
            [
              116.34365345121392,
              39.98332015595539
            ]
          ]
        ]
      }
    },
    {
      "type": "Feature",
      "id": "BLDG-350",
      "properties": {
        "id": "BLDG-350",
        "layer": "BUILDING_FOOTPRINT",
        "source_type": "agent_generated_design",
        "confidence": "medium",
        "geometry_role": "design_proposal",
        "building_type": "education",
        "name_zh": "教育科研建筑(高校成果转化教育基地)",
        "renewal_action": "保留/改造",
        "floor_count": 0,
        "height_m": null,
        "area_sqm_declared": 3850.0
      },
      "geometry": {
        "type": "Polygon",
        "coordinates": [
          [
            [
              116.34364224802378,
              39.9844908880908
            ],
            [
              116.34363621526532,
              39.985121282218216
            ],
            [
              116.3429923229801,
              39.98511763414207
            ],
            [
              116.34299836165567,
              39.98448724009564
            ],
            [
              116.34364224802378,
              39.9844908880908
            ]
          ]
        ]
      }
    },
    {
      "type": "Feature",
      "id": "BLDG-351",
      "properties": {
        "id": "BLDG-351",
        "layer": "BUILDING_FOOTPRINT",
        "source_type": "agent_generated_design",
        "confidence": "medium",
        "geometry_role": "design_proposal",
        "building_type": "education",
        "name_zh": "教育科研建筑(高校成果转化教育基地)",
        "renewal_action": "保留/改造",
        "floor_count": 0,
        "height_m": null,
        "area_sqm_declared": 3850.0
      },
      "geometry": {
        "type": "Polygon",
        "coordinates": [
          [
            [
              116.34363104417825,
              39.98566161998638
            ],
            [
              116.34362501106685,
              39.986292013984674
            ],
            [
              116.34298110779226,
              39.98628836575812
            ],
            [
              116.34298714682109,
              39.98565797184081
            ],
            [
              116.34363104417825,
              39.98566161998638
            ]
          ]
        ]
      }
    },
    {
      "type": "Feature",
      "id": "BLDG-352",
      "properties": {
        "id": "BLDG-352",
        "layer": "BUILDING_FOOTPRINT",
        "source_type": "agent_generated_design",
        "confidence": "medium",
        "geometry_role": "design_proposal",
        "building_type": "education",
        "name_zh": "教育科研建筑(高校成果转化教育基地)",
        "renewal_action": "保留/改造",
        "floor_count": 0,
        "height_m": null,
        "area_sqm_declared": 3850.0
      },
      "geometry": {
        "type": "Polygon",
        "coordinates": [
          [
            [
              116.34361983967722,
              39.98683235164215
            ],
            [
              116.34361380621289,
              39.98746274551131
            ],
            [
              116.34296989194824,
              39.98745909713433
            ],
            [
              116.3429759313304,
              39.98682870334617
            ],
            [
              116.34361983967722,
              39.98683235164215
            ]
          ]
        ]
      }
    },
    {
      "type": "Feature",
      "id": "BLDG-353",
      "properties": {
        "id": "BLDG-353",
        "layer": "BUILDING_FOOTPRINT",
        "source_type": "agent_generated_design",
        "confidence": "medium",
        "geometry_role": "design_proposal",
        "building_type": "education",
        "name_zh": "教育科研建筑(高校成果转化教育基地)",
        "renewal_action": "保留/改造",
        "floor_count": 0,
        "height_m": null,
        "area_sqm_declared": 3850.0
      },
      "geometry": {
        "type": "Polygon",
        "coordinates": [
          [
            [
              116.34360863452072,
              39.9880030830581
            ],
            [
              116.34360260070336,
              39.98863347679813
            ],
            [
              116.34295867544807,
              39.988629828270746
            ],
            [
              116.34296471518356,
              39.9879994346117
            ],
            [
              116.34360863452072,
              39.9880030830581
            ]
          ]
        ]
      }
    },
    {
      "type": "Feature",
      "id": "BLDG-354",
      "properties": {
        "id": "BLDG-354",
        "layer": "BUILDING_FOOTPRINT",
        "source_type": "agent_generated_design",
        "confidence": "medium",
        "geometry_role": "design_proposal",
        "building_type": "education",
        "name_zh": "教育科研建筑(高校成果转化教育基地)",
        "renewal_action": "保留/改造",
        "floor_count": 0,
        "height_m": null,
        "area_sqm_declared": 3850.0
      },
      "geometry": {
        "type": "Polygon",
        "coordinates": [
          [
            [
              116.34359742870863,
              39.989173814234235
            ],
            [
              116.34359139453828,
              39.98980420784513
            ],
            [
              116.34294745829166,
              39.98980055916732
            ],
            [
              116.34295349838051,
              39.98917016563742
            ],
            [
              116.34359742870863,
              39.989173814234235
            ]
          ]
        ]
      }
    },
    {
      "type": "Feature",
      "id": "BLDG-355",
      "properties": {
        "id": "BLDG-355",
        "layer": "BUILDING_FOOTPRINT",
        "source_type": "agent_generated_design",
        "confidence": "medium",
        "geometry_role": "design_proposal",
        "building_type": "education",
        "name_zh": "教育科研建筑(高校成果转化教育基地)",
        "renewal_action": "保留/改造",
        "floor_count": 0,
        "height_m": null,
        "area_sqm_declared": 3850.0
      },
      "geometry": {
        "type": "Polygon",
        "coordinates": [
          [
            [
              116.34358622224094,
              39.99034454517056
            ],
            [
              116.34358018771758,
              39.99097493865232
            ],
            [
              116.34293624047902,
              39.99097128982405
            ],
            [
              116.34294228092122,
              39.990340896423305
            ],
            [
              116.34358622224094,
              39.99034454517056
            ]
          ]
        ]
      }
    },
    {
      "type": "Feature",
      "id": "BLDG-356",
      "properties": {
        "id": "BLDG-356",
        "layer": "BUILDING_FOOTPRINT",
        "source_type": "agent_generated_design",
        "confidence": "medium",
        "geometry_role": "design_proposal",
        "building_type": "education",
        "name_zh": "教育科研建筑(高校成果转化教育基地)",
        "renewal_action": "保留/改造",
        "floor_count": 0,
        "height_m": null,
        "area_sqm_declared": 3850.0
      },
      "geometry": {
        "type": "Polygon",
        "coordinates": [
          [
            [
              116.34357501511766,
              39.99151527586706
            ],
            [
              116.3435689802412,
              39.99214566921968
            ],
            [
              116.34292502201005,
              39.99214202024099
            ],
            [
              116.34293106280565,
              39.99151162696937
            ],
            [
              116.34357501511766,
              39.99151527586706
            ]
          ]
        ]
      }
    },
    {
      "type": "Feature",
      "id": "BLDG-357",
      "properties": {
        "id": "BLDG-357",
        "layer": "BUILDING_FOOTPRINT",
        "source_type": "agent_generated_design",
        "confidence": "medium",
        "geometry_role": "design_proposal",
        "building_type": "education",
        "name_zh": "教育科研建筑(高校成果转化教育基地)",
        "renewal_action": "保留/改造",
        "floor_count": 0,
        "height_m": null,
        "area_sqm_declared": 3850.0
      },
      "geometry": {
        "type": "Polygon",
        "coordinates": [
          [
            [
              116.3449412023252,
              39.983327440915836
            ],
            [
              116.34493518175317,
              39.983957835334124
            ],
            [
              116.34429130022215,
              39.98395419456126
            ],
            [
              116.34429732671096,
              39.983323800223786
            ],
            [
              116.3449412023252,
              39.983327440915836
            ]
          ]
        ]
      }
    },
    {
      "type": "Feature",
      "id": "BLDG-358",
      "properties": {
        "id": "BLDG-358",
        "layer": "BUILDING_FOOTPRINT",
        "source_type": "agent_generated_design",
        "confidence": "medium",
        "geometry_role": "design_proposal",
        "building_type": "education",
        "name_zh": "教育科研建筑(高校成果转化教育基地)",
        "renewal_action": "保留/改造",
        "floor_count": 0,
        "height_m": null,
        "area_sqm_declared": 3850.0
      },
      "geometry": {
        "type": "Polygon",
        "coordinates": [
          [
            [
              116.3449300211119,
              39.9844981733516
            ],
            [
              116.34492400018762,
              39.98512856764076
            ],
            [
              116.34428010766787,
              39.98512492671777
            ],
            [
              116.34428613450923,
              39.98449453250945
            ],
            [
              116.3449300211119,
              39.9844981733516
            ]
          ]
        ]
      }
    },
    {
      "type": "Feature",
      "id": "BLDG-359",
      "properties": {
        "id": "BLDG-359",
        "layer": "BUILDING_FOOTPRINT",
        "source_type": "agent_generated_design",
        "confidence": "medium",
        "geometry_role": "design_proposal",
        "building_type": "education",
        "name_zh": "教育科研建筑(高校成果转化教育基地)",
        "renewal_action": "保留/改造",
        "floor_count": 0,
        "height_m": null,
        "area_sqm_declared": 3850.0
      },
      "geometry": {
        "type": "Polygon",
        "coordinates": [
          [
            [
              116.34491883924444,
              39.98566890554756
            ],
            [
              116.34491281796792,
              39.98629929970762
            ],
            [
              116.34426891445878,
              39.986295658634496
            ],
            [
              116.34427494165274,
              39.9856652645553
            ],
            [
              116.34491883924444,
              39.98566890554756
            ]
          ]
        ]
      }
    },
    {
      "type": "Feature",
      "id": "BLDG-360",
      "properties": {
        "id": "BLDG-360",
        "layer": "BUILDING_FOOTPRINT",
        "source_type": "agent_generated_design",
        "confidence": "medium",
        "geometry_role": "design_proposal",
        "building_type": "education",
        "name_zh": "教育科研建筑(高校成果转化教育基地)",
        "renewal_action": "保留/改造",
        "floor_count": 0,
        "height_m": null,
        "area_sqm_declared": 3850.0
      },
      "geometry": {
        "type": "Polygon",
        "coordinates": [
          [
            [
              116.3449076567228,
              39.986839637503735
            ],
            [
              116.34490163509403,
              39.98747003153464
            ],
            [
              116.34425772059484,
              39.987466390311404
            ],
            [
              116.34426374814142,
              39.986835996361336
            ],
            [
              116.3449076567228,
              39.986839637503735
            ]
          ]
        ]
      }
    },
    {
      "type": "Feature",
      "id": "BLDG-361",
      "properties": {
        "id": "BLDG-361",
        "layer": "BUILDING_FOOTPRINT",
        "source_type": "agent_generated_design",
        "confidence": "medium",
        "geometry_role": "design_proposal",
        "building_type": "education",
        "name_zh": "教育科研建筑(高校成果转化教育基地)",
        "renewal_action": "保留/改造",
        "floor_count": 0,
        "height_m": null,
        "area_sqm_declared": 3850.0
      },
      "geometry": {
        "type": "Polygon",
        "coordinates": [
          [
            [
              116.34489647354694,
              39.98801036922008
            ],
            [
              116.34489045156587,
              39.98864076312187
            ],
            [
              116.34424652607599,
              39.98863712174852
            ],
            [
              116.34425255397521,
              39.98800672792756
            ],
            [
              116.34489647354694,
              39.98801036922008
            ]
          ]
        ]
      }
    },
    {
      "type": "Feature",
      "id": "BLDG-362",
      "properties": {
        "id": "BLDG-362",
        "layer": "BUILDING_FOOTPRINT",
        "source_type": "agent_generated_design",
        "confidence": "medium",
        "geometry_role": "design_proposal",
        "building_type": "education",
        "name_zh": "教育科研建筑(高校成果转化教育基地)",
        "renewal_action": "保留/改造",
        "floor_count": 0,
        "height_m": null,
        "area_sqm_declared": 3850.0
      },
      "geometry": {
        "type": "Polygon",
        "coordinates": [
          [
            [
              116.34488528971681,
              39.989181100696634
            ],
            [
              116.34487926738342,
              39.989811494469286
            ],
            [
              116.34423533090224,
              39.989807852945795
            ],
            [
              116.3442413591541,
              39.98917745925398
            ],
            [
              116.34488528971681,
              39.989181100696634
            ]
          ]
        ]
      }
    },
    {
      "type": "Feature",
      "id": "BLDG-363",
      "properties": {
        "id": "BLDG-363",
        "layer": "BUILDING_FOOTPRINT",
        "source_type": "agent_generated_design",
        "confidence": "medium",
        "geometry_role": "design_proposal",
        "building_type": "education",
        "name_zh": "教育科研建筑(高校成果转化教育基地)",
        "renewal_action": "保留/改造",
        "floor_count": 0,
        "height_m": null,
        "area_sqm_declared": 3850.0
      },
      "geometry": {
        "type": "Polygon",
        "coordinates": [
          [
            [
              116.34487410523239,
              39.990351831933374
            ],
            [
              116.34486808254667,
              39.9909822255769
            ],
            [
              116.3442241350735,
              39.990978583903264
            ],
            [
              116.34423016367806,
              39.99034819034059
            ],
            [
              116.34487410523239,
              39.990351831933374
            ]
          ]
        ]
      }
    },
    {
      "type": "Feature",
      "id": "BLDG-364",
      "properties": {
        "id": "BLDG-364",
        "layer": "BUILDING_FOOTPRINT",
        "source_type": "agent_generated_design",
        "confidence": "medium",
        "geometry_role": "design_proposal",
        "building_type": "education",
        "name_zh": "教育科研建筑(高校成果转化教育基地)",
        "renewal_action": "保留/改造",
        "floor_count": 0,
        "height_m": null,
        "area_sqm_declared": 3850.0
      },
      "geometry": {
        "type": "Polygon",
        "coordinates": [
          [
            [
              116.3448629200936,
              39.99152256293031
            ],
            [
              116.34485689705554,
              39.9921529564447
            ],
            [
              116.34421293858973,
              39.992149314620924
            ],
            [
              116.344218967547,
              39.99151892118737
            ],
            [
              116.3448629200936,
              39.99152256293031
            ]
          ]
        ]
      }
    },
    {
      "type": "Feature",
      "id": "BLDG-365",
      "properties": {
        "id": "BLDG-365",
        "layer": "BUILDING_FOOTPRINT",
        "source_type": "agent_generated_design",
        "confidence": "medium",
        "geometry_role": "design_proposal",
        "building_type": "residential",
        "name_zh": "人才居住建筑(中部人才混合社区)",
        "renewal_action": "保留",
        "floor_count": 0,
        "height_m": null,
        "area_sqm_declared": 3850.0
      },
      "geometry": {
        "type": "Polygon",
        "coordinates": [
          [
            [
              116.34172799368731,
              39.993379862870114
            ],
            [
              116.34172194143159,
              39.994010255785625
            ],
            [
              116.34107796592812,
              39.99400659640423
            ],
            [
              116.34108402410357,
              39.99337620356996
            ],
            [
              116.34172799368731,
              39.993379862870114
            ]
          ]
        ]
      }
    },
    {
      "type": "Feature",
      "id": "BLDG-366",
      "properties": {
        "id": "BLDG-366",
        "layer": "BUILDING_FOOTPRINT",
        "source_type": "agent_generated_design",
        "confidence": "medium",
        "geometry_role": "design_proposal",
        "building_type": "residential",
        "name_zh": "人才居住建筑(中部人才混合社区)",
        "renewal_action": "保留",
        "floor_count": 0,
        "height_m": null,
        "area_sqm_declared": 3850.0
      },
      "geometry": {
        "type": "Polygon",
        "coordinates": [
          [
            [
              116.34171675363206,
              39.99455059251499
            ],
            [
              116.34171070102222,
              39.99518098530135
            ],
            [
              116.34106671452452,
              39.9951773257691
            ],
            [
              116.3410727730544,
              39.99454693306397
            ],
            [
              116.34171675363206,
              39.99455059251499
            ]
          ]
        ]
      }
    },
    {
      "type": "Feature",
      "id": "BLDG-367",
      "properties": {
        "id": "BLDG-367",
        "layer": "BUILDING_FOOTPRINT",
        "source_type": "agent_generated_design",
        "confidence": "medium",
        "geometry_role": "design_proposal",
        "building_type": "residential",
        "name_zh": "人才居住建筑(中部人才混合社区)",
        "renewal_action": "保留",
        "floor_count": 0,
        "height_m": null,
        "area_sqm_declared": 3850.0
      },
      "geometry": {
        "type": "Polygon",
        "coordinates": [
          [
            [
              116.3430159332078,
              39.99338717073758
            ],
            [
              116.34300989279153,
              39.99401756381531
            ],
            [
              116.34236591705275,
              39.99401391158931
            ],
            [
              116.34237196338877,
              39.99338351859265
            ],
            [
              116.3430159332078,
              39.99338717073758
            ]
          ]
        ]
      }
    },
    {
      "type": "Feature",
      "id": "BLDG-368",
      "properties": {
        "id": "BLDG-368",
        "layer": "BUILDING_FOOTPRINT",
        "source_type": "agent_generated_design",
        "confidence": "medium",
        "geometry_role": "design_proposal",
        "building_type": "residential",
        "name_zh": "人才居住建筑(中部人才混合社区)",
        "renewal_action": "保留",
        "floor_count": 0,
        "height_m": null,
        "area_sqm_declared": 3850.0
      },
      "geometry": {
        "type": "Polygon",
        "coordinates": [
          [
            [
              116.34300471514038,
              39.994557900683745
            ],
            [
              116.34299867437068,
              39.99518829363235
            ],
            [
              116.34235468763764,
              39.995184641255776
            ],
            [
              116.34236073432741,
              39.99455424838825
            ],
            [
              116.34300471514038,
              39.994557900683745
            ]
          ]
        ]
      }
    },
    {
      "type": "Feature",
      "id": "BLDG-369",
      "properties": {
        "id": "BLDG-369",
        "layer": "BUILDING_FOOTPRINT",
        "source_type": "agent_generated_design",
        "confidence": "medium",
        "geometry_role": "design_proposal",
        "building_type": "residential",
        "name_zh": "人才居住建筑(中部人才混合社区)",
        "renewal_action": "保留",
        "floor_count": 0,
        "height_m": null,
        "area_sqm_declared": 3850.0
      },
      "geometry": {
        "type": "Polygon",
        "coordinates": [
          [
            [
              116.34299349641661,
              39.99572863039009
            ],
            [
              116.34298745529347,
              39.99635902320956
            ],
            [
              116.34234345756556,
              39.996355370682394
            ],
            [
              116.34234950460909,
              39.995724977944015
            ],
            [
              116.34299349641661,
              39.99572863039009
            ]
          ]
        ]
      }
    },
    {
      "type": "Feature",
      "id": "BLDG-370",
      "properties": {
        "id": "BLDG-370",
        "layer": "BUILDING_FOOTPRINT",
        "source_type": "agent_generated_design",
        "confidence": "medium",
        "geometry_role": "design_proposal",
        "building_type": "residential",
        "name_zh": "人才居住建筑(中部人才混合社区)",
        "renewal_action": "保留",
        "floor_count": 0,
        "height_m": null,
        "area_sqm_declared": 3850.0
      },
      "geometry": {
        "type": "Polygon",
        "coordinates": [
          [
            [
              116.34298227703647,
              39.996899359856606
            ],
            [
              116.3429762355599,
              39.99752975254692
            ],
            [
              116.34233222683639,
              39.99752609986918
            ],
            [
              116.34233827423374,
              39.99689570725994
            ],
            [
              116.34298227703647,
              39.996899359856606
            ]
          ]
        ]
      }
    },
    {
      "type": "Feature",
      "id": "BLDG-371",
      "properties": {
        "id": "BLDG-371",
        "layer": "BUILDING_FOOTPRINT",
        "source_type": "agent_generated_design",
        "confidence": "medium",
        "geometry_role": "design_proposal",
        "building_type": "residential",
        "name_zh": "人才居住建筑(中部人才混合社区)",
        "renewal_action": "保留",
        "floor_count": 0,
        "height_m": null,
        "area_sqm_declared": 3850.0
      },
      "geometry": {
        "type": "Polygon",
        "coordinates": [
          [
            [
              116.3429710569999,
              39.99807008908328
            ],
            [
              116.34296501516985,
              39.998700481644455
            ],
            [
              116.34232099545018,
              39.998696828816115
            ],
            [
              116.34232704320132,
              39.998066436336025
            ],
            [
              116.3429710569999,
              39.99807008908328
            ]
          ]
        ]
      }
    },
    {
      "type": "Feature",
      "id": "BLDG-372",
      "properties": {
        "id": "BLDG-372",
        "layer": "BUILDING_FOOTPRINT",
        "source_type": "agent_generated_design",
        "confidence": "medium",
        "geometry_role": "design_proposal",
        "building_type": "residential",
        "name_zh": "人才居住建筑(中部人才混合社区)",
        "renewal_action": "保留",
        "floor_count": 0,
        "height_m": null,
        "area_sqm_declared": 3850.0
      },
      "geometry": {
        "type": "Polygon",
        "coordinates": [
          [
            [
              116.34295983630689,
              39.99924081807011
            ],
            [
              116.34295379412332,
              39.99987121050215
            ],
            [
              116.34230976340682,
              39.999867557523224
            ],
            [
              116.34231581151182,
              39.99923716517226
            ],
            [
              116.34295983630689,
              39.99924081807011
            ]
          ]
        ]
      }
    },
    {
      "type": "Feature",
      "id": "BLDG-373",
      "properties": {
        "id": "BLDG-373",
        "layer": "BUILDING_FOOTPRINT",
        "source_type": "agent_generated_design",
        "confidence": "medium",
        "geometry_role": "design_proposal",
        "building_type": "residential",
        "name_zh": "人才居住建筑(中部人才混合社区)",
        "renewal_action": "保留",
        "floor_count": 0,
        "height_m": null,
        "area_sqm_declared": 3850.0
      },
      "geometry": {
        "type": "Polygon",
        "coordinates": [
          [
            [
              116.34294861495736,
              40.00041154681711
            ],
            [
              116.34294257242027,
              40.00104193912001
            ],
            [
              116.3422985307063,
              40.00103828599046
            ],
            [
              116.34230457916516,
              40.00040789376867
            ],
            [
              116.34294861495736,
              40.00041154681711
            ]
          ]
        ]
      }
    },
    {
      "type": "Feature",
      "id": "BLDG-374",
      "properties": {
        "id": "BLDG-374",
        "layer": "BUILDING_FOOTPRINT",
        "source_type": "agent_generated_design",
        "confidence": "medium",
        "geometry_role": "design_proposal",
        "building_type": "residential",
        "name_zh": "人才居住建筑(中部人才混合社区)",
        "renewal_action": "保留",
        "floor_count": 0,
        "height_m": null,
        "area_sqm_declared": 3850.0
      },
      "geometry": {
        "type": "Polygon",
        "coordinates": [
          [
            [
              116.34293739295127,
              40.001582275324274
            ],
            [
              116.34293135006068,
              40.002212667498014
            ],
            [
              116.34228729734856,
              40.00220901421787
            ],
            [
              116.34229334616131,
              40.00157862212522
            ],
            [
              116.34293739295127,
              40.001582275324274
            ]
          ]
        ]
      }
    },
    {
      "type": "Feature",
      "id": "BLDG-375",
      "properties": {
        "id": "BLDG-375",
        "layer": "BUILDING_FOOTPRINT",
        "source_type": "agent_generated_design",
        "confidence": "medium",
        "geometry_role": "design_proposal",
        "building_type": "residential",
        "name_zh": "人才居住建筑(中部人才混合社区)",
        "renewal_action": "保留",
        "floor_count": 0,
        "height_m": null,
        "area_sqm_declared": 3850.0
      },
      "geometry": {
        "type": "Polygon",
        "coordinates": [
          [
            [
              116.3429261702886,
              40.002753003591586
            ],
            [
              116.34292012704444,
              40.00338339563618
            ],
            [
              116.34227606333356,
              40.003379742205425
            ],
            [
              116.34228211250021,
              40.002749350241935
            ],
            [
              116.3429261702886,
              40.002753003591586
            ]
          ]
        ]
      }
    },
    {
      "type": "Feature",
      "id": "BLDG-376",
      "properties": {
        "id": "BLDG-376",
        "layer": "BUILDING_FOOTPRINT",
        "source_type": "agent_generated_design",
        "confidence": "medium",
        "geometry_role": "design_proposal",
        "building_type": "residential",
        "name_zh": "人才居住建筑(中部人才混合社区)",
        "renewal_action": "保留",
        "floor_count": 0,
        "height_m": null,
        "area_sqm_declared": 3850.0
      },
      "geometry": {
        "type": "Polygon",
        "coordinates": [
          [
            [
              116.34430387319819,
              39.993394464294575
            ],
            [
              116.34429784462134,
              39.99402485753424
            ],
            [
              116.34365386864776,
              39.99402121246362
            ],
            [
              116.34365990314433,
              39.99339081930489
            ],
            [
              116.34430387319819,
              39.993394464294575
            ]
          ]
        ]
      }
    },
    {
      "type": "Feature",
      "id": "BLDG-377",
      "properties": {
        "id": "BLDG-377",
        "layer": "BUILDING_FOOTPRINT",
        "source_type": "agent_generated_design",
        "confidence": "medium",
        "geometry_role": "design_proposal",
        "building_type": "residential",
        "name_zh": "人才居住建筑(中部人才混合社区)",
        "renewal_action": "保留",
        "floor_count": 0,
        "height_m": null,
        "area_sqm_declared": 3850.0
      },
      "geometry": {
        "type": "Polygon",
        "coordinates": [
          [
            [
              116.3442926771186,
              39.99456519454146
            ],
            [
              116.34428664818907,
              39.99519558765198
            ],
            [
              116.34364266122118,
              39.995191942431084
            ],
            [
              116.34364869607082,
              39.99456154940149
            ],
            [
              116.3442926771186,
              39.99456519454146
            ]
          ]
        ]
      }
    },
    {
      "type": "Feature",
      "id": "BLDG-378",
      "properties": {
        "id": "BLDG-378",
        "layer": "BUILDING_FOOTPRINT",
        "source_type": "agent_generated_design",
        "confidence": "medium",
        "geometry_role": "design_proposal",
        "building_type": "residential",
        "name_zh": "人才居住建筑(中部人才混合社区)",
        "renewal_action": "保留",
        "floor_count": 0,
        "height_m": null,
        "area_sqm_declared": 3850.0
      },
      "geometry": {
        "type": "Polygon",
        "coordinates": [
          [
            [
              116.34428148038398,
              39.99573592454851
            ],
            [
              116.34427545110171,
              39.9963663175299
            ],
            [
              116.34363145313891,
              39.996362672158725
            ],
            [
              116.34363748834163,
              39.995732279258256
            ],
            [
              116.34428148038398,
              39.99573592454851
            ]
          ]
        ]
      }
    },
    {
      "type": "Feature",
      "id": "BLDG-379",
      "properties": {
        "id": "BLDG-379",
        "layer": "BUILDING_FOOTPRINT",
        "source_type": "agent_generated_design",
        "confidence": "medium",
        "geometry_role": "design_proposal",
        "building_type": "residential",
        "name_zh": "人才居住建筑(中部人才混合社区)",
        "renewal_action": "保留",
        "floor_count": 0,
        "height_m": null,
        "area_sqm_declared": 3850.0
      },
      "geometry": {
        "type": "Polygon",
        "coordinates": [
          [
            [
              116.34427028299429,
              39.99690665431575
            ],
            [
              116.34426425335923,
              39.997537047168
            ],
            [
              116.34362024440087,
              39.99753340164652
            ],
            [
              116.34362627995668,
              39.9969030088752
            ],
            [
              116.34427028299429,
              39.99690665431575
            ]
          ]
        ]
      }
    },
    {
      "type": "Feature",
      "id": "BLDG-380",
      "properties": {
        "id": "BLDG-380",
        "layer": "BUILDING_FOOTPRINT",
        "source_type": "agent_generated_design",
        "confidence": "medium",
        "geometry_role": "design_proposal",
        "building_type": "residential",
        "name_zh": "人才居住建筑(中部人才混合社区)",
        "renewal_action": "保留",
        "floor_count": 0,
        "height_m": null,
        "area_sqm_declared": 3850.0
      },
      "geometry": {
        "type": "Polygon",
        "coordinates": [
          [
            [
              116.34425908494941,
              39.99807738384315
            ],
            [
              116.3442530549616,
              39.99870777656627
            ],
            [
              116.34360903500703,
              39.9987041308945
            ],
            [
              116.34361507091597,
              39.99807373825232
            ],
            [
              116.34425908494941,
              39.99807738384315
            ]
          ]
        ]
      }
    },
    {
      "type": "Feature",
      "id": "BLDG-381",
      "properties": {
        "id": "BLDG-381",
        "layer": "BUILDING_FOOTPRINT",
        "source_type": "agent_generated_design",
        "confidence": "medium",
        "geometry_role": "design_proposal",
        "building_type": "residential",
        "name_zh": "人才居住建筑(中部人才混合社区)",
        "renewal_action": "保留",
        "floor_count": 0,
        "height_m": null,
        "area_sqm_declared": 3850.0
      },
      "geometry": {
        "type": "Polygon",
        "coordinates": [
          [
            [
              116.34424788624942,
              39.99924811313073
            ],
            [
              116.34424185590878,
              39.99987850572473
            ],
            [
              116.34359782495736,
              39.999874859902654
            ],
            [
              116.34360386121944,
              39.999244467389595
            ],
            [
              116.34424788624942,
              39.99924811313073
            ]
          ]
        ]
      }
    },
    {
      "type": "Feature",
      "id": "BLDG-382",
      "properties": {
        "id": "BLDG-382",
        "layer": "BUILDING_FOOTPRINT",
        "source_type": "agent_generated_design",
        "confidence": "medium",
        "geometry_role": "design_proposal",
        "building_type": "residential",
        "name_zh": "人才居住建筑(中部人才混合社区)",
        "renewal_action": "保留",
        "floor_count": 0,
        "height_m": null,
        "area_sqm_declared": 3850.0
      },
      "geometry": {
        "type": "Polygon",
        "coordinates": [
          [
            [
              116.34423668689416,
              40.0004188421785
            ],
            [
              116.34423065620072,
              40.001049234643325
            ],
            [
              116.34358661425179,
              40.00104558867096
            ],
            [
              116.34359265086705,
              40.00041519628706
            ],
            [
              116.34423668689416,
              40.0004188421785
            ]
          ]
        ]
      }
    },
    {
      "type": "Feature",
      "id": "BLDG-383",
      "properties": {
        "id": "BLDG-383",
        "layer": "BUILDING_FOOTPRINT",
        "source_type": "agent_generated_design",
        "confidence": "medium",
        "geometry_role": "design_proposal",
        "building_type": "residential",
        "name_zh": "人才居住建筑(中部人才混合社区)",
        "renewal_action": "保留",
        "floor_count": 0,
        "height_m": null,
        "area_sqm_declared": 3850.0
      },
      "geometry": {
        "type": "Polygon",
        "coordinates": [
          [
            [
              116.34422548688366,
              40.00158957098642
            ],
            [
              116.34421945583738,
              40.00221996332212
            ],
            [
              116.34357540289031,
              40.002216317199434
            ],
            [
              116.34358143985878,
              40.00158592494466
            ],
            [
              116.34422548688366,
              40.00158957098642
            ]
          ]
        ]
      }
    },
    {
      "type": "Feature",
      "id": "BLDG-384",
      "properties": {
        "id": "BLDG-384",
        "layer": "BUILDING_FOOTPRINT",
        "source_type": "agent_generated_design",
        "confidence": "medium",
        "geometry_role": "design_proposal",
        "building_type": "residential",
        "name_zh": "人才居住建筑(中部人才混合社区)",
        "renewal_action": "保留",
        "floor_count": 0,
        "height_m": null,
        "area_sqm_declared": 3850.0
      },
      "geometry": {
        "type": "Polygon",
        "coordinates": [
          [
            [
              116.34421428621788,
              40.00276029955451
            ],
            [
              116.3442082548187,
              40.00339069176106
            ],
            [
              116.34356419087285,
              40.00338704548806
            ],
            [
              116.34357022819452,
              40.00275665336245
            ],
            [
              116.34421428621788,
              40.00276029955451
            ]
          ]
        ]
      }
    },
    {
      "type": "Feature",
      "id": "BLDG-385",
      "properties": {
        "id": "BLDG-385",
        "layer": "BUILDING_FOOTPRINT",
        "source_type": "agent_generated_design",
        "confidence": "medium",
        "geometry_role": "design_proposal",
        "building_type": "residential",
        "name_zh": "人才居住建筑(中部人才混合社区)",
        "renewal_action": "保留",
        "floor_count": 0,
        "height_m": null,
        "area_sqm_declared": 3850.0
      },
      "geometry": {
        "type": "Polygon",
        "coordinates": [
          [
            [
              116.34559181365752,
              39.993401743541106
            ],
            [
              116.34558579692018,
              39.99403213694236
            ],
            [
              116.3449418207122,
              39.99402849902715
            ],
            [
              116.3449478433693,
              39.99339810570665
            ],
            [
              116.34559181365752,
              39.993401743541106
            ]
          ]
        ]
      }
    },
    {
      "type": "Feature",
      "id": "BLDG-386",
      "properties": {
        "id": "BLDG-386",
        "layer": "BUILDING_FOOTPRINT",
        "source_type": "agent_generated_design",
        "confidence": "medium",
        "geometry_role": "design_proposal",
        "building_type": "residential",
        "name_zh": "人才居住建筑(中部人才混合社区)",
        "renewal_action": "保留",
        "floor_count": 0,
        "height_m": null,
        "area_sqm_declared": 3850.0
      },
      "geometry": {
        "type": "Polygon",
        "coordinates": [
          [
            [
              116.34558063956585,
              39.9945724740881
            ],
            [
              116.34557462247645,
              39.99520286736022
            ],
            [
              116.34493063527418,
              39.99519922929503
            ],
            [
              116.34493665828367,
              39.99456883610367
            ],
            [
              116.34558063956585,
              39.9945724740881
            ]
          ]
        ]
      }
    },
    {
      "type": "Feature",
      "id": "BLDG-387",
      "properties": {
        "id": "BLDG-387",
        "layer": "BUILDING_FOOTPRINT",
        "source_type": "agent_generated_design",
        "confidence": "medium",
        "geometry_role": "design_proposal",
        "building_type": "residential",
        "name_zh": "人才居住建筑(中部人才混合社区)",
        "renewal_action": "保留",
        "floor_count": 0,
        "height_m": null,
        "area_sqm_declared": 3850.0
      },
      "geometry": {
        "type": "Polygon",
        "coordinates": [
          [
            [
              116.34556946482041,
              39.99574320439528
            ],
            [
              116.34556344737896,
              39.99637359753828
            ],
            [
              116.34491944918177,
              39.99636995932309
            ],
            [
              116.34492547254364,
              39.99573956626086
            ],
            [
              116.34556946482041,
              39.99574320439528
            ]
          ]
        ]
      }
    },
    {
      "type": "Feature",
      "id": "BLDG-388",
      "properties": {
        "id": "BLDG-388",
        "layer": "BUILDING_FOOTPRINT",
        "source_type": "agent_generated_design",
        "confidence": "medium",
        "geometry_role": "design_proposal",
        "building_type": "residential",
        "name_zh": "人才居住建筑(中部人才混合社区)",
        "renewal_action": "保留",
        "floor_count": 0,
        "height_m": null,
        "area_sqm_declared": 3850.0
      },
      "geometry": {
        "type": "Polygon",
        "coordinates": [
          [
            [
              116.34555828942115,
              39.996913934462654
            ],
            [
              116.34555227162765,
              39.99754432747651
            ],
            [
              116.34490826243486,
              39.997540689111325
            ],
            [
              116.34491428614915,
              39.99691029617823
            ],
            [
              116.34555828942115,
              39.996913934462654
            ]
          ]
        ]
      }
    },
    {
      "type": "Feature",
      "id": "BLDG-389",
      "properties": {
        "id": "BLDG-389",
        "layer": "BUILDING_FOOTPRINT",
        "source_type": "agent_generated_design",
        "confidence": "medium",
        "geometry_role": "design_proposal",
        "building_type": "residential",
        "name_zh": "人才居住建筑(中部人才混合社区)",
        "renewal_action": "保留",
        "floor_count": 0,
        "height_m": null,
        "area_sqm_declared": 3850.0
      },
      "geometry": {
        "type": "Polygon",
        "coordinates": [
          [
            [
              116.34554711336804,
              39.9980846642902
            ],
            [
              116.34554109522246,
              39.99871505717494
            ],
            [
              116.34489707503344,
              39.99871141865976
            ],
            [
              116.34490309910016,
              39.9980810258558
            ],
            [
              116.34554711336804,
              39.9980846642902
            ]
          ]
        ]
      }
    },
    {
      "type": "Feature",
      "id": "BLDG-390",
      "properties": {
        "id": "BLDG-390",
        "layer": "BUILDING_FOOTPRINT",
        "source_type": "agent_generated_design",
        "confidence": "medium",
        "geometry_role": "design_proposal",
        "building_type": "residential",
        "name_zh": "人才居住建筑(中部人才混合社区)",
        "renewal_action": "保留",
        "floor_count": 0,
        "height_m": null,
        "area_sqm_declared": 3850.0
      },
      "geometry": {
        "type": "Polygon",
        "coordinates": [
          [
            [
              116.34553593666105,
              39.99925539387794
            ],
            [
              116.34552991816336,
              39.99988578663355
            ],
            [
              116.34488588697748,
              39.99988214796836
            ],
            [
              116.34489191139666,
              39.999251755293514
            ],
            [
              116.34553593666105,
              39.99925539387794
            ]
          ]
        ]
      }
    },
    {
      "type": "Feature",
      "id": "BLDG-391",
      "properties": {
        "id": "BLDG-391",
        "layer": "BUILDING_FOOTPRINT",
        "source_type": "agent_generated_design",
        "confidence": "medium",
        "geometry_role": "design_proposal",
        "building_type": "residential",
        "name_zh": "人才居住建筑(中部人才混合社区)",
        "renewal_action": "保留",
        "floor_count": 0,
        "height_m": null,
        "area_sqm_declared": 3850.0
      },
      "geometry": {
        "type": "Polygon",
        "coordinates": [
          [
            [
              116.34552475930016,
              40.000426123225864
            ],
            [
              116.3455187404503,
              40.00105651585233
            ],
            [
              116.34487469826693,
              40.00105287703713
            ],
            [
              116.34488072303857,
              40.00042248449143
            ],
            [
              116.34552475930016,
              40.000426123225864
            ]
          ]
        ]
      }
    },
    {
      "type": "Feature",
      "id": "BLDG-392",
      "properties": {
        "id": "BLDG-392",
        "layer": "BUILDING_FOOTPRINT",
        "source_type": "agent_generated_design",
        "confidence": "medium",
        "geometry_role": "design_proposal",
        "building_type": "residential",
        "name_zh": "人才居住建筑(中部人才混合社区)",
        "renewal_action": "保留",
        "floor_count": 0,
        "height_m": null,
        "area_sqm_declared": 3850.0
      },
      "geometry": {
        "type": "Polygon",
        "coordinates": [
          [
            [
              116.34551358128526,
              40.00159685233396
            ],
            [
              116.34550756208328,
              40.002227244831296
            ],
            [
              116.34486350890174,
              40.00222360586608
            ],
            [
              116.34486953402588,
              40.00159321344951
            ],
            [
              116.34551358128526,
              40.00159685233396
            ]
          ]
        ]
      }
    },
    {
      "type": "Feature",
      "id": "BLDG-393",
      "properties": {
        "id": "BLDG-393",
        "layer": "BUILDING_FOOTPRINT",
        "source_type": "agent_generated_design",
        "confidence": "medium",
        "geometry_role": "design_proposal",
        "building_type": "residential",
        "name_zh": "人才居住建筑(中部人才混合社区)",
        "renewal_action": "保留",
        "floor_count": 0,
        "height_m": null,
        "area_sqm_declared": 3850.0
      },
      "geometry": {
        "type": "Polygon",
        "coordinates": [
          [
            [
              116.34550240261636,
              40.00276758120224
            ],
            [
              116.34549638306218,
              40.00339797357043
            ],
            [
              116.34485231888185,
              40.00339433445519
            ],
            [
              116.34485834435851,
              40.00276394216778
            ],
            [
              116.34550240261636,
              40.00276758120224
            ]
          ]
        ]
      }
    }
  ]
}
