{
 "type": "FeatureCollection",
 "name": "building_footprint",
 "crs": {
  "type": "name",
  "properties": {
   "name": "urn:ogc:def:crs:OGC:1.3:CRS84"
  }
 },
 "features": [
  {
   "type": "Feature",
   "id": "BD-001",
   "properties": {
    "id": "BD-001",
    "layer": "BUILDING_FOOTPRINT",
    "building_type": "office",
    "land_use_code": "0902",
    "renewal_action": "renovate",
    "floors_above_ground": null,
    "height_m": null,
    "note_zh": "体量与高度为概念示意；官方控规强度条件未发布，不作容积率或高度结论。",
    "source_type": "agent_generated_design",
    "confidence": "low",
    "geometry_role": "design_proposal",
    "official_boundary": false,
    "boundary_precision": "provisional_rough"
   },
   "geometry": {
    "type": "Polygon",
    "coordinates": [
     [
      [
       116.3407352,
       39.9416184
      ],
      [
       116.34081572,
       39.94162094
      ],
      [
       116.34091671,
       39.94162403
      ],
      [
       116.34100758,
       39.94162681
      ],
      [
       116.34100794,
       39.9415687
      ],
      [
       116.3410084,
       39.94149663
      ],
      [
       116.3410084,
       39.94149658
      ],
      [
       116.34100897,
       39.94142455
      ],
      [
       116.34100943,
       39.94135246
      ],
      [
       116.34100989,
       39.94128039
      ],
      [
       116.34100989,
       39.94128034
      ],
      [
       116.34101046,
       39.94120832
      ],
      [
       116.34101092,
       39.94113632
      ],
      [
       116.34101138,
       39.94106425
      ],
      [
       116.34101138,
       39.9410642
      ],
      [
       116.34101195,
       39.94099209
      ],
      [
       116.34101241,
       39.94092009
      ],
      [
       116.34101287,
       39.94084802
      ],
      [
       116.34101287,
       39.94084797
      ],
      [
       116.34101344,
       39.94077595
      ],
      [
       116.3410139,
       39.94070396
      ],
      [
       116.34101435,
       39.94063179
      ],
      [
       116.34101435,
       39.94063173
      ],
      [
       116.34101493,
       39.94055972
      ],
      [
       116.34101539,
       39.9404877
      ],
      [
       116.34101539,
       39.94048765
      ],
      [
       116.34101596,
       39.94041563
      ],
      [
       116.34101642,
       39.94034364
      ],
      [
       116.34101687,
       39.94027147
      ],
      [
       116.34101687,
       39.94027141
      ],
      [
       116.34101745,
       39.9401994
      ],
      [
       116.34101791,
       39.94012741
      ],
      [
       116.34101836,
       39.94005533
      ],
      [
       116.34101836,
       39.94005527
      ],
      [
       116.34101894,
       39.93998326
      ],
      [
       116.34101939,
       39.93991118
      ],
      [
       116.34101985,
       39.9398391
      ],
      [
       116.34101985,
       39.93983904
      ],
      [
       116.34102043,
       39.93976703
      ],
      [
       116.34102088,
       39.93969504
      ],
      [
       116.34102134,
       39.93962296
      ],
      [
       116.34102134,
       39.93962291
      ],
      [
       116.34102191,
       39.9395508
      ],
      [
       116.34102237,
       39.93947878
      ],
      [
       116.34102237,
       39.93947872
      ],
      [
       116.34102295,
       39.9394067
      ],
      [
       116.3410234,
       39.93933472
      ],
      [
       116.34102386,
       39.93926264
      ],
      [
       116.34102386,
       39.93926259
      ],
      [
       116.34102443,
       39.93919047
      ],
      [
       116.34102489,
       39.93911848
      ],
      [
       116.34102512,
       39.93908309
      ],
      [
       116.34098264,
       39.93908309
      ],
      [
       116.34088831,
       39.9390831
      ],
      [
       116.34088823,
       39.9390831
      ],
      [
       116.34080558,
       39.93908302
      ],
      [
       116.34080385,
       39.93914607
      ],
      [
       116.34080187,
       39.9392182
      ],
      [
       116.34079989,
       39.93929036
      ],
      [
       116.34079989,
       39.93929041
      ],
      [
       116.3407978,
       39.93936251
      ],
      [
       116.34079582,
       39.93943458
      ],
      [
       116.34079384,
       39.9395068
      ],
      [
       116.34079186,
       39.93957893
      ],
      [
       116.34078988,
       39.93965109
      ],
      [
       116.34078988,
       39.93965114
      ],
      [
       116.34078778,
       39.93972324
      ],
      [
       116.34078581,
       39.93979531
      ],
      [
       116.34078383,
       39.93986744
      ],
      [
       116.34078185,
       39.93993966
      ],
      [
       116.34077987,
       39.94001182
      ],
      [
       116.34077987,
       39.94001187
      ],
      [
       116.34077777,
       39.94008398
      ],
      [
       116.34077579,
       39.94015605
      ],
      [
       116.34077381,
       39.94022817
      ],
      [
       116.34077184,
       39.94030039
      ],
      [
       116.34076985,
       39.94037255
      ],
      [
       116.34076985,
       39.9403726
      ],
      [
       116.34076776,
       39.9404447
      ],
      [
       116.34076579,
       39.94051678
      ],
      [
       116.34076381,
       39.9405889
      ],
      [
       116.34076183,
       39.94066103
      ],
      [
       116.34075985,
       39.94073328
      ],
      [
       116.34075984,
       39.94073333
      ],
      [
       116.34075774,
       39.94080544
      ],
      [
       116.34075577,
       39.94087751
      ],
      [
       116.34075379,
       39.94094964
      ],
      [
       116.34075181,
       39.94102176
      ],
      [
       116.34074983,
       39.94109401
      ],
      [
       116.34074982,
       39.94109406
      ],
      [
       116.34074774,
       39.94116616
      ],
      [
       116.34074576,
       39.94123824
      ],
      [
       116.34074378,
       39.94131037
      ],
      [
       116.3407418,
       39.94138249
      ],
      [
       116.34073982,
       39.94145465
      ],
      [
       116.34073981,
       39.9414547
      ],
      [
       116.34073772,
       39.9415269
      ],
      [
       116.34073574,
       39.94159897
      ],
      [
       116.3407352,
       39.9416184
      ]
     ]
    ]
   }
  },
  {
   "type": "Feature",
   "id": "BD-002",
   "properties": {
    "id": "BD-002",
    "layer": "BUILDING_FOOTPRINT",
    "building_type": "office",
    "land_use_code": "0902",
    "renewal_action": "new_build",
    "floors_above_ground": null,
    "height_m": null,
    "note_zh": "体量与高度为概念示意；官方控规强度条件未发布，不作容积率或高度结论。",
    "source_type": "agent_generated_design",
    "confidence": "low",
    "geometry_role": "design_proposal",
    "official_boundary": false,
    "boundary_precision": "provisional_rough"
   },
   "geometry": {
    "type": "Polygon",
    "coordinates": [
     [
      [
       116.34194253,
       39.93933993
      ],
      [
       116.34194207,
       39.93941234
      ],
      [
       116.34194207,
       39.93941254
      ],
      [
       116.34194149,
       39.93948476
      ],
      [
       116.34194104,
       39.93955695
      ],
      [
       116.34194059,
       39.93962935
      ],
      [
       116.34194058,
       39.93962957
      ],
      [
       116.34194001,
       39.9397018
      ],
      [
       116.34193955,
       39.93977402
      ],
      [
       116.34193954,
       39.93977422
      ],
      [
       116.34193897,
       39.93984643
      ],
      [
       116.34193851,
       39.93991864
      ],
      [
       116.34193805,
       39.93999105
      ],
      [
       116.34193805,
       39.93999124
      ],
      [
       116.34193748,
       39.94006345
      ],
      [
       116.34193702,
       39.94013559
      ],
      [
       116.34193656,
       39.9402081
      ],
      [
       116.34193656,
       39.9402083
      ],
      [
       116.34193598,
       39.94028051
      ],
      [
       116.34193555,
       39.940348
      ],
      [
       116.3434696,
       39.9403567
      ],
      [
       116.34346859,
       39.9403126
      ],
      [
       116.34346694,
       39.94024034
      ],
      [
       116.34346693,
       39.94024014
      ],
      [
       116.34346541,
       39.9401682
      ],
      [
       116.34346375,
       39.94009637
      ],
      [
       116.3434621,
       39.94002418
      ],
      [
       116.34346045,
       39.93995202
      ],
      [
       116.34346044,
       39.93995182
      ],
      [
       116.34345892,
       39.93987977
      ],
      [
       116.34345727,
       39.93980794
      ],
      [
       116.34345561,
       39.93973589
      ],
      [
       116.34345396,
       39.9396636
      ],
      [
       116.34345396,
       39.9396634
      ],
      [
       116.34345243,
       39.93959145
      ],
      [
       116.34345078,
       39.93951952
      ],
      [
       116.34344912,
       39.93944748
      ],
      [
       116.34344747,
       39.93937528
      ],
      [
       116.34344747,
       39.93937508
      ],
      [
       116.34344627,
       39.93931846
      ],
      [
       116.34343171,
       39.93931846
      ],
      [
       116.34333736,
       39.93931846
      ],
      [
       116.34333713,
       39.93931846
      ],
      [
       116.34324297,
       39.93931838
      ],
      [
       116.34314905,
       39.93931839
      ],
      [
       116.34305483,
       39.93931839
      ],
      [
       116.34296068,
       39.9393184
      ],
      [
       116.34286649,
       39.93931841
      ],
      [
       116.34277228,
       39.93931841
      ],
      [
       116.34267812,
       39.93931842
      ],
      [
       116.34258394,
       39.93931843
      ],
      [
       116.34248959,
       39.93931843
      ],
      [
       116.34248936,
       39.93931843
      ],
      [
       116.34239528,
       39.93931835
      ],
      [
       116.34230136,
       39.93931835
      ],
      [
       116.3422072,
       39.93931836
      ],
      [
       116.34211302,
       39.93931837
      ],
      [
       116.34201869,
       39.93931837
      ],
      [
       116.34194267,
       39.93931838
      ],
      [
       116.34194253,
       39.93933993
      ]
     ]
    ]
   }
  },
  {
   "type": "Feature",
   "id": "BD-003",
   "properties": {
    "id": "BD-003",
    "layer": "BUILDING_FOOTPRINT",
    "building_type": "office",
    "land_use_code": "0902",
    "renewal_action": "new_build",
    "floors_above_ground": null,
    "height_m": null,
    "note_zh": "体量与高度为概念示意；官方控规强度条件未发布，不作容积率或高度结论。",
    "source_type": "agent_generated_design",
    "confidence": "low",
    "geometry_role": "design_proposal",
    "official_boundary": false,
    "boundary_precision": "provisional_rough"
   },
   "geometry": {
    "type": "Polygon",
    "coordinates": [
     [
      [
       116.34193506,
       39.94042504
      ],
      [
       116.34193506,
       39.94042523
      ],
      [
       116.34193449,
       39.94049754
      ],
      [
       116.34193403,
       39.94056967
      ],
      [
       116.34193357,
       39.94064209
      ],
      [
       116.34193357,
       39.94064229
      ],
      [
       116.34193299,
       39.94071451
      ],
      [
       116.34193253,
       39.94078662
      ],
      [
       116.34193207,
       39.94085912
      ],
      [
       116.34193207,
       39.94085931
      ],
      [
       116.3419315,
       39.94093153
      ],
      [
       116.34193104,
       39.94100366
      ],
      [
       116.34193058,
       39.94107608
      ],
      [
       116.34193058,
       39.94107628
      ],
      [
       116.34193,
       39.94114859
      ],
      [
       116.34192955,
       39.94122079
      ],
      [
       116.34192954,
       39.94122098
      ],
      [
       116.34192897,
       39.9412932
      ],
      [
       116.34192852,
       39.94136534
      ],
      [
       116.34192817,
       39.94141979
      ],
      [
       116.34199976,
       39.94142197
      ],
      [
       116.34209398,
       39.94142485
      ],
      [
       116.34218825,
       39.94142774
      ],
      [
       116.34218848,
       39.94142774
      ],
      [
       116.34228253,
       39.9414307
      ],
      [
       116.34237643,
       39.94143357
      ],
      [
       116.34247071,
       39.94143645
      ],
      [
       116.342471,
       39.94143645
      ],
      [
       116.34256501,
       39.94143942
      ],
      [
       116.34265889,
       39.94144228
      ],
      [
       116.34275308,
       39.94144516
      ],
      [
       116.34284735,
       39.94144804
      ],
      [
       116.34284764,
       39.94144804
      ],
      [
       116.34294168,
       39.94145101
      ],
      [
       116.34303556,
       39.94145388
      ],
      [
       116.34312983,
       39.94145676
      ],
      [
       116.34313012,
       39.94145676
      ],
      [
       116.34322414,
       39.94145973
      ],
      [
       116.34331801,
       39.94146259
      ],
      [
       116.3434122,
       39.94146547
      ],
      [
       116.34349459,
       39.94146798
      ],
      [
       116.34349454,
       39.9414661
      ],
      [
       116.34349288,
       39.94139394
      ],
      [
       116.34349288,
       39.94139372
      ],
      [
       116.34349135,
       39.94132166
      ],
      [
       116.3434897,
       39.94124982
      ],
      [
       116.34348805,
       39.94117766
      ],
      [
       116.3434864,
       39.94110551
      ],
      [
       116.3434864,
       39.94110533
      ],
      [
       116.34348486,
       39.94103336
      ],
      [
       116.34348321,
       39.94096139
      ],
      [
       116.34348157,
       39.94088934
      ],
      [
       116.34347991,
       39.94081709
      ],
      [
       116.34347991,
       39.94081691
      ],
      [
       116.34347837,
       39.94074494
      ],
      [
       116.34347673,
       39.94067308
      ],
      [
       116.34347508,
       39.94060092
      ],
      [
       116.34347343,
       39.94052877
      ],
      [
       116.34347342,
       39.94052858
      ],
      [
       116.34347188,
       39.94045653
      ],
      [
       116.34347125,
       39.94042876
      ],
      [
       116.34193509,
       39.94042005
      ],
      [
       116.34193506,
       39.94042504
      ]
     ]
    ]
   }
  },
  {
   "type": "Feature",
   "id": "BD-004",
   "properties": {
    "id": "BD-004",
    "layer": "BUILDING_FOOTPRINT",
    "building_type": "office",
    "land_use_code": "0902",
    "renewal_action": "new_build",
    "floors_above_ground": null,
    "height_m": null,
    "note_zh": "体量与高度为概念示意；官方控规强度条件未发布，不作容积率或高度结论。",
    "source_type": "agent_generated_design",
    "confidence": "low",
    "geometry_role": "design_proposal",
    "official_boundary": false,
    "boundary_precision": "provisional_rough"
   },
   "geometry": {
    "type": "Polygon",
    "coordinates": [
     [
      [
       116.34748091,
       39.93927488
      ],
      [
       116.34748256,
       39.9393472
      ],
      [
       116.34748422,
       39.93941952
      ],
      [
       116.34748587,
       39.93949204
      ],
      [
       116.34748587,
       39.93949218
      ],
      [
       116.3474874,
       39.93956443
      ],
      [
       116.34748906,
       39.9396366
      ],
      [
       116.34749071,
       39.93970894
      ],
      [
       116.34749236,
       39.93978136
      ],
      [
       116.34749401,
       39.93985376
      ],
      [
       116.34749401,
       39.93985389
      ],
      [
       116.34749555,
       39.93992616
      ],
      [
       116.3474972,
       39.93999835
      ],
      [
       116.34749885,
       39.94007076
      ],
      [
       116.34750051,
       39.94014308
      ],
      [
       116.34750216,
       39.94021543
      ],
      [
       116.34750381,
       39.94028783
      ],
      [
       116.34750382,
       39.94028797
      ],
      [
       116.34750536,
       39.94036031
      ],
      [
       116.34750641,
       39.94040644
      ],
      [
       116.34838051,
       39.94041136
      ],
      [
       116.34838054,
       39.94040787
      ],
      [
       116.34838054,
       39.94040773
      ],
      [
       116.34838112,
       39.94033459
      ],
      [
       116.34838158,
       39.94026152
      ],
      [
       116.34838204,
       39.94018831
      ],
      [
       116.34838204,
       39.94018817
      ],
      [
       116.34838262,
       39.94011502
      ],
      [
       116.34838308,
       39.94004205
      ],
      [
       116.34838354,
       39.93996876
      ],
      [
       116.34838354,
       39.93996863
      ],
      [
       116.34838411,
       39.93989547
      ],
      [
       116.34838457,
       39.93982248
      ],
      [
       116.34838503,
       39.93974919
      ],
      [
       116.34838503,
       39.93974905
      ],
      [
       116.34838561,
       39.93967599
      ],
      [
       116.34838607,
       39.93960292
      ],
      [
       116.34838653,
       39.93952962
      ],
      [
       116.34838653,
       39.93952948
      ],
      [
       116.34838711,
       39.93945643
      ],
      [
       116.34838757,
       39.93938337
      ],
      [
       116.34838802,
       39.93931017
      ],
      [
       116.34838802,
       39.93931002
      ],
      [
       116.3483886,
       39.93923686
      ],
      [
       116.34838864,
       39.93923028
      ],
      [
       116.34832974,
       39.93923029
      ],
      [
       116.34823556,
       39.9392303
      ],
      [
       116.34814137,
       39.93923031
      ],
      [
       116.3480471,
       39.93923032
      ],
      [
       116.34804691,
       39.93923032
      ],
      [
       116.34795271,
       39.93923024
      ],
      [
       116.34785872,
       39.93923025
      ],
      [
       116.34776456,
       39.93923027
      ],
      [
       116.34767033,
       39.93923028
      ],
      [
       116.34757615,
       39.93923029
      ],
      [
       116.34748197,
       39.9392303
      ],
      [
       116.34747989,
       39.9392303
      ],
      [
       116.34748091,
       39.93927488
      ]
     ]
    ]
   }
  },
  {
   "type": "Feature",
   "id": "BD-005",
   "properties": {
    "id": "BD-005",
    "layer": "BUILDING_FOOTPRINT",
    "building_type": "office",
    "land_use_code": "0902",
    "renewal_action": "new_build",
    "floors_above_ground": null,
    "height_m": null,
    "note_zh": "体量与高度为概念示意；官方控规强度条件未发布，不作容积率或高度结论。",
    "source_type": "agent_generated_design",
    "confidence": "low",
    "geometry_role": "design_proposal",
    "official_boundary": false,
    "boundary_precision": "provisional_rough"
   },
   "geometry": {
    "type": "Polygon",
    "coordinates": [
     [
      [
       116.34750865,
       39.94050483
      ],
      [
       116.3475103,
       39.94057724
      ],
      [
       116.34751196,
       39.94064964
      ],
      [
       116.34751197,
       39.94064979
      ],
      [
       116.3475135,
       39.94072206
      ],
      [
       116.34751514,
       39.94079423
      ],
      [
       116.3475168,
       39.94086664
      ],
      [
       116.34751845,
       39.94093899
      ],
      [
       116.34752011,
       39.94101132
      ],
      [
       116.34752176,
       39.94108371
      ],
      [
       116.34752176,
       39.94108385
      ],
      [
       116.3475233,
       39.9411562
      ],
      [
       116.34752495,
       39.94122839
      ],
      [
       116.3475266,
       39.94130071
      ],
      [
       116.34752826,
       39.94137303
      ],
      [
       116.34752991,
       39.94144554
      ],
      [
       116.34752991,
       39.94144567
      ],
      [
       116.34753145,
       39.94151794
      ],
      [
       116.3475331,
       39.94159013
      ],
      [
       116.34753475,
       39.94166245
      ],
      [
       116.34753517,
       39.94168076
      ],
      [
       116.34755082,
       39.94168123
      ],
      [
       116.34764498,
       39.9416841
      ],
      [
       116.34773923,
       39.94168698
      ],
      [
       116.34773941,
       39.94168698
      ],
      [
       116.34783348,
       39.94168994
      ],
      [
       116.34792746,
       39.9416928
      ],
      [
       116.34802172,
       39.94169568
      ],
      [
       116.34802192,
       39.94169568
      ],
      [
       116.34811598,
       39.94169865
      ],
      [
       116.34820994,
       39.94170151
      ],
      [
       116.34830419,
       39.94170439
      ],
      [
       116.34830437,
       39.94170439
      ],
      [
       116.3483717,
       39.94170651
      ],
      [
       116.34837213,
       39.94165187
      ],
      [
       116.34837259,
       39.9415788
      ],
      [
       116.34837305,
       39.9415056
      ],
      [
       116.34837305,
       39.94150546
      ],
      [
       116.34837363,
       39.94143231
      ],
      [
       116.34837409,
       39.94135933
      ],
      [
       116.34837455,
       39.94128604
      ],
      [
       116.34837455,
       39.94128591
      ],
      [
       116.34837512,
       39.94121276
      ],
      [
       116.34837558,
       39.94113977
      ],
      [
       116.34837604,
       39.94106647
      ],
      [
       116.34837604,
       39.94106633
      ],
      [
       116.34837662,
       39.94099318
      ],
      [
       116.34837708,
       39.94092021
      ],
      [
       116.34837754,
       39.94084691
      ],
      [
       116.34837754,
       39.94084677
      ],
      [
       116.34837812,
       39.94077371
      ],
      [
       116.34837858,
       39.94070064
      ],
      [
       116.34837904,
       39.94062736
      ],
      [
       116.34837905,
       39.94062723
      ],
      [
       116.34837961,
       39.94055416
      ],
      [
       116.34838006,
       39.9404834
      ],
      [
       116.34750805,
       39.9404785
      ],
      [
       116.34750865,
       39.94050483
      ]
     ]
    ]
   }
  },
  {
   "type": "Feature",
   "id": "BD-006",
   "properties": {
    "id": "BD-006",
    "layer": "BUILDING_FOOTPRINT",
    "building_type": "office",
    "land_use_code": "0902",
    "renewal_action": "renovate",
    "floors_above_ground": null,
    "height_m": null,
    "note_zh": "体量与高度为概念示意；官方控规强度条件未发布，不作容积率或高度结论。",
    "source_type": "agent_generated_design",
    "confidence": "low",
    "geometry_role": "design_proposal",
    "official_boundary": false,
    "boundary_precision": "provisional_rough"
   },
   "geometry": {
    "type": "Polygon",
    "coordinates": [
     [
      [
       116.34970248,
       39.93953709
      ],
      [
       116.34970202,
       39.93961028
      ],
      [
       116.34970156,
       39.93968382
      ],
      [
       116.34970156,
       39.93968412
      ],
      [
       116.34970098,
       39.93975746
      ],
      [
       116.34970052,
       39.93983056
      ],
      [
       116.34970006,
       39.9399042
      ],
      [
       116.34970006,
       39.9399045
      ],
      [
       116.34969948,
       39.93997774
      ],
      [
       116.34969903,
       39.94005093
      ],
      [
       116.34969856,
       39.9401245
      ],
      [
       116.34969855,
       39.94012475
      ],
      [
       116.34969799,
       39.94019812
      ],
      [
       116.34969752,
       39.94027124
      ],
      [
       116.34969706,
       39.9403447
      ],
      [
       116.3496966,
       39.94041825
      ],
      [
       116.3496966,
       39.94041855
      ],
      [
       116.3496962,
       39.94046897
      ],
      [
       116.35304304,
       39.9404877
      ],
      [
       116.35304343,
       39.94042471
      ],
      [
       116.35304343,
       39.94042441
      ],
      [
       116.353044,
       39.94035188
      ],
      [
       116.35304445,
       39.94027942
      ],
      [
       116.3530449,
       39.94020658
      ],
      [
       116.35304491,
       39.94020628
      ],
      [
       116.35304547,
       39.94013376
      ],
      [
       116.35304592,
       39.94006139
      ],
      [
       116.35304637,
       39.93998857
      ],
      [
       116.35304638,
       39.93998829
      ],
      [
       116.35304694,
       39.93991576
      ],
      [
       116.35304739,
       39.93984327
      ],
      [
       116.35304784,
       39.93977043
      ],
      [
       116.35304784,
       39.93977013
      ],
      [
       116.35304841,
       39.9396976
      ],
      [
       116.35304886,
       39.93962524
      ],
      [
       116.35304931,
       39.9395524
      ],
      [
       116.35304931,
       39.9395521
      ],
      [
       116.35304988,
       39.93947957
      ],
      [
       116.3530499,
       39.93947689
      ],
      [
       116.35303947,
       39.93947689
      ],
      [
       116.35294533,
       39.9394769
      ],
      [
       116.35285097,
       39.93947692
      ],
      [
       116.35285054,
       39.93947692
      ],
      [
       116.35275657,
       39.93947684
      ],
      [
       116.3526627,
       39.93947686
      ],
      [
       116.35256847,
       39.93947687
      ],
      [
       116.35247433,
       39.93947689
      ],
      [
       116.35238011,
       39.9394769
      ],
      [
       116.35228596,
       39.93947692
      ],
      [
       116.3521917,
       39.93947693
      ],
      [
       116.35209733,
       39.93947694
      ],
      [
       116.35209699,
       39.93947694
      ],
      [
       116.35200298,
       39.93947687
      ],
      [
       116.35190918,
       39.93947688
      ],
      [
       116.35181504,
       39.9394769
      ],
      [
       116.35172078,
       39.93947691
      ],
      [
       116.35162663,
       39.93947692
      ],
      [
       116.35153237,
       39.93947694
      ],
      [
       116.35143811,
       39.93947695
      ],
      [
       116.35134396,
       39.93947696
      ],
      [
       116.35124961,
       39.93947698
      ],
      [
       116.35124918,
       39.93947698
      ],
      [
       116.35115516,
       39.9394769
      ],
      [
       116.35106141,
       39.93947691
      ],
      [
       116.35096726,
       39.93947693
      ],
      [
       116.350873,
       39.93947694
      ],
      [
       116.35077882,
       39.93947695
      ],
      [
       116.35068467,
       39.93947696
      ],
      [
       116.35059053,
       39.93947698
      ],
      [
       116.35049606,
       39.93947699
      ],
      [
       116.35049568,
       39.93947699
      ],
      [
       116.35040169,
       39.93947691
      ],
      [
       116.35030782,
       39.93947692
      ],
      [
       116.35021367,
       39.93947694
      ],
      [
       116.35011941,
       39.93947695
      ],
      [
       116.35002522,
       39.93947696
      ],
      [
       116.34993108,
       39.93947697
      ],
      [
       116.34983694,
       39.93947699
      ],
      [
       116.34974267,
       39.939477
      ],
      [
       116.34970295,
       39.939477
      ],
      [
       116.34970248,
       39.93953709
      ]
     ]
    ]
   }
  },
  {
   "type": "Feature",
   "id": "BD-007",
   "properties": {
    "id": "BD-007",
    "layer": "BUILDING_FOOTPRINT",
    "building_type": "office",
    "land_use_code": "0902",
    "renewal_action": "new_build",
    "floors_above_ground": null,
    "height_m": null,
    "note_zh": "体量与高度为概念示意；官方控规强度条件未发布，不作容积率或高度结论。",
    "source_type": "agent_generated_design",
    "confidence": "low",
    "geometry_role": "design_proposal",
    "official_boundary": false,
    "boundary_precision": "provisional_rough"
   },
   "geometry": {
    "type": "Polygon",
    "coordinates": [
     [
      [
       116.34969556,
       39.94056499
      ],
      [
       116.3496951,
       39.94063862
      ],
      [
       116.3496951,
       39.94063892
      ],
      [
       116.34969452,
       39.94071217
      ],
      [
       116.34969406,
       39.94078536
      ],
      [
       116.34969359,
       39.94085893
      ],
      [
       116.34969359,
       39.94085918
      ],
      [
       116.34969302,
       39.94093254
      ],
      [
       116.34969255,
       39.94100566
      ],
      [
       116.34969209,
       39.94107928
      ],
      [
       116.34969209,
       39.94107958
      ],
      [
       116.34969151,
       39.94115283
      ],
      [
       116.34969106,
       39.94122601
      ],
      [
       116.3496906,
       39.94129956
      ],
      [
       116.34969059,
       39.94129986
      ],
      [
       116.34969002,
       39.9413732
      ],
      [
       116.34968956,
       39.9414463
      ],
      [
       116.34968922,
       39.94150009
      ],
      [
       116.34974627,
       39.94150184
      ],
      [
       116.34984001,
       39.9415047
      ],
      [
       116.34984044,
       39.94150472
      ],
      [
       116.34993385,
       39.94150767
      ],
      [
       116.35002699,
       39.94151053
      ],
      [
       116.35012052,
       39.94151339
      ],
      [
       116.35021419,
       39.94151626
      ],
      [
       116.35030772,
       39.94151913
      ],
      [
       116.35040125,
       39.94152199
      ],
      [
       116.35049488,
       39.94152486
      ],
      [
       116.3505884,
       39.94152772
      ],
      [
       116.35068225,
       39.94153059
      ],
      [
       116.35068261,
       39.9415306
      ],
      [
       116.35077589,
       39.94153355
      ],
      [
       116.3508691,
       39.94153641
      ],
      [
       116.35096264,
       39.94153928
      ],
      [
       116.35105616,
       39.94154214
      ],
      [
       116.35114979,
       39.94154501
      ],
      [
       116.35124332,
       39.94154787
      ],
      [
       116.35133694,
       39.94155074
      ],
      [
       116.35143069,
       39.9415536
      ],
      [
       116.35143112,
       39.94155362
      ],
      [
       116.35152448,
       39.94155657
      ],
      [
       116.35161762,
       39.94155942
      ],
      [
       116.35171125,
       39.94156229
      ],
      [
       116.35180477,
       39.94156515
      ],
      [
       116.3518984,
       39.94156802
      ],
      [
       116.35199193,
       39.94157088
      ],
      [
       116.35208556,
       39.94157375
      ],
      [
       116.35217918,
       39.94157661
      ],
      [
       116.35217955,
       39.94157662
      ],
      [
       116.35227297,
       39.94157957
      ],
      [
       116.35236617,
       39.94158243
      ],
      [
       116.35245969,
       39.94158529
      ],
      [
       116.35255332,
       39.94158816
      ],
      [
       116.35264684,
       39.94159102
      ],
      [
       116.35274047,
       39.94159389
      ],
      [
       116.352834,
       39.94159675
      ],
      [
       116.35292779,
       39.94159961
      ],
      [
       116.35292822,
       39.94159963
      ],
      [
       116.35302158,
       39.94160258
      ],
      [
       116.35303552,
       39.941603
      ],
      [
       116.35303564,
       39.94158757
      ],
      [
       116.35303609,
       39.9415152
      ],
      [
       116.35303654,
       39.94144237
      ],
      [
       116.35303654,
       39.94144207
      ],
      [
       116.35303711,
       39.94136957
      ],
      [
       116.35303755,
       39.94129722
      ],
      [
       116.35303801,
       39.94122422
      ],
      [
       116.35303802,
       39.94122397
      ],
      [
       116.35303858,
       39.94115145
      ],
      [
       116.35303902,
       39.94107905
      ],
      [
       116.35303948,
       39.94100621
      ],
      [
       116.35303948,
       39.94100591
      ],
      [
       116.35304005,
       39.94093339
      ],
      [
       116.3530405,
       39.94086102
      ],
      [
       116.35304095,
       39.94078819
      ],
      [
       116.35304095,
       39.94078788
      ],
      [
       116.35304152,
       39.94071526
      ],
      [
       116.35304197,
       39.94064276
      ],
      [
       116.35304197,
       39.94064248
      ],
      [
       116.35304253,
       39.94056994
      ],
      [
       116.35304259,
       39.94055974
      ],
      [
       116.34969571,
       39.94054102
      ],
      [
       116.34969556,
       39.94056499
      ]
     ]
    ]
   }
  },
  {
   "type": "Feature",
   "id": "BD-008",
   "properties": {
    "id": "BD-008",
    "layer": "BUILDING_FOOTPRINT",
    "building_type": "office",
    "land_use_code": "0902",
    "renewal_action": "new_build",
    "floors_above_ground": null,
    "height_m": null,
    "note_zh": "体量与高度为概念示意；官方控规强度条件未发布，不作容积率或高度结论。",
    "source_type": "agent_generated_design",
    "confidence": "low",
    "geometry_role": "design_proposal",
    "official_boundary": false,
    "boundary_precision": "provisional_rough"
   },
   "geometry": {
    "type": "Polygon",
    "coordinates": [
     [
      [
       116.35432955,
       39.93926763
      ],
      [
       116.35432955,
       39.93926776
      ],
      [
       116.35432898,
       39.93934063
      ],
      [
       116.35432853,
       39.93941345
      ],
      [
       116.35432808,
       39.93948647
      ],
      [
       116.35432808,
       39.93948659
      ],
      [
       116.35432751,
       39.93955949
      ],
      [
       116.35432705,
       39.9396323
      ],
      [
       116.3543266,
       39.93970531
      ],
      [
       116.3543266,
       39.93970544
      ],
      [
       116.35432603,
       39.93977823
      ],
      [
       116.35432559,
       39.93985105
      ],
      [
       116.35432514,
       39.93992406
      ],
      [
       116.35432513,
       39.93992418
      ],
      [
       116.35432457,
       39.93999707
      ],
      [
       116.35432412,
       39.94006989
      ],
      [
       116.35432367,
       39.94014291
      ],
      [
       116.35432367,
       39.94014303
      ],
      [
       116.3543231,
       39.94021591
      ],
      [
       116.35432265,
       39.94028873
      ],
      [
       116.35432219,
       39.94036176
      ],
      [
       116.35432219,
       39.94036186
      ],
      [
       116.35432163,
       39.94043476
      ],
      [
       116.35432126,
       39.9404933
      ],
      [
       116.35503889,
       39.9404973
      ],
      [
       116.35503896,
       39.94044437
      ],
      [
       116.35503893,
       39.94037228
      ],
      [
       116.35503891,
       39.94030004
      ],
      [
       116.35503888,
       39.94022782
      ],
      [
       116.35503886,
       39.94015551
      ],
      [
       116.35503886,
       39.9401554
      ],
      [
       116.35503895,
       39.94008322
      ],
      [
       116.35503893,
       39.94001112
      ],
      [
       116.3550389,
       39.93993899
      ],
      [
       116.35503888,
       39.93986675
      ],
      [
       116.35503885,
       39.93979446
      ],
      [
       116.35503885,
       39.93979433
      ],
      [
       116.35503895,
       39.93972216
      ],
      [
       116.35503892,
       39.93965007
      ],
      [
       116.3550389,
       39.93957782
      ],
      [
       116.35503888,
       39.9395056
      ],
      [
       116.35503885,
       39.93943332
      ],
      [
       116.35503885,
       39.93943319
      ],
      [
       116.35503894,
       39.93936101
      ],
      [
       116.35503892,
       39.9392889
      ],
      [
       116.3550389,
       39.93921668
      ],
      [
       116.3550389,
       39.93920097
      ],
      [
       116.35501742,
       39.93920097
      ],
      [
       116.35492326,
       39.93920099
      ],
      [
       116.35482907,
       39.93920101
      ],
      [
       116.35473487,
       39.93920102
      ],
      [
       116.3546407,
       39.93920104
      ],
      [
       116.3545465,
       39.93920105
      ],
      [
       116.35445225,
       39.93920107
      ],
      [
       116.35445209,
       39.93920107
      ],
      [
       116.35435797,
       39.939201
      ],
      [
       116.35432996,
       39.93920101
      ],
      [
       116.35432955,
       39.93926763
      ]
     ]
    ]
   }
  },
  {
   "type": "Feature",
   "id": "BD-009",
   "properties": {
    "id": "BD-009",
    "layer": "BUILDING_FOOTPRINT",
    "building_type": "office",
    "land_use_code": "0902",
    "renewal_action": "new_build",
    "floors_above_ground": null,
    "height_m": null,
    "note_zh": "体量与高度为概念示意；官方控规强度条件未发布，不作容积率或高度结论。",
    "source_type": "agent_generated_design",
    "confidence": "low",
    "geometry_role": "design_proposal",
    "official_boundary": false,
    "boundary_precision": "provisional_rough"
   },
   "geometry": {
    "type": "Polygon",
    "coordinates": [
     [
      [
       116.35432072,
       39.9405805
      ],
      [
       116.35432072,
       39.94058063
      ],
      [
       116.35432015,
       39.94065351
      ],
      [
       116.3543197,
       39.94072632
      ],
      [
       116.35431925,
       39.94079934
      ],
      [
       116.35431925,
       39.94079946
      ],
      [
       116.35431868,
       39.94087235
      ],
      [
       116.35431823,
       39.94094517
      ],
      [
       116.35431778,
       39.94101818
      ],
      [
       116.35431778,
       39.9410183
      ],
      [
       116.35431721,
       39.94109119
      ],
      [
       116.35431676,
       39.94116401
      ],
      [
       116.3543163,
       39.94123704
      ],
      [
       116.3543163,
       39.94123715
      ],
      [
       116.35431574,
       39.94130994
      ],
      [
       116.35431528,
       39.94138277
      ],
      [
       116.35431483,
       39.94145578
      ],
      [
       116.35431483,
       39.9414559
      ],
      [
       116.35431426,
       39.94152879
      ],
      [
       116.35431381,
       39.9416016
      ],
      [
       116.35431336,
       39.94167462
      ],
      [
       116.35431336,
       39.94167474
      ],
      [
       116.35431279,
       39.94174763
      ],
      [
       116.35431234,
       39.94182045
      ],
      [
       116.35431189,
       39.94189346
      ],
      [
       116.35431189,
       39.94189358
      ],
      [
       116.3543117,
       39.94191813
      ],
      [
       116.35434207,
       39.94191906
      ],
      [
       116.35434224,
       39.94191906
      ],
      [
       116.35443633,
       39.94192202
      ],
      [
       116.35453031,
       39.94192488
      ],
      [
       116.35462446,
       39.94192774
      ],
      [
       116.35471874,
       39.94193062
      ],
      [
       116.35471889,
       39.94193062
      ],
      [
       116.35481285,
       39.94193357
      ],
      [
       116.35488114,
       39.94193565
      ],
      [
       116.35489111,
       39.94188009
      ],
      [
       116.35490395,
       39.94180797
      ],
      [
       116.35490397,
       39.94180785
      ],
      [
       116.35491692,
       39.94173577
      ],
      [
       116.35492976,
       39.94166358
      ],
      [
       116.35492978,
       39.94166345
      ],
      [
       116.35494273,
       39.94159137
      ],
      [
       116.35495557,
       39.94151918
      ],
      [
       116.35495559,
       39.94151905
      ],
      [
       116.35496854,
       39.94144697
      ],
      [
       116.35498137,
       39.94137478
      ],
      [
       116.3549814,
       39.94137463
      ],
      [
       116.35499435,
       39.94130255
      ],
      [
       116.35500718,
       39.94123038
      ],
      [
       116.35500721,
       39.94123023
      ],
      [
       116.35502016,
       39.94115815
      ],
      [
       116.35503299,
       39.94108598
      ],
      [
       116.35503302,
       39.94108583
      ],
      [
       116.35503892,
       39.94105295
      ],
      [
       116.35503892,
       39.94102224
      ],
      [
       116.35503889,
       39.94095002
      ],
      [
       116.35503887,
       39.9408778
      ],
      [
       116.35503887,
       39.94087769
      ],
      [
       116.35503896,
       39.94080552
      ],
      [
       116.35503894,
       39.94073342
      ],
      [
       116.35503891,
       39.9406612
      ],
      [
       116.35503889,
       39.94058896
      ],
      [
       116.35503888,
       39.94056935
      ],
      [
       116.35432081,
       39.94056535
      ],
      [
       116.35432072,
       39.9405805
      ]
     ]
    ]
   }
  },
  {
   "type": "Feature",
   "id": "BD-010",
   "properties": {
    "id": "BD-010",
    "layer": "BUILDING_FOOTPRINT",
    "building_type": "office",
    "land_use_code": "0902",
    "renewal_action": "new_build",
    "floors_above_ground": null,
    "height_m": null,
    "note_zh": "体量与高度为概念示意；官方控规强度条件未发布，不作容积率或高度结论。",
    "source_type": "agent_generated_design",
    "confidence": "low",
    "geometry_role": "design_proposal",
    "official_boundary": false,
    "boundary_precision": "provisional_rough"
   },
   "geometry": {
    "type": "Polygon",
    "coordinates": [
     [
      [
       116.35494774,
       39.94713008
      ],
      [
       116.35495344,
       39.94713025
      ],
      [
       116.35504707,
       39.94713312
      ],
      [
       116.35504711,
       39.94713312
      ],
      [
       116.35514054,
       39.94713607
      ],
      [
       116.3552307,
       39.94713883
      ],
      [
       116.35523077,
       39.94708892
      ],
      [
       116.35523074,
       39.94701673
      ],
      [
       116.35523072,
       39.94694449
      ],
      [
       116.35523069,
       39.94687227
      ],
      [
       116.35523067,
       39.94680002
      ],
      [
       116.35523067,
       39.94679998
      ],
      [
       116.35523076,
       39.94672777
      ],
      [
       116.35523074,
       39.94665557
      ],
      [
       116.35523071,
       39.94658335
      ],
      [
       116.35523069,
       39.94651111
      ],
      [
       116.35523067,
       39.94643887
      ],
      [
       116.35523067,
       39.94643883
      ],
      [
       116.35523076,
       39.94636662
      ],
      [
       116.35523073,
       39.94629444
      ],
      [
       116.35523071,
       39.94622229
      ],
      [
       116.35523069,
       39.94615005
      ],
      [
       116.35523069,
       39.94615001
      ],
      [
       116.35523078,
       39.9460778
      ],
      [
       116.35523075,
       39.94600561
      ],
      [
       116.35523073,
       39.94593337
      ],
      [
       116.35523071,
       39.94586114
      ],
      [
       116.35523068,
       39.9457889
      ],
      [
       116.35523068,
       39.94578887
      ],
      [
       116.35523069,
       39.94578444
      ],
      [
       116.35522119,
       39.94578423
      ],
      [
       116.35522115,
       39.94578423
      ],
      [
       116.35518846,
       39.94578349
      ],
      [
       116.35518409,
       39.94580792
      ],
      [
       116.35517125,
       39.94587991
      ],
      [
       116.35517124,
       39.94587995
      ],
      [
       116.35515829,
       39.94595183
      ],
      [
       116.35514544,
       39.94602376
      ],
      [
       116.3551326,
       39.94609565
      ],
      [
       116.35511975,
       39.94616754
      ],
      [
       116.35510692,
       39.94623951
      ],
      [
       116.35509406,
       39.94631141
      ],
      [
       116.35508123,
       39.94638338
      ],
      [
       116.35506837,
       39.94645528
      ],
      [
       116.35505553,
       39.94652716
      ],
      [
       116.3550427,
       39.94659913
      ],
      [
       116.35502984,
       39.94667104
      ],
      [
       116.355017,
       39.94674291
      ],
      [
       116.35500415,
       39.94681491
      ],
      [
       116.35500415,
       39.94681494
      ],
      [
       116.35499119,
       39.94688681
      ],
      [
       116.35497834,
       39.94695876
      ],
      [
       116.3549655,
       39.94703064
      ],
      [
       116.35495265,
       39.94710253
      ],
      [
       116.35494774,
       39.94713008
      ]
     ]
    ]
   }
  },
  {
   "type": "Feature",
   "id": "BD-011",
   "properties": {
    "id": "BD-011",
    "layer": "BUILDING_FOOTPRINT",
    "building_type": "retail",
    "land_use_code": "0901",
    "renewal_action": "renovate",
    "floors_above_ground": null,
    "height_m": null,
    "note_zh": "体量与高度为概念示意；官方控规强度条件未发布，不作容积率或高度结论。",
    "source_type": "agent_generated_design",
    "confidence": "low",
    "geometry_role": "design_proposal",
    "official_boundary": false,
    "boundary_precision": "provisional_rough"
   },
   "geometry": {
    "type": "Polygon",
    "coordinates": [
     [
      [
       116.35428187,
       39.95201835
      ],
      [
       116.35428198,
       39.95201836
      ],
      [
       116.35437938,
       39.95202142
      ],
      [
       116.3544766,
       39.95202439
      ],
      [
       116.35457403,
       39.95202736
      ],
      [
       116.3546715,
       39.95203034
      ],
      [
       116.35476899,
       39.95203331
      ],
      [
       116.35476911,
       39.95203332
      ],
      [
       116.35486652,
       39.95203638
      ],
      [
       116.35496385,
       39.95203935
      ],
      [
       116.35506128,
       39.95204232
      ],
      [
       116.35510103,
       39.95204354
      ],
      [
       116.35510108,
       39.95199995
      ],
      [
       116.35510106,
       39.95192781
      ],
      [
       116.35510104,
       39.95185559
      ],
      [
       116.35510102,
       39.95178337
      ],
      [
       116.355101,
       39.95171108
      ],
      [
       116.355101,
       39.95171099
      ],
      [
       116.35510109,
       39.9516388
      ],
      [
       116.35510107,
       39.95156676
      ],
      [
       116.35510104,
       39.95149454
      ],
      [
       116.35510102,
       39.95142225
      ],
      [
       116.35510102,
       39.95142216
      ],
      [
       116.35510111,
       39.95134997
      ],
      [
       116.35510109,
       39.95127784
      ],
      [
       116.35510106,
       39.95120562
      ],
      [
       116.35510104,
       39.95113337
      ],
      [
       116.35510102,
       39.9510611
      ],
      [
       116.35510102,
       39.95106101
      ],
      [
       116.35510111,
       39.95098883
      ],
      [
       116.35510109,
       39.9509167
      ],
      [
       116.35510106,
       39.95084448
      ],
      [
       116.35510104,
       39.95077224
      ],
      [
       116.35510101,
       39.95070006
      ],
      [
       116.35510101,
       39.95069995
      ],
      [
       116.35510111,
       39.95062777
      ],
      [
       116.35510108,
       39.95055565
      ],
      [
       116.35510106,
       39.95048341
      ],
      [
       116.35510104,
       39.9504311
      ],
      [
       116.35448922,
       39.9504277
      ],
      [
       116.35447691,
       39.95049657
      ],
      [
       116.35446407,
       39.95056845
      ],
      [
       116.35445122,
       39.95064042
      ],
      [
       116.35443838,
       39.95071231
      ],
      [
       116.35442553,
       39.95078421
      ],
      [
       116.35441268,
       39.95085617
      ],
      [
       116.35439984,
       39.95092807
      ],
      [
       116.35438699,
       39.95100004
      ],
      [
       116.35437414,
       39.95107194
      ],
      [
       116.3543613,
       39.95114382
      ],
      [
       116.35434844,
       39.95121584
      ],
      [
       116.35434842,
       39.95121595
      ],
      [
       116.35433547,
       39.95128777
      ],
      [
       116.35432264,
       39.95135965
      ],
      [
       116.35430979,
       39.95143156
      ],
      [
       116.35429695,
       39.95150344
      ],
      [
       116.3542841,
       39.95157541
      ],
      [
       116.35427125,
       39.9516473
      ],
      [
       116.35425842,
       39.95171926
      ],
      [
       116.35424556,
       39.95179119
      ],
      [
       116.35423271,
       39.95186306
      ],
      [
       116.35421988,
       39.95193501
      ],
      [
       116.35420702,
       39.95200693
      ],
      [
       116.3542054,
       39.95201602
      ],
      [
       116.35428187,
       39.95201835
      ]
     ]
    ]
   }
  },
  {
   "type": "Feature",
   "id": "BD-012",
   "properties": {
    "id": "BD-012",
    "layer": "BUILDING_FOOTPRINT",
    "building_type": "retail",
    "land_use_code": "0901",
    "renewal_action": "new_build",
    "floors_above_ground": null,
    "height_m": null,
    "note_zh": "体量与高度为概念示意；官方控规强度条件未发布，不作容积率或高度结论。",
    "source_type": "agent_generated_design",
    "confidence": "low",
    "geometry_role": "design_proposal",
    "official_boundary": false,
    "boundary_precision": "provisional_rough"
   },
   "geometry": {
    "type": "Polygon",
    "coordinates": [
     [
      [
       116.35510101,
       39.9503389
      ],
      [
       116.35510101,
       39.95033881
      ],
      [
       116.3551011,
       39.95026662
      ],
      [
       116.35510108,
       39.95019449
      ],
      [
       116.35510105,
       39.95012227
      ],
      [
       116.35510103,
       39.95005002
      ],
      [
       116.35510101,
       39.94997775
      ],
      [
       116.35510101,
       39.94997766
      ],
      [
       116.3551011,
       39.94990547
      ],
      [
       116.35510108,
       39.94983334
      ],
      [
       116.35510105,
       39.94976121
      ],
      [
       116.35510103,
       39.94968897
      ],
      [
       116.355101,
       39.9496167
      ],
      [
       116.355101,
       39.94961659
      ],
      [
       116.3551011,
       39.94954441
      ],
      [
       116.35510107,
       39.9494723
      ],
      [
       116.35510105,
       39.94940006
      ],
      [
       116.35510102,
       39.94932784
      ],
      [
       116.355101,
       39.94925555
      ],
      [
       116.355101,
       39.94925546
      ],
      [
       116.35510109,
       39.94918327
      ],
      [
       116.35510107,
       39.94911114
      ],
      [
       116.35510104,
       39.94903892
      ],
      [
       116.35510102,
       39.94896663
      ],
      [
       116.35510102,
       39.94896654
      ],
      [
       116.35510111,
       39.94889444
      ],
      [
       116.35510109,
       39.94882231
      ],
      [
       116.35510106,
       39.94875009
      ],
      [
       116.35510104,
       39.94867784
      ],
      [
       116.35510102,
       39.94860557
      ],
      [
       116.35510102,
       39.94860548
      ],
      [
       116.35510111,
       39.94853329
      ],
      [
       116.35510109,
       39.94846116
      ],
      [
       116.35510106,
       39.94838894
      ],
      [
       116.35510105,
       39.9483167
      ],
      [
       116.35510102,
       39.94824443
      ],
      [
       116.35510102,
       39.94824432
      ],
      [
       116.35510112,
       39.94817214
      ],
      [
       116.35510109,
       39.94810002
      ],
      [
       116.35510107,
       39.94802787
      ],
      [
       116.35510104,
       39.94795565
      ],
      [
       116.35510102,
       39.94788337
      ],
      [
       116.35510102,
       39.94788328
      ],
      [
       116.35510111,
       39.94781109
      ],
      [
       116.35510109,
       39.94773896
      ],
      [
       116.35510106,
       39.94766674
      ],
      [
       116.35510104,
       39.94759449
      ],
      [
       116.35510103,
       39.94757576
      ],
      [
       116.35507832,
       39.94757507
      ],
      [
       116.35499958,
       39.94757267
      ],
      [
       116.3549912,
       39.94761961
      ],
      [
       116.35497834,
       39.94769164
      ],
      [
       116.35497832,
       39.94769174
      ],
      [
       116.35496537,
       39.94776357
      ],
      [
       116.35495255,
       39.94783536
      ],
      [
       116.3549397,
       39.94790733
      ],
      [
       116.35492686,
       39.94797923
      ],
      [
       116.35491401,
       39.9480512
      ],
      [
       116.35490117,
       39.94812309
      ],
      [
       116.35488832,
       39.94819499
      ],
      [
       116.35487547,
       39.94826695
      ],
      [
       116.35486263,
       39.94833885
      ],
      [
       116.35484978,
       39.94841082
      ],
      [
       116.35483694,
       39.94848271
      ],
      [
       116.35482409,
       39.94855462
      ],
      [
       116.35481112,
       39.94862667
      ],
      [
       116.35479829,
       39.94869847
      ],
      [
       116.35478544,
       39.94877036
      ],
      [
       116.35477259,
       39.94884232
      ],
      [
       116.35475975,
       39.94891422
      ],
      [
       116.35474691,
       39.94898619
      ],
      [
       116.35473406,
       39.94905809
      ],
      [
       116.35472121,
       39.94912997
      ],
      [
       116.35470838,
       39.94920193
      ],
      [
       116.35469552,
       39.94927385
      ],
      [
       116.35468268,
       39.94934581
      ],
      [
       116.35466983,
       39.94941771
      ],
      [
       116.35465698,
       39.94948961
      ],
      [
       116.35464401,
       39.94956166
      ],
      [
       116.35463118,
       39.94963346
      ],
      [
       116.35461834,
       39.94970541
      ],
      [
       116.35460548,
       39.94977733
      ],
      [
       116.35459265,
       39.94984921
      ],
      [
       116.3545798,
       39.94992118
      ],
      [
       116.35456695,
       39.94999308
      ],
      [
       116.35455411,
       39.95006503
      ],
      [
       116.35454126,
       39.95013695
      ],
      [
       116.35452842,
       39.95020883
      ],
      [
       116.35451557,
       39.9502808
      ],
      [
       116.35450271,
       39.95035271
      ],
      [
       116.35450217,
       39.95035572
      ],
      [
       116.35510101,
       39.95035906
      ],
      [
       116.35510101,
       39.9503389
      ]
     ]
    ]
   }
  },
  {
   "type": "Feature",
   "id": "BD-013",
   "properties": {
    "id": "BD-013",
    "layer": "BUILDING_FOOTPRINT",
    "building_type": "mobility_hub",
    "land_use_code": "0805",
    "renewal_action": "new_build",
    "floors_above_ground": null,
    "height_m": null,
    "note_zh": "体量与高度为概念示意；官方控规强度条件未发布，不作容积率或高度结论。",
    "source_type": "agent_generated_design",
    "confidence": "low",
    "geometry_role": "design_proposal",
    "official_boundary": false,
    "boundary_precision": "provisional_rough"
   },
   "geometry": {
    "type": "Polygon",
    "coordinates": [
     [
      [
       116.35441419,
       39.95281879
      ],
      [
       116.35441408,
       39.95283221
      ],
      [
       116.35441364,
       39.9529043
      ],
      [
       116.3544132,
       39.95297672
      ],
      [
       116.35441319,
       39.95297695
      ],
      [
       116.35441263,
       39.95304916
      ],
      [
       116.35441219,
       39.95312124
      ],
      [
       116.35441174,
       39.95319369
      ],
      [
       116.35441174,
       39.95319389
      ],
      [
       116.35441118,
       39.95326611
      ],
      [
       116.35441073,
       39.95333821
      ],
      [
       116.35441029,
       39.95341071
      ],
      [
       116.35441029,
       39.95341094
      ],
      [
       116.35440972,
       39.95348315
      ],
      [
       116.35440928,
       39.95355535
      ],
      [
       116.35440928,
       39.95355558
      ],
      [
       116.35440871,
       39.95362778
      ],
      [
       116.35440827,
       39.95369986
      ],
      [
       116.35440782,
       39.95377232
      ],
      [
       116.35440782,
       39.95377252
      ],
      [
       116.35440726,
       39.95384473
      ],
      [
       116.35440681,
       39.95391685
      ],
      [
       116.35440636,
       39.95398927
      ],
      [
       116.35440636,
       39.95398947
      ],
      [
       116.35440596,
       39.95404135
      ],
      [
       116.35446946,
       39.95404276
      ],
      [
       116.3545662,
       39.95404492
      ],
      [
       116.35466308,
       39.95404708
      ],
      [
       116.35475985,
       39.95404924
      ],
      [
       116.3548566,
       39.9540514
      ],
      [
       116.35486298,
       39.95405155
      ],
      [
       116.35486297,
       39.95402234
      ],
      [
       116.35486294,
       39.95395013
      ],
      [
       116.35486292,
       39.95387776
      ],
      [
       116.35486292,
       39.95387757
      ],
      [
       116.35486301,
       39.95380544
      ],
      [
       116.35486299,
       39.95373343
      ],
      [
       116.35486296,
       39.95366122
      ],
      [
       116.35486295,
       39.95358897
      ],
      [
       116.35486292,
       39.95351664
      ],
      [
       116.35486292,
       39.95351641
      ],
      [
       116.35486302,
       39.95344429
      ],
      [
       116.35486299,
       39.95337239
      ],
      [
       116.35486297,
       39.95330014
      ],
      [
       116.35486294,
       39.95322793
      ],
      [
       116.35486292,
       39.95315556
      ],
      [
       116.35486292,
       39.95315537
      ],
      [
       116.35486301,
       39.95308323
      ],
      [
       116.35486299,
       39.9530112
      ],
      [
       116.35486297,
       39.95293899
      ],
      [
       116.35486294,
       39.95286678
      ],
      [
       116.35486293,
       39.95283256
      ],
      [
       116.35483308,
       39.95283164
      ],
      [
       116.35473631,
       39.95282867
      ],
      [
       116.35463957,
       39.9528257
      ],
      [
       116.35454283,
       39.95282273
      ],
      [
       116.35444597,
       39.95281976
      ],
      [
       116.35441419,
       39.95281879
      ]
     ]
    ]
   }
  },
  {
   "type": "Feature",
   "id": "BD-014",
   "properties": {
    "id": "BD-014",
    "layer": "BUILDING_FOOTPRINT",
    "building_type": "mobility_hub",
    "land_use_code": "0805",
    "renewal_action": "new_build",
    "floors_above_ground": null,
    "height_m": null,
    "note_zh": "体量与高度为概念示意；官方控规强度条件未发布，不作容积率或高度结论。",
    "source_type": "agent_generated_design",
    "confidence": "low",
    "geometry_role": "design_proposal",
    "official_boundary": false,
    "boundary_precision": "provisional_rough"
   },
   "geometry": {
    "type": "Polygon",
    "coordinates": [
     [
      [
       116.35442794,
       39.95507946
      ],
      [
       116.35442742,
       39.95514665
      ],
      [
       116.35442697,
       39.95521885
      ],
      [
       116.35442697,
       39.95521906
      ],
      [
       116.35442641,
       39.95529128
      ],
      [
       116.35442596,
       39.95536337
      ],
      [
       116.35442552,
       39.95543578
      ],
      [
       116.35442552,
       39.95543603
      ],
      [
       116.35442495,
       39.95550823
      ],
      [
       116.35442451,
       39.9555803
      ],
      [
       116.35442406,
       39.95565275
      ],
      [
       116.35442406,
       39.95565296
      ],
      [
       116.3544235,
       39.95572517
      ],
      [
       116.35442305,
       39.95579737
      ],
      [
       116.3544226,
       39.95586979
      ],
      [
       116.3544226,
       39.95587
      ],
      [
       116.35442204,
       39.95594222
      ],
      [
       116.35442159,
       39.95601431
      ],
      [
       116.35442115,
       39.95608672
      ],
      [
       116.35442115,
       39.95608697
      ],
      [
       116.35442058,
       39.95615917
      ],
      [
       116.35442014,
       39.95623124
      ],
      [
       116.35441969,
       39.9563037
      ],
      [
       116.35441969,
       39.95630391
      ],
      [
       116.35441913,
       39.95637612
      ],
      [
       116.35441869,
       39.95644823
      ],
      [
       116.35441824,
       39.95652065
      ],
      [
       116.35441823,
       39.95652086
      ],
      [
       116.35441768,
       39.95659307
      ],
      [
       116.35441723,
       39.95666528
      ],
      [
       116.35441723,
       39.95666549
      ],
      [
       116.35441667,
       39.95673771
      ],
      [
       116.35441622,
       39.95680979
      ],
      [
       116.35441578,
       39.95688221
      ],
      [
       116.35441578,
       39.95688246
      ],
      [
       116.35441566,
       39.95689759
      ],
      [
       116.35444958,
       39.95689864
      ],
      [
       116.35454623,
       39.95690161
      ],
      [
       116.35464298,
       39.95690458
      ],
      [
       116.35473973,
       39.95690755
      ],
      [
       116.35483409,
       39.95691044
      ],
      [
       116.35483406,
       39.95683904
      ],
      [
       116.35483404,
       39.95676678
      ],
      [
       116.35483402,
       39.95669444
      ],
      [
       116.35483402,
       39.95669423
      ],
      [
       116.35483411,
       39.95662211
      ],
      [
       116.35483409,
       39.95655011
      ],
      [
       116.35483406,
       39.9564779
      ],
      [
       116.35483404,
       39.95640565
      ],
      [
       116.35483401,
       39.95633332
      ],
      [
       116.35483401,
       39.95633307
      ],
      [
       116.35483411,
       39.95626097
      ],
      [
       116.35483408,
       39.95618898
      ],
      [
       116.35483406,
       39.95611673
      ],
      [
       116.35483403,
       39.95604461
      ],
      [
       116.35483401,
       39.95597224
      ],
      [
       116.35483401,
       39.95597203
      ],
      [
       116.3548341,
       39.95589991
      ],
      [
       116.35483408,
       39.95582789
      ],
      [
       116.35483406,
       39.95575567
      ],
      [
       116.35483403,
       39.95568346
      ],
      [
       116.35483401,
       39.95561109
      ],
      [
       116.35483401,
       39.95561088
      ],
      [
       116.3548341,
       39.95553876
      ],
      [
       116.35483409,
       39.95546675
      ],
      [
       116.35483406,
       39.95539454
      ],
      [
       116.35483404,
       39.95532228
      ],
      [
       116.35483402,
       39.95524994
      ],
      [
       116.35483402,
       39.95524973
      ],
      [
       116.35483411,
       39.95517772
      ],
      [
       116.35483408,
       39.95510572
      ],
      [
       116.35483407,
       39.95508857
      ],
      [
       116.35474501,
       39.95508655
      ],
      [
       116.35465028,
       39.95508441
      ],
      [
       116.35455553,
       39.95508235
      ],
      [
       116.35455524,
       39.95508235
      ],
      [
       116.35446023,
       39.95508019
      ],
      [
       116.35442794,
       39.95507946
      ]
     ]
    ]
   }
  },
  {
   "type": "Feature",
   "id": "BD-015",
   "properties": {
    "id": "BD-015",
    "layer": "BUILDING_FOOTPRINT",
    "building_type": "mobility_hub",
    "land_use_code": "0805",
    "renewal_action": "new_build",
    "floors_above_ground": null,
    "height_m": null,
    "note_zh": "体量与高度为概念示意；官方控规强度条件未发布，不作容积率或高度结论。",
    "source_type": "agent_generated_design",
    "confidence": "low",
    "geometry_role": "design_proposal",
    "official_boundary": false,
    "boundary_precision": "provisional_rough"
   },
   "geometry": {
    "type": "Polygon",
    "coordinates": [
     [
      [
       116.35444818,
       39.95791565
      ],
      [
       116.35444772,
       39.95798828
      ],
      [
       116.35444727,
       39.95806124
      ],
      [
       116.35444727,
       39.95806149
      ],
      [
       116.3544467,
       39.95813422
      ],
      [
       116.35444625,
       39.95820693
      ],
      [
       116.3544458,
       39.9582799
      ],
      [
       116.3544458,
       39.95828015
      ],
      [
       116.35444523,
       39.95835288
      ],
      [
       116.35444479,
       39.9584255
      ],
      [
       116.35444434,
       39.95849847
      ],
      [
       116.35444433,
       39.95849872
      ],
      [
       116.35444377,
       39.95857145
      ],
      [
       116.35444332,
       39.95864407
      ],
      [
       116.35444287,
       39.95871705
      ],
      [
       116.35444287,
       39.9587173
      ],
      [
       116.3544423,
       39.95879011
      ],
      [
       116.35444185,
       39.95886273
      ],
      [
       116.35444139,
       39.95893573
      ],
      [
       116.35444139,
       39.95893594
      ],
      [
       116.35444083,
       39.95900868
      ],
      [
       116.35444037,
       39.95908132
      ],
      [
       116.35443992,
       39.95915428
      ],
      [
       116.35443992,
       39.95915453
      ],
      [
       116.35443935,
       39.95922726
      ],
      [
       116.3544389,
       39.95929987
      ],
      [
       116.35443845,
       39.95937294
      ],
      [
       116.35443845,
       39.95937319
      ],
      [
       116.35443788,
       39.95944592
      ],
      [
       116.35443743,
       39.95951853
      ],
      [
       116.35443698,
       39.95959151
      ],
      [
       116.35443698,
       39.95959176
      ],
      [
       116.35443641,
       39.95966449
      ],
      [
       116.35443597,
       39.95973711
      ],
      [
       116.35443552,
       39.95981008
      ],
      [
       116.35443551,
       39.95981033
      ],
      [
       116.35443495,
       39.95988308
      ],
      [
       116.3544349,
       39.95989028
      ],
      [
       116.35479457,
       39.95989228
      ],
      [
       116.35479457,
       39.95987231
      ],
      [
       116.35479454,
       39.95979997
      ],
      [
       116.35479454,
       39.9597997
      ],
      [
       116.35479464,
       39.9597276
      ],
      [
       116.35479461,
       39.95965564
      ],
      [
       116.35479459,
       39.95958346
      ],
      [
       116.35479457,
       39.95951112
      ],
      [
       116.35479457,
       39.95951089
      ],
      [
       116.35479466,
       39.95943879
      ],
      [
       116.35479463,
       39.95936681
      ],
      [
       116.35479461,
       39.95929454
      ],
      [
       116.35479459,
       39.95922233
      ],
      [
       116.35479456,
       39.95914999
      ],
      [
       116.35479456,
       39.95914972
      ],
      [
       116.35479466,
       39.95907763
      ],
      [
       116.35479463,
       39.95900567
      ],
      [
       116.35479461,
       39.95893342
      ],
      [
       116.35479458,
       39.95886121
      ],
      [
       116.35479457,
       39.95878883
      ],
      [
       116.35479457,
       39.9587886
      ],
      [
       116.35479466,
       39.95871657
      ],
      [
       116.35479464,
       39.95864459
      ],
      [
       116.35479461,
       39.95857238
      ],
      [
       116.35479459,
       39.95850011
      ],
      [
       116.35479457,
       39.95842777
      ],
      [
       116.35479457,
       39.95842754
      ],
      [
       116.35479466,
       39.95835542
      ],
      [
       116.35479464,
       39.95828344
      ],
      [
       116.35479461,
       39.95821123
      ],
      [
       116.35479459,
       39.95813898
      ],
      [
       116.35479456,
       39.95806664
      ],
      [
       116.35479456,
       39.95806637
      ],
      [
       116.35479466,
       39.95799427
      ],
      [
       116.35479463,
       39.95792231
      ],
      [
       116.35479462,
       39.95789165
      ],
      [
       116.35479152,
       39.95789156
      ],
      [
       116.35469537,
       39.9578886
      ],
      [
       116.35459904,
       39.95788563
      ],
      [
       116.35450315,
       39.95788267
      ],
      [
       116.35444845,
       39.95788103
      ],
      [
       116.35444818,
       39.95791565
      ]
     ]
    ]
   }
  },
  {
   "type": "Feature",
   "id": "BD-016",
   "properties": {
    "id": "BD-016",
    "layer": "BUILDING_FOOTPRINT",
    "building_type": "mobility_hub",
    "land_use_code": "0805",
    "renewal_action": "renovate",
    "floors_above_ground": null,
    "height_m": null,
    "note_zh": "体量与高度为概念示意；官方控规强度条件未发布，不作容积率或高度结论。",
    "source_type": "agent_generated_design",
    "confidence": "low",
    "geometry_role": "design_proposal",
    "official_boundary": false,
    "boundary_precision": "provisional_rough"
   },
   "geometry": {
    "type": "Polygon",
    "coordinates": [
     [
      [
       116.35443404,
       39.96002874
      ],
      [
       116.35443404,
       39.96002899
      ],
      [
       116.35443347,
       39.96010172
      ],
      [
       116.35443302,
       39.96017434
      ],
      [
       116.35443257,
       39.96024732
      ],
      [
       116.35443257,
       39.96024757
      ],
      [
       116.354432,
       39.96032029
      ],
      [
       116.35443155,
       39.96039291
      ],
      [
       116.3544311,
       39.96046589
      ],
      [
       116.3544311,
       39.96046614
      ],
      [
       116.35443053,
       39.96053895
      ],
      [
       116.35443008,
       39.96061157
      ],
      [
       116.35442963,
       39.96068455
      ],
      [
       116.35442963,
       39.9606848
      ],
      [
       116.35442906,
       39.96075752
      ],
      [
       116.35442861,
       39.96083014
      ],
      [
       116.35442815,
       39.96090314
      ],
      [
       116.35442815,
       39.96090335
      ],
      [
       116.35442759,
       39.9609761
      ],
      [
       116.35442714,
       39.96104873
      ],
      [
       116.35442669,
       39.96112178
      ],
      [
       116.35442668,
       39.96112203
      ],
      [
       116.35442612,
       39.96119476
      ],
      [
       116.35442567,
       39.96126737
      ],
      [
       116.35442522,
       39.96134035
      ],
      [
       116.35442522,
       39.9613406
      ],
      [
       116.35442465,
       39.96141333
      ],
      [
       116.3544242,
       39.96148595
      ],
      [
       116.35442375,
       39.96155892
      ],
      [
       116.35442375,
       39.96155917
      ],
      [
       116.35442318,
       39.9616319
      ],
      [
       116.35442273,
       39.96170461
      ],
      [
       116.35442227,
       39.9617776
      ],
      [
       116.35442227,
       39.96177781
      ],
      [
       116.35442171,
       39.96185056
      ],
      [
       116.35442132,
       39.96191205
      ],
      [
       116.35450974,
       39.9619147
      ],
      [
       116.35451002,
       39.96191471
      ],
      [
       116.35460622,
       39.96191767
      ],
      [
       116.35470235,
       39.96192064
      ],
      [
       116.3547946,
       39.9619235
      ],
      [
       116.35479463,
       39.9618943
      ],
      [
       116.35479461,
       39.9618223
      ],
      [
       116.35479459,
       39.96175009
      ],
      [
       116.35479456,
       39.96167788
      ],
      [
       116.35479454,
       39.9616055
      ],
      [
       116.35479454,
       39.96160527
      ],
      [
       116.35479463,
       39.96153315
      ],
      [
       116.35479462,
       39.96146118
      ],
      [
       116.35479459,
       39.96138906
      ],
      [
       116.35479457,
       39.96131681
      ],
      [
       116.35479454,
       39.96124447
      ],
      [
       116.35479454,
       39.9612442
      ],
      [
       116.35479464,
       39.9611721
      ],
      [
       116.35479461,
       39.96110014
      ],
      [
       116.35479459,
       39.96102787
      ],
      [
       116.35479457,
       39.96095566
      ],
      [
       116.35479454,
       39.96088332
      ],
      [
       116.35479454,
       39.96088305
      ],
      [
       116.35479464,
       39.96081095
      ],
      [
       116.35479461,
       39.96073899
      ],
      [
       116.35479459,
       39.96066674
      ],
      [
       116.35479456,
       39.96059453
      ],
      [
       116.35479454,
       39.96052224
      ],
      [
       116.35479454,
       39.96052201
      ],
      [
       116.35479463,
       39.96044989
      ],
      [
       116.35479461,
       39.96037791
      ],
      [
       116.35479458,
       39.9603057
      ],
      [
       116.35479456,
       39.96023344
      ],
      [
       116.35479454,
       39.9601611
      ],
      [
       116.35479455,
       39.96016087
      ],
      [
       116.35479464,
       39.96008875
      ],
      [
       116.35479462,
       39.96001677
      ],
      [
       116.35479459,
       39.95996433
      ],
      [
       116.35443445,
       39.95996233
      ],
      [
       116.35443404,
       39.96002874
      ]
     ]
    ]
   }
  },
  {
   "type": "Feature",
   "id": "BD-017",
   "properties": {
    "id": "BD-017",
    "layer": "BUILDING_FOOTPRINT",
    "building_type": "community_service",
    "land_use_code": "0702",
    "renewal_action": "new_build",
    "floors_above_ground": null,
    "height_m": null,
    "note_zh": "体量与高度为概念示意；官方控规强度条件未发布，不作容积率或高度结论。",
    "source_type": "agent_generated_design",
    "confidence": "low",
    "geometry_role": "design_proposal",
    "official_boundary": false,
    "boundary_precision": "provisional_rough"
   },
   "geometry": {
    "type": "Polygon",
    "coordinates": [
     [
      [
       116.3541604,
       39.9627201
      ],
      [
       116.35416026,
       39.96273793
      ],
      [
       116.35415982,
       39.96281011
      ],
      [
       116.35415937,
       39.96288251
      ],
      [
       116.35415937,
       39.96288262
      ],
      [
       116.35415881,
       39.96295488
      ],
      [
       116.35415836,
       39.96302708
      ],
      [
       116.35415791,
       39.96309955
      ],
      [
       116.35415791,
       39.96309966
      ],
      [
       116.35415735,
       39.96317192
      ],
      [
       116.35415726,
       39.96318745
      ],
      [
       116.3542399,
       39.96318925
      ],
      [
       116.35424006,
       39.96318926
      ],
      [
       116.35433373,
       39.96319139
      ],
      [
       116.35442751,
       39.96319345
      ],
      [
       116.35442765,
       39.96319346
      ],
      [
       116.3545214,
       39.96319559
      ],
      [
       116.35461507,
       39.96319764
      ],
      [
       116.35461524,
       39.96319765
      ],
      [
       116.354709,
       39.96319979
      ],
      [
       116.35480256,
       39.96320184
      ],
      [
       116.35489649,
       39.96320389
      ],
      [
       116.35489666,
       39.9632039
      ],
      [
       116.35499042,
       39.96320604
      ],
      [
       116.35505002,
       39.96320735
      ],
      [
       116.35505001,
       39.96319455
      ],
      [
       116.35504999,
       39.9631223
      ],
      [
       116.35504997,
       39.96305008
      ],
      [
       116.35504994,
       39.96297779
      ],
      [
       116.35504994,
       39.96297766
      ],
      [
       116.35505004,
       39.9629055
      ],
      [
       116.35505002,
       39.9628334
      ],
      [
       116.35505,
       39.96276116
      ],
      [
       116.35504999,
       39.96274741
      ],
      [
       116.35504892,
       39.96274738
      ],
      [
       116.35495343,
       39.96274451
      ],
      [
       116.35495327,
       39.9627445
      ],
      [
       116.35485761,
       39.96274154
      ],
      [
       116.35476199,
       39.96273857
      ],
      [
       116.35466655,
       39.96273562
      ],
      [
       116.35457102,
       39.96273274
      ],
      [
       116.35457089,
       39.96273273
      ],
      [
       116.35447523,
       39.96272977
      ],
      [
       116.35437977,
       39.96272682
      ],
      [
       116.35428424,
       39.96272394
      ],
      [
       116.35428411,
       39.96272393
      ],
      [
       116.35418845,
       39.96272097
      ],
      [
       116.3541604,
       39.9627201
      ]
     ]
    ]
   }
  },
  {
   "type": "Feature",
   "id": "BD-018",
   "properties": {
    "id": "BD-018",
    "layer": "BUILDING_FOOTPRINT",
    "building_type": "community_service",
    "land_use_code": "0702",
    "renewal_action": "new_build",
    "floors_above_ground": null,
    "height_m": null,
    "note_zh": "体量与高度为概念示意；官方控规强度条件未发布，不作容积率或高度结论。",
    "source_type": "agent_generated_design",
    "confidence": "low",
    "geometry_role": "design_proposal",
    "official_boundary": false,
    "boundary_precision": "provisional_rough"
   },
   "geometry": {
    "type": "Polygon",
    "coordinates": [
     [
      [
       116.35429435,
       39.96404031
      ],
      [
       116.35429391,
       39.96411241
      ],
      [
       116.35429346,
       39.96418486
      ],
      [
       116.35429346,
       39.96418503
      ],
      [
       116.3542929,
       39.96425726
      ],
      [
       116.35429245,
       39.96432958
      ],
      [
       116.35429245,
       39.96432978
      ],
      [
       116.35429188,
       39.96440198
      ],
      [
       116.35429144,
       39.96447409
      ],
      [
       116.35429099,
       39.96454653
      ],
      [
       116.35429099,
       39.9645467
      ],
      [
       116.35429043,
       39.96461893
      ],
      [
       116.35428998,
       39.96469108
      ],
      [
       116.35428953,
       39.96476348
      ],
      [
       116.35428953,
       39.96476365
      ],
      [
       116.35428897,
       39.96483588
      ],
      [
       116.35428853,
       39.96490801
      ],
      [
       116.35428809,
       39.96498041
      ],
      [
       116.35428808,
       39.96498062
      ],
      [
       116.35428752,
       39.96505283
      ],
      [
       116.35428708,
       39.96512494
      ],
      [
       116.35428663,
       39.96519738
      ],
      [
       116.35428663,
       39.96519755
      ],
      [
       116.35428607,
       39.96526978
      ],
      [
       116.35428562,
       39.96534193
      ],
      [
       116.35428517,
       39.96541432
      ],
      [
       116.35428517,
       39.9654145
      ],
      [
       116.35428516,
       39.96541483
      ],
      [
       116.35487298,
       39.96541811
      ],
      [
       116.35487331,
       39.96541385
      ],
      [
       116.35487903,
       39.96534172
      ],
      [
       116.35487905,
       39.96534155
      ],
      [
       116.35488486,
       39.96526963
      ],
      [
       116.35489056,
       39.9651976
      ],
      [
       116.35489058,
       39.9651974
      ],
      [
       116.3548964,
       39.96512548
      ],
      [
       116.35490211,
       39.96505356
      ],
      [
       116.35490212,
       39.96505336
      ],
      [
       116.3549072,
       39.96499068
      ],
      [
       116.35490717,
       39.96492791
      ],
      [
       116.35490715,
       39.96485566
      ],
      [
       116.35490712,
       39.96478335
      ],
      [
       116.35490712,
       39.96478314
      ],
      [
       116.35490722,
       39.96471102
      ],
      [
       116.35490719,
       39.964639
      ],
      [
       116.35490717,
       39.96456673
      ],
      [
       116.35490715,
       39.96449452
      ],
      [
       116.35490712,
       39.9644222
      ],
      [
       116.35490712,
       39.96442199
      ],
      [
       116.35490722,
       39.96434987
      ],
      [
       116.35490719,
       39.96427785
      ],
      [
       116.35490717,
       39.9642056
      ],
      [
       116.35490714,
       39.96413339
      ],
      [
       116.35490712,
       39.96406113
      ],
      [
       116.35490712,
       39.96406095
      ],
      [
       116.35490715,
       39.96404141
      ],
      [
       116.35485255,
       39.96404017
      ],
      [
       116.35475765,
       39.96403812
      ],
      [
       116.3547574,
       39.96403811
      ],
      [
       116.35466238,
       39.96403596
      ],
      [
       116.35456773,
       39.96403381
      ],
      [
       116.35447283,
       39.96403176
      ],
      [
       116.35447258,
       39.96403175
      ],
      [
       116.35437757,
       39.9640296
      ],
      [
       116.35429445,
       39.96402772
      ],
      [
       116.35429435,
       39.96404031
      ]
     ]
    ]
   }
  },
  {
   "type": "Feature",
   "id": "BD-019",
   "properties": {
    "id": "BD-019",
    "layer": "BUILDING_FOOTPRINT",
    "building_type": "community_service",
    "land_use_code": "0702",
    "renewal_action": "new_build",
    "floors_above_ground": null,
    "height_m": null,
    "note_zh": "体量与高度为概念示意；官方控规强度条件未发布，不作容积率或高度结论。",
    "source_type": "agent_generated_design",
    "confidence": "low",
    "geometry_role": "design_proposal",
    "official_boundary": false,
    "boundary_precision": "provisional_rough"
   },
   "geometry": {
    "type": "Polygon",
    "coordinates": [
     [
      [
       116.35428416,
       39.96555897
      ],
      [
       116.35428371,
       39.96563137
      ],
      [
       116.35428371,
       39.96563154
      ],
      [
       116.35428315,
       39.96570377
      ],
      [
       116.3542827,
       39.96577601
      ],
      [
       116.3542827,
       39.96577618
      ],
      [
       116.35428214,
       39.9658484
      ],
      [
       116.35428169,
       39.96592053
      ],
      [
       116.35428125,
       39.96599294
      ],
      [
       116.35428125,
       39.96599315
      ],
      [
       116.35428068,
       39.96606535
      ],
      [
       116.35428024,
       39.96613746
      ],
      [
       116.35427979,
       39.96620991
      ],
      [
       116.35427979,
       39.96621008
      ],
      [
       116.35427923,
       39.9662823
      ],
      [
       116.35427878,
       39.96635445
      ],
      [
       116.35427833,
       39.96642686
      ],
      [
       116.35427833,
       39.96642703
      ],
      [
       116.35427777,
       39.96649925
      ],
      [
       116.35427733,
       39.96657138
      ],
      [
       116.35427689,
       39.96664379
      ],
      [
       116.35427688,
       39.966644
      ],
      [
       116.35427632,
       39.96671631
      ],
      [
       116.35427587,
       39.96678842
      ],
      [
       116.35427543,
       39.96686083
      ],
      [
       116.35427543,
       39.96686104
      ],
      [
       116.35427486,
       39.96693324
      ],
      [
       116.35427443,
       39.96700284
      ],
      [
       116.3542773,
       39.96700293
      ],
      [
       116.35437279,
       39.96700581
      ],
      [
       116.35437301,
       39.96700581
      ],
      [
       116.35446861,
       39.96700878
      ],
      [
       116.35456387,
       39.96701173
      ],
      [
       116.35465936,
       39.96701461
      ],
      [
       116.35465958,
       39.96701461
      ],
      [
       116.35474506,
       39.96701726
      ],
      [
       116.35474652,
       39.96699883
      ],
      [
       116.35474654,
       39.96699865
      ],
      [
       116.35475236,
       39.96692664
      ],
      [
       116.35475806,
       39.96685471
      ],
      [
       116.35475808,
       39.96685454
      ],
      [
       116.35476389,
       39.96678262
      ],
      [
       116.35476959,
       39.9667106
      ],
      [
       116.35476961,
       39.9667104
      ],
      [
       116.35477543,
       39.96663847
      ],
      [
       116.35478113,
       39.96656665
      ],
      [
       116.35478685,
       39.96649445
      ],
      [
       116.35478686,
       39.96649425
      ],
      [
       116.35479269,
       39.96642233
      ],
      [
       116.35479839,
       39.96635041
      ],
      [
       116.3547984,
       39.96635023
      ],
      [
       116.35480422,
       39.96627823
      ],
      [
       116.35480992,
       39.96620631
      ],
      [
       116.35480993,
       39.9662061
      ],
      [
       116.35481576,
       39.96613418
      ],
      [
       116.35482145,
       39.96606228
      ],
      [
       116.35482717,
       39.96599014
      ],
      [
       116.35482719,
       39.96598994
      ],
      [
       116.35483301,
       39.96591804
      ],
      [
       116.35483871,
       39.96584604
      ],
      [
       116.35483872,
       39.96584585
      ],
      [
       116.35484454,
       39.96577391
      ],
      [
       116.35485024,
       39.96570199
      ],
      [
       116.35485026,
       39.96570181
      ],
      [
       116.35485608,
       39.96562979
      ],
      [
       116.35486178,
       39.96555786
      ],
      [
       116.3548618,
       39.96555766
      ],
      [
       116.35486727,
       39.96549012
      ],
      [
       116.35428461,
       39.96548688
      ],
      [
       116.35428416,
       39.96555897
      ]
     ]
    ]
   }
  },
  {
   "type": "Feature",
   "id": "BD-020",
   "properties": {
    "id": "BD-020",
    "layer": "BUILDING_FOOTPRINT",
    "building_type": "community_service",
    "land_use_code": "0702",
    "renewal_action": "new_build",
    "floors_above_ground": null,
    "height_m": null,
    "note_zh": "体量与高度为概念示意；官方控规强度条件未发布，不作容积率或高度结论。",
    "source_type": "agent_generated_design",
    "confidence": "low",
    "geometry_role": "design_proposal",
    "official_boundary": false,
    "boundary_precision": "provisional_rough"
   },
   "geometry": {
    "type": "Polygon",
    "coordinates": [
     [
      [
       116.35419214,
       39.96788999
      ],
      [
       116.35419169,
       39.96796241
      ],
      [
       116.35419169,
       39.96796255
      ],
      [
       116.35419113,
       39.96803479
      ],
      [
       116.35419069,
       39.96810697
      ],
      [
       116.35419024,
       39.96817945
      ],
      [
       116.35419023,
       39.96817959
      ],
      [
       116.35418967,
       39.96825183
      ],
      [
       116.35418923,
       39.96832401
      ],
      [
       116.35418878,
       39.9683964
      ],
      [
       116.35418878,
       39.96839654
      ],
      [
       116.35418822,
       39.96846878
      ],
      [
       116.35418777,
       39.96854094
      ],
      [
       116.35418733,
       39.96861333
      ],
      [
       116.35418733,
       39.9686135
      ],
      [
       116.35418676,
       39.96868573
      ],
      [
       116.35418632,
       39.96875788
      ],
      [
       116.35418587,
       39.9688303
      ],
      [
       116.35418587,
       39.96883044
      ],
      [
       116.35418531,
       39.96890268
      ],
      [
       116.35418486,
       39.96897486
      ],
      [
       116.35418441,
       39.96904725
      ],
      [
       116.35418441,
       39.96904739
      ],
      [
       116.35418385,
       39.96911963
      ],
      [
       116.3541834,
       39.96919188
      ],
      [
       116.3541834,
       39.96919202
      ],
      [
       116.35418284,
       39.96926427
      ],
      [
       116.35418239,
       39.96933644
      ],
      [
       116.35418194,
       39.96940892
      ],
      [
       116.35418194,
       39.96940906
      ],
      [
       116.35418138,
       39.96948131
      ],
      [
       116.35418093,
       39.96955346
      ],
      [
       116.35418049,
       39.96962585
      ],
      [
       116.35418049,
       39.96962602
      ],
      [
       116.35418,
       39.9696886
      ],
      [
       116.35460766,
       39.96969098
      ],
      [
       116.35460951,
       39.96966807
      ],
      [
       116.35461522,
       39.96959604
      ],
      [
       116.35461523,
       39.96959588
      ],
      [
       116.35462105,
       39.96952393
      ],
      [
       116.35462676,
       39.969452
      ],
      [
       116.35462677,
       39.96945186
      ],
      [
       116.35463259,
       39.96937982
      ],
      [
       116.3546383,
       39.96930788
      ],
      [
       116.35463831,
       39.96930773
      ],
      [
       116.35464412,
       39.9692358
      ],
      [
       116.35464982,
       39.96916385
      ],
      [
       116.35465554,
       39.96909173
      ],
      [
       116.35465555,
       39.96909158
      ],
      [
       116.35466138,
       39.96901964
      ],
      [
       116.35466708,
       39.96894762
      ],
      [
       116.35466709,
       39.96894746
      ],
      [
       116.35467292,
       39.96887551
      ],
      [
       116.35467862,
       39.96880357
      ],
      [
       116.35467863,
       39.96880343
      ],
      [
       116.35468446,
       39.9687314
      ],
      [
       116.35469016,
       39.96865946
      ],
      [
       116.35469017,
       39.96865931
      ],
      [
       116.35469599,
       39.96858736
      ],
      [
       116.3547017,
       39.96851539
      ],
      [
       116.35470741,
       39.96844332
      ],
      [
       116.35470742,
       39.96844317
      ],
      [
       116.35471324,
       39.96837123
      ],
      [
       116.35471894,
       39.96829919
      ],
      [
       116.35471896,
       39.96829903
      ],
      [
       116.35472478,
       39.96822709
      ],
      [
       116.35473048,
       39.96815516
      ],
      [
       116.3547305,
       39.96815501
      ],
      [
       116.35473632,
       39.96808297
      ],
      [
       116.35474202,
       39.96801103
      ],
      [
       116.35474204,
       39.96801088
      ],
      [
       116.35474785,
       39.96793894
      ],
      [
       116.3547533,
       39.96787024
      ],
      [
       116.35471882,
       39.96786917
      ],
      [
       116.35462402,
       39.9678663
      ],
      [
       116.35462383,
       39.96786629
      ],
      [
       116.35452902,
       39.96786334
      ],
      [
       116.35443422,
       39.96786047
      ],
      [
       116.35443401,
       39.96786046
      ],
      [
       116.35433933,
       39.96785751
      ],
      [
       116.35424454,
       39.96785464
      ],
      [
       116.35424434,
       39.96785463
      ],
      [
       116.35419237,
       39.96785301
      ],
      [
       116.35419214,
       39.96788999
      ]
     ]
    ]
   }
  },
  {
   "type": "Feature",
   "id": "BD-021",
   "properties": {
    "id": "BD-021",
    "layer": "BUILDING_FOOTPRINT",
    "building_type": "community_service",
    "land_use_code": "0702",
    "renewal_action": "renovate",
    "floors_above_ground": null,
    "height_m": null,
    "note_zh": "体量与高度为概念示意；官方控规强度条件未发布，不作容积率或高度结论。",
    "source_type": "agent_generated_design",
    "confidence": "low",
    "geometry_role": "design_proposal",
    "official_boundary": false,
    "boundary_precision": "provisional_rough"
   },
   "geometry": {
    "type": "Polygon",
    "coordinates": [
     [
      [
       116.35417947,
       39.96977041
      ],
      [
       116.35417903,
       39.9698428
      ],
      [
       116.35417903,
       39.96984297
      ],
      [
       116.35417846,
       39.96991521
      ],
      [
       116.35417802,
       39.96998735
      ],
      [
       116.35417757,
       39.97005977
      ],
      [
       116.35417757,
       39.97005991
      ],
      [
       116.35417701,
       39.97013216
      ],
      [
       116.35417656,
       39.97020433
      ],
      [
       116.35417611,
       39.97027672
      ],
      [
       116.35417611,
       39.97027686
      ],
      [
       116.35417555,
       39.97034911
      ],
      [
       116.35417511,
       39.97042126
      ],
      [
       116.35417467,
       39.97049365
      ],
      [
       116.35417466,
       39.97049382
      ],
      [
       116.3541741,
       39.97056616
      ],
      [
       116.35417365,
       39.97063839
      ],
      [
       116.35417365,
       39.97063853
      ],
      [
       116.35417309,
       39.97071078
      ],
      [
       116.35417264,
       39.97078294
      ],
      [
       116.3541722,
       39.97085532
      ],
      [
       116.3541722,
       39.97085549
      ],
      [
       116.35417163,
       39.97092773
      ],
      [
       116.35417119,
       39.97099988
      ],
      [
       116.35417074,
       39.97107229
      ],
      [
       116.35417074,
       39.97107245
      ],
      [
       116.35417017,
       39.97114468
      ],
      [
       116.35416973,
       39.97121683
      ],
      [
       116.35416928,
       39.97128924
      ],
      [
       116.35416928,
       39.97128938
      ],
      [
       116.35416872,
       39.97136163
      ],
      [
       116.35416827,
       39.97143381
      ],
      [
       116.35416782,
       39.97150619
      ],
      [
       116.35416782,
       39.97150633
      ],
      [
       116.35416726,
       39.97157858
      ],
      [
       116.35416681,
       39.97165074
      ],
      [
       116.35416637,
       39.97172312
      ],
      [
       116.35416637,
       39.97172329
      ],
      [
       116.3541658,
       39.97179563
      ],
      [
       116.35416535,
       39.97186778
      ],
      [
       116.35416491,
       39.97194016
      ],
      [
       116.35416491,
       39.97194033
      ],
      [
       116.35416434,
       39.97201257
      ],
      [
       116.3541639,
       39.97208472
      ],
      [
       116.35416357,
       39.97213881
      ],
      [
       116.35423732,
       39.97214111
      ],
      [
       116.35433202,
       39.97214398
      ],
      [
       116.35433221,
       39.97214399
      ],
      [
       116.35441125,
       39.97214646
      ],
      [
       116.35441358,
       39.97211764
      ],
      [
       116.35441929,
       39.97204561
      ],
      [
       116.3544193,
       39.97204545
      ],
      [
       116.35442512,
       39.97197351
      ],
      [
       116.35443083,
       39.97190158
      ],
      [
       116.35443084,
       39.97190143
      ],
      [
       116.35443666,
       39.97182939
      ],
      [
       116.35444237,
       39.97175744
      ],
      [
       116.35444238,
       39.97175728
      ],
      [
       116.3544482,
       39.97168536
      ],
      [
       116.3544539,
       39.97161342
      ],
      [
       116.35445962,
       39.9715413
      ],
      [
       116.35445963,
       39.97154114
      ],
      [
       116.35446545,
       39.97146922
      ],
      [
       116.35447116,
       39.97139719
      ],
      [
       116.35447117,
       39.97139703
      ],
      [
       116.354477,
       39.97132508
      ],
      [
       116.3544827,
       39.97125315
      ],
      [
       116.35448271,
       39.97125302
      ],
      [
       116.35448853,
       39.97118098
      ],
      [
       116.35449423,
       39.97110902
      ],
      [
       116.35449424,
       39.97110887
      ],
      [
       116.35450007,
       39.97103693
      ],
      [
       116.35450576,
       39.97096499
      ],
      [
       116.35451148,
       39.97089288
      ],
      [
       116.35451149,
       39.97089273
      ],
      [
       116.35451732,
       39.97082079
      ],
      [
       116.35452302,
       39.97074877
      ],
      [
       116.35452303,
       39.97074861
      ],
      [
       116.35452886,
       39.97067666
      ],
      [
       116.35453456,
       39.97060473
      ],
      [
       116.35453457,
       39.97060458
      ],
      [
       116.3545404,
       39.97053254
      ],
      [
       116.3545461,
       39.97046068
      ],
      [
       116.35455181,
       39.97038859
      ],
      [
       116.35455183,
       39.97038844
      ],
      [
       116.35455765,
       39.9703164
      ],
      [
       116.35456335,
       39.97024446
      ],
      [
       116.35456337,
       39.9702443
      ],
      [
       116.35456919,
       39.97017237
      ],
      [
       116.35457489,
       39.97010035
      ],
      [
       116.35457491,
       39.9701002
      ],
      [
       116.35458072,
       39.97002825
      ],
      [
       116.35458643,
       39.9699563
      ],
      [
       116.35458644,
       39.96995614
      ],
      [
       116.35459226,
       39.96988421
      ],
      [
       116.35459796,
       39.96981227
      ],
      [
       116.35460187,
       39.969763
      ],
      [
       116.35417953,
       39.96976064
      ],
      [
       116.35417947,
       39.96977041
      ]
     ]
    ]
   }
  },
  {
   "type": "Feature",
   "id": "BD-022",
   "properties": {
    "id": "BD-022",
    "layer": "BUILDING_FOOTPRINT",
    "building_type": "community_service",
    "land_use_code": "0702",
    "renewal_action": "new_build",
    "floors_above_ground": null,
    "height_m": null,
    "note_zh": "体量与高度为概念示意；官方控规强度条件未发布，不作容积率或高度结论。",
    "source_type": "agent_generated_design",
    "confidence": "low",
    "geometry_role": "design_proposal",
    "official_boundary": false,
    "boundary_precision": "provisional_rough"
   },
   "geometry": {
    "type": "Polygon",
    "coordinates": [
     [
      [
       116.35400592,
       39.97285254
      ],
      [
       116.35400556,
       39.97289928
      ],
      [
       116.35400511,
       39.97297206
      ],
      [
       116.35400465,
       39.97304496
      ],
      [
       116.35400465,
       39.97304502
      ],
      [
       116.35400409,
       39.97311785
      ],
      [
       116.35400363,
       39.97319073
      ],
      [
       116.35400353,
       39.97320705
      ],
      [
       116.35407266,
       39.97322169
      ],
      [
       116.35417491,
       39.97324333
      ],
      [
       116.35417499,
       39.97324335
      ],
      [
       116.35427718,
       39.97326507
      ],
      [
       116.35440013,
       39.97329112
      ],
      [
       116.35443736,
       39.97330792
      ],
      [
       116.3544694,
       39.97333293
      ],
      [
       116.35447388,
       39.97327759
      ],
      [
       116.35447959,
       39.97320554
      ],
      [
       116.35447959,
       39.97320546
      ],
      [
       116.35448541,
       39.97313347
      ],
      [
       116.35449113,
       39.97306151
      ],
      [
       116.35449695,
       39.97298934
      ],
      [
       116.35450267,
       39.9729174
      ],
      [
       116.35450692,
       39.9728637
      ],
      [
       116.3544895,
       39.97286331
      ],
      [
       116.35439464,
       39.97286125
      ],
      [
       116.35439454,
       39.97286125
      ],
      [
       116.35429947,
       39.9728591
      ],
      [
       116.35420464,
       39.97285695
      ],
      [
       116.35410978,
       39.97285489
      ],
      [
       116.35410968,
       39.97285489
      ],
      [
       116.35401461,
       39.97285274
      ],
      [
       116.35400592,
       39.97285254
      ]
     ]
    ]
   }
  },
  {
   "type": "Feature",
   "id": "BD-023",
   "properties": {
    "id": "BD-023",
    "layer": "BUILDING_FOOTPRINT",
    "building_type": "community_service",
    "land_use_code": "0702",
    "renewal_action": "new_build",
    "floors_above_ground": null,
    "height_m": null,
    "note_zh": "体量与高度为概念示意；官方控规强度条件未发布，不作容积率或高度结论。",
    "source_type": "agent_generated_design",
    "confidence": "low",
    "geometry_role": "design_proposal",
    "official_boundary": false,
    "boundary_precision": "provisional_rough"
   },
   "geometry": {
    "type": "Polygon",
    "coordinates": [
     [
      [
       116.35394289,
       39.97466666
      ],
      [
       116.35394256,
       39.9747207
      ],
      [
       116.35394211,
       39.97479359
      ],
      [
       116.35394211,
       39.97479365
      ],
      [
       116.35394154,
       39.97486648
      ],
      [
       116.35394109,
       39.97493936
      ],
      [
       116.35394063,
       39.97501226
      ],
      [
       116.35394063,
       39.97501231
      ],
      [
       116.35394046,
       39.97503296
      ],
      [
       116.35394425,
       39.97503029
      ],
      [
       116.35401404,
       39.97498113
      ],
      [
       116.35408366,
       39.974932
      ],
      [
       116.35415349,
       39.97488281
      ],
      [
       116.35422321,
       39.97483369
      ],
      [
       116.35429287,
       39.97478454
      ],
      [
       116.35429293,
       39.9747845
      ],
      [
       116.35436266,
       39.97473546
      ],
      [
       116.3544108,
       39.97470149
      ],
      [
       116.35441497,
       39.97464889
      ],
      [
       116.35441498,
       39.97464883
      ],
      [
       116.35442081,
       39.97457684
      ],
      [
       116.35442306,
       39.97454835
      ],
      [
       116.35439431,
       39.97457015
      ],
      [
       116.3543684,
       39.97458146
      ],
      [
       116.35425142,
       39.97460483
      ],
      [
       116.35414883,
       39.97462542
      ],
      [
       116.35414877,
       39.97462543
      ],
      [
       116.35404619,
       39.97464592
      ],
      [
       116.35394289,
       39.97466666
      ]
     ]
    ]
   }
  },
  {
   "type": "Feature",
   "id": "BD-024",
   "properties": {
    "id": "BD-024",
    "layer": "BUILDING_FOOTPRINT",
    "building_type": "community_service",
    "land_use_code": "0702",
    "renewal_action": "new_build",
    "floors_above_ground": null,
    "height_m": null,
    "note_zh": "体量与高度为概念示意；官方控规强度条件未发布，不作容积率或高度结论。",
    "source_type": "agent_generated_design",
    "confidence": "low",
    "geometry_role": "design_proposal",
    "official_boundary": false,
    "boundary_precision": "provisional_rough"
   },
   "geometry": {
    "type": "Polygon",
    "coordinates": [
     [
      [
       116.35398782,
       39.97572956
      ],
      [
       116.35398773,
       39.97574116
      ],
      [
       116.35398728,
       39.97581393
      ],
      [
       116.35398683,
       39.97588682
      ],
      [
       116.35398683,
       39.9758869
      ],
      [
       116.35398626,
       39.97595972
      ],
      [
       116.35398581,
       39.9760325
      ],
      [
       116.35398536,
       39.97610549
      ],
      [
       116.35398536,
       39.97610557
      ],
      [
       116.35398479,
       39.97617839
      ],
      [
       116.35398433,
       39.97625117
      ],
      [
       116.35398388,
       39.97632406
      ],
      [
       116.35398388,
       39.97632414
      ],
      [
       116.35398331,
       39.97639695
      ],
      [
       116.35398286,
       39.97646973
      ],
      [
       116.35398241,
       39.97654263
      ],
      [
       116.35398241,
       39.97654271
      ],
      [
       116.35398184,
       39.97661552
      ],
      [
       116.35398139,
       39.97668839
      ],
      [
       116.35398093,
       39.9767613
      ],
      [
       116.35398093,
       39.97676137
      ],
      [
       116.35398037,
       39.97683418
      ],
      [
       116.35397991,
       39.97690697
      ],
      [
       116.35397946,
       39.97697986
      ],
      [
       116.35397946,
       39.97697994
      ],
      [
       116.35397889,
       39.97705275
      ],
      [
       116.35397844,
       39.97712553
      ],
      [
       116.35397799,
       39.97719843
      ],
      [
       116.35397799,
       39.97719851
      ],
      [
       116.35397742,
       39.97727141
      ],
      [
       116.35397728,
       39.97729435
      ],
      [
       116.35400625,
       39.97729523
      ],
      [
       116.35400636,
       39.97729523
      ],
      [
       116.35410053,
       39.97729819
      ],
      [
       116.35415076,
       39.97729972
      ],
      [
       116.35415549,
       39.97724013
      ],
      [
       116.35415549,
       39.97724005
      ],
      [
       116.35416132,
       39.97716798
      ],
      [
       116.35416703,
       39.97709599
      ],
      [
       116.35416703,
       39.97709591
      ],
      [
       116.35417286,
       39.97702395
      ],
      [
       116.35417857,
       39.97695188
      ],
      [
       116.35417857,
       39.9769518
      ],
      [
       116.3541844,
       39.97687981
      ],
      [
       116.35419011,
       39.97680785
      ],
      [
       116.35419011,
       39.97680777
      ],
      [
       116.35419594,
       39.9767357
      ],
      [
       116.35420164,
       39.97666375
      ],
      [
       116.35420736,
       39.97659171
      ],
      [
       116.35420736,
       39.97659163
      ],
      [
       116.35421319,
       39.97651956
      ],
      [
       116.3542189,
       39.97644757
      ],
      [
       116.3542189,
       39.97644749
      ],
      [
       116.35422473,
       39.97637553
      ],
      [
       116.35423044,
       39.97630346
      ],
      [
       116.35423044,
       39.97630338
      ],
      [
       116.35423627,
       39.97623139
      ],
      [
       116.35424198,
       39.97615942
      ],
      [
       116.35424198,
       39.97615934
      ],
      [
       116.35424781,
       39.97608728
      ],
      [
       116.35425352,
       39.97601533
      ],
      [
       116.35425924,
       39.9759433
      ],
      [
       116.35426506,
       39.97587114
      ],
      [
       116.35427078,
       39.97579915
      ],
      [
       116.35427079,
       39.97579908
      ],
      [
       116.3542766,
       39.9757271
      ],
      [
       116.35428232,
       39.97565502
      ],
      [
       116.35428233,
       39.97565495
      ],
      [
       116.35428814,
       39.97558297
      ],
      [
       116.35429362,
       39.97551404
      ],
      [
       116.35428776,
       39.97551818
      ],
      [
       116.35421842,
       39.975567
      ],
      [
       116.35414929,
       39.97561575
      ],
      [
       116.35407995,
       39.97566458
      ],
      [
       116.35401071,
       39.97571341
      ],
      [
       116.35398782,
       39.97572956
      ]
     ]
    ]
   }
  },
  {
   "type": "Feature",
   "id": "BD-025",
   "properties": {
    "id": "BD-025",
    "layer": "BUILDING_FOOTPRINT",
    "building_type": "education",
    "land_use_code": "0804",
    "renewal_action": "new_build",
    "floors_above_ground": null,
    "height_m": null,
    "note_zh": "体量与高度为概念示意；官方控规强度条件未发布，不作容积率或高度结论。",
    "source_type": "agent_generated_design",
    "confidence": "low",
    "geometry_role": "design_proposal",
    "official_boundary": false,
    "boundary_precision": "provisional_rough"
   },
   "geometry": {
    "type": "Polygon",
    "coordinates": [
     [
      [
       116.35389576,
       39.98117998
      ],
      [
       116.35389956,
       39.98113314
      ],
      [
       116.35390526,
       39.98106119
      ],
      [
       116.35391097,
       39.98098905
      ],
      [
       116.35391098,
       39.980989
      ],
      [
       116.35391681,
       39.980917
      ],
      [
       116.35392251,
       39.98084502
      ],
      [
       116.35392252,
       39.98084497
      ],
      [
       116.35392835,
       39.98077288
      ],
      [
       116.35393406,
       39.98070088
      ],
      [
       116.35393407,
       39.98070083
      ],
      [
       116.3539399,
       39.98062886
      ],
      [
       116.3539456,
       39.98055677
      ],
      [
       116.35394561,
       39.98055672
      ],
      [
       116.35395144,
       39.98048472
      ],
      [
       116.35395714,
       39.98041276
      ],
      [
       116.35396285,
       39.98034063
      ],
      [
       116.35396286,
       39.98034058
      ],
      [
       116.35396869,
       39.98026858
      ],
      [
       116.35397439,
       39.98019659
      ],
      [
       116.3539744,
       39.98019654
      ],
      [
       116.35398023,
       39.98012446
      ],
      [
       116.35398595,
       39.98005246
      ],
      [
       116.35398595,
       39.98005241
      ],
      [
       116.35399178,
       39.97998042
      ],
      [
       116.35399749,
       39.97990844
      ],
      [
       116.35399749,
       39.97990839
      ],
      [
       116.35400332,
       39.97983631
      ],
      [
       116.35400902,
       39.97976434
      ],
      [
       116.35401474,
       39.9796923
      ],
      [
       116.35401474,
       39.97969225
      ],
      [
       116.35402057,
       39.97962017
      ],
      [
       116.35402628,
       39.97954817
      ],
      [
       116.35402628,
       39.97954812
      ],
      [
       116.35403211,
       39.97947612
      ],
      [
       116.35403783,
       39.97940405
      ],
      [
       116.35403783,
       39.979404
      ],
      [
       116.35404365,
       39.979332
      ],
      [
       116.35404936,
       39.97926003
      ],
      [
       116.35405508,
       39.97918791
      ],
      [
       116.35405508,
       39.97918786
      ],
      [
       116.35406091,
       39.97911586
      ],
      [
       116.35406662,
       39.97904387
      ],
      [
       116.35406662,
       39.97904382
      ],
      [
       116.35407245,
       39.97897175
      ],
      [
       116.35407816,
       39.97889975
      ],
      [
       116.35407816,
       39.9788997
      ],
      [
       116.35408399,
       39.97882771
      ],
      [
       116.3540897,
       39.97875563
      ],
      [
       116.3540897,
       39.97875558
      ],
      [
       116.35409553,
       39.97868358
      ],
      [
       116.35410124,
       39.97861162
      ],
      [
       116.35410696,
       39.97853948
      ],
      [
       116.35410696,
       39.97853942
      ],
      [
       116.35411279,
       39.97846744
      ],
      [
       116.3541185,
       39.97839545
      ],
      [
       116.3541185,
       39.9783954
      ],
      [
       116.35412433,
       39.97832332
      ],
      [
       116.35413004,
       39.97825133
      ],
      [
       116.35413004,
       39.97825128
      ],
      [
       116.35413587,
       39.97817929
      ],
      [
       116.35414158,
       39.9781072
      ],
      [
       116.35414158,
       39.97810715
      ],
      [
       116.35414741,
       39.97803516
      ],
      [
       116.35415312,
       39.9779632
      ],
      [
       116.35415883,
       39.97789106
      ],
      [
       116.35415883,
       39.97789101
      ],
      [
       116.35416466,
       39.97781901
      ],
      [
       116.35417037,
       39.97774703
      ],
      [
       116.35417037,
       39.97774698
      ],
      [
       116.35417042,
       39.97774635
      ],
      [
       116.35408639,
       39.97774379
      ],
      [
       116.35399273,
       39.97774093
      ],
      [
       116.35399265,
       39.97774093
      ],
      [
       116.35391901,
       39.9777386
      ],
      [
       116.35391856,
       39.97779578
      ],
      [
       116.35391811,
       39.97786813
      ],
      [
       116.35391767,
       39.97794047
      ],
      [
       116.35391767,
       39.97794053
      ],
      [
       116.3539171,
       39.97801281
      ],
      [
       116.35391666,
       39.97808508
      ],
      [
       116.35391621,
       39.97815743
      ],
      [
       116.35391621,
       39.97815749
      ],
      [
       116.35391564,
       39.97822976
      ],
      [
       116.3539152,
       39.97830205
      ],
      [
       116.3539152,
       39.97830211
      ],
      [
       116.35391463,
       39.97837439
      ],
      [
       116.35391419,
       39.97844666
      ],
      [
       116.35391374,
       39.97851901
      ],
      [
       116.35391374,
       39.97851907
      ],
      [
       116.35391317,
       39.97859134
      ],
      [
       116.35391273,
       39.97866361
      ],
      [
       116.35391228,
       39.97873596
      ],
      [
       116.35391228,
       39.97873601
      ],
      [
       116.35391172,
       39.97880829
      ],
      [
       116.35391127,
       39.97888056
      ],
      [
       116.35391082,
       39.97895291
      ],
      [
       116.35391082,
       39.97895296
      ],
      [
       116.35391026,
       39.97902524
      ],
      [
       116.35390981,
       39.9790976
      ],
      [
       116.35390936,
       39.97916995
      ],
      [
       116.35390936,
       39.97917
      ],
      [
       116.3539088,
       39.97924228
      ],
      [
       116.35390835,
       39.97931455
      ],
      [
       116.35390791,
       39.97938689
      ],
      [
       116.35390791,
       39.97938695
      ],
      [
       116.35390734,
       39.97945924
      ],
      [
       116.35390689,
       39.9795315
      ],
      [
       116.35390645,
       39.97960384
      ],
      [
       116.35390645,
       39.9796039
      ],
      [
       116.35390588,
       39.97967618
      ],
      [
       116.35390544,
       39.97974845
      ],
      [
       116.35390499,
       39.9798208
      ],
      [
       116.35390499,
       39.97982086
      ],
      [
       116.35390442,
       39.97989313
      ],
      [
       116.35390398,
       39.97996542
      ],
      [
       116.35390398,
       39.97996548
      ],
      [
       116.35390341,
       39.98003776
      ],
      [
       116.35390297,
       39.98011003
      ],
      [
       116.35390252,
       39.98018238
      ],
      [
       116.35390252,
       39.98018244
      ],
      [
       116.35390195,
       39.98025471
      ],
      [
       116.35390151,
       39.98032706
      ],
      [
       116.35390106,
       39.98039942
      ],
      [
       116.35390106,
       39.98039947
      ],
      [
       116.3539005,
       39.98047175
      ],
      [
       116.35390005,
       39.98054402
      ],
      [
       116.3538996,
       39.98061637
      ],
      [
       116.3538996,
       39.98061642
      ],
      [
       116.35389904,
       39.9806887
      ],
      [
       116.35389859,
       39.98076097
      ],
      [
       116.35389814,
       39.98083332
      ],
      [
       116.35389814,
       39.98083337
      ],
      [
       116.35389758,
       39.98090565
      ],
      [
       116.35389713,
       39.98097792
      ],
      [
       116.35389668,
       39.98105027
      ],
      [
       116.35389668,
       39.98105032
      ],
      [
       116.35389612,
       39.9811226
      ],
      [
       116.35389576,
       39.98117998
      ]
     ]
    ]
   }
  },
  {
   "type": "Feature",
   "id": "BD-026",
   "properties": {
    "id": "BD-026",
    "layer": "BUILDING_FOOTPRINT",
    "building_type": "office",
    "land_use_code": "0902",
    "renewal_action": "renovate",
    "floors_above_ground": null,
    "height_m": null,
    "note_zh": "体量与高度为概念示意；官方控规强度条件未发布，不作容积率或高度结论。",
    "source_type": "agent_generated_design",
    "confidence": "low",
    "geometry_role": "design_proposal",
    "official_boundary": false,
    "boundary_precision": "provisional_rough"
   },
   "geometry": {
    "type": "Polygon",
    "coordinates": [
     [
      [
       116.34932542,
       39.98809693
      ],
      [
       116.34932496,
       39.98816992
      ],
      [
       116.34932495,
       39.98817017
      ],
      [
       116.34932438,
       39.98824291
      ],
      [
       116.34932393,
       39.9883155
      ],
      [
       116.34932347,
       39.98838849
      ],
      [
       116.34932347,
       39.98838874
      ],
      [
       116.3493229,
       39.98846148
      ],
      [
       116.34932244,
       39.98853407
      ],
      [
       116.34932198,
       39.98860715
      ],
      [
       116.34932198,
       39.98860742
      ],
      [
       116.34932192,
       39.98861436
      ],
      [
       116.34932822,
       39.98863296
      ],
      [
       116.34932829,
       39.98863318
      ],
      [
       116.34935389,
       39.98870916
      ],
      [
       116.34937954,
       39.988785
      ],
      [
       116.34940527,
       39.98886103
      ],
      [
       116.3494346,
       39.98894771
      ],
      [
       116.35276214,
       39.98896634
      ],
      [
       116.35276217,
       39.98896218
      ],
      [
       116.35276217,
       39.98896191
      ],
      [
       116.35276274,
       39.98888919
      ],
      [
       116.35276319,
       39.9888166
      ],
      [
       116.35276364,
       39.98874362
      ],
      [
       116.35276364,
       39.98874334
      ],
      [
       116.35276421,
       39.9886705
      ],
      [
       116.35276467,
       39.98859792
      ],
      [
       116.35276512,
       39.98852495
      ],
      [
       116.35276512,
       39.98852468
      ],
      [
       116.35276569,
       39.98845196
      ],
      [
       116.35276614,
       39.98837937
      ],
      [
       116.3527666,
       39.98830635
      ],
      [
       116.35276661,
       39.98830609
      ],
      [
       116.35276717,
       39.98823339
      ],
      [
       116.35276762,
       39.98816081
      ],
      [
       116.3527677,
       39.98814916
      ],
      [
       116.35275911,
       39.9881489
      ],
      [
       116.35266554,
       39.98814602
      ],
      [
       116.35257195,
       39.98814317
      ],
      [
       116.35247831,
       39.98814031
      ],
      [
       116.35238443,
       39.98813743
      ],
      [
       116.35238412,
       39.98813742
      ],
      [
       116.35229063,
       39.98813447
      ],
      [
       116.35219736,
       39.98813161
      ],
      [
       116.35210376,
       39.98812876
      ],
      [
       116.35201008,
       39.98812588
      ],
      [
       116.35191648,
       39.98812303
      ],
      [
       116.3518228,
       39.98812015
      ],
      [
       116.3517292,
       39.9881173
      ],
      [
       116.3516353,
       39.98811442
      ],
      [
       116.35163494,
       39.98811441
      ],
      [
       116.35154153,
       39.98811145
      ],
      [
       116.35144829,
       39.98810861
      ],
      [
       116.3513546,
       39.98810573
      ],
      [
       116.3512611,
       39.98810288
      ],
      [
       116.35116745,
       39.9881
      ],
      [
       116.35107385,
       39.98809715
      ],
      [
       116.35098013,
       39.98809427
      ],
      [
       116.35088653,
       39.9880914
      ],
      [
       116.35079273,
       39.98808854
      ],
      [
       116.35079233,
       39.98808853
      ],
      [
       116.3506989,
       39.98808557
      ],
      [
       116.35060566,
       39.98808273
      ],
      [
       116.35051194,
       39.98807985
      ],
      [
       116.35041834,
       39.98807698
      ],
      [
       116.35032474,
       39.98807413
      ],
      [
       116.35023103,
       39.98807125
      ],
      [
       116.35013743,
       39.98806838
      ],
      [
       116.35004363,
       39.98806552
      ],
      [
       116.35004321,
       39.98806551
      ],
      [
       116.34994986,
       39.98806255
      ],
      [
       116.34985663,
       39.98805969
      ],
      [
       116.34976303,
       39.98805684
      ],
      [
       116.34966931,
       39.98805396
      ],
      [
       116.34957571,
       39.98805109
      ],
      [
       116.34948212,
       39.98804824
      ],
      [
       116.3493884,
       39.98804536
      ],
      [
       116.34932575,
       39.98804344
      ],
      [
       116.34932542,
       39.98809693
      ]
     ]
    ]
   }
  },
  {
   "type": "Feature",
   "id": "BD-027",
   "properties": {
    "id": "BD-027",
    "layer": "BUILDING_FOOTPRINT",
    "building_type": "office",
    "land_use_code": "0902",
    "renewal_action": "new_build",
    "floors_above_ground": null,
    "height_m": null,
    "note_zh": "体量与高度为概念示意；官方控规强度条件未发布，不作容积率或高度结论。",
    "source_type": "agent_generated_design",
    "confidence": "low",
    "geometry_role": "design_proposal",
    "official_boundary": false,
    "boundary_precision": "provisional_rough"
   },
   "geometry": {
    "type": "Polygon",
    "coordinates": [
     [
      [
       116.34944892,
       39.98910954
      ],
      [
       116.34940165,
       39.98924116
      ],
      [
       116.3493745,
       39.98931687
      ],
      [
       116.3493474,
       39.98939239
      ],
      [
       116.34932039,
       39.98946803
      ],
      [
       116.34932031,
       39.98946826
      ],
      [
       116.34931603,
       39.98948017
      ],
      [
       116.34931603,
       39.98948153
      ],
      [
       116.34931602,
       39.98948178
      ],
      [
       116.34931546,
       39.98955451
      ],
      [
       116.349315,
       39.9896271
      ],
      [
       116.34931454,
       39.9897001
      ],
      [
       116.34931454,
       39.98970038
      ],
      [
       116.34931396,
       39.98977316
      ],
      [
       116.34931351,
       39.98984571
      ],
      [
       116.34931346,
       39.98985332
      ],
      [
       116.34938632,
       39.98985491
      ],
      [
       116.34938672,
       39.98985492
      ],
      [
       116.34948056,
       39.98985706
      ],
      [
       116.34957438,
       39.98985912
      ],
      [
       116.34957474,
       39.98985913
      ],
      [
       116.34966856,
       39.98986127
      ],
      [
       116.34976239,
       39.98986333
      ],
      [
       116.34976275,
       39.98986334
      ],
      [
       116.34985657,
       39.98986548
      ],
      [
       116.34995037,
       39.98986754
      ],
      [
       116.34995069,
       39.98986755
      ],
      [
       116.35004453,
       39.98986968
      ],
      [
       116.35013839,
       39.98987174
      ],
      [
       116.35013875,
       39.98987175
      ],
      [
       116.35023257,
       39.98987389
      ],
      [
       116.35032639,
       39.98987595
      ],
      [
       116.35032675,
       39.98987596
      ],
      [
       116.35042054,
       39.9898781
      ],
      [
       116.35051423,
       39.98988015
      ],
      [
       116.35051461,
       39.98988016
      ],
      [
       116.35060845,
       39.9898823
      ],
      [
       116.35070209,
       39.98988436
      ],
      [
       116.35079626,
       39.98988642
      ],
      [
       116.35079658,
       39.98988643
      ],
      [
       116.35089042,
       39.98988856
      ],
      [
       116.35098428,
       39.98989062
      ],
      [
       116.35098464,
       39.98989063
      ],
      [
       116.35107846,
       39.98989277
      ],
      [
       116.35117226,
       39.98989483
      ],
      [
       116.35117258,
       39.98989484
      ],
      [
       116.35126642,
       39.98989697
      ],
      [
       116.35136028,
       39.98989903
      ],
      [
       116.35136064,
       39.98989904
      ],
      [
       116.35145446,
       39.98990118
      ],
      [
       116.35154826,
       39.98990324
      ],
      [
       116.35154858,
       39.98990325
      ],
      [
       116.35164243,
       39.98990538
      ],
      [
       116.35173618,
       39.98990744
      ],
      [
       116.35173652,
       39.98990745
      ],
      [
       116.35183031,
       39.98990959
      ],
      [
       116.35192411,
       39.98991164
      ],
      [
       116.35192451,
       39.98991165
      ],
      [
       116.35201835,
       39.98991379
      ],
      [
       116.35211215,
       39.98991585
      ],
      [
       116.35211247,
       39.98991586
      ],
      [
       116.35220631,
       39.98991799
      ],
      [
       116.35230015,
       39.98992005
      ],
      [
       116.35230047,
       39.98992006
      ],
      [
       116.35239431,
       39.98992219
      ],
      [
       116.35248817,
       39.98992425
      ],
      [
       116.35248853,
       39.98992426
      ],
      [
       116.35258231,
       39.9899264
      ],
      [
       116.35267611,
       39.98992845
      ],
      [
       116.35267651,
       39.98992846
      ],
      [
       116.35273144,
       39.98992971
      ],
      [
       116.35273378,
       39.9899009
      ],
      [
       116.35273946,
       39.98982909
      ],
      [
       116.3527452,
       39.98975686
      ],
      [
       116.35274522,
       39.9897566
      ],
      [
       116.35275104,
       39.98968476
      ],
      [
       116.35275674,
       39.98961279
      ],
      [
       116.35275676,
       39.98961248
      ],
      [
       116.35275788,
       39.98959866
      ],
      [
       116.3527583,
       39.98954498
      ],
      [
       116.35275875,
       39.98947241
      ],
      [
       116.35275921,
       39.98939938
      ],
      [
       116.35275922,
       39.98939912
      ],
      [
       116.35275979,
       39.98932642
      ],
      [
       116.35276023,
       39.98925376
      ],
      [
       116.35276069,
       39.98918075
      ],
      [
       116.35276069,
       39.98918048
      ],
      [
       116.35276126,
       39.98910773
      ],
      [
       116.3527617,
       39.98903839
      ],
      [
       116.34944979,
       39.98901985
      ],
      [
       116.34944892,
       39.98910954
      ]
     ]
    ]
   }
  },
  {
   "type": "Feature",
   "id": "BD-028",
   "properties": {
    "id": "BD-028",
    "layer": "BUILDING_FOOTPRINT",
    "building_type": "incubator",
    "land_use_code": "0904",
    "renewal_action": "new_build",
    "floors_above_ground": null,
    "height_m": null,
    "note_zh": "体量与高度为概念示意；官方控规强度条件未发布，不作容积率或高度结论。",
    "source_type": "agent_generated_design",
    "confidence": "low",
    "geometry_role": "design_proposal",
    "official_boundary": false,
    "boundary_precision": "provisional_rough"
   },
   "geometry": {
    "type": "Polygon",
    "coordinates": [
     [
      [
       116.35368957,
       39.99937924
      ],
      [
       116.35378318,
       39.99938136
      ],
      [
       116.35378734,
       39.99938146
      ],
      [
       116.35378618,
       39.99935982
      ],
      [
       116.35378218,
       39.99928784
      ],
      [
       116.35378218,
       39.99928783
      ],
      [
       116.35377829,
       39.99921586
      ],
      [
       116.35377428,
       39.99914389
      ],
      [
       116.35377428,
       39.99914387
      ],
      [
       116.3537704,
       39.99907189
      ],
      [
       116.35376639,
       39.99899992
      ],
      [
       116.35376639,
       39.9989999
      ],
      [
       116.3537625,
       39.99892793
      ],
      [
       116.3537585,
       39.99885595
      ],
      [
       116.3537585,
       39.99885594
      ],
      [
       116.35375461,
       39.99878388
      ],
      [
       116.3537506,
       39.99871191
      ],
      [
       116.3537506,
       39.99871189
      ],
      [
       116.35374671,
       39.99863991
      ],
      [
       116.35374283,
       39.99856794
      ],
      [
       116.35373882,
       39.99849597
      ],
      [
       116.35373882,
       39.99849595
      ],
      [
       116.35373493,
       39.99842398
      ],
      [
       116.35373093,
       39.998352
      ],
      [
       116.35373093,
       39.99835199
      ],
      [
       116.35372704,
       39.99828002
      ],
      [
       116.35372303,
       39.99820796
      ],
      [
       116.35372303,
       39.99820794
      ],
      [
       116.35371915,
       39.99813597
      ],
      [
       116.35371514,
       39.99806399
      ],
      [
       116.35371514,
       39.99806397
      ],
      [
       116.35371125,
       39.997992
      ],
      [
       116.35370725,
       39.99792003
      ],
      [
       116.35370725,
       39.99792001
      ],
      [
       116.35370521,
       39.99788247
      ],
      [
       116.35369966,
       39.9978823
      ],
      [
       116.35369935,
       39.99793351
      ],
      [
       116.3536989,
       39.99800583
      ],
      [
       116.3536989,
       39.99800585
      ],
      [
       116.35369833,
       39.99807816
      ],
      [
       116.35369789,
       39.99815046
      ],
      [
       116.35369744,
       39.99822278
      ],
      [
       116.35369744,
       39.9982228
      ],
      [
       116.35369687,
       39.9982951
      ],
      [
       116.35369643,
       39.99836741
      ],
      [
       116.35369598,
       39.99843973
      ],
      [
       116.35369598,
       39.99843975
      ],
      [
       116.35369541,
       39.99851205
      ],
      [
       116.35369497,
       39.99858436
      ],
      [
       116.35369452,
       39.99865668
      ],
      [
       116.35369452,
       39.9986567
      ],
      [
       116.35369396,
       39.998729
      ],
      [
       116.35369351,
       39.99880131
      ],
      [
       116.35369351,
       39.99880133
      ],
      [
       116.35369294,
       39.99887363
      ],
      [
       116.35369249,
       39.99894603
      ],
      [
       116.35369205,
       39.99901835
      ],
      [
       116.35369205,
       39.99901837
      ],
      [
       116.35369148,
       39.99909067
      ],
      [
       116.35369103,
       39.99916298
      ],
      [
       116.35369059,
       39.9992353
      ],
      [
       116.35369059,
       39.99923532
      ],
      [
       116.35369002,
       39.99930762
      ],
      [
       116.35368957,
       39.99937924
      ]
     ]
    ]
   }
  },
  {
   "type": "Feature",
   "id": "BD-029",
   "properties": {
    "id": "BD-029",
    "layer": "BUILDING_FOOTPRINT",
    "building_type": "incubator",
    "land_use_code": "0904",
    "renewal_action": "new_build",
    "floors_above_ground": null,
    "height_m": null,
    "note_zh": "体量与高度为概念示意；官方控规强度条件未发布，不作容积率或高度结论。",
    "source_type": "agent_generated_design",
    "confidence": "low",
    "geometry_role": "design_proposal",
    "official_boundary": false,
    "boundary_precision": "provisional_rough"
   },
   "geometry": {
    "type": "Polygon",
    "coordinates": [
     [
      [
       116.35372612,
       39.99979349
      ],
      [
       116.35372599,
       39.99981397
      ],
      [
       116.35372555,
       39.99988629
      ],
      [
       116.35372555,
       39.99988633
      ],
      [
       116.35372498,
       39.99995863
      ],
      [
       116.35372453,
       40.00003091
      ],
      [
       116.35372409,
       40.00010324
      ],
      [
       116.35372409,
       40.00010328
      ],
      [
       116.35372352,
       40.00017567
      ],
      [
       116.35372307,
       40.00024795
      ],
      [
       116.35372263,
       40.00032028
      ],
      [
       116.35372263,
       40.00032032
      ],
      [
       116.35372206,
       40.00039262
      ],
      [
       116.35372161,
       40.00046492
      ],
      [
       116.35372161,
       40.00046495
      ],
      [
       116.35372105,
       40.00053725
      ],
      [
       116.3537206,
       40.00060953
      ],
      [
       116.35372015,
       40.00068187
      ],
      [
       116.35372015,
       40.0006819
      ],
      [
       116.35371959,
       40.0007542
      ],
      [
       116.35371914,
       40.00082648
      ],
      [
       116.35371869,
       40.00089882
      ],
      [
       116.35371869,
       40.00089885
      ],
      [
       116.35371813,
       40.00097115
      ],
      [
       116.35371768,
       40.00104343
      ],
      [
       116.35371723,
       40.00111577
      ],
      [
       116.35371723,
       40.0011158
      ],
      [
       116.35371667,
       40.00118809
      ],
      [
       116.35371622,
       40.00126038
      ],
      [
       116.35371577,
       40.00133281
      ],
      [
       116.35371577,
       40.00133284
      ],
      [
       116.35371521,
       40.00140513
      ],
      [
       116.35371476,
       40.00147742
      ],
      [
       116.35371431,
       40.00154976
      ],
      [
       116.35371431,
       40.00154979
      ],
      [
       116.35371375,
       40.00162208
      ],
      [
       116.3537133,
       40.00169437
      ],
      [
       116.35371285,
       40.0017667
      ],
      [
       116.35371285,
       40.00176673
      ],
      [
       116.35371229,
       40.00183903
      ],
      [
       116.35371184,
       40.00191134
      ],
      [
       116.35371184,
       40.00191137
      ],
      [
       116.35371127,
       40.00198366
      ],
      [
       116.35371083,
       40.00205595
      ],
      [
       116.35371038,
       40.00212829
      ],
      [
       116.35371038,
       40.00212832
      ],
      [
       116.35370981,
       40.00220061
      ],
      [
       116.35370937,
       40.0022729
      ],
      [
       116.35370892,
       40.00234523
      ],
      [
       116.35370892,
       40.00234526
      ],
      [
       116.35370835,
       40.00241756
      ],
      [
       116.35370791,
       40.00248985
      ],
      [
       116.35370746,
       40.00256227
      ],
      [
       116.35370746,
       40.0025623
      ],
      [
       116.35370728,
       40.00258563
      ],
      [
       116.35373927,
       40.00258659
      ],
      [
       116.35373932,
       40.00258659
      ],
      [
       116.35383487,
       40.00258956
      ],
      [
       116.35392386,
       40.00259232
      ],
      [
       116.35392043,
       40.00252879
      ],
      [
       116.35391642,
       40.00245682
      ],
      [
       116.35391642,
       40.00245679
      ],
      [
       116.35391253,
       40.00238482
      ],
      [
       116.35390853,
       40.00231286
      ],
      [
       116.35390853,
       40.00231283
      ],
      [
       116.35390464,
       40.00224086
      ],
      [
       116.35390063,
       40.00216881
      ],
      [
       116.35390063,
       40.00216878
      ],
      [
       116.35389674,
       40.0020968
      ],
      [
       116.35389274,
       40.00202484
      ],
      [
       116.35389274,
       40.00202481
      ],
      [
       116.35388885,
       40.00195285
      ],
      [
       116.35388484,
       40.00188088
      ],
      [
       116.35388484,
       40.00188085
      ],
      [
       116.35388095,
       40.00180888
      ],
      [
       116.35387695,
       40.00173692
      ],
      [
       116.35387695,
       40.00173689
      ],
      [
       116.35387306,
       40.00166492
      ],
      [
       116.35386906,
       40.00159287
      ],
      [
       116.35386906,
       40.00159284
      ],
      [
       116.35386517,
       40.00152088
      ],
      [
       116.35386116,
       40.00144891
      ],
      [
       116.35386116,
       40.00144888
      ],
      [
       116.35385727,
       40.00137688
      ],
      [
       116.35385338,
       40.00130493
      ],
      [
       116.35384938,
       40.00123297
      ],
      [
       116.35384938,
       40.00123294
      ],
      [
       116.35384549,
       40.00116098
      ],
      [
       116.35384148,
       40.001089
      ],
      [
       116.35384148,
       40.00108896
      ],
      [
       116.3538376,
       40.00101691
      ],
      [
       116.35383359,
       40.00094495
      ],
      [
       116.35383359,
       40.00094492
      ],
      [
       116.3538297,
       40.00087295
      ],
      [
       116.3538257,
       40.00080099
      ],
      [
       116.3538257,
       40.00080096
      ],
      [
       116.35382181,
       40.000729
      ],
      [
       116.3538178,
       40.00065703
      ],
      [
       116.3538178,
       40.000657
      ],
      [
       116.35381391,
       40.00058503
      ],
      [
       116.35380991,
       40.00051298
      ],
      [
       116.35380991,
       40.00051295
      ],
      [
       116.35380602,
       40.00044099
      ],
      [
       116.35380201,
       40.00036902
      ],
      [
       116.35380201,
       40.00036899
      ],
      [
       116.35379812,
       40.00029702
      ],
      [
       116.35379412,
       40.00022506
      ],
      [
       116.35379412,
       40.00022503
      ],
      [
       116.35379023,
       40.00015307
      ],
      [
       116.35378622,
       40.00008109
      ],
      [
       116.35378622,
       40.00008106
      ],
      [
       116.35378234,
       40.00000906
      ],
      [
       116.35377845,
       39.99993702
      ],
      [
       116.35377444,
       39.99986506
      ],
      [
       116.35377444,
       39.99986503
      ],
      [
       116.35377063,
       39.9997945
      ],
      [
       116.35376834,
       39.99979445
      ],
      [
       116.35372612,
       39.99979349
      ]
     ]
    ]
   }
  },
  {
   "type": "Feature",
   "id": "BD-030",
   "properties": {
    "id": "BD-030",
    "layer": "BUILDING_FOOTPRINT",
    "building_type": "ai_r_and_d",
    "land_use_code": "0802",
    "renewal_action": "new_build",
    "floors_above_ground": null,
    "height_m": null,
    "note_zh": "体量与高度为概念示意；官方控规强度条件未发布，不作容积率或高度结论。",
    "source_type": "agent_generated_design",
    "confidence": "low",
    "geometry_role": "design_proposal",
    "official_boundary": false,
    "boundary_precision": "provisional_rough"
   },
   "geometry": {
    "type": "Polygon",
    "coordinates": [
     [
      [
       116.35377449,
       40.00301478
      ],
      [
       116.35377404,
       40.00308776
      ],
      [
       116.35377404,
       40.00308783
      ],
      [
       116.35377347,
       40.00316064
      ],
      [
       116.35377302,
       40.00323344
      ],
      [
       116.35377256,
       40.00330634
      ],
      [
       116.35377256,
       40.0033064
      ],
      [
       116.35377199,
       40.00337921
      ],
      [
       116.35377154,
       40.00345201
      ],
      [
       116.35377109,
       40.0035249
      ],
      [
       116.35377109,
       40.00352497
      ],
      [
       116.35377052,
       40.00359779
      ],
      [
       116.35377006,
       40.00367067
      ],
      [
       116.35376961,
       40.00374356
      ],
      [
       116.35376961,
       40.00374363
      ],
      [
       116.35376904,
       40.00381644
      ],
      [
       116.35376859,
       40.00388924
      ],
      [
       116.35376814,
       40.00396213
      ],
      [
       116.35376814,
       40.0039622
      ],
      [
       116.35376757,
       40.00403502
      ],
      [
       116.35376711,
       40.00410781
      ],
      [
       116.35376666,
       40.0041807
      ],
      [
       116.35376666,
       40.00418077
      ],
      [
       116.35376609,
       40.00425367
      ],
      [
       116.35376565,
       40.00432647
      ],
      [
       116.35376519,
       40.00439937
      ],
      [
       116.35376518,
       40.00439943
      ],
      [
       116.35376462,
       40.00447224
      ],
      [
       116.35376417,
       40.00454504
      ],
      [
       116.35376372,
       40.00461793
      ],
      [
       116.35376372,
       40.004618
      ],
      [
       116.35376315,
       40.00469081
      ],
      [
       116.3537627,
       40.00476361
      ],
      [
       116.35376224,
       40.00483651
      ],
      [
       116.35376224,
       40.00483657
      ],
      [
       116.35376167,
       40.00490947
      ],
      [
       116.35376122,
       40.00498227
      ],
      [
       116.35376077,
       40.00505516
      ],
      [
       116.35376077,
       40.00505523
      ],
      [
       116.3537602,
       40.00512805
      ],
      [
       116.35375974,
       40.00520084
      ],
      [
       116.35375929,
       40.00527372
      ],
      [
       116.35375929,
       40.00527379
      ],
      [
       116.35375872,
       40.00534661
      ],
      [
       116.35375827,
       40.00541941
      ],
      [
       116.35375781,
       40.00549239
      ],
      [
       116.35375781,
       40.00549245
      ],
      [
       116.35375724,
       40.00556527
      ],
      [
       116.35375679,
       40.00563807
      ],
      [
       116.35375644,
       40.00569397
      ],
      [
       116.35402362,
       40.00569546
      ],
      [
       116.35401991,
       40.0056267
      ],
      [
       116.35401602,
       40.0055547
      ],
      [
       116.35401201,
       40.00548275
      ],
      [
       116.35401201,
       40.00548269
      ],
      [
       116.35400812,
       40.00541073
      ],
      [
       116.35400412,
       40.00533877
      ],
      [
       116.35400412,
       40.00533871
      ],
      [
       116.35400023,
       40.00526677
      ],
      [
       116.35399622,
       40.00519482
      ],
      [
       116.35399622,
       40.00519476
      ],
      [
       116.35399233,
       40.0051228
      ],
      [
       116.35398833,
       40.00505085
      ],
      [
       116.35398833,
       40.00505079
      ],
      [
       116.35398444,
       40.00497876
      ],
      [
       116.35398043,
       40.00490681
      ],
      [
       116.35398043,
       40.00490675
      ],
      [
       116.35397654,
       40.00483479
      ],
      [
       116.35397254,
       40.00476284
      ],
      [
       116.35397254,
       40.00476278
      ],
      [
       116.35396865,
       40.00469084
      ],
      [
       116.35396465,
       40.00461889
      ],
      [
       116.35396464,
       40.00461883
      ],
      [
       116.35396075,
       40.00454687
      ],
      [
       116.35395676,
       40.00447492
      ],
      [
       116.35395675,
       40.00447486
      ],
      [
       116.35395286,
       40.00440283
      ],
      [
       116.35394886,
       40.00433088
      ],
      [
       116.35394885,
       40.00433081
      ],
      [
       116.35394497,
       40.00425879
      ],
      [
       116.35394108,
       40.00418688
      ],
      [
       116.35393708,
       40.00411493
      ],
      [
       116.35393707,
       40.00411487
      ],
      [
       116.35393318,
       40.00404291
      ],
      [
       116.35392919,
       40.00397096
      ],
      [
       116.35392918,
       40.0039709
      ],
      [
       116.35392529,
       40.00389887
      ],
      [
       116.35392129,
       40.00382692
      ],
      [
       116.35392128,
       40.00382686
      ],
      [
       116.35391739,
       40.0037549
      ],
      [
       116.3539134,
       40.00368295
      ],
      [
       116.35391339,
       40.00368289
      ],
      [
       116.35390951,
       40.00361095
      ],
      [
       116.3539055,
       40.003539
      ],
      [
       116.35390549,
       40.00353894
      ],
      [
       116.35390161,
       40.00346698
      ],
      [
       116.35389761,
       40.00339503
      ],
      [
       116.3538976,
       40.00339497
      ],
      [
       116.35389372,
       40.00332294
      ],
      [
       116.35388971,
       40.00325099
      ],
      [
       116.3538897,
       40.00325093
      ],
      [
       116.35388582,
       40.00317896
      ],
      [
       116.35388182,
       40.00310701
      ],
      [
       116.35388181,
       40.00310695
      ],
      [
       116.35387793,
       40.00303501
      ],
      [
       116.35387489,
       40.00298048
      ],
      [
       116.35382412,
       40.0029789
      ],
      [
       116.35377473,
       40.00297741
      ],
      [
       116.35377449,
       40.00301478
      ]
     ]
    ]
   }
  },
  {
   "type": "Feature",
   "id": "BD-031",
   "properties": {
    "id": "BD-031",
    "layer": "BUILDING_FOOTPRINT",
    "building_type": "ai_r_and_d",
    "land_use_code": "0802",
    "renewal_action": "renovate",
    "floors_above_ground": null,
    "height_m": null,
    "note_zh": "体量与高度为概念示意；官方控规强度条件未发布，不作容积率或高度结论。",
    "source_type": "agent_generated_design",
    "confidence": "low",
    "geometry_role": "design_proposal",
    "official_boundary": false,
    "boundary_precision": "provisional_rough"
   },
   "geometry": {
    "type": "Polygon",
    "coordinates": [
     [
      [
       116.35375577,
       40.00578385
      ],
      [
       116.35375531,
       40.00585664
      ],
      [
       116.35375486,
       40.00592952
      ],
      [
       116.35375486,
       40.00592959
      ],
      [
       116.35375429,
       40.00600241
      ],
      [
       116.35375384,
       40.0060753
      ],
      [
       116.35375339,
       40.00614818
      ],
      [
       116.35375339,
       40.00614825
      ],
      [
       116.35375282,
       40.00622108
      ],
      [
       116.35375236,
       40.00629387
      ],
      [
       116.35375191,
       40.00636675
      ],
      [
       116.35375191,
       40.00636682
      ],
      [
       116.35375134,
       40.00643964
      ],
      [
       116.35375089,
       40.00651244
      ],
      [
       116.35375043,
       40.00658533
      ],
      [
       116.35375043,
       40.00658539
      ],
      [
       116.35374986,
       40.0066583
      ],
      [
       116.35374941,
       40.00673109
      ],
      [
       116.35374896,
       40.00680398
      ],
      [
       116.35374896,
       40.00680405
      ],
      [
       116.35374839,
       40.00687688
      ],
      [
       116.35374793,
       40.00694966
      ],
      [
       116.35374748,
       40.00702255
      ],
      [
       116.35374748,
       40.00702262
      ],
      [
       116.35374691,
       40.00709544
      ],
      [
       116.35374646,
       40.00716823
      ],
      [
       116.353746,
       40.00724122
      ],
      [
       116.353746,
       40.00724128
      ],
      [
       116.35374543,
       40.0073141
      ],
      [
       116.35374498,
       40.00738689
      ],
      [
       116.35374453,
       40.00745978
      ],
      [
       116.35374453,
       40.00745985
      ],
      [
       116.35374396,
       40.00753267
      ],
      [
       116.35374369,
       40.00757738
      ],
      [
       116.35380212,
       40.00757915
      ],
      [
       116.3538022,
       40.00757915
      ],
      [
       116.35389711,
       40.00758211
      ],
      [
       116.35399191,
       40.00758498
      ],
      [
       116.35399199,
       40.00758498
      ],
      [
       116.3540869,
       40.00758794
      ],
      [
       116.35412745,
       40.00758917
      ],
      [
       116.35412644,
       40.00757051
      ],
      [
       116.35412243,
       40.00749856
      ],
      [
       116.35412243,
       40.0074985
      ],
      [
       116.35411854,
       40.00742655
      ],
      [
       116.35411453,
       40.0073546
      ],
      [
       116.35411453,
       40.00735454
      ],
      [
       116.35411064,
       40.00728258
      ],
      [
       116.35410664,
       40.00721054
      ],
      [
       116.35410664,
       40.00721048
      ],
      [
       116.35410275,
       40.00713854
      ],
      [
       116.35409874,
       40.00706659
      ],
      [
       116.35409874,
       40.00706653
      ],
      [
       116.35409485,
       40.00699451
      ],
      [
       116.35409097,
       40.00692259
      ],
      [
       116.35408696,
       40.00685065
      ],
      [
       116.35408696,
       40.00685059
      ],
      [
       116.35408307,
       40.00677864
      ],
      [
       116.35407906,
       40.0067066
      ],
      [
       116.35407906,
       40.00670653
      ],
      [
       116.35407518,
       40.00663458
      ],
      [
       116.35407117,
       40.00656264
      ],
      [
       116.35407117,
       40.00656258
      ],
      [
       116.35406728,
       40.00649063
      ],
      [
       116.35406327,
       40.00641867
      ],
      [
       116.35406327,
       40.00641861
      ],
      [
       116.35405938,
       40.00634665
      ],
      [
       116.35405538,
       40.0062747
      ],
      [
       116.35405538,
       40.00627464
      ],
      [
       116.35405149,
       40.0062027
      ],
      [
       116.35404748,
       40.00613066
      ],
      [
       116.35404748,
       40.00613059
      ],
      [
       116.35404359,
       40.00605864
      ],
      [
       116.35403959,
       40.00598669
      ],
      [
       116.35403959,
       40.00598663
      ],
      [
       116.3540357,
       40.00591469
      ],
      [
       116.35403169,
       40.00584274
      ],
      [
       116.35403169,
       40.00584268
      ],
      [
       116.3540278,
       40.00577072
      ],
      [
       116.35402762,
       40.00576753
      ],
      [
       116.35375591,
       40.00576601
      ],
      [
       116.35375577,
       40.00578385
      ]
     ]
    ]
   }
  },
  {
   "type": "Feature",
   "id": "BD-032",
   "properties": {
    "id": "BD-032",
    "layer": "BUILDING_FOOTPRINT",
    "building_type": "ai_r_and_d",
    "land_use_code": "0802",
    "renewal_action": "new_build",
    "floors_above_ground": null,
    "height_m": null,
    "note_zh": "体量与高度为概念示意；官方控规强度条件未发布，不作容积率或高度结论。",
    "source_type": "agent_generated_design",
    "confidence": "low",
    "geometry_role": "design_proposal",
    "official_boundary": false,
    "boundary_precision": "provisional_rough"
   },
   "geometry": {
    "type": "Polygon",
    "coordinates": [
     [
      [
       116.35371387,
       40.00799943
      ],
      [
       116.35371351,
       40.00805718
      ],
      [
       116.35371307,
       40.00812952
      ],
      [
       116.35371307,
       40.00812958
      ],
      [
       116.3537125,
       40.00820186
      ],
      [
       116.35371205,
       40.00827413
      ],
      [
       116.35371175,
       40.00832372
      ],
      [
       116.35380241,
       40.00832579
      ],
      [
       116.35389675,
       40.00832784
      ],
      [
       116.35389682,
       40.00832784
      ],
      [
       116.35399116,
       40.00832999
      ],
      [
       116.35408551,
       40.00833205
      ],
      [
       116.35408557,
       40.00833205
      ],
      [
       116.35417992,
       40.00833419
      ],
      [
       116.35419522,
       40.00833452
      ],
      [
       116.35419278,
       40.00828953
      ],
      [
       116.35418879,
       40.00821758
      ],
      [
       116.35418878,
       40.00821753
      ],
      [
       116.3541849,
       40.00814558
      ],
      [
       116.35418089,
       40.00807362
      ],
      [
       116.35418088,
       40.00807357
      ],
      [
       116.35417765,
       40.00801368
      ],
      [
       116.35416734,
       40.00801337
      ],
      [
       116.35407292,
       40.0080105
      ],
      [
       116.35407286,
       40.0080105
      ],
      [
       116.35397852,
       40.00800754
      ],
      [
       116.35388422,
       40.00800467
      ],
      [
       116.35378982,
       40.0080018
      ],
      [
       116.35378976,
       40.0080018
      ],
      [
       116.35371387,
       40.00799943
      ]
     ]
    ]
   }
  },
  {
   "type": "Feature",
   "id": "BD-033",
   "properties": {
    "id": "BD-033",
    "layer": "BUILDING_FOOTPRINT",
    "building_type": "ai_r_and_d",
    "land_use_code": "0802",
    "renewal_action": "new_build",
    "floors_above_ground": null,
    "height_m": null,
    "note_zh": "体量与高度为概念示意；官方控规强度条件未发布，不作容积率或高度结论。",
    "source_type": "agent_generated_design",
    "confidence": "low",
    "geometry_role": "design_proposal",
    "official_boundary": false,
    "boundary_precision": "provisional_rough"
   },
   "geometry": {
    "type": "Polygon",
    "coordinates": [
     [
      [
       116.35381441,
       40.00892545
      ],
      [
       116.35381396,
       40.00899782
      ],
      [
       116.35381396,
       40.00899792
      ],
      [
       116.3538134,
       40.00907019
      ],
      [
       116.35381295,
       40.0091424
      ],
      [
       116.3538125,
       40.00921477
      ],
      [
       116.3538125,
       40.00921487
      ],
      [
       116.35381194,
       40.00928714
      ],
      [
       116.35381149,
       40.00935935
      ],
      [
       116.35381104,
       40.00943172
      ],
      [
       116.35381104,
       40.00943182
      ],
      [
       116.35381048,
       40.00950408
      ],
      [
       116.35381003,
       40.00957636
      ],
      [
       116.35381003,
       40.00957646
      ],
      [
       116.35380946,
       40.00964872
      ],
      [
       116.35380902,
       40.00972092
      ],
      [
       116.35380857,
       40.00979331
      ],
      [
       116.35380857,
       40.00979341
      ],
      [
       116.353808,
       40.00986576
      ],
      [
       116.35380755,
       40.00993797
      ],
      [
       116.35380711,
       40.01001033
      ],
      [
       116.35380711,
       40.01001045
      ],
      [
       116.35380654,
       40.01008271
      ],
      [
       116.35380609,
       40.01015492
      ],
      [
       116.35380564,
       40.01022729
      ],
      [
       116.35380564,
       40.01022739
      ],
      [
       116.35380508,
       40.01029965
      ],
      [
       116.35380463,
       40.01037187
      ],
      [
       116.35380418,
       40.01044423
      ],
      [
       116.35380418,
       40.01044433
      ],
      [
       116.35380362,
       40.0105166
      ],
      [
       116.35380317,
       40.01058882
      ],
      [
       116.35380272,
       40.01066118
      ],
      [
       116.35380272,
       40.01066128
      ],
      [
       116.35380216,
       40.01073355
      ],
      [
       116.35380171,
       40.01080576
      ],
      [
       116.35380143,
       40.01085106
      ],
      [
       116.35422641,
       40.01085343
      ],
      [
       116.35422415,
       40.01081281
      ],
      [
       116.35422414,
       40.01081271
      ],
      [
       116.35422026,
       40.01074079
      ],
      [
       116.35421625,
       40.01066886
      ],
      [
       116.35421624,
       40.01066875
      ],
      [
       116.35421236,
       40.01059673
      ],
      [
       116.35420835,
       40.01052481
      ],
      [
       116.35420835,
       40.0105247
      ],
      [
       116.35420446,
       40.01045277
      ],
      [
       116.35420046,
       40.01038084
      ],
      [
       116.35420046,
       40.01038074
      ],
      [
       116.35419657,
       40.01030882
      ],
      [
       116.35419256,
       40.01023689
      ],
      [
       116.35419256,
       40.01023678
      ],
      [
       116.35418867,
       40.01016484
      ],
      [
       116.35418467,
       40.01009282
      ],
      [
       116.35418467,
       40.01009273
      ],
      [
       116.35418078,
       40.01002081
      ],
      [
       116.35417677,
       40.00994887
      ],
      [
       116.35417677,
       40.00994876
      ],
      [
       116.35417288,
       40.00987684
      ],
      [
       116.35416887,
       40.00980491
      ],
      [
       116.35416887,
       40.0098048
      ],
      [
       116.35416498,
       40.00973277
      ],
      [
       116.35416109,
       40.00966089
      ],
      [
       116.35415709,
       40.00958895
      ],
      [
       116.35415709,
       40.00958885
      ],
      [
       116.3541532,
       40.00951684
      ],
      [
       116.35414919,
       40.00944492
      ],
      [
       116.35414919,
       40.00944481
      ],
      [
       116.3541453,
       40.00937288
      ],
      [
       116.3541413,
       40.00930095
      ],
      [
       116.3541413,
       40.00930085
      ],
      [
       116.35413741,
       40.00922893
      ],
      [
       116.35413341,
       40.009157
      ],
      [
       116.3541334,
       40.00915689
      ],
      [
       116.35412951,
       40.00908497
      ],
      [
       116.35412551,
       40.00901303
      ],
      [
       116.3541255,
       40.00901291
      ],
      [
       116.35412162,
       40.0089409
      ],
      [
       116.35412075,
       40.00892518
      ],
      [
       116.35406388,
       40.00892388
      ],
      [
       116.35396957,
       40.00892183
      ],
      [
       116.35396945,
       40.00892182
      ],
      [
       116.35387525,
       40.00891968
      ],
      [
       116.35381445,
       40.00891836
      ],
      [
       116.35381441,
       40.00892545
      ]
     ]
    ]
   }
  },
  {
   "type": "Feature",
   "id": "BD-034",
   "properties": {
    "id": "BD-034",
    "layer": "BUILDING_FOOTPRINT",
    "building_type": "ai_r_and_d",
    "land_use_code": "0802",
    "renewal_action": "new_build",
    "floors_above_ground": null,
    "height_m": null,
    "note_zh": "体量与高度为概念示意；官方控规强度条件未发布，不作容积率或高度结论。",
    "source_type": "agent_generated_design",
    "confidence": "low",
    "geometry_role": "design_proposal",
    "official_boundary": false,
    "boundary_precision": "provisional_rough"
   },
   "geometry": {
    "type": "Polygon",
    "coordinates": [
     [
      [
       116.3538007,
       40.0109505
      ],
      [
       116.35380025,
       40.01102277
      ],
      [
       116.35380025,
       40.01102287
      ],
      [
       116.35379968,
       40.01109523
      ],
      [
       116.35379923,
       40.01116743
      ],
      [
       116.35379879,
       40.01123979
      ],
      [
       116.35379879,
       40.01123991
      ],
      [
       116.35379822,
       40.01131218
      ],
      [
       116.35379777,
       40.01138438
      ],
      [
       116.35379733,
       40.01145674
      ],
      [
       116.35379733,
       40.01145686
      ],
      [
       116.35379676,
       40.01152912
      ],
      [
       116.35379631,
       40.01160133
      ],
      [
       116.35379586,
       40.0116737
      ],
      [
       116.35379586,
       40.0116738
      ],
      [
       116.3537953,
       40.01174606
      ],
      [
       116.35379485,
       40.01181828
      ],
      [
       116.3537944,
       40.01189065
      ],
      [
       116.3537944,
       40.01189075
      ],
      [
       116.35379384,
       40.01196301
      ],
      [
       116.3537934,
       40.01203523
      ],
      [
       116.35379295,
       40.01210759
      ],
      [
       116.35379294,
       40.01210769
      ],
      [
       116.35379239,
       40.01217996
      ],
      [
       116.35379194,
       40.01225227
      ],
      [
       116.35379149,
       40.01232463
      ],
      [
       116.35379149,
       40.01232473
      ],
      [
       116.35379093,
       40.012397
      ],
      [
       116.35379048,
       40.01246921
      ],
      [
       116.35379012,
       40.01252589
      ],
      [
       116.35386471,
       40.01252823
      ],
      [
       116.35395893,
       40.01253109
      ],
      [
       116.3540533,
       40.01253396
      ],
      [
       116.35405343,
       40.01253396
      ],
      [
       116.3541476,
       40.01253692
      ],
      [
       116.35424183,
       40.01253978
      ],
      [
       116.35431898,
       40.01254212
      ],
      [
       116.35431889,
       40.01254058
      ],
      [
       116.35431489,
       40.01246864
      ],
      [
       116.35431488,
       40.01246853
      ],
      [
       116.35431099,
       40.01239659
      ],
      [
       116.35430699,
       40.01232457
      ],
      [
       116.35430699,
       40.01232448
      ],
      [
       116.3543031,
       40.01225256
      ],
      [
       116.3542991,
       40.01218063
      ],
      [
       116.35429909,
       40.01218052
      ],
      [
       116.3542952,
       40.01210859
      ],
      [
       116.35429121,
       40.01203666
      ],
      [
       116.3542912,
       40.01203656
      ],
      [
       116.35428731,
       40.01196464
      ],
      [
       116.35428331,
       40.01189271
      ],
      [
       116.3542833,
       40.0118926
      ],
      [
       116.35427941,
       40.01182067
      ],
      [
       116.35427541,
       40.01174865
      ],
      [
       116.3542754,
       40.01174855
      ],
      [
       116.35427151,
       40.01167662
      ],
      [
       116.35426752,
       40.01160469
      ],
      [
       116.35426751,
       40.01160459
      ],
      [
       116.35426363,
       40.01153267
      ],
      [
       116.35425962,
       40.01146074
      ],
      [
       116.35425961,
       40.01146063
      ],
      [
       116.35425573,
       40.01138871
      ],
      [
       116.35425172,
       40.01131678
      ],
      [
       116.35425171,
       40.01131667
      ],
      [
       116.35424783,
       40.01124472
      ],
      [
       116.35424383,
       40.0111727
      ],
      [
       116.35424382,
       40.01117261
      ],
      [
       116.35423993,
       40.01110058
      ],
      [
       116.35423605,
       40.01102871
      ],
      [
       116.35423204,
       40.01095678
      ],
      [
       116.35423203,
       40.01095667
      ],
      [
       116.35423035,
       40.0109255
      ],
      [
       116.35380091,
       40.01092311
      ],
      [
       116.3538007,
       40.0109505
      ]
     ]
    ]
   }
  },
  {
   "type": "Feature",
   "id": "BD-035",
   "properties": {
    "id": "BD-035",
    "layer": "BUILDING_FOOTPRINT",
    "building_type": "ai_r_and_d",
    "land_use_code": "0802",
    "renewal_action": "new_build",
    "floors_above_ground": null,
    "height_m": null,
    "note_zh": "体量与高度为概念示意；官方控规强度条件未发布，不作容积率或高度结论。",
    "source_type": "agent_generated_design",
    "confidence": "low",
    "geometry_role": "design_proposal",
    "official_boundary": false,
    "boundary_precision": "provisional_rough"
   },
   "geometry": {
    "type": "Polygon",
    "coordinates": [
     [
      [
       116.35385086,
       40.01328217
      ],
      [
       116.35385041,
       40.01335437
      ],
      [
       116.35384996,
       40.01342674
      ],
      [
       116.35384996,
       40.01342687
      ],
      [
       116.3538494,
       40.01349912
      ],
      [
       116.35384895,
       40.01357132
      ],
      [
       116.3538485,
       40.01364369
      ],
      [
       116.3538485,
       40.01364382
      ],
      [
       116.35384794,
       40.01371616
      ],
      [
       116.3538475,
       40.01378835
      ],
      [
       116.35384705,
       40.01386073
      ],
      [
       116.35384704,
       40.01386086
      ],
      [
       116.35384649,
       40.01393311
      ],
      [
       116.35384604,
       40.0140053
      ],
      [
       116.35384559,
       40.01407769
      ],
      [
       116.35384559,
       40.01407782
      ],
      [
       116.35384502,
       40.01415005
      ],
      [
       116.35384458,
       40.01422222
      ],
      [
       116.35384413,
       40.01429464
      ],
      [
       116.35384413,
       40.01429477
      ],
      [
       116.35384356,
       40.01436701
      ],
      [
       116.35384311,
       40.01443926
      ],
      [
       116.35384311,
       40.01443939
      ],
      [
       116.35384255,
       40.01451164
      ],
      [
       116.3538421,
       40.01458383
      ],
      [
       116.35384165,
       40.01465621
      ],
      [
       116.35384165,
       40.01465634
      ],
      [
       116.35384109,
       40.01472858
      ],
      [
       116.35384064,
       40.01480078
      ],
      [
       116.35384019,
       40.01487316
      ],
      [
       116.35384019,
       40.01487329
      ],
      [
       116.35383963,
       40.01494562
      ],
      [
       116.35383918,
       40.01501782
      ],
      [
       116.35383873,
       40.0150902
      ],
      [
       116.35383873,
       40.01509033
      ],
      [
       116.35383816,
       40.01516257
      ],
      [
       116.35383772,
       40.01523474
      ],
      [
       116.35383727,
       40.01530715
      ],
      [
       116.35383727,
       40.01530728
      ],
      [
       116.35383714,
       40.01532361
      ],
      [
       116.35440553,
       40.01532678
      ],
      [
       116.35440291,
       40.01527841
      ],
      [
       116.35439892,
       40.01520648
      ],
      [
       116.35439891,
       40.01520635
      ],
      [
       116.35439503,
       40.01513436
      ],
      [
       116.35439102,
       40.01506245
      ],
      [
       116.35439101,
       40.01506232
      ],
      [
       116.35438713,
       40.0149904
      ],
      [
       116.35438312,
       40.01491849
      ],
      [
       116.35438311,
       40.01491836
      ],
      [
       116.35437923,
       40.01484644
      ],
      [
       116.35437522,
       40.01477453
      ],
      [
       116.35437521,
       40.0147744
      ],
      [
       116.35437133,
       40.01470247
      ],
      [
       116.35436733,
       40.01463055
      ],
      [
       116.35436732,
       40.01463042
      ],
      [
       116.35436344,
       40.01455843
      ],
      [
       116.35435943,
       40.01448652
      ],
      [
       116.35435942,
       40.01448639
      ],
      [
       116.35435554,
       40.01441447
      ],
      [
       116.35435153,
       40.01434256
      ],
      [
       116.35435153,
       40.01434243
      ],
      [
       116.35434764,
       40.0142705
      ],
      [
       116.35434364,
       40.01419859
      ],
      [
       116.35434364,
       40.01419846
      ],
      [
       116.35433975,
       40.01412655
      ],
      [
       116.35433574,
       40.01405464
      ],
      [
       116.35433574,
       40.0140545
      ],
      [
       116.35433184,
       40.01398236
      ],
      [
       116.35432796,
       40.01391052
      ],
      [
       116.35432396,
       40.0138386
      ],
      [
       116.35432395,
       40.01383846
      ],
      [
       116.35432006,
       40.01376654
      ],
      [
       116.35431606,
       40.01369463
      ],
      [
       116.35431606,
       40.0136945
      ],
      [
       116.35431217,
       40.01362259
      ],
      [
       116.35430817,
       40.01355068
      ],
      [
       116.35430816,
       40.01355054
      ],
      [
       116.35430427,
       40.01347854
      ],
      [
       116.35430027,
       40.01340663
      ],
      [
       116.35430026,
       40.0134065
      ],
      [
       116.35429637,
       40.01333457
      ],
      [
       116.35429238,
       40.01326266
      ],
      [
       116.35429237,
       40.01326253
      ],
      [
       116.35429065,
       40.01323067
      ],
      [
       116.35424962,
       40.0132294
      ],
      [
       116.35415122,
       40.01322641
      ],
      [
       116.35415108,
       40.0132264
      ],
      [
       116.35405258,
       40.01322334
      ],
      [
       116.35395407,
       40.01322036
      ],
      [
       116.3539539,
       40.01322036
      ],
      [
       116.35385551,
       40.01321729
      ],
      [
       116.35385137,
       40.01321716
      ],
      [
       116.35385086,
       40.01328217
      ]
     ]
    ]
   }
  },
  {
   "type": "Feature",
   "id": "BD-036",
   "properties": {
    "id": "BD-036",
    "layer": "BUILDING_FOOTPRINT",
    "building_type": "ai_r_and_d",
    "land_use_code": "0802",
    "renewal_action": "renovate",
    "floors_above_ground": null,
    "height_m": null,
    "note_zh": "体量与高度为概念示意；官方控规强度条件未发布，不作容积率或高度结论。",
    "source_type": "agent_generated_design",
    "confidence": "low",
    "geometry_role": "design_proposal",
    "official_boundary": false,
    "boundary_precision": "provisional_rough"
   },
   "geometry": {
    "type": "Polygon",
    "coordinates": [
     [
      [
       116.35383626,
       40.01545168
      ],
      [
       116.35383581,
       40.0155241
      ],
      [
       116.35383581,
       40.01552423
      ],
      [
       116.35383524,
       40.01559648
      ],
      [
       116.35383479,
       40.01566864
      ],
      [
       116.35383435,
       40.01574103
      ],
      [
       116.35383435,
       40.01574118
      ],
      [
       116.35383378,
       40.01581342
      ],
      [
       116.35383333,
       40.01588561
      ],
      [
       116.35383288,
       40.01595799
      ],
      [
       116.35383288,
       40.01595812
      ],
      [
       116.35383232,
       40.01603036
      ],
      [
       116.35383187,
       40.01610263
      ],
      [
       116.35383187,
       40.01610276
      ],
      [
       116.3538313,
       40.01617508
      ],
      [
       116.35383087,
       40.01624725
      ],
      [
       116.35383042,
       40.01631967
      ],
      [
       116.35383041,
       40.0163198
      ],
      [
       116.35382985,
       40.01639203
      ],
      [
       116.35382941,
       40.0164642
      ],
      [
       116.35382896,
       40.01653662
      ],
      [
       116.35382896,
       40.01653675
      ],
      [
       116.35382839,
       40.01660899
      ],
      [
       116.35382794,
       40.01668116
      ],
      [
       116.3538275,
       40.01675354
      ],
      [
       116.3538275,
       40.01675369
      ],
      [
       116.35382693,
       40.01682594
      ],
      [
       116.35382648,
       40.01689813
      ],
      [
       116.35382603,
       40.0169705
      ],
      [
       116.35382603,
       40.01697063
      ],
      [
       116.35382547,
       40.01704288
      ],
      [
       116.35382502,
       40.01711507
      ],
      [
       116.35382457,
       40.01718745
      ],
      [
       116.35382457,
       40.01718758
      ],
      [
       116.35382447,
       40.01720087
      ],
      [
       116.35391724,
       40.01720299
      ],
      [
       116.35401119,
       40.01720504
      ],
      [
       116.35401139,
       40.01720504
      ],
      [
       116.35410521,
       40.01720719
      ],
      [
       116.35419914,
       40.01720924
      ],
      [
       116.35419934,
       40.01720924
      ],
      [
       116.35429328,
       40.01721139
      ],
      [
       116.35438721,
       40.01721344
      ],
      [
       116.35438741,
       40.01721344
      ],
      [
       116.35448135,
       40.01721559
      ],
      [
       116.35450902,
       40.01721619
      ],
      [
       116.35450546,
       40.01715018
      ],
      [
       116.35450145,
       40.01707827
      ],
      [
       116.35450144,
       40.01707813
      ],
      [
       116.35449756,
       40.01700622
      ],
      [
       116.35449355,
       40.0169343
      ],
      [
       116.35449354,
       40.01693415
      ],
      [
       116.35448967,
       40.01686216
      ],
      [
       116.35448566,
       40.01679026
      ],
      [
       116.35448566,
       40.01679012
      ],
      [
       116.35448176,
       40.01671808
      ],
      [
       116.35447788,
       40.01664623
      ],
      [
       116.35447387,
       40.01657431
      ],
      [
       116.35447387,
       40.01657417
      ],
      [
       116.35446998,
       40.01650226
      ],
      [
       116.35446597,
       40.01643035
      ],
      [
       116.35446597,
       40.01643021
      ],
      [
       116.35446208,
       40.01635829
      ],
      [
       116.35445808,
       40.01628628
      ],
      [
       116.35445808,
       40.01628616
      ],
      [
       116.35445419,
       40.01621425
      ],
      [
       116.35445019,
       40.01614234
      ],
      [
       116.35445018,
       40.0161422
      ],
      [
       116.35444629,
       40.01607029
      ],
      [
       116.35444229,
       40.01599838
      ],
      [
       116.35444228,
       40.01599824
      ],
      [
       116.35443839,
       40.01592633
      ],
      [
       116.35443439,
       40.01585442
      ],
      [
       116.35443438,
       40.01585428
      ],
      [
       116.35443049,
       40.01578236
      ],
      [
       116.3544265,
       40.01571035
      ],
      [
       116.35442649,
       40.01571023
      ],
      [
       116.3544226,
       40.01563832
      ],
      [
       116.3544186,
       40.01556641
      ],
      [
       116.35441859,
       40.01556627
      ],
      [
       116.3544147,
       40.01549436
      ],
      [
       116.3544107,
       40.01542245
      ],
      [
       116.35441069,
       40.01542231
      ],
      [
       116.35440942,
       40.01539885
      ],
      [
       116.3538366,
       40.01539566
      ],
      [
       116.35383626,
       40.01545168
      ]
     ]
    ]
   }
  },
  {
   "type": "Feature",
   "id": "BD-037",
   "properties": {
    "id": "BD-037",
    "layer": "BUILDING_FOOTPRINT",
    "building_type": "ai_r_and_d",
    "land_use_code": "0802",
    "renewal_action": "new_build",
    "floors_above_ground": null,
    "height_m": null,
    "note_zh": "体量与高度为概念示意；官方控规强度条件未发布，不作容积率或高度结论。",
    "source_type": "agent_generated_design",
    "confidence": "low",
    "geometry_role": "design_proposal",
    "official_boundary": false,
    "boundary_precision": "provisional_rough"
   },
   "geometry": {
    "type": "Polygon",
    "coordinates": [
     [
      [
       116.35389102,
       40.01829211
      ],
      [
       116.35389102,
       40.01829228
      ],
      [
       116.35389045,
       40.01836505
      ],
      [
       116.35389,
       40.01843773
      ],
      [
       116.35388954,
       40.0185107
      ],
      [
       116.35388954,
       40.01851086
      ],
      [
       116.35388897,
       40.01858362
      ],
      [
       116.35388852,
       40.01865639
      ],
      [
       116.35388806,
       40.01872936
      ],
      [
       116.35388806,
       40.01872952
      ],
      [
       116.35388749,
       40.01880228
      ],
      [
       116.35388704,
       40.01887496
      ],
      [
       116.35388659,
       40.0189479
      ],
      [
       116.35388659,
       40.01894808
      ],
      [
       116.35388602,
       40.01902087
      ],
      [
       116.35388556,
       40.01909354
      ],
      [
       116.35388511,
       40.01916647
      ],
      [
       116.35388511,
       40.01916665
      ],
      [
       116.35388454,
       40.0192395
      ],
      [
       116.35388409,
       40.01931219
      ],
      [
       116.35388363,
       40.01938516
      ],
      [
       116.35388363,
       40.01938532
      ],
      [
       116.35388306,
       40.01945807
      ],
      [
       116.35388262,
       40.01953076
      ],
      [
       116.35388217,
       40.0196037
      ],
      [
       116.35388216,
       40.01960388
      ],
      [
       116.3538816,
       40.01967666
      ],
      [
       116.35388114,
       40.01974934
      ],
      [
       116.35388069,
       40.01982236
      ],
      [
       116.35388069,
       40.01982254
      ],
      [
       116.35388012,
       40.01989532
      ],
      [
       116.35387966,
       40.019968
      ],
      [
       116.35387921,
       40.02004093
      ],
      [
       116.35387921,
       40.0200411
      ],
      [
       116.35387864,
       40.02011387
      ],
      [
       116.35387819,
       40.02018656
      ],
      [
       116.35387773,
       40.02025952
      ],
      [
       116.35387773,
       40.02025968
      ],
      [
       116.35387716,
       40.02033244
      ],
      [
       116.35387671,
       40.02040522
      ],
      [
       116.35387626,
       40.02047816
      ],
      [
       116.35387626,
       40.02047833
      ],
      [
       116.35387597,
       40.02051508
      ],
      [
       116.35461607,
       40.0205192
      ],
      [
       116.3546131,
       40.02046422
      ],
      [
       116.3546091,
       40.02039233
      ],
      [
       116.35460909,
       40.02039215
      ],
      [
       116.3546052,
       40.02032026
      ],
      [
       116.3546012,
       40.02024836
      ],
      [
       116.35460119,
       40.02024818
      ],
      [
       116.3545973,
       40.02017619
      ],
      [
       116.35459331,
       40.0201043
      ],
      [
       116.3545933,
       40.02010413
      ],
      [
       116.35458941,
       40.02003225
      ],
      [
       116.35458541,
       40.01996036
      ],
      [
       116.3545854,
       40.01996018
      ],
      [
       116.35458151,
       40.01988829
      ],
      [
       116.35457751,
       40.0198164
      ],
      [
       116.3545775,
       40.01981622
      ],
      [
       116.35457361,
       40.01974432
      ],
      [
       116.35456961,
       40.01967233
      ],
      [
       116.3545696,
       40.01967216
      ],
      [
       116.35456571,
       40.01960026
      ],
      [
       116.35456172,
       40.01952836
      ],
      [
       116.35456171,
       40.01952822
      ],
      [
       116.35455781,
       40.01945616
      ],
      [
       116.35455393,
       40.01938432
      ],
      [
       116.35454993,
       40.01931242
      ],
      [
       116.35454992,
       40.01931226
      ],
      [
       116.35454604,
       40.01924037
      ],
      [
       116.35454203,
       40.01916847
      ],
      [
       116.35454202,
       40.01916829
      ],
      [
       116.35453814,
       40.01909631
      ],
      [
       116.35453413,
       40.01902443
      ],
      [
       116.35453412,
       40.01902425
      ],
      [
       116.35453024,
       40.01895236
      ],
      [
       116.35452623,
       40.01888047
      ],
      [
       116.35452622,
       40.01888029
      ],
      [
       116.35452234,
       40.01880839
      ],
      [
       116.35451834,
       40.01873649
      ],
      [
       116.35451834,
       40.01873635
      ],
      [
       116.35451444,
       40.01866444
      ],
      [
       116.35451044,
       40.01859252
      ],
      [
       116.35451044,
       40.01859235
      ],
      [
       116.35450655,
       40.01852038
      ],
      [
       116.35450255,
       40.0184485
      ],
      [
       116.35450254,
       40.01844832
      ],
      [
       116.35449865,
       40.01837643
      ],
      [
       116.35449465,
       40.01830454
      ],
      [
       116.35449464,
       40.01830436
      ],
      [
       116.35449453,
       40.01830241
      ],
      [
       116.35440436,
       40.01829959
      ],
      [
       116.35430654,
       40.01829661
      ],
      [
       116.35420852,
       40.01829363
      ],
      [
       116.35420831,
       40.01829362
      ],
      [
       116.35411055,
       40.01829056
      ],
      [
       116.35401288,
       40.01828759
      ],
      [
       116.35391473,
       40.01828461
      ],
      [
       116.35391451,
       40.0182846
      ],
      [
       116.35389107,
       40.01828387
      ],
      [
       116.35389102,
       40.01829211
      ]
     ]
    ]
   }
  },
  {
   "type": "Feature",
   "id": "BD-038",
   "properties": {
    "id": "BD-038",
    "layer": "BUILDING_FOOTPRINT",
    "building_type": "ai_r_and_d",
    "land_use_code": "0802",
    "renewal_action": "new_build",
    "floors_above_ground": null,
    "height_m": null,
    "note_zh": "体量与高度为概念示意；官方控规强度条件未发布，不作容积率或高度结论。",
    "source_type": "agent_generated_design",
    "confidence": "low",
    "geometry_role": "design_proposal",
    "official_boundary": false,
    "boundary_precision": "provisional_rough"
   },
   "geometry": {
    "type": "Polygon",
    "coordinates": [
     [
      [
       116.35387523,
       40.0206238
      ],
      [
       116.35387478,
       40.02069673
      ],
      [
       116.35387478,
       40.0206969
      ],
      [
       116.35387421,
       40.02076967
      ],
      [
       116.35387376,
       40.02084235
      ],
      [
       116.3538733,
       40.02091532
      ],
      [
       116.3538733,
       40.02091547
      ],
      [
       116.35387273,
       40.02098833
      ],
      [
       116.35387228,
       40.02106101
      ],
      [
       116.35387182,
       40.02113398
      ],
      [
       116.35387182,
       40.02113414
      ],
      [
       116.35387125,
       40.0212069
      ],
      [
       116.35387081,
       40.02127958
      ],
      [
       116.35387035,
       40.02135252
      ],
      [
       116.35387035,
       40.0213527
      ],
      [
       116.35386978,
       40.02142548
      ],
      [
       116.35386933,
       40.02149816
      ],
      [
       116.35386888,
       40.02157118
      ],
      [
       116.35386887,
       40.02157136
      ],
      [
       116.35386831,
       40.02164414
      ],
      [
       116.35386785,
       40.02171682
      ],
      [
       116.3538674,
       40.02178975
      ],
      [
       116.3538674,
       40.02178993
      ],
      [
       116.35386683,
       40.02186269
      ],
      [
       116.35386638,
       40.02193538
      ],
      [
       116.35386592,
       40.02200835
      ],
      [
       116.35386592,
       40.02200851
      ],
      [
       116.35386535,
       40.02208126
      ],
      [
       116.3538649,
       40.02215404
      ],
      [
       116.35386445,
       40.02222697
      ],
      [
       116.35386445,
       40.02222715
      ],
      [
       116.35386388,
       40.02229994
      ],
      [
       116.35386342,
       40.02237262
      ],
      [
       116.35386297,
       40.02244554
      ],
      [
       116.35386297,
       40.02244572
      ],
      [
       116.3538624,
       40.02251849
      ],
      [
       116.35386223,
       40.02254573
      ],
      [
       116.35391012,
       40.02254722
      ],
      [
       116.35400771,
       40.0225502
      ],
      [
       116.35410548,
       40.02255318
      ],
      [
       116.35420336,
       40.02255615
      ],
      [
       116.3542036,
       40.02255616
      ],
      [
       116.35430128,
       40.02255922
      ],
      [
       116.35439884,
       40.0225622
      ],
      [
       116.35449671,
       40.02256517
      ],
      [
       116.35449695,
       40.02256518
      ],
      [
       116.35459464,
       40.02256824
      ],
      [
       116.35469219,
       40.02257122
      ],
      [
       116.35472857,
       40.02257232
      ],
      [
       116.35472745,
       40.02255209
      ],
      [
       116.35472744,
       40.02255191
      ],
      [
       116.35472355,
       40.02247993
      ],
      [
       116.35471955,
       40.02240805
      ],
      [
       116.35471954,
       40.02240787
      ],
      [
       116.35471564,
       40.0223358
      ],
      [
       116.35471176,
       40.022264
      ],
      [
       116.35470776,
       40.02219211
      ],
      [
       116.35470775,
       40.02219193
      ],
      [
       116.35470386,
       40.02212004
      ],
      [
       116.35469986,
       40.02204815
      ],
      [
       116.35469985,
       40.02204797
      ],
      [
       116.35469596,
       40.02197606
      ],
      [
       116.35469197,
       40.02190406
      ],
      [
       116.35469196,
       40.02190391
      ],
      [
       116.35468807,
       40.02183203
      ],
      [
       116.35468407,
       40.02176014
      ],
      [
       116.35468406,
       40.02175996
      ],
      [
       116.35468017,
       40.02168807
      ],
      [
       116.35467617,
       40.02161618
      ],
      [
       116.35467616,
       40.021616
      ],
      [
       116.35467228,
       40.02154411
      ],
      [
       116.35466827,
       40.02147222
      ],
      [
       116.35466826,
       40.02147204
      ],
      [
       116.35466438,
       40.02140014
      ],
      [
       116.35466037,
       40.02132816
      ],
      [
       116.35466036,
       40.02132799
      ],
      [
       116.35465648,
       40.0212561
      ],
      [
       116.35465247,
       40.0211842
      ],
      [
       116.35465246,
       40.02118402
      ],
      [
       116.35464858,
       40.02111211
      ],
      [
       116.35464458,
       40.02104022
      ],
      [
       116.35464457,
       40.02104005
      ],
      [
       116.35464069,
       40.02096817
      ],
      [
       116.35463668,
       40.02089628
      ],
      [
       116.35463667,
       40.0208961
      ],
      [
       116.35463278,
       40.02082403
      ],
      [
       116.3546289,
       40.02075213
      ],
      [
       116.35462489,
       40.02068025
      ],
      [
       116.35462489,
       40.02068007
      ],
      [
       116.354621,
       40.02060818
      ],
      [
       116.35462006,
       40.02059127
      ],
      [
       116.35387546,
       40.02058712
      ],
      [
       116.35387523,
       40.0206238
      ]
     ]
    ]
   }
  },
  {
   "type": "Feature",
   "id": "BD-039",
   "properties": {
    "id": "BD-039",
    "layer": "BUILDING_FOOTPRINT",
    "building_type": "ai_r_and_d",
    "land_use_code": "0802",
    "renewal_action": "new_build",
    "floors_above_ground": null,
    "height_m": null,
    "note_zh": "体量与高度为概念示意；官方控规强度条件未发布，不作容积率或高度结论。",
    "source_type": "agent_generated_design",
    "confidence": "low",
    "geometry_role": "design_proposal",
    "official_boundary": false,
    "boundary_precision": "provisional_rough"
   },
   "geometry": {
    "type": "Polygon",
    "coordinates": [
     [
      [
       116.35388975,
       40.02620051
      ],
      [
       116.35398347,
       40.0262005
      ],
      [
       116.35407751,
       40.02620048
      ],
      [
       116.35417161,
       40.02620047
      ],
      [
       116.35426553,
       40.02620045
      ],
      [
       116.3543596,
       40.02620043
      ],
      [
       116.35445383,
       40.02620042
      ],
      [
       116.35445405,
       40.02620042
      ],
      [
       116.35454786,
       40.02620049
      ],
      [
       116.35464169,
       40.02620047
      ],
      [
       116.35473579,
       40.02620046
      ],
      [
       116.35482972,
       40.02620044
      ],
      [
       116.35489356,
       40.02620043
      ],
      [
       116.3548909,
       40.02615276
      ],
      [
       116.35489089,
       40.02615257
      ],
      [
       116.35488701,
       40.02608069
      ],
      [
       116.35488301,
       40.0260088
      ],
      [
       116.35488299,
       40.02600861
      ],
      [
       116.35487911,
       40.0259367
      ],
      [
       116.35487511,
       40.02586472
      ],
      [
       116.3548751,
       40.02586455
      ],
      [
       116.35487122,
       40.02579268
      ],
      [
       116.35486722,
       40.02572079
      ],
      [
       116.35486721,
       40.0257206
      ],
      [
       116.35486332,
       40.02564872
      ],
      [
       116.35485932,
       40.02557683
      ],
      [
       116.35485931,
       40.02557664
      ],
      [
       116.35485542,
       40.02550476
      ],
      [
       116.35485142,
       40.02543287
      ],
      [
       116.35485141,
       40.02543268
      ],
      [
       116.35484752,
       40.02536079
      ],
      [
       116.35484352,
       40.02528881
      ],
      [
       116.35484351,
       40.02528863
      ],
      [
       116.35483962,
       40.02521675
      ],
      [
       116.35483562,
       40.02514486
      ],
      [
       116.35483561,
       40.02514467
      ],
      [
       116.35483171,
       40.0250726
      ],
      [
       116.35482784,
       40.02500081
      ],
      [
       116.35482383,
       40.02492892
      ],
      [
       116.35482382,
       40.02492873
      ],
      [
       116.35482047,
       40.02486667
      ],
      [
       116.35388045,
       40.02486144
      ],
      [
       116.35388009,
       40.02492028
      ],
      [
       116.35387964,
       40.0249925
      ],
      [
       116.35387963,
       40.02499268
      ],
      [
       116.35387908,
       40.02506473
      ],
      [
       116.35387863,
       40.02513667
      ],
      [
       116.35387819,
       40.02520899
      ],
      [
       116.35387819,
       40.0252092
      ],
      [
       116.35387762,
       40.02528122
      ],
      [
       116.35387718,
       40.02535315
      ],
      [
       116.35387673,
       40.02542542
      ],
      [
       116.35387673,
       40.02542561
      ],
      [
       116.35387616,
       40.02549763
      ],
      [
       116.35387572,
       40.02556965
      ],
      [
       116.35387527,
       40.0256419
      ],
      [
       116.35387527,
       40.02564208
      ],
      [
       116.35387471,
       40.02571413
      ],
      [
       116.35387426,
       40.0257861
      ],
      [
       116.35387381,
       40.02585831
      ],
      [
       116.35387381,
       40.02585849
      ],
      [
       116.35387325,
       40.02593063
      ],
      [
       116.3538728,
       40.02600267
      ],
      [
       116.3538728,
       40.02600285
      ],
      [
       116.35387224,
       40.0260749
      ],
      [
       116.35387179,
       40.02614686
      ],
      [
       116.35387146,
       40.0262005
      ],
      [
       116.35388975,
       40.02620051
      ]
     ]
    ]
   }
  },
  {
   "type": "Feature",
   "id": "BD-040",
   "properties": {
    "id": "BD-040",
    "layer": "BUILDING_FOOTPRINT",
    "building_type": "ai_r_and_d",
    "land_use_code": "0802",
    "renewal_action": "new_build",
    "floors_above_ground": null,
    "height_m": null,
    "note_zh": "体量与高度为概念示意；官方控规强度条件未发布，不作容积率或高度结论。",
    "source_type": "agent_generated_design",
    "confidence": "low",
    "geometry_role": "design_proposal",
    "official_boundary": false,
    "boundary_precision": "provisional_rough"
   },
   "geometry": {
    "type": "Polygon",
    "coordinates": [
     [
      [
       116.35481593,
       40.02478496
      ],
      [
       116.35481592,
       40.02478476
      ],
      [
       116.35481204,
       40.02471279
      ],
      [
       116.35480803,
       40.0246409
      ],
      [
       116.35480802,
       40.02464071
      ],
      [
       116.35480414,
       40.02456883
      ],
      [
       116.35480013,
       40.02449694
      ],
      [
       116.35480012,
       40.02449675
      ],
      [
       116.35479624,
       40.02442487
      ],
      [
       116.35479223,
       40.02435298
      ],
      [
       116.35479222,
       40.02435279
      ],
      [
       116.35478834,
       40.02428089
      ],
      [
       116.35478434,
       40.024209
      ],
      [
       116.35478433,
       40.02420881
      ],
      [
       116.35478045,
       40.02413685
      ],
      [
       116.35477645,
       40.02406497
      ],
      [
       116.35477644,
       40.02406478
      ],
      [
       116.35477255,
       40.0239929
      ],
      [
       116.35476855,
       40.02392101
      ],
      [
       116.35476854,
       40.02392082
      ],
      [
       116.35476465,
       40.02384894
      ],
      [
       116.35476065,
       40.02377705
      ],
      [
       116.35476064,
       40.02377686
      ],
      [
       116.35475674,
       40.02370479
      ],
      [
       116.35475286,
       40.02363299
      ],
      [
       116.35474886,
       40.02356101
      ],
      [
       116.35474885,
       40.02356083
      ],
      [
       116.35474496,
       40.02348895
      ],
      [
       116.35474096,
       40.02341706
      ],
      [
       116.35474095,
       40.02341687
      ],
      [
       116.35473899,
       40.02338058
      ],
      [
       116.35465422,
       40.02337799
      ],
      [
       116.35465395,
       40.02337798
      ],
      [
       116.35455689,
       40.02337492
      ],
      [
       116.35445995,
       40.02337195
      ],
      [
       116.35436265,
       40.02336898
      ],
      [
       116.35426541,
       40.023366
      ],
      [
       116.35416823,
       40.02336303
      ],
      [
       116.35407103,
       40.02336006
      ],
      [
       116.3539737,
       40.02335708
      ],
      [
       116.35389071,
       40.02335455
      ],
      [
       116.3538904,
       40.02340506
      ],
      [
       116.3538904,
       40.02340524
      ],
      [
       116.35388984,
       40.02347729
      ],
      [
       116.35388939,
       40.02354942
      ],
      [
       116.35388939,
       40.0235496
      ],
      [
       116.35388883,
       40.02362165
      ],
      [
       116.35388838,
       40.02369362
      ],
      [
       116.35388793,
       40.02376583
      ],
      [
       116.35388793,
       40.02376601
      ],
      [
       116.35388737,
       40.02383806
      ],
      [
       116.35388692,
       40.0239101
      ],
      [
       116.35388647,
       40.02398233
      ],
      [
       116.35388647,
       40.02398251
      ],
      [
       116.35388591,
       40.02405456
      ],
      [
       116.35388546,
       40.0241265
      ],
      [
       116.35388502,
       40.02419882
      ],
      [
       116.35388502,
       40.02419903
      ],
      [
       116.35388445,
       40.02427105
      ],
      [
       116.35388401,
       40.02434298
      ],
      [
       116.35388356,
       40.02441524
      ],
      [
       116.35388356,
       40.02441542
      ],
      [
       116.353883,
       40.02448746
      ],
      [
       116.35388255,
       40.02455951
      ],
      [
       116.3538821,
       40.02463173
      ],
      [
       116.3538821,
       40.02463191
      ],
      [
       116.35388154,
       40.02470396
      ],
      [
       116.35388109,
       40.024776
      ],
      [
       116.35388109,
       40.02477618
      ],
      [
       116.35388099,
       40.02478939
      ],
      [
       116.35481647,
       40.0247946
      ],
      [
       116.35481593,
       40.02478496
      ]
     ]
    ]
   }
  },
  {
   "type": "Feature",
   "id": "BD-041",
   "properties": {
    "id": "BD-041",
    "layer": "BUILDING_FOOTPRINT",
    "building_type": "ai_r_and_d",
    "land_use_code": "0802",
    "renewal_action": "renovate",
    "floors_above_ground": null,
    "height_m": null,
    "note_zh": "体量与高度为概念示意；官方控规强度条件未发布，不作容积率或高度结论。",
    "source_type": "agent_generated_design",
    "confidence": "low",
    "geometry_role": "design_proposal",
    "official_boundary": false,
    "boundary_precision": "provisional_rough"
   },
   "geometry": {
    "type": "Polygon",
    "coordinates": [
     [
      [
       116.34928203,
       40.02591845
      ],
      [
       116.34937594,
       40.02591844
      ],
      [
       116.34946996,
       40.02591842
      ],
      [
       116.34956425,
       40.02591841
      ],
      [
       116.34956472,
       40.02591841
      ],
      [
       116.34965856,
       40.02591849
      ],
      [
       116.3497521,
       40.02591848
      ],
      [
       116.349846,
       40.02591846
      ],
      [
       116.34994017,
       40.02591845
      ],
      [
       116.35003424,
       40.02591844
      ],
      [
       116.35012815,
       40.02591843
      ],
      [
       116.35022217,
       40.02591841
      ],
      [
       116.35031658,
       40.0259184
      ],
      [
       116.35031705,
       40.0259184
      ],
      [
       116.35041071,
       40.02591848
      ],
      [
       116.35050426,
       40.02591846
      ],
      [
       116.35059843,
       40.02591845
      ],
      [
       116.35069233,
       40.02591844
      ],
      [
       116.35078635,
       40.02591842
      ],
      [
       116.35088053,
       40.02591841
      ],
      [
       116.35097469,
       40.0259184
      ],
      [
       116.35097511,
       40.0259184
      ],
      [
       116.35106897,
       40.02591847
      ],
      [
       116.35116257,
       40.02591846
      ],
      [
       116.35125647,
       40.02591844
      ],
      [
       116.35135064,
       40.02591843
      ],
      [
       116.35144466,
       40.02591842
      ],
      [
       116.35153857,
       40.0259184
      ],
      [
       116.35163295,
       40.02591839
      ],
      [
       116.35163337,
       40.02591839
      ],
      [
       116.35172722,
       40.02591846
      ],
      [
       116.35182071,
       40.02591845
      ],
      [
       116.35191473,
       40.02591843
      ],
      [
       116.3520089,
       40.02591842
      ],
      [
       116.3521028,
       40.02591841
      ],
      [
       116.35219682,
       40.02591839
      ],
      [
       116.35229083,
       40.02591838
      ],
      [
       116.35232864,
       40.02591837
      ],
      [
       116.35232907,
       40.02585007
      ],
      [
       116.35232907,
       40.0258497
      ],
      [
       116.35232964,
       40.02577757
      ],
      [
       116.35233009,
       40.02570537
      ],
      [
       116.35233009,
       40.02570503
      ],
      [
       116.35233065,
       40.02563279
      ],
      [
       116.3523311,
       40.02556081
      ],
      [
       116.35233155,
       40.02548822
      ],
      [
       116.35233156,
       40.02548785
      ],
      [
       116.35233213,
       40.02541572
      ],
      [
       116.35233257,
       40.02534369
      ],
      [
       116.35233303,
       40.02527111
      ],
      [
       116.35233303,
       40.02527077
      ],
      [
       116.35233359,
       40.02519862
      ],
      [
       116.35233404,
       40.02512656
      ],
      [
       116.35233449,
       40.02505396
      ],
      [
       116.35233449,
       40.02505359
      ],
      [
       116.35233506,
       40.02498147
      ],
      [
       116.35233551,
       40.02490943
      ],
      [
       116.35233596,
       40.02483694
      ],
      [
       116.35233596,
       40.0248366
      ],
      [
       116.35233644,
       40.02477483
      ],
      [
       116.34925856,
       40.02475759
      ],
      [
       116.34925832,
       40.024796
      ],
      [
       116.34925785,
       40.02486945
      ],
      [
       116.34925785,
       40.02486978
      ],
      [
       116.34925727,
       40.02494279
      ],
      [
       116.34925681,
       40.02501565
      ],
      [
       116.34925635,
       40.02508905
      ],
      [
       116.34925635,
       40.02508942
      ],
      [
       116.34925577,
       40.02516244
      ],
      [
       116.34925531,
       40.0252353
      ],
      [
       116.34925485,
       40.02530869
      ],
      [
       116.34925485,
       40.02530906
      ],
      [
       116.34925427,
       40.02538209
      ],
      [
       116.34925382,
       40.02545495
      ],
      [
       116.34925335,
       40.02552839
      ],
      [
       116.34925334,
       40.02552872
      ],
      [
       116.34925277,
       40.02560174
      ],
      [
       116.34925231,
       40.0256746
      ],
      [
       116.34925185,
       40.02574799
      ],
      [
       116.34925185,
       40.02574836
      ],
      [
       116.34925127,
       40.02582139
      ],
      [
       116.34925081,
       40.02589425
      ],
      [
       116.34925066,
       40.02591845
      ],
      [
       116.34928203,
       40.02591845
      ]
     ]
    ]
   }
  },
  {
   "type": "Feature",
   "id": "BD-042",
   "properties": {
    "id": "BD-042",
    "layer": "BUILDING_FOOTPRINT",
    "building_type": "ai_r_and_d",
    "land_use_code": "0802",
    "renewal_action": "new_build",
    "floors_above_ground": null,
    "height_m": null,
    "note_zh": "体量与高度为概念示意；官方控规强度条件未发布，不作容积率或高度结论。",
    "source_type": "agent_generated_design",
    "confidence": "low",
    "geometry_role": "design_proposal",
    "official_boundary": false,
    "boundary_precision": "provisional_rough"
   },
   "geometry": {
    "type": "Polygon",
    "coordinates": [
     [
      [
       116.35233697,
       40.0246923
      ],
      [
       116.35233742,
       40.0246198
      ],
      [
       116.35233743,
       40.02461943
      ],
      [
       116.35233799,
       40.02454721
      ],
      [
       116.35233844,
       40.02447526
      ],
      [
       116.3523389,
       40.02440269
      ],
      [
       116.3523389,
       40.02440235
      ],
      [
       116.35233946,
       40.02433011
      ],
      [
       116.35233991,
       40.02425814
      ],
      [
       116.35234036,
       40.02418554
      ],
      [
       116.35234036,
       40.02418517
      ],
      [
       116.35234093,
       40.02411295
      ],
      [
       116.35234138,
       40.02404084
      ],
      [
       116.35234138,
       40.0240405
      ],
      [
       116.35234194,
       40.02396826
      ],
      [
       116.35234239,
       40.02389629
      ],
      [
       116.35234284,
       40.02382369
      ],
      [
       116.35234284,
       40.02382332
      ],
      [
       116.35234341,
       40.0237511
      ],
      [
       116.35234386,
       40.02367916
      ],
      [
       116.35234431,
       40.02360658
      ],
      [
       116.35234432,
       40.02360624
      ],
      [
       116.35234445,
       40.02358939
      ],
      [
       116.35232551,
       40.02358881
      ],
      [
       116.35223177,
       40.02358594
      ],
      [
       116.35213813,
       40.02358308
      ],
      [
       116.35204433,
       40.02358021
      ],
      [
       116.35195071,
       40.02357734
      ],
      [
       116.35185681,
       40.02357448
      ],
      [
       116.35185628,
       40.02357446
      ],
      [
       116.35176285,
       40.02357151
      ],
      [
       116.3516697,
       40.02356866
      ],
      [
       116.35157596,
       40.02356579
      ],
      [
       116.35148232,
       40.02356293
      ],
      [
       116.35138853,
       40.02356006
      ],
      [
       116.3512949,
       40.02355719
      ],
      [
       116.35120126,
       40.02355433
      ],
      [
       116.35110725,
       40.02355145
      ],
      [
       116.35110682,
       40.02355144
      ],
      [
       116.35101347,
       40.0235485
      ],
      [
       116.35092021,
       40.02354564
      ],
      [
       116.35082659,
       40.02354277
      ],
      [
       116.35073295,
       40.02353991
      ],
      [
       116.35063915,
       40.02353704
      ],
      [
       116.35054553,
       40.02353417
      ],
      [
       116.35045189,
       40.02353131
      ],
      [
       116.35035786,
       40.02352843
      ],
      [
       116.35035739,
       40.02352842
      ],
      [
       116.35026399,
       40.02352547
      ],
      [
       116.35017083,
       40.02352262
      ],
      [
       116.35007704,
       40.02351975
      ],
      [
       116.34998341,
       40.02351688
      ],
      [
       116.34988977,
       40.02351402
      ],
      [
       116.34979598,
       40.02351115
      ],
      [
       116.34970244,
       40.02350828
      ],
      [
       116.34960857,
       40.02350542
      ],
      [
       116.34960804,
       40.0235054
      ],
      [
       116.34951456,
       40.02350245
      ],
      [
       116.34942135,
       40.02349959
      ],
      [
       116.34932772,
       40.02349672
      ],
      [
       116.34926719,
       40.02349487
      ],
      [
       116.34926674,
       40.02355168
      ],
      [
       116.34926629,
       40.02362454
      ],
      [
       116.34926582,
       40.02369796
      ],
      [
       116.34926581,
       40.02369827
      ],
      [
       116.34926525,
       40.02377133
      ],
      [
       116.34926478,
       40.02384422
      ],
      [
       116.34926432,
       40.02391758
      ],
      [
       116.34926432,
       40.02391795
      ],
      [
       116.34926374,
       40.02399098
      ],
      [
       116.34926328,
       40.02406383
      ],
      [
       116.34926282,
       40.02413705
      ],
      [
       116.34926236,
       40.02421045
      ],
      [
       116.34926236,
       40.02421082
      ],
      [
       116.34926178,
       40.02428387
      ],
      [
       116.34926131,
       40.02435673
      ],
      [
       116.34926085,
       40.0244301
      ],
      [
       116.34926085,
       40.02443047
      ],
      [
       116.34926027,
       40.02450349
      ],
      [
       116.34925982,
       40.02457635
      ],
      [
       116.34925936,
       40.02464975
      ],
      [
       116.34925935,
       40.02465012
      ],
      [
       116.34925907,
       40.02468554
      ],
      [
       116.35233691,
       40.02470278
      ],
      [
       116.35233697,
       40.0246923
      ]
     ]
    ]
   }
  },
  {
   "type": "Feature",
   "id": "BD-043",
   "properties": {
    "id": "BD-043",
    "layer": "BUILDING_FOOTPRINT",
    "building_type": "ai_r_and_d",
    "land_use_code": "0802",
    "renewal_action": "new_build",
    "floors_above_ground": null,
    "height_m": null,
    "note_zh": "体量与高度为概念示意；官方控规强度条件未发布，不作容积率或高度结论。",
    "source_type": "agent_generated_design",
    "confidence": "low",
    "geometry_role": "design_proposal",
    "official_boundary": false,
    "boundary_precision": "provisional_rough"
   },
   "geometry": {
    "type": "Polygon",
    "coordinates": [
     [
      [
       116.34730745,
       40.02629719
      ],
      [
       116.3474014,
       40.02629718
      ],
      [
       116.34749556,
       40.02629717
      ],
      [
       116.34749572,
       40.02629717
      ],
      [
       116.34758971,
       40.02629725
      ],
      [
       116.3476835,
       40.02629724
      ],
      [
       116.34777757,
       40.02629723
      ],
      [
       116.34782905,
       40.02629722
      ],
      [
       116.34782932,
       40.02625406
      ],
      [
       116.34782932,
       40.02625393
      ],
      [
       116.3478299,
       40.02618058
      ],
      [
       116.34783037,
       40.02610722
      ],
      [
       116.34783083,
       40.02603378
      ],
      [
       116.34783083,
       40.02603365
      ],
      [
       116.34783141,
       40.0259603
      ],
      [
       116.34783188,
       40.02588694
      ],
      [
       116.34783234,
       40.02581349
      ],
      [
       116.34783235,
       40.02581336
      ],
      [
       116.34783293,
       40.02573993
      ],
      [
       116.34783339,
       40.02566668
      ],
      [
       116.34783387,
       40.0255932
      ],
      [
       116.34783387,
       40.02559309
      ],
      [
       116.34783445,
       40.02551967
      ],
      [
       116.34783491,
       40.0254464
      ],
      [
       116.34783538,
       40.02537292
      ],
      [
       116.34783538,
       40.02537281
      ],
      [
       116.34783596,
       40.02529939
      ],
      [
       116.34783642,
       40.02522612
      ],
      [
       116.34783689,
       40.02515271
      ],
      [
       116.34783735,
       40.02507917
      ],
      [
       116.34783735,
       40.02507904
      ],
      [
       116.34783793,
       40.0250057
      ],
      [
       116.3478384,
       40.02493234
      ],
      [
       116.34783886,
       40.02485888
      ],
      [
       116.34783886,
       40.02485874
      ],
      [
       116.34783945,
       40.02478542
      ],
      [
       116.34783967,
       40.02475062
      ],
      [
       116.3472964,
       40.02474756
      ],
      [
       116.34729633,
       40.02475011
      ],
      [
       116.34729436,
       40.02482214
      ],
      [
       116.34729238,
       40.02489415
      ],
      [
       116.34729052,
       40.02496613
      ],
      [
       116.34729052,
       40.02496625
      ],
      [
       116.34728855,
       40.02503834
      ],
      [
       116.34728657,
       40.02511027
      ],
      [
       116.34728471,
       40.02518224
      ],
      [
       116.34728471,
       40.02518235
      ],
      [
       116.34728274,
       40.02525454
      ],
      [
       116.34728076,
       40.02532647
      ],
      [
       116.3472789,
       40.02539844
      ],
      [
       116.3472789,
       40.02539856
      ],
      [
       116.34727693,
       40.02547066
      ],
      [
       116.34727495,
       40.02554259
      ],
      [
       116.34727309,
       40.02561455
      ],
      [
       116.34727309,
       40.02561466
      ],
      [
       116.34727112,
       40.02568685
      ],
      [
       116.34726914,
       40.02575891
      ],
      [
       116.34726717,
       40.02583082
      ],
      [
       116.34726532,
       40.02590279
      ],
      [
       116.34726531,
       40.02590292
      ],
      [
       116.34726333,
       40.02597502
      ],
      [
       116.34726137,
       40.02604692
      ],
      [
       116.34725951,
       40.026119
      ],
      [
       116.3472595,
       40.02611913
      ],
      [
       116.34725752,
       40.02619122
      ],
      [
       116.34725556,
       40.02626313
      ],
      [
       116.34725468,
       40.0262972
      ],
      [
       116.34730745,
       40.02629719
      ]
     ]
    ]
   }
  },
  {
   "type": "Feature",
   "id": "BD-044",
   "properties": {
    "id": "BD-044",
    "layer": "BUILDING_FOOTPRINT",
    "building_type": "ai_r_and_d",
    "land_use_code": "0802",
    "renewal_action": "new_build",
    "floors_above_ground": null,
    "height_m": null,
    "note_zh": "体量与高度为概念示意；官方控规强度条件未发布，不作容积率或高度结论。",
    "source_type": "agent_generated_design",
    "confidence": "low",
    "geometry_role": "design_proposal",
    "official_boundary": false,
    "boundary_precision": "provisional_rough"
   },
   "geometry": {
    "type": "Polygon",
    "coordinates": [
     [
      [
       116.34784037,
       40.0246386
      ],
      [
       116.34784037,
       40.02463846
      ],
      [
       116.34784096,
       40.02456514
      ],
      [
       116.34784142,
       40.02449179
      ],
      [
       116.34784189,
       40.02441831
      ],
      [
       116.34784189,
       40.0244182
      ],
      [
       116.34784247,
       40.02434479
      ],
      [
       116.34784293,
       40.02427151
      ],
      [
       116.3478434,
       40.02419803
      ],
      [
       116.3478434,
       40.02419792
      ],
      [
       116.34784398,
       40.02412451
      ],
      [
       116.34784444,
       40.02405123
      ],
      [
       116.34784491,
       40.02397775
      ],
      [
       116.34784491,
       40.02397764
      ],
      [
       116.34784549,
       40.02390423
      ],
      [
       116.34784595,
       40.02383095
      ],
      [
       116.34784642,
       40.02375747
      ],
      [
       116.34784642,
       40.02375736
      ],
      [
       116.347847,
       40.02368395
      ],
      [
       116.34784746,
       40.02361067
      ],
      [
       116.34784793,
       40.0235371
      ],
      [
       116.34784793,
       40.02353699
      ],
      [
       116.34784851,
       40.02346365
      ],
      [
       116.34784898,
       40.02339038
      ],
      [
       116.34784944,
       40.02331684
      ],
      [
       116.34784944,
       40.02331671
      ],
      [
       116.34785002,
       40.02324337
      ],
      [
       116.34785049,
       40.0231701
      ],
      [
       116.34785095,
       40.02309656
      ],
      [
       116.34785096,
       40.02309643
      ],
      [
       116.34785115,
       40.02307229
      ],
      [
       116.34782302,
       40.02307141
      ],
      [
       116.34772891,
       40.02306854
      ],
      [
       116.34763453,
       40.02306566
      ],
      [
       116.34763438,
       40.02306565
      ],
      [
       116.3475402,
       40.0230627
      ],
      [
       116.34744609,
       40.02305983
      ],
      [
       116.34735173,
       40.02305696
      ],
      [
       116.34735155,
       40.02305695
      ],
      [
       116.34734193,
       40.02305665
      ],
      [
       116.34734094,
       40.02309288
      ],
      [
       116.34733896,
       40.02316492
      ],
      [
       116.34733699,
       40.02323691
      ],
      [
       116.34733514,
       40.0233089
      ],
      [
       116.34733513,
       40.02330903
      ],
      [
       116.34733315,
       40.02338113
      ],
      [
       116.34733119,
       40.02345304
      ],
      [
       116.34732933,
       40.02352501
      ],
      [
       116.34732932,
       40.02352514
      ],
      [
       116.34732734,
       40.02359723
      ],
      [
       116.34732538,
       40.02366923
      ],
      [
       116.34732352,
       40.02374122
      ],
      [
       116.34732351,
       40.02374135
      ],
      [
       116.34732153,
       40.02381344
      ],
      [
       116.34731957,
       40.02388535
      ],
      [
       116.34731771,
       40.02395733
      ],
      [
       116.3473177,
       40.02395746
      ],
      [
       116.34731572,
       40.02402955
      ],
      [
       116.34731375,
       40.02410167
      ],
      [
       116.34731178,
       40.0241736
      ],
      [
       116.34730992,
       40.02424557
      ],
      [
       116.34730992,
       40.02424569
      ],
      [
       116.34730795,
       40.02431779
      ],
      [
       116.34730597,
       40.02438972
      ],
      [
       116.34730411,
       40.02446176
      ],
      [
       116.34730411,
       40.02446188
      ],
      [
       116.34730214,
       40.02453399
      ],
      [
       116.34730016,
       40.02460591
      ],
      [
       116.34729837,
       40.02467553
      ],
      [
       116.34784012,
       40.02467858
      ],
      [
       116.34784037,
       40.0246386
      ]
     ]
    ]
   }
  },
  {
   "type": "Feature",
   "id": "BD-045",
   "properties": {
    "id": "BD-045",
    "layer": "BUILDING_FOOTPRINT",
    "building_type": "ai_r_and_d",
    "land_use_code": "0802",
    "renewal_action": "new_build",
    "floors_above_ground": null,
    "height_m": null,
    "note_zh": "体量与高度为概念示意；官方控规强度条件未发布，不作容积率或高度结论。",
    "source_type": "agent_generated_design",
    "confidence": "low",
    "geometry_role": "design_proposal",
    "official_boundary": false,
    "boundary_precision": "provisional_rough"
   },
   "geometry": {
    "type": "Polygon",
    "coordinates": [
     [
      [
       116.34279936,
       40.02295515
      ],
      [
       116.34280289,
       40.02302741
      ],
      [
       116.34280642,
       40.02309956
      ],
      [
       116.34280994,
       40.02317172
      ],
      [
       116.34281347,
       40.02324387
      ],
      [
       116.34281699,
       40.02331615
      ],
      [
       116.34282051,
       40.02338829
      ],
      [
       116.34282404,
       40.0234605
      ],
      [
       116.34282405,
       40.02346064
      ],
      [
       116.34282745,
       40.02353275
      ],
      [
       116.34283097,
       40.02360486
      ],
      [
       116.34283449,
       40.02367701
      ],
      [
       116.34283802,
       40.02374916
      ],
      [
       116.34284154,
       40.02382142
      ],
      [
       116.34284507,
       40.02389357
      ],
      [
       116.34284859,
       40.02396574
      ],
      [
       116.34285212,
       40.02403789
      ],
      [
       116.34285564,
       40.02411015
      ],
      [
       116.34285916,
       40.0241823
      ],
      [
       116.34286269,
       40.02425445
      ],
      [
       116.34286621,
       40.02432662
      ],
      [
       116.34286974,
       40.02439887
      ],
      [
       116.34287208,
       40.02444678
      ],
      [
       116.34344062,
       40.02445
      ],
      [
       116.34344162,
       40.02441386
      ],
      [
       116.3434436,
       40.02434147
      ],
      [
       116.34344557,
       40.0242692
      ],
      [
       116.34344744,
       40.02419677
      ],
      [
       116.34344745,
       40.02419664
      ],
      [
       116.34344943,
       40.02412419
      ],
      [
       116.34345141,
       40.02405179
      ],
      [
       116.3434534,
       40.02397943
      ],
      [
       116.34345525,
       40.0239071
      ],
      [
       116.34345526,
       40.02390697
      ],
      [
       116.34345724,
       40.02383451
      ],
      [
       116.34345923,
       40.0237621
      ],
      [
       116.34346121,
       40.02368976
      ],
      [
       116.34346307,
       40.02361742
      ],
      [
       116.34346307,
       40.02361727
      ],
      [
       116.34346506,
       40.02354482
      ],
      [
       116.34346704,
       40.02347235
      ],
      [
       116.34346902,
       40.02340006
      ],
      [
       116.34347089,
       40.02332773
      ],
      [
       116.34347089,
       40.0233276
      ],
      [
       116.34347287,
       40.02325514
      ],
      [
       116.34347485,
       40.02318267
      ],
      [
       116.34347683,
       40.02311038
      ],
      [
       116.3434787,
       40.02303805
      ],
      [
       116.3434787,
       40.02303792
      ],
      [
       116.34348068,
       40.02296546
      ],
      [
       116.34348094,
       40.02295615
      ],
      [
       116.34346919,
       40.02295367
      ],
      [
       116.34344563,
       40.02294303
      ],
      [
       116.34339186,
       40.02294139
      ],
      [
       116.34339171,
       40.02294138
      ],
      [
       116.34329752,
       40.02293842
      ],
      [
       116.34320342,
       40.02293555
      ],
      [
       116.34310907,
       40.02293268
      ],
      [
       116.34310888,
       40.02293267
      ],
      [
       116.34301469,
       40.0229297
      ],
      [
       116.3429206,
       40.02292683
      ],
      [
       116.34282634,
       40.02292396
      ],
      [
       116.3427978,
       40.02292309
      ],
      [
       116.34279936,
       40.02295515
      ]
     ]
    ]
   }
  },
  {
   "type": "Feature",
   "id": "BD-046",
   "properties": {
    "id": "BD-046",
    "layer": "BUILDING_FOOTPRINT",
    "building_type": "ai_r_and_d",
    "land_use_code": "0802",
    "renewal_action": "renovate",
    "floors_above_ground": null,
    "height_m": null,
    "note_zh": "体量与高度为概念示意；官方控规强度条件未发布，不作容积率或高度结论。",
    "source_type": "agent_generated_design",
    "confidence": "low",
    "geometry_role": "design_proposal",
    "official_boundary": false,
    "boundary_precision": "provisional_rough"
   },
   "geometry": {
    "type": "Polygon",
    "coordinates": [
     [
      [
       116.34287679,
       40.02454318
      ],
      [
       116.34288031,
       40.02461544
      ],
      [
       116.34288383,
       40.02468759
      ],
      [
       116.34288736,
       40.02475974
      ],
      [
       116.34289088,
       40.02483191
      ],
      [
       116.34289441,
       40.02490416
      ],
      [
       116.34289793,
       40.02497632
      ],
      [
       116.34290146,
       40.02504847
      ],
      [
       116.34290498,
       40.02512064
      ],
      [
       116.3429085,
       40.02519288
      ],
      [
       116.34291203,
       40.02526503
      ],
      [
       116.34291556,
       40.0253372
      ],
      [
       116.34291909,
       40.02540945
      ],
      [
       116.34292261,
       40.02548161
      ],
      [
       116.34292614,
       40.02555375
      ],
      [
       116.34292966,
       40.02562592
      ],
      [
       116.34293319,
       40.02569817
      ],
      [
       116.34293671,
       40.02577033
      ],
      [
       116.34294024,
       40.02584248
      ],
      [
       116.34294376,
       40.02591466
      ],
      [
       116.34294728,
       40.0259869
      ],
      [
       116.34295081,
       40.02605904
      ],
      [
       116.34295433,
       40.02613121
      ],
      [
       116.34295786,
       40.02620346
      ],
      [
       116.34296138,
       40.02627562
      ],
      [
       116.34296212,
       40.02629083
      ],
      [
       116.3429821,
       40.02629083
      ],
      [
       116.34307607,
       40.02629083
      ],
      [
       116.34317012,
       40.02629082
      ],
      [
       116.34326428,
       40.02629081
      ],
      [
       116.34326445,
       40.02629081
      ],
      [
       116.34335833,
       40.02629089
      ],
      [
       116.34339103,
       40.02629089
      ],
      [
       116.34339273,
       40.02622464
      ],
      [
       116.34339274,
       40.02622449
      ],
      [
       116.34339473,
       40.02615203
      ],
      [
       116.34339671,
       40.02607965
      ],
      [
       116.34339869,
       40.02600729
      ],
      [
       116.34340056,
       40.02593495
      ],
      [
       116.34340056,
       40.02593482
      ],
      [
       116.34340254,
       40.02586237
      ],
      [
       116.34340452,
       40.02578988
      ],
      [
       116.34340651,
       40.02571759
      ],
      [
       116.34340837,
       40.02564528
      ],
      [
       116.34340837,
       40.02564515
      ],
      [
       116.34341035,
       40.02557268
      ],
      [
       116.34341234,
       40.02550018
      ],
      [
       116.34341432,
       40.02542793
      ],
      [
       116.34341618,
       40.0253556
      ],
      [
       116.34341618,
       40.02535546
      ],
      [
       116.34341817,
       40.0252829
      ],
      [
       116.34342015,
       40.02521051
      ],
      [
       116.34342213,
       40.02513823
      ],
      [
       116.343424,
       40.02506591
      ],
      [
       116.343424,
       40.02506579
      ],
      [
       116.34342598,
       40.02499324
      ],
      [
       116.34342797,
       40.02492083
      ],
      [
       116.34342995,
       40.02484855
      ],
      [
       116.34343181,
       40.02477624
      ],
      [
       116.34343181,
       40.02477611
      ],
      [
       116.3434338,
       40.02470356
      ],
      [
       116.34343579,
       40.02463114
      ],
      [
       116.34343776,
       40.02455889
      ],
      [
       116.34343871,
       40.02452204
      ],
      [
       116.3428756,
       40.02451884
      ],
      [
       116.34287679,
       40.02454318
      ]
     ]
    ]
   }
  },
  {
   "type": "Feature",
   "id": "BD-047",
   "properties": {
    "id": "BD-047",
    "layer": "BUILDING_FOOTPRINT",
    "building_type": "ai_r_and_d",
    "land_use_code": "0802",
    "renewal_action": "new_build",
    "floors_above_ground": null,
    "height_m": null,
    "note_zh": "体量与高度为概念示意；官方控规强度条件未发布，不作容积率或高度结论。",
    "source_type": "agent_generated_design",
    "confidence": "low",
    "geometry_role": "design_proposal",
    "official_boundary": false,
    "boundary_precision": "provisional_rough"
   },
   "geometry": {
    "type": "Polygon",
    "coordinates": [
     [
      [
       116.34253859,
       40.01790276
      ],
      [
       116.34254212,
       40.01797501
      ],
      [
       116.34254564,
       40.01804717
      ],
      [
       116.34254917,
       40.01811931
      ],
      [
       116.34255269,
       40.01819149
      ],
      [
       116.34255621,
       40.01826373
      ],
      [
       116.34255974,
       40.01833588
      ],
      [
       116.34256326,
       40.01840806
      ],
      [
       116.34256392,
       40.01842162
      ],
      [
       116.34361728,
       40.01842759
      ],
      [
       116.3436179,
       40.01840321
      ],
      [
       116.34361791,
       40.01840308
      ],
      [
       116.34361989,
       40.01833062
      ],
      [
       116.34362188,
       40.01825812
      ],
      [
       116.34362385,
       40.01818587
      ],
      [
       116.34362571,
       40.01811353
      ],
      [
       116.34362572,
       40.01811339
      ],
      [
       116.34362771,
       40.01804084
      ],
      [
       116.34362969,
       40.01796845
      ],
      [
       116.34363167,
       40.01789618
      ],
      [
       116.34363174,
       40.01789318
      ],
      [
       116.34361576,
       40.01789268
      ],
      [
       116.34352164,
       40.0178898
      ],
      [
       116.34342739,
       40.01788692
      ],
      [
       116.34333306,
       40.01788405
      ],
      [
       116.34333288,
       40.01788404
      ],
      [
       116.3432387,
       40.01788108
      ],
      [
       116.34314462,
       40.01787821
      ],
      [
       116.34305023,
       40.01787533
      ],
      [
       116.34305007,
       40.01787532
      ],
      [
       116.34295592,
       40.01787236
      ],
      [
       116.34286172,
       40.01786949
      ],
      [
       116.34276742,
       40.01786661
      ],
      [
       116.34267309,
       40.01786374
      ],
      [
       116.34267291,
       40.01786373
      ],
      [
       116.34257872,
       40.01786077
      ],
      [
       116.34253647,
       40.01785948
      ],
      [
       116.34253859,
       40.01790276
      ]
     ]
    ]
   }
  },
  {
   "type": "Feature",
   "id": "BD-048",
   "properties": {
    "id": "BD-048",
    "layer": "BUILDING_FOOTPRINT",
    "building_type": "ai_r_and_d",
    "land_use_code": "0802",
    "renewal_action": "new_build",
    "floors_above_ground": null,
    "height_m": null,
    "note_zh": "体量与高度为概念示意；官方控规强度条件未发布，不作容积率或高度结论。",
    "source_type": "agent_generated_design",
    "confidence": "low",
    "geometry_role": "design_proposal",
    "official_boundary": false,
    "boundary_precision": "provisional_rough"
   },
   "geometry": {
    "type": "Polygon",
    "coordinates": [
     [
      [
       116.34257031,
       40.01855246
      ],
      [
       116.34257383,
       40.01862461
      ],
      [
       116.34257736,
       40.01869676
      ],
      [
       116.34258088,
       40.01876903
      ],
      [
       116.3425844,
       40.01884118
      ],
      [
       116.34258793,
       40.01891333
      ],
      [
       116.34259145,
       40.0189855
      ],
      [
       116.34259498,
       40.01905775
      ],
      [
       116.3425985,
       40.01912991
      ],
      [
       116.34260202,
       40.01920206
      ],
      [
       116.34260555,
       40.01927421
      ],
      [
       116.34260907,
       40.01934648
      ],
      [
       116.34261259,
       40.01941863
      ],
      [
       116.34261571,
       40.01948243
      ],
      [
       116.34262394,
       40.01945955
      ],
      [
       116.34264967,
       40.01938776
      ],
      [
       116.34268445,
       40.01929068
      ],
      [
       116.34271884,
       40.01924563
      ],
      [
       116.34281217,
       40.01917491
      ],
      [
       116.34288133,
       40.0191226
      ],
      [
       116.34295021,
       40.01907033
      ],
      [
       116.34304368,
       40.01899951
      ],
      [
       116.3431028,
       40.01897372
      ],
      [
       116.34322958,
       40.01894841
      ],
      [
       116.34332333,
       40.0189297
      ],
      [
       116.34341715,
       40.01891089
      ],
      [
       116.34341729,
       40.01891086
      ],
      [
       116.34354406,
       40.01888556
      ],
      [
       116.34360492,
       40.0188859
      ],
      [
       116.34360625,
       40.0188375
      ],
      [
       116.34360823,
       40.01876522
      ],
      [
       116.34361009,
       40.01869289
      ],
      [
       116.34361009,
       40.01869276
      ],
      [
       116.34361208,
       40.0186203
      ],
      [
       116.34361407,
       40.0185478
      ],
      [
       116.34361538,
       40.01849962
      ],
      [
       116.34256744,
       40.01849368
      ],
      [
       116.34257031,
       40.01855246
      ]
     ]
    ]
   }
  },
  {
   "type": "Feature",
   "id": "BD-049",
   "properties": {
    "id": "BD-049",
    "layer": "BUILDING_FOOTPRINT",
    "building_type": "ai_r_and_d",
    "land_use_code": "0802",
    "renewal_action": "new_build",
    "floors_above_ground": null,
    "height_m": null,
    "note_zh": "体量与高度为概念示意；官方控规强度条件未发布，不作容积率或高度结论。",
    "source_type": "agent_generated_design",
    "confidence": "low",
    "geometry_role": "design_proposal",
    "official_boundary": false,
    "boundary_precision": "provisional_rough"
   },
   "geometry": {
    "type": "Polygon",
    "coordinates": [
     [
      [
       116.34263726,
       40.01992392
      ],
      [
       116.34264079,
       40.01999607
      ],
      [
       116.34264432,
       40.02006831
      ],
      [
       116.34264432,
       40.02006843
      ],
      [
       116.34264773,
       40.02014061
      ],
      [
       116.34265125,
       40.02021264
      ],
      [
       116.34265477,
       40.02028479
      ],
      [
       116.3426583,
       40.02035697
      ],
      [
       116.34266182,
       40.02042921
      ],
      [
       116.34266535,
       40.02050136
      ],
      [
       116.34266887,
       40.02057353
      ],
      [
       116.3426724,
       40.02064577
      ],
      [
       116.34267592,
       40.02071794
      ],
      [
       116.34267944,
       40.02079009
      ],
      [
       116.34268297,
       40.02086224
      ],
      [
       116.34268649,
       40.0209345
      ],
      [
       116.34268964,
       40.02099884
      ],
      [
       116.34354778,
       40.02100371
      ],
      [
       116.34354958,
       40.02093784
      ],
      [
       116.34355156,
       40.02086536
      ],
      [
       116.34355353,
       40.02079307
      ],
      [
       116.3435554,
       40.02072074
      ],
      [
       116.34355541,
       40.02072062
      ],
      [
       116.34355739,
       40.02064816
      ],
      [
       116.34355937,
       40.02057568
      ],
      [
       116.34356136,
       40.02050339
      ],
      [
       116.34356311,
       40.02043498
      ],
      [
       116.34352921,
       40.02043479
      ],
      [
       116.34340294,
       40.02040806
      ],
      [
       116.3434028,
       40.02040803
      ],
      [
       116.34330934,
       40.02038815
      ],
      [
       116.34321596,
       40.02036837
      ],
      [
       116.34308969,
       40.02034164
      ],
      [
       116.34303108,
       40.02031519
      ],
      [
       116.3429391,
       40.02024342
      ],
      [
       116.34287109,
       40.02019026
      ],
      [
       116.34280311,
       40.02013731
      ],
      [
       116.34271097,
       40.0200654
      ],
      [
       116.34267745,
       40.02001997
      ],
      [
       116.34264453,
       40.01992251
      ],
      [
       116.34263596,
       40.01989711
      ],
      [
       116.34263726,
       40.01992392
      ]
     ]
    ]
   }
  },
  {
   "type": "Feature",
   "id": "BD-050",
   "properties": {
    "id": "BD-050",
    "layer": "BUILDING_FOOTPRINT",
    "building_type": "ai_r_and_d",
    "land_use_code": "0802",
    "renewal_action": "new_build",
    "floors_above_ground": null,
    "height_m": null,
    "note_zh": "体量与高度为概念示意；官方控规强度条件未发布，不作容积率或高度结论。",
    "source_type": "agent_generated_design",
    "confidence": "low",
    "geometry_role": "design_proposal",
    "official_boundary": false,
    "boundary_precision": "provisional_rough"
   },
   "geometry": {
    "type": "Polygon",
    "coordinates": [
     [
      [
       116.34269354,
       40.02107883
      ],
      [
       116.34269706,
       40.02115097
      ],
      [
       116.34270059,
       40.02122322
      ],
      [
       116.34270411,
       40.02129538
      ],
      [
       116.34270764,
       40.02136753
      ],
      [
       116.34271116,
       40.0214398
      ],
      [
       116.34271468,
       40.02151195
      ],
      [
       116.34271821,
       40.0215841
      ],
      [
       116.34272173,
       40.02165626
      ],
      [
       116.34272526,
       40.02172851
      ],
      [
       116.34272878,
       40.02180067
      ],
      [
       116.34273231,
       40.02187282
      ],
      [
       116.34273583,
       40.021945
      ],
      [
       116.34273935,
       40.02201724
      ],
      [
       116.34274288,
       40.02208939
      ],
      [
       116.3427464,
       40.02216155
      ],
      [
       116.34274993,
       40.0222338
      ],
      [
       116.34275216,
       40.02227954
      ],
      [
       116.34275459,
       40.02227962
      ],
      [
       116.34284897,
       40.0222825
      ],
      [
       116.34284911,
       40.02228251
      ],
      [
       116.34291716,
       40.02228464
      ],
      [
       116.34288997,
       40.02220433
      ],
      [
       116.34289047,
       40.02215209
      ],
      [
       116.34292936,
       40.02204377
      ],
      [
       116.34295921,
       40.02196063
      ],
      [
       116.34298903,
       40.0218776
      ],
      [
       116.34302775,
       40.02176932
      ],
      [
       116.34306223,
       40.02172416
      ],
      [
       116.34316644,
       40.02164533
      ],
      [
       116.34324625,
       40.02158486
      ],
      [
       116.34332609,
       40.02152439
      ],
      [
       116.34343013,
       40.02144545
      ],
      [
       116.34348937,
       40.0214196
      ],
      [
       116.34353688,
       40.02141013
      ],
      [
       116.34353791,
       40.02137244
      ],
      [
       116.34353977,
       40.02130011
      ],
      [
       116.34353977,
       40.02129997
      ],
      [
       116.34354177,
       40.02122751
      ],
      [
       116.34354375,
       40.02115504
      ],
      [
       116.34354572,
       40.02108275
      ],
      [
       116.3435459,
       40.02107575
      ],
      [
       116.34269315,
       40.02107091
      ],
      [
       116.34269354,
       40.02107883
      ]
     ]
    ]
   }
  },
  {
   "type": "Feature",
   "id": "BD-051",
   "properties": {
    "id": "BD-051",
    "layer": "BUILDING_FOOTPRINT",
    "building_type": "ai_r_and_d",
    "land_use_code": "0802",
    "renewal_action": "renovate",
    "floors_above_ground": null,
    "height_m": null,
    "note_zh": "体量与高度为概念示意；官方控规强度条件未发布，不作容积率或高度结论。",
    "source_type": "agent_generated_design",
    "confidence": "low",
    "geometry_role": "design_proposal",
    "official_boundary": false,
    "boundary_precision": "provisional_rough"
   },
   "geometry": {
    "type": "Polygon",
    "coordinates": [
     [
      [
       116.34255496,
       40.01530003
      ],
      [
       116.34255848,
       40.01537227
      ],
      [
       116.34256201,
       40.01544441
      ],
      [
       116.34256553,
       40.01551659
      ],
      [
       116.34256905,
       40.01558883
      ],
      [
       116.34257258,
       40.01566097
      ],
      [
       116.34257611,
       40.01573316
      ],
      [
       116.34257963,
       40.01580531
      ],
      [
       116.34258316,
       40.01587755
      ],
      [
       116.34258668,
       40.01594973
      ],
      [
       116.3425902,
       40.01602186
      ],
      [
       116.34259373,
       40.01609401
      ],
      [
       116.34259725,
       40.01616628
      ],
      [
       116.34260078,
       40.01623842
      ],
      [
       116.3426043,
       40.01631061
      ],
      [
       116.34260782,
       40.01638285
      ],
      [
       116.34261135,
       40.01645499
      ],
      [
       116.34261487,
       40.01652718
      ],
      [
       116.34261839,
       40.01659932
      ],
      [
       116.34262192,
       40.01667156
      ],
      [
       116.34262545,
       40.01674383
      ],
      [
       116.34262545,
       40.01674401
      ],
      [
       116.34262886,
       40.01681608
      ],
      [
       116.34263094,
       40.01685879
      ],
      [
       116.34267591,
       40.01685976
      ],
      [
       116.34267618,
       40.01685976
      ],
      [
       116.34277197,
       40.01686194
      ],
      [
       116.34286762,
       40.0168641
      ],
      [
       116.34296329,
       40.01686626
      ],
      [
       116.34305875,
       40.01686842
      ],
      [
       116.34315428,
       40.01687049
      ],
      [
       116.34315453,
       40.01687049
      ],
      [
       116.34325032,
       40.01687266
      ],
      [
       116.34334614,
       40.01687483
      ],
      [
       116.34344157,
       40.01687698
      ],
      [
       116.34351582,
       40.0168786
      ],
      [
       116.34351719,
       40.01682884
      ],
      [
       116.34351905,
       40.01675672
      ],
      [
       116.34351905,
       40.01675652
      ],
      [
       116.34352104,
       40.0166843
      ],
      [
       116.34352301,
       40.01661228
      ],
      [
       116.34352487,
       40.01654025
      ],
      [
       116.34352487,
       40.01654006
      ],
      [
       116.34352686,
       40.01646774
      ],
      [
       116.34352884,
       40.0163956
      ],
      [
       116.34353081,
       40.01632368
      ],
      [
       116.34353267,
       40.01625156
      ],
      [
       116.34353268,
       40.01625136
      ],
      [
       116.34353466,
       40.01617914
      ],
      [
       116.34353663,
       40.01610711
      ],
      [
       116.34353849,
       40.01603508
      ],
      [
       116.3435385,
       40.01603489
      ],
      [
       116.34354048,
       40.01596258
      ],
      [
       116.34354246,
       40.01589044
      ],
      [
       116.34354444,
       40.01581851
      ],
      [
       116.34354629,
       40.01574639
      ],
      [
       116.3435463,
       40.01574619
      ],
      [
       116.34354828,
       40.01567398
      ],
      [
       116.34355026,
       40.01560194
      ],
      [
       116.34355213,
       40.01552989
      ],
      [
       116.34355213,
       40.01552972
      ],
      [
       116.34355411,
       40.01545742
      ],
      [
       116.34355608,
       40.01538531
      ],
      [
       116.34355806,
       40.01531334
      ],
      [
       116.34355993,
       40.01524121
      ],
      [
       116.34355993,
       40.01524102
      ],
      [
       116.34356191,
       40.01516881
      ],
      [
       116.34356376,
       40.01510143
      ],
      [
       116.34257862,
       40.01509585
      ],
      [
       116.34257013,
       40.01513328
      ],
      [
       116.34255399,
       40.0152045
      ],
      [
       116.34255095,
       40.01521791
      ],
      [
       116.34255144,
       40.01522781
      ],
      [
       116.34255496,
       40.01530003
      ]
     ]
    ]
   }
  },
  {
   "type": "Feature",
   "id": "BD-052",
   "properties": {
    "id": "BD-052",
    "layer": "BUILDING_FOOTPRINT",
    "building_type": "ai_r_and_d",
    "land_use_code": "0802",
    "renewal_action": "new_build",
    "floors_above_ground": null,
    "height_m": null,
    "note_zh": "体量与高度为概念示意；官方控规强度条件未发布，不作容积率或高度结论。",
    "source_type": "agent_generated_design",
    "confidence": "low",
    "geometry_role": "design_proposal",
    "official_boundary": false,
    "boundary_precision": "provisional_rough"
   },
   "geometry": {
    "type": "Polygon",
    "coordinates": [
     [
      [
       116.34356575,
       40.01502476
      ],
      [
       116.34356575,
       40.01502457
      ],
      [
       116.34356774,
       40.01495225
      ],
      [
       116.34356972,
       40.01488011
      ],
      [
       116.34357169,
       40.01480819
      ],
      [
       116.34357355,
       40.01473607
      ],
      [
       116.34357355,
       40.01473587
      ],
      [
       116.34357554,
       40.01466365
      ],
      [
       116.34357751,
       40.01459162
      ],
      [
       116.34357937,
       40.01451959
      ],
      [
       116.34357938,
       40.0145194
      ],
      [
       116.34358136,
       40.01444709
      ],
      [
       116.34358333,
       40.01437515
      ],
      [
       116.34358519,
       40.01430312
      ],
      [
       116.3435852,
       40.01430293
      ],
      [
       116.34358718,
       40.01423061
      ],
      [
       116.34358916,
       40.01415849
      ],
      [
       116.34359114,
       40.01408646
      ],
      [
       116.34359299,
       40.01401443
      ],
      [
       116.343593,
       40.01401424
      ],
      [
       116.34359498,
       40.01394192
      ],
      [
       116.34359696,
       40.01386999
      ],
      [
       116.34359881,
       40.01379796
      ],
      [
       116.34359882,
       40.01379777
      ],
      [
       116.3436008,
       40.01372545
      ],
      [
       116.34360278,
       40.01365332
      ],
      [
       116.34360476,
       40.01358129
      ],
      [
       116.34360662,
       40.01350927
      ],
      [
       116.34360662,
       40.01350908
      ],
      [
       116.3436086,
       40.01343676
      ],
      [
       116.34361058,
       40.01336482
      ],
      [
       116.34361244,
       40.01329279
      ],
      [
       116.34361244,
       40.0132926
      ],
      [
       116.34361443,
       40.01322029
      ],
      [
       116.34361641,
       40.01314816
      ],
      [
       116.34361838,
       40.01307613
      ],
      [
       116.34362024,
       40.0130041
      ],
      [
       116.34362024,
       40.0130039
      ],
      [
       116.3436205,
       40.01299452
      ],
      [
       116.34355038,
       40.01299238
      ],
      [
       116.34355011,
       40.01299237
      ],
      [
       116.34345599,
       40.01298941
      ],
      [
       116.343362,
       40.01298655
      ],
      [
       116.34326771,
       40.01298366
      ],
      [
       116.34317335,
       40.01298079
      ],
      [
       116.34317308,
       40.01298078
      ],
      [
       116.34307893,
       40.01297782
      ],
      [
       116.34305773,
       40.01297717
      ],
      [
       116.34305352,
       40.01299573
      ],
      [
       116.34303742,
       40.01306678
      ],
      [
       116.34302141,
       40.01313793
      ],
      [
       116.34302137,
       40.0131381
      ],
      [
       116.34300521,
       40.01320943
      ],
      [
       116.34298908,
       40.01328065
      ],
      [
       116.34297297,
       40.0133518
      ],
      [
       116.34295695,
       40.01342296
      ],
      [
       116.34295691,
       40.01342314
      ],
      [
       116.34294075,
       40.01349446
      ],
      [
       116.34292461,
       40.0135657
      ],
      [
       116.3429085,
       40.01363678
      ],
      [
       116.34289251,
       40.01370782
      ],
      [
       116.34287631,
       40.01377944
      ],
      [
       116.34286014,
       40.01385075
      ],
      [
       116.34284405,
       40.0139218
      ],
      [
       116.34282804,
       40.01399295
      ],
      [
       116.342828,
       40.01399312
      ],
      [
       116.34281184,
       40.01406444
      ],
      [
       116.34279573,
       40.01413548
      ],
      [
       116.34277974,
       40.01420668
      ],
      [
       116.34277969,
       40.01420692
      ],
      [
       116.34276351,
       40.01427826
      ],
      [
       116.34274738,
       40.01434948
      ],
      [
       116.34273126,
       40.01442056
      ],
      [
       116.34271526,
       40.01449169
      ],
      [
       116.34271522,
       40.01449187
      ],
      [
       116.34269906,
       40.01456318
      ],
      [
       116.34268292,
       40.01463449
      ],
      [
       116.34266681,
       40.01470558
      ],
      [
       116.3426508,
       40.01477673
      ],
      [
       116.34265076,
       40.01477691
      ],
      [
       116.3426346,
       40.01484823
      ],
      [
       116.34261845,
       40.01491948
      ],
      [
       116.34260236,
       40.0149905
      ],
      [
       116.34259485,
       40.01502389
      ],
      [
       116.34356563,
       40.0150294
      ],
      [
       116.34356575,
       40.01502476
      ]
     ]
    ]
   }
  },
  {
   "type": "Feature",
   "id": "BD-053",
   "properties": {
    "id": "BD-053",
    "layer": "BUILDING_FOOTPRINT",
    "building_type": "ai_r_and_d",
    "land_use_code": "0802",
    "renewal_action": "new_build",
    "floors_above_ground": null,
    "height_m": null,
    "note_zh": "体量与高度为概念示意；官方控规强度条件未发布，不作容积率或高度结论。",
    "source_type": "agent_generated_design",
    "confidence": "low",
    "geometry_role": "design_proposal",
    "official_boundary": false,
    "boundary_precision": "provisional_rough"
   },
   "geometry": {
    "type": "Polygon",
    "coordinates": [
     [
      [
       116.34200595,
       40.00866567
      ],
      [
       116.34200948,
       40.00873791
      ],
      [
       116.342013,
       40.00881008
      ],
      [
       116.34201652,
       40.00888224
      ],
      [
       116.34202004,
       40.00895449
      ],
      [
       116.34202357,
       40.00902663
      ],
      [
       116.34202709,
       40.0090988
      ],
      [
       116.34203061,
       40.00917096
      ],
      [
       116.34203414,
       40.0092432
      ],
      [
       116.34203766,
       40.00931537
      ],
      [
       116.34204118,
       40.00938753
      ],
      [
       116.34204471,
       40.00945968
      ],
      [
       116.34204823,
       40.00953194
      ],
      [
       116.34204892,
       40.00954621
      ],
      [
       116.34258177,
       40.00954924
      ],
      [
       116.34259638,
       40.00948476
      ],
      [
       116.3426124,
       40.00941348
      ],
      [
       116.34261242,
       40.00941339
      ],
      [
       116.34262857,
       40.00934211
      ],
      [
       116.34264471,
       40.00927087
      ],
      [
       116.34266084,
       40.00919971
      ],
      [
       116.34267685,
       40.00912852
      ],
      [
       116.34267687,
       40.00912844
      ],
      [
       116.34269302,
       40.00905716
      ],
      [
       116.34270917,
       40.00898584
      ],
      [
       116.34272529,
       40.00891467
      ],
      [
       116.34274131,
       40.00884347
      ],
      [
       116.34274133,
       40.00884339
      ],
      [
       116.34275748,
       40.00877212
      ],
      [
       116.34277362,
       40.00870088
      ],
      [
       116.3427872,
       40.00864094
      ],
      [
       116.34270216,
       40.00863901
      ],
      [
       116.34260627,
       40.00863686
      ],
      [
       116.34251036,
       40.00863468
      ],
      [
       116.34241437,
       40.00863253
      ],
      [
       116.34231856,
       40.00863036
      ],
      [
       116.34222272,
       40.00862829
      ],
      [
       116.3422226,
       40.00862829
      ],
      [
       116.34212664,
       40.00862611
      ],
      [
       116.34203063,
       40.00862394
      ],
      [
       116.34200388,
       40.00862334
      ],
      [
       116.34200595,
       40.00866567
      ]
     ]
    ]
   }
  },
  {
   "type": "Feature",
   "id": "BD-054",
   "properties": {
    "id": "BD-054",
    "layer": "BUILDING_FOOTPRINT",
    "building_type": "ai_r_and_d",
    "land_use_code": "0802",
    "renewal_action": "new_build",
    "floors_above_ground": null,
    "height_m": null,
    "note_zh": "体量与高度为概念示意；官方控规强度条件未发布，不作容积率或高度结论。",
    "source_type": "agent_generated_design",
    "confidence": "low",
    "geometry_role": "design_proposal",
    "official_boundary": false,
    "boundary_precision": "provisional_rough"
   },
   "geometry": {
    "type": "Polygon",
    "coordinates": [
     [
      [
       116.34205528,
       40.00967624
      ],
      [
       116.3420588,
       40.00974851
      ],
      [
       116.34206232,
       40.00982066
      ],
      [
       116.34206584,
       40.00989282
      ],
      [
       116.34206937,
       40.00996497
      ],
      [
       116.34207289,
       40.01003728
      ],
      [
       116.34207289,
       40.01003735
      ],
      [
       116.3420763,
       40.01010946
      ],
      [
       116.34207982,
       40.01018154
      ],
      [
       116.34208334,
       40.0102537
      ],
      [
       116.34208687,
       40.01032594
      ],
      [
       116.34209039,
       40.01039811
      ],
      [
       116.34209391,
       40.01047027
      ],
      [
       116.34209743,
       40.01054252
      ],
      [
       116.34210096,
       40.01061467
      ],
      [
       116.34210448,
       40.01068683
      ],
      [
       116.342108,
       40.01075899
      ],
      [
       116.34211153,
       40.01083123
      ],
      [
       116.34211505,
       40.0109034
      ],
      [
       116.34211857,
       40.01097556
      ],
      [
       116.3421221,
       40.01104771
      ],
      [
       116.34212562,
       40.01111998
      ],
      [
       116.34212914,
       40.01119211
      ],
      [
       116.34213267,
       40.01126427
      ],
      [
       116.34213619,
       40.01133644
      ],
      [
       116.34213971,
       40.01140869
      ],
      [
       116.34214324,
       40.01148084
      ],
      [
       116.34214354,
       40.01148695
      ],
      [
       116.34214517,
       40.01147973
      ],
      [
       116.3421612,
       40.01140853
      ],
      [
       116.34216121,
       40.01140845
      ],
      [
       116.34217736,
       40.01133718
      ],
      [
       116.34219351,
       40.01126594
      ],
      [
       116.34220963,
       40.0111948
      ],
      [
       116.34222565,
       40.01112352
      ],
      [
       116.34222567,
       40.01112343
      ],
      [
       116.34224182,
       40.01105215
      ],
      [
       116.34225796,
       40.01098091
      ],
      [
       116.3422741,
       40.01090975
      ],
      [
       116.34229011,
       40.01083856
      ],
      [
       116.34229013,
       40.01083847
      ],
      [
       116.34230628,
       40.0107672
      ],
      [
       116.34232242,
       40.0106959
      ],
      [
       116.34233856,
       40.01062471
      ],
      [
       116.34235457,
       40.01055352
      ],
      [
       116.34235459,
       40.01055343
      ],
      [
       116.34237075,
       40.01048216
      ],
      [
       116.34238689,
       40.01041093
      ],
      [
       116.34240301,
       40.01033978
      ],
      [
       116.34241903,
       40.0102685
      ],
      [
       116.34241905,
       40.01026841
      ],
      [
       116.3424352,
       40.01019713
      ],
      [
       116.34245135,
       40.01012588
      ],
      [
       116.34246747,
       40.01005473
      ],
      [
       116.34248349,
       40.00998353
      ],
      [
       116.34248351,
       40.00998346
      ],
      [
       116.34249965,
       40.00991219
      ],
      [
       116.34251579,
       40.00984088
      ],
      [
       116.34253193,
       40.00976969
      ],
      [
       116.34254794,
       40.0096985
      ],
      [
       116.34254796,
       40.00969841
      ],
      [
       116.34256412,
       40.00962714
      ],
      [
       116.34256547,
       40.0096212
      ],
      [
       116.34205244,
       40.00961828
      ],
      [
       116.34205528,
       40.00967624
      ]
     ]
    ]
   }
  },
  {
   "type": "Feature",
   "id": "BD-055",
   "properties": {
    "id": "BD-055",
    "layer": "BUILDING_FOOTPRINT",
    "building_type": "ai_r_and_d",
    "land_use_code": "0802",
    "renewal_action": "new_build",
    "floors_above_ground": null,
    "height_m": null,
    "note_zh": "体量与高度为概念示意；官方控规强度条件未发布，不作容积率或高度结论。",
    "source_type": "agent_generated_design",
    "confidence": "low",
    "geometry_role": "design_proposal",
    "official_boundary": false,
    "boundary_precision": "provisional_rough"
   },
   "geometry": {
    "type": "Polygon",
    "coordinates": [
     [
      [
       116.34193882,
       40.00767431
      ],
      [
       116.34194144,
       40.00772788
      ],
      [
       116.34194497,
       40.00780003
      ],
      [
       116.34194849,
       40.00787219
      ],
      [
       116.34195201,
       40.00794444
      ],
      [
       116.34195554,
       40.00801659
      ],
      [
       116.34195589,
       40.00802381
      ],
      [
       116.34203052,
       40.00802551
      ],
      [
       116.34212554,
       40.00802758
      ],
      [
       116.34212564,
       40.00802758
      ],
      [
       116.34222076,
       40.00802974
      ],
      [
       116.34231586,
       40.0080319
      ],
      [
       116.34241089,
       40.00803397
      ],
      [
       116.34241099,
       40.00803397
      ],
      [
       116.34250612,
       40.00803613
      ],
      [
       116.3426011,
       40.00803829
      ],
      [
       116.34269624,
       40.00804036
      ],
      [
       116.34269634,
       40.00804036
      ],
      [
       116.34279147,
       40.00804252
      ],
      [
       116.34288645,
       40.00804468
      ],
      [
       116.34294076,
       40.00804586
      ],
      [
       116.34294971,
       40.0080063
      ],
      [
       116.34296583,
       40.00793503
      ],
      [
       116.34298185,
       40.00786385
      ],
      [
       116.34299802,
       40.00779241
      ],
      [
       116.34301416,
       40.00772108
      ],
      [
       116.34301723,
       40.00770753
      ],
      [
       116.34293543,
       40.00770504
      ],
      [
       116.34293532,
       40.00770504
      ],
      [
       116.34284113,
       40.00770207
      ],
      [
       116.34274698,
       40.0076992
      ],
      [
       116.34265266,
       40.00769632
      ],
      [
       116.34265257,
       40.00769632
      ],
      [
       116.34255838,
       40.00769335
      ],
      [
       116.34246423,
       40.00769048
      ],
      [
       116.34236997,
       40.0076876
      ],
      [
       116.34227568,
       40.00768473
      ],
      [
       116.34227557,
       40.00768473
      ],
      [
       116.34218137,
       40.00768176
      ],
      [
       116.34208722,
       40.00767888
      ],
      [
       116.34199293,
       40.00767601
      ],
      [
       116.34199282,
       40.00767601
      ],
      [
       116.34193882,
       40.00767431
      ]
     ]
    ]
   }
  },
  {
   "type": "Feature",
   "id": "BD-056",
   "properties": {
    "id": "BD-056",
    "layer": "BUILDING_FOOTPRINT",
    "building_type": "ai_r_and_d",
    "land_use_code": "0802",
    "renewal_action": "renovate",
    "floors_above_ground": null,
    "height_m": null,
    "note_zh": "体量与高度为概念示意；官方控规强度条件未发布，不作容积率或高度结论。",
    "source_type": "agent_generated_design",
    "confidence": "low",
    "geometry_role": "design_proposal",
    "official_boundary": false,
    "boundary_precision": "provisional_rough"
   },
   "geometry": {
    "type": "Polygon",
    "coordinates": [
     [
      [
       116.34199034,
       40.0046389
      ],
      [
       116.34214653,
       40.00460768
      ],
      [
       116.34225984,
       40.004585
      ],
      [
       116.34241609,
       40.00455376
      ],
      [
       116.34250442,
       40.00455426
      ],
      [
       116.34266002,
       40.00458726
      ],
      [
       116.34277295,
       40.00461123
      ],
      [
       116.34292851,
       40.00464421
      ],
      [
       116.34300472,
       40.00467862
      ],
      [
       116.34311804,
       40.00476706
      ],
      [
       116.34320022,
       40.0048312
      ],
      [
       116.34331353,
       40.00491963
      ],
      [
       116.34335714,
       40.00497873
      ],
      [
       116.34339775,
       40.00509885
      ],
      [
       116.34341472,
       40.00514899
      ],
      [
       116.34341896,
       40.00513022
      ],
      [
       116.34343497,
       40.00505897
      ],
      [
       116.343435,
       40.00505881
      ],
      [
       116.34345116,
       40.0049874
      ],
      [
       116.34346731,
       40.00491606
      ],
      [
       116.34348345,
       40.00484475
      ],
      [
       116.3434996,
       40.00477349
      ],
      [
       116.34351573,
       40.00470218
      ],
      [
       116.34353184,
       40.00463101
      ],
      [
       116.34354785,
       40.00455975
      ],
      [
       116.34354789,
       40.00455961
      ],
      [
       116.34356404,
       40.0044882
      ],
      [
       116.34358018,
       40.00441687
      ],
      [
       116.34359632,
       40.00434555
      ],
      [
       116.34361246,
       40.00427422
      ],
      [
       116.3436286,
       40.00420289
      ],
      [
       116.34364475,
       40.00413157
      ],
      [
       116.34366086,
       40.00406036
      ],
      [
       116.34367686,
       40.00398924
      ],
      [
       116.34369306,
       40.00391768
      ],
      [
       116.34369644,
       40.00390271
      ],
      [
       116.34189993,
       40.00389252
      ],
      [
       116.34190018,
       40.00389644
      ],
      [
       116.34190489,
       40.00396857
      ],
      [
       116.3419049,
       40.00396875
      ],
      [
       116.34190946,
       40.00404074
      ],
      [
       116.34191415,
       40.00411263
      ],
      [
       116.34191885,
       40.00418482
      ],
      [
       116.34191886,
       40.00418498
      ],
      [
       116.34192343,
       40.00425706
      ],
      [
       116.34192811,
       40.00432897
      ],
      [
       116.34193282,
       40.00440111
      ],
      [
       116.34193283,
       40.00440127
      ],
      [
       116.3419374,
       40.00447328
      ],
      [
       116.34194209,
       40.00454528
      ],
      [
       116.3419421,
       40.00454544
      ],
      [
       116.34194668,
       40.00461753
      ],
      [
       116.34194923,
       40.00465684
      ],
      [
       116.34199034,
       40.0046389
      ]
     ]
    ]
   }
  },
  {
   "type": "Feature",
   "id": "BD-057",
   "properties": {
    "id": "BD-057",
    "layer": "BUILDING_FOOTPRINT",
    "building_type": "ai_r_and_d",
    "land_use_code": "0802",
    "renewal_action": "new_build",
    "floors_above_ground": null,
    "height_m": null,
    "note_zh": "体量与高度为概念示意；官方控规强度条件未发布，不作容积率或高度结论。",
    "source_type": "agent_generated_design",
    "confidence": "low",
    "geometry_role": "design_proposal",
    "official_boundary": false,
    "boundary_precision": "provisional_rough"
   },
   "geometry": {
    "type": "Polygon",
    "coordinates": [
     [
      [
       116.34372534,
       40.00377502
      ],
      [
       116.34374148,
       40.0037037
      ],
      [
       116.34375762,
       40.00363237
      ],
      [
       116.34377376,
       40.00356104
      ],
      [
       116.34378988,
       40.00348986
      ],
      [
       116.34380588,
       40.00341863
      ],
      [
       116.34380591,
       40.00341847
      ],
      [
       116.34382207,
       40.00334706
      ],
      [
       116.34383822,
       40.00327579
      ],
      [
       116.34385435,
       40.0032045
      ],
      [
       116.34387049,
       40.00313317
      ],
      [
       116.34388663,
       40.00306184
      ],
      [
       116.34390277,
       40.00299052
      ],
      [
       116.34391888,
       40.00291934
      ],
      [
       116.34393489,
       40.00284808
      ],
      [
       116.34393492,
       40.00284794
      ],
      [
       116.34393929,
       40.00282865
      ],
      [
       116.34390561,
       40.00282762
      ],
      [
       116.34390542,
       40.00282762
      ],
      [
       116.34381127,
       40.00282466
      ],
      [
       116.34371724,
       40.00282179
      ],
      [
       116.34362301,
       40.00281892
      ],
      [
       116.34352863,
       40.00281603
      ],
      [
       116.34352845,
       40.00281603
      ],
      [
       116.3434343,
       40.00281307
      ],
      [
       116.34334026,
       40.0028102
      ],
      [
       116.34324593,
       40.00280733
      ],
      [
       116.3432457,
       40.00280732
      ],
      [
       116.34315155,
       40.00280435
      ],
      [
       116.3431405,
       40.00280401
      ],
      [
       116.34313148,
       40.00282924
      ],
      [
       116.343103,
       40.00290857
      ],
      [
       116.34306284,
       40.00302043
      ],
      [
       116.3430181,
       40.00307899
      ],
      [
       116.34291069,
       40.00316038
      ],
      [
       116.34283473,
       40.00321794
      ],
      [
       116.34275854,
       40.00327558
      ],
      [
       116.34268276,
       40.00333301
      ],
      [
       116.34257535,
       40.00341454
      ],
      [
       116.34249827,
       40.00344818
      ],
      [
       116.34235227,
       40.00347728
      ],
      [
       116.34224919,
       40.0034979
      ],
      [
       116.34214596,
       40.00351857
      ],
      [
       116.34204271,
       40.00353924
      ],
      [
       116.34189665,
       40.00356848
      ],
      [
       116.341879,
       40.00356838
      ],
      [
       116.34188153,
       40.00360819
      ],
      [
       116.34188622,
       40.00368009
      ],
      [
       116.34189092,
       40.00375228
      ],
      [
       116.34189093,
       40.00375243
      ],
      [
       116.34189525,
       40.00382045
      ],
      [
       116.34371273,
       40.00383075
      ],
      [
       116.34372534,
       40.00377502
      ]
     ]
    ]
   }
  },
  {
   "type": "Feature",
   "id": "BD-058",
   "properties": {
    "id": "BD-058",
    "layer": "BUILDING_FOOTPRINT",
    "building_type": "ai_r_and_d",
    "land_use_code": "0802",
    "renewal_action": "new_build",
    "floors_above_ground": null,
    "height_m": null,
    "note_zh": "体量与高度为概念示意；官方控规强度条件未发布，不作容积率或高度结论。",
    "source_type": "agent_generated_design",
    "confidence": "low",
    "geometry_role": "design_proposal",
    "official_boundary": false,
    "boundary_precision": "provisional_rough"
   },
   "geometry": {
    "type": "Polygon",
    "coordinates": [
     [
      [
       116.3431905,
       40.00584596
      ],
      [
       116.3431071,
       40.00590916
      ],
      [
       116.34299208,
       40.00599631
      ],
      [
       116.34291523,
       40.00602984
      ],
      [
       116.34275905,
       40.00606106
      ],
      [
       116.34264573,
       40.00608374
      ],
      [
       116.34248945,
       40.00611497
      ],
      [
       116.34240115,
       40.00611447
      ],
      [
       116.34224557,
       40.00608149
      ],
      [
       116.34213259,
       40.0060575
      ],
      [
       116.34203765,
       40.00603737
      ],
      [
       116.34203888,
       40.00606253
      ],
      [
       116.3420424,
       40.0061347
      ],
      [
       116.34204592,
       40.00620684
      ],
      [
       116.34204945,
       40.00627899
      ],
      [
       116.34205297,
       40.00635127
      ],
      [
       116.34205649,
       40.00642343
      ],
      [
       116.34205981,
       40.00649151
      ],
      [
       116.34310972,
       40.00649747
      ],
      [
       116.34311252,
       40.00648509
      ],
      [
       116.34312868,
       40.00641375
      ],
      [
       116.34314481,
       40.00634243
      ],
      [
       116.34316093,
       40.00627132
      ],
      [
       116.34317694,
       40.00620009
      ],
      [
       116.34317697,
       40.00619995
      ],
      [
       116.34319313,
       40.00612854
      ],
      [
       116.34320927,
       40.00605721
      ],
      [
       116.34322541,
       40.00598589
      ],
      [
       116.34324155,
       40.00591456
      ],
      [
       116.3432577,
       40.00584322
      ],
      [
       116.34327086,
       40.00578506
      ],
      [
       116.3431905,
       40.00584596
      ]
     ]
    ]
   }
  },
  {
   "type": "Feature",
   "id": "BD-059",
   "properties": {
    "id": "BD-059",
    "layer": "BUILDING_FOOTPRINT",
    "building_type": "ai_r_and_d",
    "land_use_code": "0802",
    "renewal_action": "new_build",
    "floors_above_ground": null,
    "height_m": null,
    "note_zh": "体量与高度为概念示意；官方控规强度条件未发布，不作容积率或高度结论。",
    "source_type": "agent_generated_design",
    "confidence": "low",
    "geometry_role": "design_proposal",
    "official_boundary": false,
    "boundary_precision": "provisional_rough"
   },
   "geometry": {
    "type": "Polygon",
    "coordinates": [
     [
      [
       116.34206354,
       40.00656782
      ],
      [
       116.34206706,
       40.00664008
      ],
      [
       116.34206707,
       40.00664024
      ],
      [
       116.34207047,
       40.0067123
      ],
      [
       116.34207399,
       40.00678428
      ],
      [
       116.34207751,
       40.00685656
      ],
      [
       116.34208103,
       40.0069287
      ],
      [
       116.34208456,
       40.00700085
      ],
      [
       116.34208771,
       40.00706538
      ],
      [
       116.3421085,
       40.00706601
      ],
      [
       116.34210873,
       40.00706602
      ],
      [
       116.34220289,
       40.00706899
      ],
      [
       116.34229691,
       40.00707186
      ],
      [
       116.34239125,
       40.00707473
      ],
      [
       116.34239148,
       40.00707474
      ],
      [
       116.34248564,
       40.00707771
      ],
      [
       116.34257966,
       40.00708058
      ],
      [
       116.3426739,
       40.00708345
      ],
      [
       116.34276829,
       40.00708634
      ],
      [
       116.34276847,
       40.00708634
      ],
      [
       116.34286263,
       40.0070893
      ],
      [
       116.34295669,
       40.00709217
      ],
      [
       116.34297511,
       40.00709274
      ],
      [
       116.34298351,
       40.00705568
      ],
      [
       116.34299964,
       40.00698437
      ],
      [
       116.3430158,
       40.00691304
      ],
      [
       116.34303193,
       40.00684172
      ],
      [
       116.34304804,
       40.00677054
      ],
      [
       116.34306405,
       40.00669929
      ],
      [
       116.34306409,
       40.00669915
      ],
      [
       116.34308024,
       40.00662774
      ],
      [
       116.34309344,
       40.00656942
      ],
      [
       116.34206333,
       40.00656358
      ],
      [
       116.34206354,
       40.00656782
      ]
     ]
    ]
   }
  },
  {
   "type": "Feature",
   "id": "BD-060",
   "properties": {
    "id": "BD-060",
    "layer": "BUILDING_FOOTPRINT",
    "building_type": "incubator",
    "land_use_code": "0904",
    "renewal_action": "new_build",
    "floors_above_ground": null,
    "height_m": null,
    "note_zh": "体量与高度为概念示意；官方控规强度条件未发布，不作容积率或高度结论。",
    "source_type": "agent_generated_design",
    "confidence": "low",
    "geometry_role": "design_proposal",
    "official_boundary": false,
    "boundary_precision": "provisional_rough"
   },
   "geometry": {
    "type": "Polygon",
    "coordinates": [
     [
      [
       116.34177864,
       39.99985388
      ],
      [
       116.34178334,
       39.99992607
      ],
      [
       116.34178336,
       39.99992628
      ],
      [
       116.34178793,
       39.99999825
      ],
      [
       116.34179261,
       40.00007009
      ],
      [
       116.34179731,
       40.00014228
      ],
      [
       116.34179733,
       40.00014255
      ],
      [
       116.34180189,
       40.00021458
      ],
      [
       116.34180658,
       40.00028652
      ],
      [
       116.3418066,
       40.00028677
      ],
      [
       116.34181116,
       40.00035871
      ],
      [
       116.34181585,
       40.00043054
      ],
      [
       116.34182055,
       40.00050276
      ],
      [
       116.34182056,
       40.00050299
      ],
      [
       116.34182514,
       40.00057505
      ],
      [
       116.34182981,
       40.00064687
      ],
      [
       116.34183452,
       40.00071906
      ],
      [
       116.34183453,
       40.00071931
      ],
      [
       116.34183571,
       40.00073789
      ],
      [
       116.34387688,
       40.00074946
      ],
      [
       116.34387835,
       40.00069557
      ],
      [
       116.34388034,
       40.00062246
      ],
      [
       116.34388232,
       40.00054965
      ],
      [
       116.34388419,
       40.00047666
      ],
      [
       116.3438842,
       40.00047645
      ],
      [
       116.34388618,
       40.00040331
      ],
      [
       116.34388817,
       40.00033016
      ],
      [
       116.34389016,
       40.00025705
      ],
      [
       116.34389214,
       40.00018405
      ],
      [
       116.34389413,
       40.00011112
      ],
      [
       116.34389599,
       40.00003821
      ],
      [
       116.343896,
       40.00003798
      ],
      [
       116.34389799,
       39.99996475
      ],
      [
       116.34389998,
       39.99989173
      ],
      [
       116.34390008,
       39.99988829
      ],
      [
       116.34389471,
       39.99988817
      ],
      [
       116.34379983,
       39.99988602
      ],
      [
       116.34370478,
       39.99988395
      ],
      [
       116.34370448,
       39.99988394
      ],
      [
       116.34360928,
       39.99988178
      ],
      [
       116.34351439,
       39.99987963
      ],
      [
       116.34341936,
       39.99987756
      ],
      [
       116.34341907,
       39.99987755
      ],
      [
       116.34332373,
       39.99987539
      ],
      [
       116.34322895,
       39.99987324
      ],
      [
       116.34313392,
       39.99987117
      ],
      [
       116.34313362,
       39.99987116
      ],
      [
       116.3430383,
       39.999869
      ],
      [
       116.3429434,
       39.99986685
      ],
      [
       116.34284847,
       39.99986478
      ],
      [
       116.34284819,
       39.99986477
      ],
      [
       116.34275287,
       39.99986261
      ],
      [
       116.34265768,
       39.99986045
      ],
      [
       116.3425629,
       39.9998583
      ],
      [
       116.34246787,
       39.99985623
      ],
      [
       116.34246757,
       39.99985622
      ],
      [
       116.34237225,
       39.99985406
      ],
      [
       116.34227735,
       39.99985191
      ],
      [
       116.34218241,
       39.99984984
      ],
      [
       116.34218209,
       39.99984983
      ],
      [
       116.34208679,
       39.99984766
      ],
      [
       116.34199192,
       39.99984551
      ],
      [
       116.34189688,
       39.99984344
      ],
      [
       116.34189658,
       39.99984343
      ],
      [
       116.34180137,
       39.99984127
      ],
      [
       116.34177779,
       39.99984073
      ],
      [
       116.34177864,
       39.99985388
      ]
     ]
    ]
   }
  },
  {
   "type": "Feature",
   "id": "BD-061",
   "properties": {
    "id": "BD-061",
    "layer": "BUILDING_FOOTPRINT",
    "building_type": "incubator",
    "land_use_code": "0904",
    "renewal_action": "renovate",
    "floors_above_ground": null,
    "height_m": null,
    "note_zh": "体量与高度为概念示意；官方控规强度条件未发布，不作容积率或高度结论。",
    "source_type": "agent_generated_design",
    "confidence": "low",
    "geometry_role": "design_proposal",
    "official_boundary": false,
    "boundary_precision": "provisional_rough"
   },
   "geometry": {
    "type": "Polygon",
    "coordinates": [
     [
      [
       116.34184378,
       40.00086308
      ],
      [
       116.34184848,
       40.00093542
      ],
      [
       116.34184849,
       40.00093562
      ],
      [
       116.34185307,
       40.00100758
      ],
      [
       116.34185774,
       40.00107942
      ],
      [
       116.34186245,
       40.0011516
      ],
      [
       116.34186247,
       40.00115185
      ],
      [
       116.34186703,
       40.00122382
      ],
      [
       116.34187172,
       40.00129585
      ],
      [
       116.34187174,
       40.00129607
      ],
      [
       116.34187581,
       40.00136013
      ],
      [
       116.34193594,
       40.00136048
      ],
      [
       116.34209898,
       40.00139495
      ],
      [
       116.34209923,
       40.00139501
      ],
      [
       116.34220219,
       40.00141687
      ],
      [
       116.34230503,
       40.00143871
      ],
      [
       116.34240785,
       40.00146055
      ],
      [
       116.3425709,
       40.00149516
      ],
      [
       116.34267866,
       40.00154383
      ],
      [
       116.34279737,
       40.00163649
      ],
      [
       116.34287209,
       40.00169481
      ],
      [
       116.34294694,
       40.00175313
      ],
      [
       116.34302205,
       40.00181176
      ],
      [
       116.34314091,
       40.00190465
      ],
      [
       116.34317219,
       40.00194707
      ],
      [
       116.34318558,
       40.00194748
      ],
      [
       116.3432798,
       40.00195036
      ],
      [
       116.34337417,
       40.00195323
      ],
      [
       116.34337449,
       40.00195324
      ],
      [
       116.34346857,
       40.00195621
      ],
      [
       116.34356249,
       40.00195907
      ],
      [
       116.34365693,
       40.00196195
      ],
      [
       116.34365719,
       40.00196196
      ],
      [
       116.3437513,
       40.00196492
      ],
      [
       116.34384403,
       40.00196775
      ],
      [
       116.34384478,
       40.0019383
      ],
      [
       116.34384479,
       40.00193807
      ],
      [
       116.34384678,
       40.00186484
      ],
      [
       116.34384877,
       40.0017918
      ],
      [
       116.34385076,
       40.0017187
      ],
      [
       116.34385274,
       40.00164569
      ],
      [
       116.34385473,
       40.00157254
      ],
      [
       116.34385672,
       40.00149965
      ],
      [
       116.34385858,
       40.00142675
      ],
      [
       116.34385859,
       40.00142654
      ],
      [
       116.34386057,
       40.00135332
      ],
      [
       116.34386256,
       40.00128024
      ],
      [
       116.34386456,
       40.00120713
      ],
      [
       116.34386655,
       40.00113402
      ],
      [
       116.34386852,
       40.00106123
      ],
      [
       116.34387039,
       40.00098821
      ],
      [
       116.34387039,
       40.00098798
      ],
      [
       116.34387239,
       40.00091483
      ],
      [
       116.34387438,
       40.00084173
      ],
      [
       116.34387493,
       40.0008215
      ],
      [
       116.34184032,
       40.00080996
      ],
      [
       116.34184378,
       40.00086308
      ]
     ]
    ]
   }
  },
  {
   "type": "Feature",
   "id": "BD-062",
   "properties": {
    "id": "BD-062",
    "layer": "BUILDING_FOOTPRINT",
    "building_type": "incubator",
    "land_use_code": "0904",
    "renewal_action": "new_build",
    "floors_above_ground": null,
    "height_m": null,
    "note_zh": "体量与高度为概念示意；官方控规强度条件未发布，不作容积率或高度结论。",
    "source_type": "agent_generated_design",
    "confidence": "low",
    "geometry_role": "design_proposal",
    "official_boundary": false,
    "boundary_precision": "provisional_rough"
   },
   "geometry": {
    "type": "Polygon",
    "coordinates": [
     [
      [
       116.341562,
       39.99783856
      ],
      [
       116.3415667,
       39.99791074
      ],
      [
       116.34156671,
       39.99791092
      ],
      [
       116.34157129,
       39.99798299
      ],
      [
       116.34157596,
       39.99805487
      ],
      [
       116.34158067,
       39.99812703
      ],
      [
       116.34158068,
       39.99812723
      ],
      [
       116.34158525,
       39.99819921
      ],
      [
       116.34158994,
       39.99827118
      ],
      [
       116.34158995,
       39.9982714
      ],
      [
       116.34159147,
       39.99829531
      ],
      [
       116.34402917,
       39.99830913
      ],
      [
       116.34403076,
       39.99824756
      ],
      [
       116.34403076,
       39.99824736
      ],
      [
       116.34403275,
       39.99817514
      ],
      [
       116.34403473,
       39.99810294
      ],
      [
       116.34403669,
       39.998031
      ],
      [
       116.34403855,
       39.99795896
      ],
      [
       116.34403855,
       39.99795877
      ],
      [
       116.34404054,
       39.99788646
      ],
      [
       116.34404116,
       39.99786381
      ],
      [
       116.34403232,
       39.99786354
      ],
      [
       116.34403211,
       39.99786353
      ],
      [
       116.34393797,
       39.99786058
      ],
      [
       116.34384397,
       39.9978577
      ],
      [
       116.34374963,
       39.99785483
      ],
      [
       116.34374937,
       39.99785482
      ],
      [
       116.34365526,
       39.99785186
      ],
      [
       116.34356129,
       39.99784899
      ],
      [
       116.34346703,
       39.99784611
      ],
      [
       116.34337269,
       39.99784324
      ],
      [
       116.34337242,
       39.99784323
      ],
      [
       116.34327831,
       39.99784027
      ],
      [
       116.34318435,
       39.9978374
      ],
      [
       116.34308995,
       39.99783452
      ],
      [
       116.34308974,
       39.99783451
      ],
      [
       116.3429956,
       39.99783156
      ],
      [
       116.34290158,
       39.99782868
      ],
      [
       116.34280724,
       39.9978258
      ],
      [
       116.34280703,
       39.99782579
      ],
      [
       116.34271289,
       39.99782284
      ],
      [
       116.3426189,
       39.99781996
      ],
      [
       116.34252469,
       39.99781709
      ],
      [
       116.34243028,
       39.99781421
      ],
      [
       116.34243003,
       39.9978142
      ],
      [
       116.34233595,
       39.99781124
      ],
      [
       116.34224198,
       39.99780837
      ],
      [
       116.34214746,
       39.99780549
      ],
      [
       116.34214721,
       39.99780548
      ],
      [
       116.34205312,
       39.99780252
      ],
      [
       116.34195915,
       39.99779965
      ],
      [
       116.34186486,
       39.99779677
      ],
      [
       116.34177052,
       39.99779389
      ],
      [
       116.34177031,
       39.99779388
      ],
      [
       116.34167617,
       39.99779093
      ],
      [
       116.34158215,
       39.99778805
      ],
      [
       116.34155867,
       39.99778733
      ],
      [
       116.341562,
       39.99783856
      ]
     ]
    ]
   }
  },
  {
   "type": "Feature",
   "id": "BD-063",
   "properties": {
    "id": "BD-063",
    "layer": "BUILDING_FOOTPRINT",
    "building_type": "incubator",
    "land_use_code": "0904",
    "renewal_action": "new_build",
    "floors_above_ground": null,
    "height_m": null,
    "note_zh": "体量与高度为概念示意；官方控规强度条件未发布，不作容积率或高度结论。",
    "source_type": "agent_generated_design",
    "confidence": "low",
    "geometry_role": "design_proposal",
    "official_boundary": false,
    "boundary_precision": "provisional_rough"
   },
   "geometry": {
    "type": "Polygon",
    "coordinates": [
     [
      [
       116.3415992,
       39.99841531
      ],
      [
       116.3416039,
       39.99848751
      ],
      [
       116.34160391,
       39.99848769
      ],
      [
       116.34160849,
       39.99855967
      ],
      [
       116.34161317,
       39.99863157
      ],
      [
       116.34161787,
       39.99870382
      ],
      [
       116.34161789,
       39.99870402
      ],
      [
       116.34162245,
       39.99877599
      ],
      [
       116.34162604,
       39.998831
      ],
      [
       116.34164784,
       39.99883149
      ],
      [
       116.34174268,
       39.99883365
      ],
      [
       116.34183762,
       39.99883571
      ],
      [
       116.34183785,
       39.99883572
      ],
      [
       116.34193304,
       39.99883788
      ],
      [
       116.34202787,
       39.99884004
      ],
      [
       116.34212283,
       39.9988421
      ],
      [
       116.34212308,
       39.99884211
      ],
      [
       116.34221837,
       39.99884428
      ],
      [
       116.34231342,
       39.99884644
      ],
      [
       116.34240826,
       39.9988486
      ],
      [
       116.3425032,
       39.99885066
      ],
      [
       116.34250343,
       39.99885067
      ],
      [
       116.34259862,
       39.99885283
      ],
      [
       116.34269345,
       39.99885499
      ],
      [
       116.3427884,
       39.99885705
      ],
      [
       116.34278863,
       39.99885706
      ],
      [
       116.34288382,
       39.99885922
      ],
      [
       116.34297864,
       39.99886138
      ],
      [
       116.34307371,
       39.99886344
      ],
      [
       116.34307395,
       39.99886345
      ],
      [
       116.34316913,
       39.99886561
      ],
      [
       116.34326397,
       39.99886777
      ],
      [
       116.34335891,
       39.99886983
      ],
      [
       116.34335914,
       39.99886984
      ],
      [
       116.34345433,
       39.998872
      ],
      [
       116.34354917,
       39.99887416
      ],
      [
       116.34364411,
       39.99887622
      ],
      [
       116.34364434,
       39.99887623
      ],
      [
       116.34373953,
       39.99887839
      ],
      [
       116.34383435,
       39.99888055
      ],
      [
       116.34392942,
       39.99888261
      ],
      [
       116.34392966,
       39.99888262
      ],
      [
       116.34401365,
       39.99888453
      ],
      [
       116.34401528,
       39.99882486
      ],
      [
       116.34401714,
       39.99875272
      ],
      [
       116.34401714,
       39.99875252
      ],
      [
       116.34401912,
       39.99868031
      ],
      [
       116.3440211,
       39.9986081
      ],
      [
       116.34402308,
       39.99853615
      ],
      [
       116.34402494,
       39.99846412
      ],
      [
       116.34402494,
       39.99846393
      ],
      [
       116.34402692,
       39.99839162
      ],
      [
       116.34402721,
       39.99838117
      ],
      [
       116.34159608,
       39.99836738
      ],
      [
       116.3415992,
       39.99841531
      ]
     ]
    ]
   }
  },
  {
   "type": "Feature",
   "id": "BD-064",
   "properties": {
    "id": "BD-064",
    "layer": "BUILDING_FOOTPRINT",
    "building_type": "incubator",
    "land_use_code": "0904",
    "renewal_action": "new_build",
    "floors_above_ground": null,
    "height_m": null,
    "note_zh": "体量与高度为概念示意；官方控规强度条件未发布，不作容积率或高度结论。",
    "source_type": "agent_generated_design",
    "confidence": "low",
    "geometry_role": "design_proposal",
    "official_boundary": false,
    "boundary_precision": "provisional_rough"
   },
   "geometry": {
    "type": "Polygon",
    "coordinates": [
     [
      [
       116.34179036,
       39.99384474
      ],
      [
       116.3417899,
       39.99391676
      ],
      [
       116.34178944,
       39.99398924
      ],
      [
       116.34178944,
       39.99398955
      ],
      [
       116.34178886,
       39.99406171
      ],
      [
       116.3417884,
       39.99413387
      ],
      [
       116.3417884,
       39.99413418
      ],
      [
       116.34178782,
       39.99420635
      ],
      [
       116.34178736,
       39.99427834
      ],
      [
       116.3417869,
       39.99435082
      ],
      [
       116.3417869,
       39.99435113
      ],
      [
       116.34178632,
       39.99442329
      ],
      [
       116.34178587,
       39.99449529
      ],
      [
       116.34178541,
       39.99456777
      ],
      [
       116.3417854,
       39.99456808
      ],
      [
       116.34178483,
       39.99464024
      ],
      [
       116.34178437,
       39.99471224
      ],
      [
       116.34178391,
       39.99478481
      ],
      [
       116.34178391,
       39.99478512
      ],
      [
       116.34178333,
       39.99485728
      ],
      [
       116.34178303,
       39.99490405
      ],
      [
       116.34386993,
       39.99491588
      ],
      [
       116.34387169,
       39.99485171
      ],
      [
       116.34387354,
       39.99477973
      ],
      [
       116.34387355,
       39.99477942
      ],
      [
       116.34387554,
       39.99470707
      ],
      [
       116.34387751,
       39.99463496
      ],
      [
       116.34387948,
       39.99456311
      ],
      [
       116.34388134,
       39.99449105
      ],
      [
       116.34388134,
       39.99449073
      ],
      [
       116.34388333,
       39.99441844
      ],
      [
       116.3438853,
       39.99434654
      ],
      [
       116.34388716,
       39.99427456
      ],
      [
       116.34388717,
       39.99427425
      ],
      [
       116.34388915,
       39.99420189
      ],
      [
       116.34389113,
       39.99412977
      ],
      [
       116.34389309,
       39.99405796
      ],
      [
       116.34389495,
       39.99398588
      ],
      [
       116.34389496,
       39.99398556
      ],
      [
       116.34389694,
       39.99391327
      ],
      [
       116.34389892,
       39.99384138
      ],
      [
       116.34390077,
       39.9937694
      ],
      [
       116.34390078,
       39.99376909
      ],
      [
       116.34390277,
       39.99369672
      ],
      [
       116.34390475,
       39.9936246
      ],
      [
       116.34390671,
       39.99355278
      ],
      [
       116.34390858,
       39.99348069
      ],
      [
       116.34390858,
       39.99348042
      ],
      [
       116.34391056,
       39.99340816
      ],
      [
       116.34391253,
       39.99333621
      ],
      [
       116.34391439,
       39.99326423
      ],
      [
       116.3439144,
       39.99326392
      ],
      [
       116.34391638,
       39.99319156
      ],
      [
       116.34391836,
       39.99311942
      ],
      [
       116.34392033,
       39.99304761
      ],
      [
       116.34392219,
       39.99297556
      ],
      [
       116.3439222,
       39.99297527
      ],
      [
       116.34392228,
       39.99297232
      ],
      [
       116.34386907,
       39.99297069
      ],
      [
       116.34377467,
       39.99296782
      ],
      [
       116.34377423,
       39.9929678
      ],
      [
       116.34368022,
       39.99296484
      ],
      [
       116.34358642,
       39.99296198
      ],
      [
       116.34349211,
       39.9929591
      ],
      [
       116.3433977,
       39.99295622
      ],
      [
       116.34339735,
       39.99295621
      ],
      [
       116.3433033,
       39.99295325
      ],
      [
       116.34320946,
       39.99295038
      ],
      [
       116.34311506,
       39.99294751
      ],
      [
       116.34311462,
       39.99294749
      ],
      [
       116.34302061,
       39.99294453
      ],
      [
       116.34292681,
       39.99294167
      ],
      [
       116.3428323,
       39.99293879
      ],
      [
       116.3428319,
       39.99293877
      ],
      [
       116.34273792,
       39.99293581
      ],
      [
       116.34271821,
       39.99293521
      ],
      [
       116.3426923,
       39.99300749
      ],
      [
       116.342664,
       39.99308629
      ],
      [
       116.3426359,
       39.99316472
      ],
      [
       116.34258516,
       39.99330602
      ],
      [
       116.34250002,
       39.99341751
      ],
      [
       116.34236465,
       39.9935201
      ],
      [
       116.34228904,
       39.9935774
      ],
      [
       116.34221357,
       39.9936346
      ],
      [
       116.34207802,
       39.99373733
      ],
      [
       116.34193157,
       39.99380123
      ],
      [
       116.34179048,
       39.99382939
      ],
      [
       116.34179036,
       39.99384474
      ]
     ]
    ]
   }
  },
  {
   "type": "Feature",
   "id": "BD-065",
   "properties": {
    "id": "BD-065",
    "layer": "BUILDING_FOOTPRINT",
    "building_type": "incubator",
    "land_use_code": "0904",
    "renewal_action": "new_build",
    "floors_above_ground": null,
    "height_m": null,
    "note_zh": "体量与高度为概念示意；官方控规强度条件未发布，不作容积率或高度结论。",
    "source_type": "agent_generated_design",
    "confidence": "low",
    "geometry_role": "design_proposal",
    "official_boundary": false,
    "boundary_precision": "provisional_rough"
   },
   "geometry": {
    "type": "Polygon",
    "coordinates": [
     [
      [
       116.34178241,
       39.99500175
      ],
      [
       116.34178241,
       39.99500206
      ],
      [
       116.34178183,
       39.99507423
      ],
      [
       116.34178137,
       39.99514623
      ],
      [
       116.34178091,
       39.9952187
      ],
      [
       116.34178091,
       39.99521901
      ],
      [
       116.34178033,
       39.99529118
      ],
      [
       116.34177987,
       39.99536317
      ],
      [
       116.34177941,
       39.99543565
      ],
      [
       116.34177941,
       39.99543596
      ],
      [
       116.34177883,
       39.99550813
      ],
      [
       116.34177838,
       39.99558012
      ],
      [
       116.34177792,
       39.9956526
      ],
      [
       116.34177791,
       39.99565291
      ],
      [
       116.34177734,
       39.99572508
      ],
      [
       116.34177688,
       39.99579723
      ],
      [
       116.34177687,
       39.99579754
      ],
      [
       116.3417763,
       39.9958697
      ],
      [
       116.34177584,
       39.99594179
      ],
      [
       116.34177538,
       39.99601427
      ],
      [
       116.34177538,
       39.99601458
      ],
      [
       116.3417748,
       39.99608675
      ],
      [
       116.34177434,
       39.99615874
      ],
      [
       116.34177388,
       39.99623122
      ],
      [
       116.34177388,
       39.99623153
      ],
      [
       116.3417733,
       39.99630369
      ],
      [
       116.34177284,
       39.99637569
      ],
      [
       116.34177238,
       39.99644816
      ],
      [
       116.34177238,
       39.99644844
      ],
      [
       116.34177181,
       39.99652064
      ],
      [
       116.34177135,
       39.99659267
      ],
      [
       116.34177089,
       39.99666511
      ],
      [
       116.34177088,
       39.99666539
      ],
      [
       116.34177064,
       39.9966969
      ],
      [
       116.34181387,
       39.99669826
      ],
      [
       116.34190767,
       39.99670112
      ],
      [
       116.342002,
       39.996704
      ],
      [
       116.34209641,
       39.99670688
      ],
      [
       116.34209676,
       39.99670689
      ],
      [
       116.3421908,
       39.99670985
      ],
      [
       116.34228479,
       39.99671272
      ],
      [
       116.34237923,
       39.9967156
      ],
      [
       116.34237958,
       39.99671561
      ],
      [
       116.34247364,
       39.99671857
      ],
      [
       116.34256753,
       39.99672144
      ],
      [
       116.34266172,
       39.99672432
      ],
      [
       116.34275613,
       39.99672719
      ],
      [
       116.34275657,
       39.99672721
      ],
      [
       116.3428506,
       39.99673017
      ],
      [
       116.34294439,
       39.99673303
      ],
      [
       116.34303891,
       39.99673591
      ],
      [
       116.34303931,
       39.99673593
      ],
      [
       116.3431333,
       39.99673889
      ],
      [
       116.34322709,
       39.99674175
      ],
      [
       116.34332138,
       39.99674463
      ],
      [
       116.34341579,
       39.9967475
      ],
      [
       116.34341623,
       39.99674752
      ],
      [
       116.34351024,
       39.99675048
      ],
      [
       116.34360404,
       39.99675334
      ],
      [
       116.34369854,
       39.99675622
      ],
      [
       116.34369889,
       39.99675623
      ],
      [
       116.34379295,
       39.99675919
      ],
      [
       116.34382023,
       39.99676002
      ],
      [
       116.34382105,
       39.99672818
      ],
      [
       116.34382106,
       39.99672786
      ],
      [
       116.34382305,
       39.99665561
      ],
      [
       116.34382501,
       39.9965837
      ],
      [
       116.34382687,
       39.9965117
      ],
      [
       116.34382688,
       39.99651138
      ],
      [
       116.34382886,
       39.9964391
      ],
      [
       116.34383084,
       39.99636689
      ],
      [
       116.34383281,
       39.99629508
      ],
      [
       116.34383467,
       39.99622302
      ],
      [
       116.34383468,
       39.9962227
      ],
      [
       116.34383666,
       39.99615041
      ],
      [
       116.34383864,
       39.9960786
      ],
      [
       116.34384049,
       39.99600655
      ],
      [
       116.3438405,
       39.99600626
      ],
      [
       116.34384247,
       39.99593399
      ],
      [
       116.34384446,
       39.99586173
      ],
      [
       116.34384643,
       39.99578991
      ],
      [
       116.34384828,
       39.99571785
      ],
      [
       116.34384829,
       39.99571753
      ],
      [
       116.34385028,
       39.99564525
      ],
      [
       116.34385225,
       39.99557344
      ],
      [
       116.34385411,
       39.99550138
      ],
      [
       116.34385411,
       39.99550106
      ],
      [
       116.3438561,
       39.99542877
      ],
      [
       116.34385807,
       39.99535687
      ],
      [
       116.34385993,
       39.99528491
      ],
      [
       116.34385994,
       39.99528463
      ],
      [
       116.34386191,
       39.99521227
      ],
      [
       116.34386389,
       39.99514008
      ],
      [
       116.34386586,
       39.99506827
      ],
      [
       116.34386772,
       39.99499621
      ],
      [
       116.34386773,
       39.99499589
      ],
      [
       116.34386795,
       39.99498792
      ],
      [
       116.34178257,
       39.9949761
      ],
      [
       116.34178241,
       39.99500175
      ]
     ]
    ]
   }
  },
  {
   "type": "Feature",
   "id": "BD-066",
   "properties": {
    "id": "BD-066",
    "layer": "BUILDING_FOOTPRINT",
    "building_type": "education",
    "land_use_code": "0804",
    "renewal_action": "renovate",
    "floors_above_ground": null,
    "height_m": null,
    "note_zh": "体量与高度为概念示意；官方控规强度条件未发布，不作容积率或高度结论。",
    "source_type": "agent_generated_design",
    "confidence": "low",
    "geometry_role": "design_proposal",
    "official_boundary": false,
    "boundary_precision": "provisional_rough"
   },
   "geometry": {
    "type": "Polygon",
    "coordinates": [
     [
      [
       116.34056569,
       39.98738401
      ],
      [
       116.34056657,
       39.9873975
      ],
      [
       116.34056657,
       39.98739753
      ],
      [
       116.34057114,
       39.98746959
      ],
      [
       116.34057584,
       39.98754164
      ],
      [
       116.34057584,
       39.98754168
      ],
      [
       116.34058041,
       39.98761374
      ],
      [
       116.3405851,
       39.98768578
      ],
      [
       116.3405898,
       39.98775797
      ],
      [
       116.3405898,
       39.987758
      ],
      [
       116.34059437,
       39.98783005
      ],
      [
       116.34059906,
       39.9879021
      ],
      [
       116.34060376,
       39.98797418
      ],
      [
       116.34060376,
       39.98797422
      ],
      [
       116.34060833,
       39.98804629
      ],
      [
       116.34061302,
       39.98811842
      ],
      [
       116.34061772,
       39.9881905
      ],
      [
       116.34061772,
       39.98819054
      ],
      [
       116.34062229,
       39.9882626
      ],
      [
       116.34062699,
       39.98833464
      ],
      [
       116.34063168,
       39.98840674
      ],
      [
       116.34063168,
       39.98840677
      ],
      [
       116.34063625,
       39.98847891
      ],
      [
       116.34064095,
       39.98855096
      ],
      [
       116.34064564,
       39.98862305
      ],
      [
       116.34064564,
       39.98862308
      ],
      [
       116.34065021,
       39.98869514
      ],
      [
       116.34065491,
       39.98876719
      ],
      [
       116.34065491,
       39.98876723
      ],
      [
       116.34065948,
       39.98883939
      ],
      [
       116.34066417,
       39.98891142
      ],
      [
       116.34066887,
       39.98898351
      ],
      [
       116.34066887,
       39.98898355
      ],
      [
       116.34067344,
       39.9890556
      ],
      [
       116.34067814,
       39.98912765
      ],
      [
       116.34068283,
       39.98919984
      ],
      [
       116.34068283,
       39.98919987
      ],
      [
       116.3406874,
       39.98927192
      ],
      [
       116.3406921,
       39.98934397
      ],
      [
       116.34069679,
       39.98941606
      ],
      [
       116.34069679,
       39.98941609
      ],
      [
       116.34070137,
       39.98948815
      ],
      [
       116.34070606,
       39.98956028
      ],
      [
       116.34071075,
       39.98963238
      ],
      [
       116.34071075,
       39.98963241
      ],
      [
       116.34071533,
       39.98970446
      ],
      [
       116.34071542,
       39.98970577
      ],
      [
       116.34071564,
       39.98967131
      ],
      [
       116.34071611,
       39.98959843
      ],
      [
       116.34071611,
       39.9895984
      ],
      [
       116.34071669,
       39.98952557
      ],
      [
       116.34071716,
       39.98945265
      ],
      [
       116.34071763,
       39.98937977
      ],
      [
       116.34071763,
       39.98937974
      ],
      [
       116.34071821,
       39.98930691
      ],
      [
       116.34071868,
       39.98923408
      ],
      [
       116.34071914,
       39.9891612
      ],
      [
       116.34071914,
       39.98916117
      ],
      [
       116.34071973,
       39.98908834
      ],
      [
       116.34072019,
       39.98901551
      ],
      [
       116.34072066,
       39.98894263
      ],
      [
       116.34072066,
       39.9889426
      ],
      [
       116.34072124,
       39.98886968
      ],
      [
       116.34072171,
       39.98879685
      ],
      [
       116.34072217,
       39.98872397
      ],
      [
       116.34072217,
       39.98872394
      ],
      [
       116.34072276,
       39.98865111
      ],
      [
       116.34072322,
       39.98857828
      ],
      [
       116.34072369,
       39.9885054
      ],
      [
       116.34072369,
       39.98850537
      ],
      [
       116.34072427,
       39.98843254
      ],
      [
       116.34072474,
       39.98835971
      ],
      [
       116.34072521,
       39.98828674
      ],
      [
       116.34072521,
       39.98828671
      ],
      [
       116.34072579,
       39.98821388
      ],
      [
       116.34072626,
       39.98814105
      ],
      [
       116.34072672,
       39.98806817
      ],
      [
       116.34072672,
       39.98806814
      ],
      [
       116.34072731,
       39.98799531
      ],
      [
       116.34072777,
       39.98792248
      ],
      [
       116.34072824,
       39.98784961
      ],
      [
       116.34072824,
       39.98784958
      ],
      [
       116.34072882,
       39.98777674
      ],
      [
       116.34072929,
       39.98770382
      ],
      [
       116.34072975,
       39.98763095
      ],
      [
       116.34072975,
       39.98763092
      ],
      [
       116.34073034,
       39.98755808
      ],
      [
       116.3407308,
       39.98748525
      ],
      [
       116.34073127,
       39.98741238
      ],
      [
       116.34073127,
       39.98741235
      ],
      [
       116.34073145,
       39.98738912
      ],
      [
       116.34070009,
       39.98738815
      ],
      [
       116.34060439,
       39.98738518
      ],
      [
       116.34056569,
       39.98738401
      ]
     ]
    ]
   }
  },
  {
   "type": "Feature",
   "id": "BD-067",
   "properties": {
    "id": "BD-067",
    "layer": "BUILDING_FOOTPRINT",
    "building_type": "education",
    "land_use_code": "0804",
    "renewal_action": "new_build",
    "floors_above_ground": null,
    "height_m": null,
    "note_zh": "体量与高度为概念示意；官方控规强度条件未发布，不作容积率或高度结论。",
    "source_type": "agent_generated_design",
    "confidence": "low",
    "geometry_role": "design_proposal",
    "official_boundary": false,
    "boundary_precision": "provisional_rough"
   },
   "geometry": {
    "type": "Polygon",
    "coordinates": [
     [
      [
       116.34033723,
       39.98243807
      ],
      [
       116.34034071,
       39.98249165
      ],
      [
       116.34034072,
       39.98249173
      ],
      [
       116.34034528,
       39.98256385
      ],
      [
       116.34034998,
       39.98263584
      ],
      [
       116.34035467,
       39.98270797
      ],
      [
       116.34035468,
       39.98270805
      ],
      [
       116.34035924,
       39.98278007
      ],
      [
       116.34036394,
       39.98285207
      ],
      [
       116.34036863,
       39.9829242
      ],
      [
       116.34036864,
       39.98292428
      ],
      [
       116.34037321,
       39.9829964
      ],
      [
       116.34037789,
       39.98306839
      ],
      [
       116.34038259,
       39.9831405
      ],
      [
       116.3403826,
       39.98314058
      ],
      [
       116.34038717,
       39.98321263
      ],
      [
       116.34039185,
       39.98328466
      ],
      [
       116.34039186,
       39.98328473
      ],
      [
       116.34039644,
       39.98335686
      ],
      [
       116.34040112,
       39.98342886
      ],
      [
       116.34040581,
       39.98350098
      ],
      [
       116.34040582,
       39.98350105
      ],
      [
       116.3404104,
       39.98357308
      ],
      [
       116.34041508,
       39.98364509
      ],
      [
       116.34041977,
       39.9837173
      ],
      [
       116.34041978,
       39.98371737
      ],
      [
       116.34042436,
       39.9837894
      ],
      [
       116.34042904,
       39.98386141
      ],
      [
       116.34043374,
       39.98393352
      ],
      [
       116.34043374,
       39.9839336
      ],
      [
       116.34043831,
       39.98400563
      ],
      [
       116.340443,
       39.98407771
      ],
      [
       116.3404477,
       39.98414984
      ],
      [
       116.3404477,
       39.98414992
      ],
      [
       116.34045227,
       39.98422194
      ],
      [
       116.34045696,
       39.98429394
      ],
      [
       116.34046166,
       39.98436606
      ],
      [
       116.34046166,
       39.98436614
      ],
      [
       116.34046623,
       39.98443827
      ],
      [
       116.34047092,
       39.98451031
      ],
      [
       116.34047092,
       39.98451038
      ],
      [
       116.3404755,
       39.98458241
      ],
      [
       116.34048018,
       39.98465442
      ],
      [
       116.34048488,
       39.98472653
      ],
      [
       116.34048488,
       39.9847266
      ],
      [
       116.34048946,
       39.98479873
      ],
      [
       116.34049414,
       39.98487073
      ],
      [
       116.34049884,
       39.98494285
      ],
      [
       116.34049884,
       39.98494292
      ],
      [
       116.34050342,
       39.98501495
      ],
      [
       116.34050811,
       39.98508696
      ],
      [
       116.3405128,
       39.98515916
      ],
      [
       116.3405128,
       39.98515923
      ],
      [
       116.34051738,
       39.98523127
      ],
      [
       116.34052207,
       39.98530328
      ],
      [
       116.34052676,
       39.98537539
      ],
      [
       116.34052676,
       39.98537546
      ],
      [
       116.34053134,
       39.9854475
      ],
      [
       116.34053603,
       39.98551963
      ],
      [
       116.34053603,
       39.98551971
      ],
      [
       116.3405406,
       39.98559174
      ],
      [
       116.3405453,
       39.98566373
      ],
      [
       116.34054999,
       39.98573586
      ],
      [
       116.34054999,
       39.98573593
      ],
      [
       116.34055457,
       39.98580796
      ],
      [
       116.34055926,
       39.98588006
      ],
      [
       116.34056395,
       39.98595217
      ],
      [
       116.34056395,
       39.98595225
      ],
      [
       116.34056852,
       39.98602428
      ],
      [
       116.34057322,
       39.98609627
      ],
      [
       116.34057791,
       39.9861684
      ],
      [
       116.34057792,
       39.98616848
      ],
      [
       116.34058248,
       39.9862406
      ],
      [
       116.34058718,
       39.98631259
      ],
      [
       116.34059187,
       39.98638472
      ],
      [
       116.34059188,
       39.9863848
      ],
      [
       116.34059644,
       39.98645682
      ],
      [
       116.34060114,
       39.98652886
      ],
      [
       116.34060115,
       39.98652895
      ],
      [
       116.34060571,
       39.98660107
      ],
      [
       116.3406104,
       39.98667306
      ],
      [
       116.3406151,
       39.98674517
      ],
      [
       116.34061511,
       39.98674525
      ],
      [
       116.34061967,
       39.9868173
      ],
      [
       116.34062436,
       39.98688928
      ],
      [
       116.34062906,
       39.9869614
      ],
      [
       116.34062907,
       39.98696149
      ],
      [
       116.34063018,
       39.98697912
      ],
      [
       116.34064379,
       39.98697955
      ],
      [
       116.34064392,
       39.9869602
      ],
      [
       116.34064392,
       39.98696012
      ],
      [
       116.3406445,
       39.98688784
      ],
      [
       116.34064496,
       39.9868156
      ],
      [
       116.34064542,
       39.98674325
      ],
      [
       116.34064542,
       39.98674317
      ],
      [
       116.340646,
       39.98667089
      ],
      [
       116.34064646,
       39.98659866
      ],
      [
       116.34064692,
       39.9865263
      ],
      [
       116.34064692,
       39.98652622
      ],
      [
       116.3406475,
       39.98645394
      ],
      [
       116.34064796,
       39.98638171
      ],
      [
       116.34064842,
       39.98630935
      ],
      [
       116.34064842,
       39.98630927
      ],
      [
       116.340649,
       39.9862369
      ],
      [
       116.34064946,
       39.98616467
      ],
      [
       116.34064992,
       39.98609231
      ],
      [
       116.34064992,
       39.98609223
      ],
      [
       116.3406505,
       39.98601996
      ],
      [
       116.34065096,
       39.98594772
      ],
      [
       116.34065142,
       39.98587536
      ],
      [
       116.34065142,
       39.98587528
      ],
      [
       116.340652,
       39.98580301
      ],
      [
       116.34065246,
       39.98573077
      ],
      [
       116.34065292,
       39.98565841
      ],
      [
       116.34065292,
       39.98565833
      ],
      [
       116.3406535,
       39.98558606
      ],
      [
       116.34065396,
       39.98551378
      ],
      [
       116.34065396,
       39.9855137
      ],
      [
       116.34065454,
       39.98544143
      ],
      [
       116.340655,
       39.98536919
      ],
      [
       116.34065546,
       39.98529683
      ],
      [
       116.34065546,
       39.98529675
      ],
      [
       116.34065604,
       39.98522448
      ],
      [
       116.3406565,
       39.98515224
      ],
      [
       116.34065696,
       39.98507988
      ],
      [
       116.34065696,
       39.9850798
      ],
      [
       116.34065754,
       39.98500744
      ],
      [
       116.340658,
       39.9849352
      ],
      [
       116.34065846,
       39.98486285
      ],
      [
       116.34065846,
       39.98486277
      ],
      [
       116.34065904,
       39.98479049
      ],
      [
       116.3406595,
       39.98471825
      ],
      [
       116.34065996,
       39.9846459
      ],
      [
       116.34065996,
       39.98464582
      ],
      [
       116.34066054,
       39.98457354
      ],
      [
       116.340661,
       39.9845013
      ],
      [
       116.34066146,
       39.98442895
      ],
      [
       116.34066146,
       39.98442887
      ],
      [
       116.34066204,
       39.98435659
      ],
      [
       116.3406625,
       39.98428436
      ],
      [
       116.34066296,
       39.984212
      ],
      [
       116.34066296,
       39.98421192
      ],
      [
       116.34066354,
       39.98413964
      ],
      [
       116.340664,
       39.98406741
      ],
      [
       116.34066446,
       39.98399505
      ],
      [
       116.34066446,
       39.98399497
      ],
      [
       116.34066504,
       39.98392269
      ],
      [
       116.3406655,
       39.98385042
      ],
      [
       116.3406655,
       39.98385034
      ],
      [
       116.34066608,
       39.98377797
      ],
      [
       116.34066654,
       39.98370574
      ],
      [
       116.340667,
       39.98363338
      ],
      [
       116.340667,
       39.9836333
      ],
      [
       116.34066758,
       39.98356102
      ],
      [
       116.34066804,
       39.98348879
      ],
      [
       116.3406685,
       39.98341643
      ],
      [
       116.3406685,
       39.98341635
      ],
      [
       116.34066908,
       39.98334407
      ],
      [
       116.34066954,
       39.98327184
      ],
      [
       116.34067,
       39.98319948
      ],
      [
       116.34067001,
       39.9831994
      ],
      [
       116.34067058,
       39.98312712
      ],
      [
       116.34067104,
       39.98305489
      ],
      [
       116.34067151,
       39.98298253
      ],
      [
       116.34067151,
       39.98298245
      ],
      [
       116.34067209,
       39.98291018
      ],
      [
       116.34067255,
       39.98283794
      ],
      [
       116.34067301,
       39.98276558
      ],
      [
       116.34067301,
       39.98276551
      ],
      [
       116.34067358,
       39.98269323
      ],
      [
       116.34067405,
       39.98262089
      ],
      [
       116.34067451,
       39.98254854
      ],
      [
       116.34067451,
       39.98254846
      ],
      [
       116.34067509,
       39.98247619
      ],
      [
       116.34067526,
       39.98244847
      ],
      [
       116.34063729,
       39.98244728
      ],
      [
       116.34054242,
       39.98244441
      ],
      [
       116.34054232,
       39.9824444
      ],
      [
       116.34044757,
       39.98244143
      ],
      [
       116.3403527,
       39.98243856
      ],
      [
       116.34035261,
       39.98243855
      ],
      [
       116.34033723,
       39.98243807
      ]
     ]
    ]
   }
  },
  {
   "type": "Feature",
   "id": "BD-068",
   "properties": {
    "id": "BD-068",
    "layer": "BUILDING_FOOTPRINT",
    "building_type": "education",
    "land_use_code": "0804",
    "renewal_action": "new_build",
    "floors_above_ground": null,
    "height_m": null,
    "note_zh": "体量与高度为概念示意；官方控规强度条件未发布，不作容积率或高度结论。",
    "source_type": "agent_generated_design",
    "confidence": "low",
    "geometry_role": "design_proposal",
    "official_boundary": false,
    "boundary_precision": "provisional_rough"
   },
   "geometry": {
    "type": "Polygon",
    "coordinates": [
     [
      [
       116.34027427,
       39.98154371
      ],
      [
       116.34027496,
       39.98155472
      ],
      [
       116.34027966,
       39.98162672
      ],
      [
       116.34028435,
       39.98169884
      ],
      [
       116.34028436,
       39.98169891
      ],
      [
       116.34028892,
       39.98177096
      ],
      [
       116.34029361,
       39.98184304
      ],
      [
       116.34029681,
       39.98189217
      ],
      [
       116.34037244,
       39.98189448
      ],
      [
       116.34037254,
       39.98189449
      ],
      [
       116.34046635,
       39.98189745
      ],
      [
       116.34056011,
       39.98190032
      ],
      [
       116.34065387,
       39.9819032
      ],
      [
       116.34068424,
       39.98190413
      ],
      [
       116.34068439,
       39.98188061
      ],
      [
       116.34068439,
       39.98188054
      ],
      [
       116.34068497,
       39.98180825
      ],
      [
       116.34068543,
       39.98173601
      ],
      [
       116.34068589,
       39.98166366
      ],
      [
       116.34068589,
       39.98166359
      ],
      [
       116.34068647,
       39.9815913
      ],
      [
       116.34068672,
       39.98155295
      ],
      [
       116.34064553,
       39.98155201
      ],
      [
       116.34055107,
       39.98154985
      ],
      [
       116.34045654,
       39.98154779
      ],
      [
       116.34045644,
       39.98154779
      ],
      [
       116.34036191,
       39.98154563
      ],
      [
       116.34027427,
       39.98154371
      ]
     ]
    ]
   }
  },
  {
   "type": "Feature",
   "id": "BD-069",
   "properties": {
    "id": "BD-069",
    "layer": "BUILDING_FOOTPRINT",
    "building_type": "education",
    "land_use_code": "0804",
    "renewal_action": "new_build",
    "floors_above_ground": null,
    "height_m": null,
    "note_zh": "体量与高度为概念示意；官方控规强度条件未发布，不作容积率或高度结论。",
    "source_type": "agent_generated_design",
    "confidence": "low",
    "geometry_role": "design_proposal",
    "official_boundary": false,
    "boundary_precision": "provisional_rough"
   },
   "geometry": {
    "type": "Polygon",
    "coordinates": [
     [
      [
       116.34013173,
       39.97744088
      ],
      [
       116.34013629,
       39.97751288
      ],
      [
       116.34014097,
       39.97758482
      ],
      [
       116.34014567,
       39.97765696
      ],
      [
       116.34014568,
       39.97765709
      ],
      [
       116.34015025,
       39.9777291
      ],
      [
       116.34015493,
       39.97780115
      ],
      [
       116.34015963,
       39.97787328
      ],
      [
       116.34015964,
       39.97787341
      ],
      [
       116.3401642,
       39.97794542
      ],
      [
       116.3401689,
       39.97801741
      ],
      [
       116.34016891,
       39.97801756
      ],
      [
       116.34017347,
       39.97808958
      ],
      [
       116.34017816,
       39.97816161
      ],
      [
       116.34018285,
       39.97823375
      ],
      [
       116.34018286,
       39.97823387
      ],
      [
       116.34018743,
       39.97830589
      ],
      [
       116.34019212,
       39.97837783
      ],
      [
       116.34019681,
       39.97844998
      ],
      [
       116.34019682,
       39.97845012
      ],
      [
       116.34020139,
       39.9785222
      ],
      [
       116.34020608,
       39.97859413
      ],
      [
       116.34021077,
       39.97866629
      ],
      [
       116.34021078,
       39.97866642
      ],
      [
       116.34021535,
       39.97873844
      ],
      [
       116.34022003,
       39.97881037
      ],
      [
       116.34022472,
       39.97888252
      ],
      [
       116.34022473,
       39.97888265
      ],
      [
       116.34022704,
       39.97891896
      ],
      [
       116.34058313,
       39.97892098
      ],
      [
       116.34058318,
       39.9789149
      ],
      [
       116.34058364,
       39.97884272
      ],
      [
       116.3405841,
       39.97877033
      ],
      [
       116.3405841,
       39.9787702
      ],
      [
       116.34058468,
       39.97869786
      ],
      [
       116.34058514,
       39.97862568
      ],
      [
       116.3405856,
       39.9785533
      ],
      [
       116.3405856,
       39.97855317
      ],
      [
       116.34058618,
       39.97848091
      ],
      [
       116.34058664,
       39.97840873
      ],
      [
       116.3405871,
       39.97833635
      ],
      [
       116.34058711,
       39.97833622
      ],
      [
       116.34058769,
       39.97826396
      ],
      [
       116.34058814,
       39.97819178
      ],
      [
       116.34058861,
       39.9781194
      ],
      [
       116.34058861,
       39.97811927
      ],
      [
       116.34058919,
       39.97804701
      ],
      [
       116.34058965,
       39.97797483
      ],
      [
       116.34059011,
       39.97790245
      ],
      [
       116.34059011,
       39.97790232
      ],
      [
       116.34059069,
       39.97783006
      ],
      [
       116.34059115,
       39.97775789
      ],
      [
       116.34059161,
       39.97768551
      ],
      [
       116.34059161,
       39.97768538
      ],
      [
       116.34059218,
       39.97761311
      ],
      [
       116.34059265,
       39.97754084
      ],
      [
       116.34059311,
       39.97746847
      ],
      [
       116.34059311,
       39.97746834
      ],
      [
       116.34059321,
       39.97745508
      ],
      [
       116.34057654,
       39.97745457
      ],
      [
       116.34048277,
       39.97745169
      ],
      [
       116.34038907,
       39.97744882
      ],
      [
       116.34038889,
       39.97744881
      ],
      [
       116.34029525,
       39.97744584
      ],
      [
       116.3402017,
       39.97744298
      ],
      [
       116.34013172,
       39.97744083
      ],
      [
       116.34013173,
       39.97744088
      ]
     ]
    ]
   }
  },
  {
   "type": "Feature",
   "id": "BD-070",
   "properties": {
    "id": "BD-070",
    "layer": "BUILDING_FOOTPRINT",
    "building_type": "education",
    "land_use_code": "0804",
    "renewal_action": "new_build",
    "floors_above_ground": null,
    "height_m": null,
    "note_zh": "体量与高度为概念示意；官方控规强度条件未发布，不作容积率或高度结论。",
    "source_type": "agent_generated_design",
    "confidence": "low",
    "geometry_role": "design_proposal",
    "official_boundary": false,
    "boundary_precision": "provisional_rough"
   },
   "geometry": {
    "type": "Polygon",
    "coordinates": [
     [
      [
       116.34023399,
       39.97902669
      ],
      [
       116.34023868,
       39.97909883
      ],
      [
       116.34023869,
       39.97909896
      ],
      [
       116.34024327,
       39.97917097
      ],
      [
       116.34024795,
       39.97924299
      ],
      [
       116.34024796,
       39.97924313
      ],
      [
       116.34025253,
       39.97931522
      ],
      [
       116.34025721,
       39.97938716
      ],
      [
       116.34026191,
       39.97945929
      ],
      [
       116.34026191,
       39.97945942
      ],
      [
       116.34026649,
       39.97953144
      ],
      [
       116.34027117,
       39.97960338
      ],
      [
       116.34027587,
       39.97967563
      ],
      [
       116.34027587,
       39.97967574
      ],
      [
       116.34028045,
       39.97974776
      ],
      [
       116.34028513,
       39.9798197
      ],
      [
       116.34028983,
       39.97989185
      ],
      [
       116.34028984,
       39.97989198
      ],
      [
       116.3402944,
       39.97996398
      ],
      [
       116.34029909,
       39.98003601
      ],
      [
       116.34030379,
       39.98010816
      ],
      [
       116.3403038,
       39.9801083
      ],
      [
       116.34030836,
       39.98018031
      ],
      [
       116.34031305,
       39.9802523
      ],
      [
       116.34031306,
       39.98025243
      ],
      [
       116.34031763,
       39.98032445
      ],
      [
       116.34032232,
       39.98039649
      ],
      [
       116.34032701,
       39.98046863
      ],
      [
       116.34032702,
       39.98046875
      ],
      [
       116.34033159,
       39.98054077
      ],
      [
       116.34033628,
       39.98061271
      ],
      [
       116.34034097,
       39.98068486
      ],
      [
       116.34034098,
       39.980685
      ],
      [
       116.34034554,
       39.98075708
      ],
      [
       116.34035024,
       39.98082901
      ],
      [
       116.34035324,
       39.98087523
      ],
      [
       116.34038429,
       39.98087594
      ],
      [
       116.34047841,
       39.98087801
      ],
      [
       116.34047856,
       39.98087801
      ],
      [
       116.34056948,
       39.98088009
      ],
      [
       116.34056956,
       39.98086767
      ],
      [
       116.34057002,
       39.98079528
      ],
      [
       116.34057003,
       39.98079515
      ],
      [
       116.34057061,
       39.9807229
      ],
      [
       116.34057106,
       39.98065072
      ],
      [
       116.34057153,
       39.98057833
      ],
      [
       116.34057153,
       39.9805782
      ],
      [
       116.34057211,
       39.98050595
      ],
      [
       116.34057257,
       39.98043371
      ],
      [
       116.34057257,
       39.98043358
      ],
      [
       116.34057314,
       39.98036133
      ],
      [
       116.3405736,
       39.98028914
      ],
      [
       116.34057407,
       39.98021674
      ],
      [
       116.34057407,
       39.98021663
      ],
      [
       116.34057464,
       39.98014439
      ],
      [
       116.3405751,
       39.98007219
      ],
      [
       116.34057556,
       39.9799998
      ],
      [
       116.34057556,
       39.97999967
      ],
      [
       116.34057614,
       39.97992733
      ],
      [
       116.3405766,
       39.97985515
      ],
      [
       116.34057706,
       39.97978276
      ],
      [
       116.34057706,
       39.97978263
      ],
      [
       116.34057764,
       39.97971038
      ],
      [
       116.3405781,
       39.9796382
      ],
      [
       116.34057856,
       39.97956581
      ],
      [
       116.34057856,
       39.97956568
      ],
      [
       116.34057914,
       39.97949343
      ],
      [
       116.3405796,
       39.97942125
      ],
      [
       116.34058006,
       39.97934886
      ],
      [
       116.34058006,
       39.97934873
      ],
      [
       116.34058064,
       39.97927648
      ],
      [
       116.3405811,
       39.9792043
      ],
      [
       116.34058156,
       39.97913192
      ],
      [
       116.34058156,
       39.97913179
      ],
      [
       116.34058214,
       39.97905953
      ],
      [
       116.34058257,
       39.97899303
      ],
      [
       116.34023167,
       39.97899103
      ],
      [
       116.34023399,
       39.97902669
      ]
     ]
    ]
   }
  },
  {
   "type": "Feature",
   "id": "BD-071",
   "properties": {
    "id": "BD-071",
    "layer": "BUILDING_FOOTPRINT",
    "building_type": "residential",
    "land_use_code": "0701",
    "renewal_action": "renovate",
    "floors_above_ground": null,
    "height_m": null,
    "note_zh": "体量与高度为概念示意；官方控规强度条件未发布，不作容积率或高度结论。",
    "source_type": "agent_generated_design",
    "confidence": "low",
    "geometry_role": "design_proposal",
    "official_boundary": false,
    "boundary_precision": "provisional_rough"
   },
   "geometry": {
    "type": "Polygon",
    "coordinates": [
     [
      [
       116.34012856,
       39.9726973
      ],
      [
       116.34012658,
       39.97276943
      ],
      [
       116.34012459,
       39.97284157
      ],
      [
       116.34012261,
       39.97291387
      ],
      [
       116.3401226,
       39.97291405
      ],
      [
       116.34012051,
       39.97298608
      ],
      [
       116.34011853,
       39.97305803
      ],
      [
       116.34011655,
       39.97313016
      ],
      [
       116.34011457,
       39.97320229
      ],
      [
       116.34011258,
       39.97327461
      ],
      [
       116.34011258,
       39.97327476
      ],
      [
       116.34011049,
       39.97334681
      ],
      [
       116.3401085,
       39.97341878
      ],
      [
       116.34010652,
       39.97349089
      ],
      [
       116.34010454,
       39.97356302
      ],
      [
       116.34010256,
       39.97363523
      ],
      [
       116.34010256,
       39.9736354
      ],
      [
       116.34010046,
       39.97370754
      ],
      [
       116.34009849,
       39.97377949
      ],
      [
       116.34009651,
       39.97385162
      ],
      [
       116.34009452,
       39.97392377
      ],
      [
       116.34009253,
       39.97399596
      ],
      [
       116.34009253,
       39.97399613
      ],
      [
       116.34009043,
       39.97406827
      ],
      [
       116.34008846,
       39.97414022
      ],
      [
       116.34008648,
       39.97421235
      ],
      [
       116.3400845,
       39.97428447
      ],
      [
       116.34008252,
       39.97435669
      ],
      [
       116.34008251,
       39.97435687
      ],
      [
       116.34008041,
       39.97442892
      ],
      [
       116.34007843,
       39.97450096
      ],
      [
       116.34007645,
       39.97457307
      ],
      [
       116.34007507,
       39.97462329
      ],
      [
       116.34052228,
       39.97462583
      ],
      [
       116.34052236,
       39.97461228
      ],
      [
       116.34052237,
       39.97461209
      ],
      [
       116.34052296,
       39.97453924
      ],
      [
       116.34052341,
       39.97446657
      ],
      [
       116.34052389,
       39.97439361
      ],
      [
       116.34052389,
       39.97439344
      ],
      [
       116.34052447,
       39.97432066
      ],
      [
       116.34052494,
       39.97424798
      ],
      [
       116.3405254,
       39.97417505
      ],
      [
       116.3405254,
       39.97417486
      ],
      [
       116.34052599,
       39.97410209
      ],
      [
       116.34052645,
       39.97402943
      ],
      [
       116.34052692,
       39.97395638
      ],
      [
       116.34052692,
       39.97395621
      ],
      [
       116.3405275,
       39.97388343
      ],
      [
       116.34052797,
       39.97381075
      ],
      [
       116.34052843,
       39.97373782
      ],
      [
       116.34052843,
       39.97373763
      ],
      [
       116.34052902,
       39.97366486
      ],
      [
       116.34052948,
       39.9735922
      ],
      [
       116.34052995,
       39.97351924
      ],
      [
       116.34052995,
       39.97351907
      ],
      [
       116.34053053,
       39.9734463
      ],
      [
       116.340531,
       39.97337352
      ],
      [
       116.34053146,
       39.97330059
      ],
      [
       116.34053146,
       39.9733004
      ],
      [
       116.34053205,
       39.97322763
      ],
      [
       116.34053251,
       39.97315497
      ],
      [
       116.34053298,
       39.97308201
      ],
      [
       116.34053298,
       39.97308184
      ],
      [
       116.34053356,
       39.97300906
      ],
      [
       116.34053403,
       39.97293638
      ],
      [
       116.34053449,
       39.97286346
      ],
      [
       116.34053449,
       39.97286328
      ],
      [
       116.34053507,
       39.97279041
      ],
      [
       116.34053554,
       39.97271771
      ],
      [
       116.34053562,
       39.97270551
      ],
      [
       116.3404415,
       39.97270335
      ],
      [
       116.3403473,
       39.9727013
      ],
      [
       116.34034705,
       39.97270129
      ],
      [
       116.34025249,
       39.97269913
      ],
      [
       116.34015828,
       39.97269697
      ],
      [
       116.34012859,
       39.97269632
      ],
      [
       116.34012856,
       39.9726973
      ]
     ]
    ]
   }
  },
  {
   "type": "Feature",
   "id": "BD-072",
   "properties": {
    "id": "BD-072",
    "layer": "BUILDING_FOOTPRINT",
    "building_type": "residential",
    "land_use_code": "0701",
    "renewal_action": "new_build",
    "floors_above_ground": null,
    "height_m": null,
    "note_zh": "体量与高度为概念示意；官方控规强度条件未发布，不作容积率或高度结论。",
    "source_type": "agent_generated_design",
    "confidence": "low",
    "geometry_role": "design_proposal",
    "official_boundary": false,
    "boundary_precision": "provisional_rough"
   },
   "geometry": {
    "type": "Polygon",
    "coordinates": [
     [
      [
       116.34007249,
       39.97471742
      ],
      [
       116.34007248,
       39.9747176
      ],
      [
       116.34007039,
       39.97478964
      ],
      [
       116.34006841,
       39.97486167
      ],
      [
       116.34006643,
       39.9749338
      ],
      [
       116.34006471,
       39.97499613
      ],
      [
       116.34006866,
       39.97505823
      ],
      [
       116.34007334,
       39.97513014
      ],
      [
       116.34007803,
       39.97520231
      ],
      [
       116.34007805,
       39.9752025
      ],
      [
       116.34008261,
       39.97527457
      ],
      [
       116.34008729,
       39.97534644
      ],
      [
       116.34009199,
       39.97541859
      ],
      [
       116.34009201,
       39.97541879
      ],
      [
       116.34009657,
       39.97549079
      ],
      [
       116.34010125,
       39.97556269
      ],
      [
       116.34010595,
       39.97563494
      ],
      [
       116.34010596,
       39.9756351
      ],
      [
       116.34011053,
       39.97570709
      ],
      [
       116.34011521,
       39.975779
      ],
      [
       116.34011991,
       39.97585117
      ],
      [
       116.34011992,
       39.97585135
      ],
      [
       116.34012448,
       39.97592334
      ],
      [
       116.34012917,
       39.97599541
      ],
      [
       116.34012918,
       39.97599557
      ],
      [
       116.34013375,
       39.97606755
      ],
      [
       116.34013843,
       39.97613947
      ],
      [
       116.34014313,
       39.97621164
      ],
      [
       116.34014314,
       39.97621182
      ],
      [
       116.34014771,
       39.97628381
      ],
      [
       116.34015238,
       39.97635578
      ],
      [
       116.34015709,
       39.97642792
      ],
      [
       116.3401571,
       39.97642812
      ],
      [
       116.34016167,
       39.97650012
      ],
      [
       116.34016635,
       39.97657201
      ],
      [
       116.34017104,
       39.97664417
      ],
      [
       116.34017105,
       39.97664435
      ],
      [
       116.34017562,
       39.97671627
      ],
      [
       116.34018022,
       39.97671641
      ],
      [
       116.34028087,
       39.9767195
      ],
      [
       116.34038154,
       39.9767226
      ],
      [
       116.34048216,
       39.97672569
      ],
      [
       116.34050778,
       39.97672648
      ],
      [
       116.34050779,
       39.97672529
      ],
      [
       116.34050826,
       39.97665262
      ],
      [
       116.34050872,
       39.97657969
      ],
      [
       116.34050872,
       39.97657951
      ],
      [
       116.3405093,
       39.97650672
      ],
      [
       116.34050977,
       39.97643404
      ],
      [
       116.34051024,
       39.9763611
      ],
      [
       116.34051025,
       39.97636094
      ],
      [
       116.34051083,
       39.97628807
      ],
      [
       116.3405113,
       39.97621539
      ],
      [
       116.34051176,
       39.97614246
      ],
      [
       116.34051176,
       39.97614228
      ],
      [
       116.34051234,
       39.97606949
      ],
      [
       116.34051281,
       39.97599681
      ],
      [
       116.34051328,
       39.97592387
      ],
      [
       116.34051328,
       39.9759237
      ],
      [
       116.34051386,
       39.97585094
      ],
      [
       116.34051432,
       39.97577827
      ],
      [
       116.34051479,
       39.97570521
      ],
      [
       116.34051479,
       39.97570504
      ],
      [
       116.34051537,
       39.97563226
      ],
      [
       116.34051584,
       39.97555958
      ],
      [
       116.34051631,
       39.97548664
      ],
      [
       116.34051631,
       39.97548647
      ],
      [
       116.34051689,
       39.97541371
      ],
      [
       116.34051735,
       39.97534104
      ],
      [
       116.34051782,
       39.97526807
      ],
      [
       116.34051782,
       39.9752679
      ],
      [
       116.3405184,
       39.97519513
      ],
      [
       116.34051887,
       39.97512235
      ],
      [
       116.34051934,
       39.97504941
      ],
      [
       116.34051934,
       39.97504924
      ],
      [
       116.34051992,
       39.97497648
      ],
      [
       116.34052038,
       39.97490381
      ],
      [
       116.34052085,
       39.97483084
      ],
      [
       116.34052085,
       39.97483067
      ],
      [
       116.34052143,
       39.97475789
      ],
      [
       116.34052182,
       39.97469788
      ],
      [
       116.34007309,
       39.97469533
      ],
      [
       116.34007249,
       39.97471742
      ]
     ]
    ]
   }
  },
  {
   "type": "Feature",
   "id": "BD-073",
   "properties": {
    "id": "BD-073",
    "layer": "BUILDING_FOOTPRINT",
    "building_type": "residential",
    "land_use_code": "0701",
    "renewal_action": "new_build",
    "floors_above_ground": null,
    "height_m": null,
    "note_zh": "体量与高度为概念示意；官方控规强度条件未发布，不作容积率或高度结论。",
    "source_type": "agent_generated_design",
    "confidence": "low",
    "geometry_role": "design_proposal",
    "official_boundary": false,
    "boundary_precision": "provisional_rough"
   },
   "geometry": {
    "type": "Polygon",
    "coordinates": [
     [
      [
       116.34022219,
       39.9716898
      ],
      [
       116.34032167,
       39.9716928
      ],
      [
       116.34032188,
       39.9716928
      ],
      [
       116.34042142,
       39.9716959
      ],
      [
       116.34052097,
       39.97169898
      ],
      [
       116.34056425,
       39.97170032
      ],
      [
       116.34056436,
       39.97168413
      ],
      [
       116.34056436,
       39.97168397
      ],
      [
       116.34056494,
       39.97161173
      ],
      [
       116.3405654,
       39.97153959
      ],
      [
       116.34056586,
       39.97146719
      ],
      [
       116.34056586,
       39.97146702
      ],
      [
       116.34056644,
       39.97139469
      ],
      [
       116.3405669,
       39.97132247
      ],
      [
       116.3405669,
       39.97132232
      ],
      [
       116.34056747,
       39.97125007
      ],
      [
       116.34056793,
       39.97117791
      ],
      [
       116.3405684,
       39.9711055
      ],
      [
       116.3405684,
       39.97110536
      ],
      [
       116.34056897,
       39.97103312
      ],
      [
       116.34056943,
       39.97096096
      ],
      [
       116.34056989,
       39.97088856
      ],
      [
       116.34056989,
       39.9708884
      ],
      [
       116.34057047,
       39.97081616
      ],
      [
       116.34057093,
       39.97074401
      ],
      [
       116.34057139,
       39.97067161
      ],
      [
       116.34057139,
       39.97067145
      ],
      [
       116.34057197,
       39.97059921
      ],
      [
       116.34057243,
       39.97052707
      ],
      [
       116.34057289,
       39.97045466
      ],
      [
       116.34057289,
       39.9704545
      ],
      [
       116.34057347,
       39.97038226
      ],
      [
       116.34057393,
       39.97031012
      ],
      [
       116.34057439,
       39.97023763
      ],
      [
       116.34057439,
       39.97023746
      ],
      [
       116.34057497,
       39.97016522
      ],
      [
       116.34057543,
       39.97009308
      ],
      [
       116.34057589,
       39.97002067
      ],
      [
       116.3405759,
       39.97002051
      ],
      [
       116.34057648,
       39.96994827
      ],
      [
       116.34057694,
       39.96987605
      ],
      [
       116.34057694,
       39.9698759
      ],
      [
       116.34057751,
       39.96980365
      ],
      [
       116.34057797,
       39.96973149
      ],
      [
       116.34057823,
       39.96968998
      ],
      [
       116.34019053,
       39.96968777
      ],
      [
       116.34018904,
       39.96973925
      ],
      [
       116.34018706,
       39.96981121
      ],
      [
       116.34018508,
       39.96988334
      ],
      [
       116.3401831,
       39.96995547
      ],
      [
       116.34018112,
       39.97002768
      ],
      [
       116.34018112,
       39.97002785
      ],
      [
       116.34017902,
       39.97009997
      ],
      [
       116.34017704,
       39.97017194
      ],
      [
       116.34017505,
       39.97024408
      ],
      [
       116.34017307,
       39.9703162
      ],
      [
       116.34017109,
       39.97038841
      ],
      [
       116.34017109,
       39.97038858
      ],
      [
       116.34016899,
       39.97046061
      ],
      [
       116.34016702,
       39.97053266
      ],
      [
       116.34016504,
       39.9706048
      ],
      [
       116.34016306,
       39.97067693
      ],
      [
       116.34016107,
       39.97074913
      ],
      [
       116.34016107,
       39.9707493
      ],
      [
       116.34015897,
       39.97082136
      ],
      [
       116.34015699,
       39.97089341
      ],
      [
       116.34015501,
       39.97096553
      ],
      [
       116.34015303,
       39.97103766
      ],
      [
       116.34015105,
       39.97110986
      ],
      [
       116.34015104,
       39.97111003
      ],
      [
       116.34014894,
       39.97118208
      ],
      [
       116.34014697,
       39.97125404
      ],
      [
       116.34014499,
       39.97132625
      ],
      [
       116.34014301,
       39.97139838
      ],
      [
       116.34014102,
       39.97147061
      ],
      [
       116.34014101,
       39.97147075
      ],
      [
       116.34013893,
       39.97154281
      ],
      [
       116.34013694,
       39.97161478
      ],
      [
       116.34013496,
       39.97168698
      ],
      [
       116.34013496,
       39.97168709
      ],
      [
       116.34022219,
       39.9716898
      ]
     ]
    ]
   }
  },
  {
   "type": "Feature",
   "id": "BD-074",
   "properties": {
    "id": "BD-074",
    "layer": "BUILDING_FOOTPRINT",
    "building_type": "residential",
    "land_use_code": "0701",
    "renewal_action": "new_build",
    "floors_above_ground": null,
    "height_m": null,
    "note_zh": "体量与高度为概念示意；官方控规强度条件未发布，不作容积率或高度结论。",
    "source_type": "agent_generated_design",
    "confidence": "low",
    "geometry_role": "design_proposal",
    "official_boundary": false,
    "boundary_precision": "provisional_rough"
   },
   "geometry": {
    "type": "Polygon",
    "coordinates": [
     [
      [
       116.34057901,
       39.96958669
      ],
      [
       116.34057947,
       39.96951455
      ],
      [
       116.34057993,
       39.96944214
      ],
      [
       116.34057993,
       39.96944198
      ],
      [
       116.34058051,
       39.96936974
      ],
      [
       116.34058097,
       39.9692976
      ],
      [
       116.34058143,
       39.96922519
      ],
      [
       116.34058143,
       39.96922503
      ],
      [
       116.34058201,
       39.96915279
      ],
      [
       116.34058247,
       39.96908065
      ],
      [
       116.34058293,
       39.96900816
      ],
      [
       116.34058293,
       39.96900799
      ],
      [
       116.34058351,
       39.96893575
      ],
      [
       116.34058397,
       39.96886361
      ],
      [
       116.34058443,
       39.9687912
      ],
      [
       116.34058443,
       39.96879104
      ],
      [
       116.34058501,
       39.9687188
      ],
      [
       116.34058547,
       39.96864666
      ],
      [
       116.34058593,
       39.96857426
      ],
      [
       116.34058593,
       39.96857411
      ],
      [
       116.3405865,
       39.96850185
      ],
      [
       116.34058697,
       39.96842969
      ],
      [
       116.34058743,
       39.96835731
      ],
      [
       116.34058743,
       39.96835716
      ],
      [
       116.340588,
       39.96828492
      ],
      [
       116.34058846,
       39.96821267
      ],
      [
       116.34058846,
       39.96821251
      ],
      [
       116.34058904,
       39.96814027
      ],
      [
       116.3405895,
       39.96806813
      ],
      [
       116.34058996,
       39.96799572
      ],
      [
       116.34058997,
       39.96799556
      ],
      [
       116.34059055,
       39.96792332
      ],
      [
       116.34059101,
       39.96785118
      ],
      [
       116.34059147,
       39.96777869
      ],
      [
       116.34059147,
       39.96777852
      ],
      [
       116.34059205,
       39.96770628
      ],
      [
       116.34059251,
       39.96763414
      ],
      [
       116.34059297,
       39.96756173
      ],
      [
       116.34059297,
       39.96756157
      ],
      [
       116.34059355,
       39.96748933
      ],
      [
       116.34059377,
       39.96745488
      ],
      [
       116.34052684,
       39.9674528
      ],
      [
       116.34042771,
       39.96744972
      ],
      [
       116.34032836,
       39.96744673
      ],
      [
       116.34032813,
       39.96744673
      ],
      [
       116.34025288,
       39.96744439
      ],
      [
       116.34025128,
       39.96750266
      ],
      [
       116.34025127,
       39.96750283
      ],
      [
       116.34024918,
       39.96757488
      ],
      [
       116.3402472,
       39.96764684
      ],
      [
       116.34024522,
       39.96771905
      ],
      [
       116.34024324,
       39.96779119
      ],
      [
       116.34024125,
       39.96786341
      ],
      [
       116.34024125,
       39.96786355
      ],
      [
       116.34023916,
       39.96793561
      ],
      [
       116.34023717,
       39.96800758
      ],
      [
       116.34023519,
       39.9680797
      ],
      [
       116.34023321,
       39.9681519
      ],
      [
       116.34023123,
       39.96822412
      ],
      [
       116.34023123,
       39.96822429
      ],
      [
       116.34022913,
       39.96829634
      ],
      [
       116.34022716,
       39.9683683
      ],
      [
       116.34022518,
       39.96844043
      ],
      [
       116.3402232,
       39.96851263
      ],
      [
       116.34022121,
       39.96858485
      ],
      [
       116.34022121,
       39.96858502
      ],
      [
       116.34021911,
       39.96865707
      ],
      [
       116.34021714,
       39.96872903
      ],
      [
       116.34021515,
       39.96880116
      ],
      [
       116.34021317,
       39.96887328
      ],
      [
       116.34021119,
       39.96894558
      ],
      [
       116.34021118,
       39.96894575
      ],
      [
       116.34020908,
       39.9690178
      ],
      [
       116.34020711,
       39.96908976
      ],
      [
       116.34020513,
       39.96916188
      ],
      [
       116.34020315,
       39.96923401
      ],
      [
       116.34020117,
       39.96930631
      ],
      [
       116.34020116,
       39.96930648
      ],
      [
       116.34019907,
       39.96937853
      ],
      [
       116.34019709,
       39.96945048
      ],
      [
       116.3401951,
       39.96952262
      ],
      [
       116.34019312,
       39.96959474
      ],
      [
       116.34019255,
       39.96961573
      ],
      [
       116.34057876,
       39.96961793
      ],
      [
       116.34057901,
       39.96958669
      ]
     ]
    ]
   }
  },
  {
   "type": "Feature",
   "id": "BD-075",
   "properties": {
    "id": "BD-075",
    "layer": "BUILDING_FOOTPRINT",
    "building_type": "residential",
    "land_use_code": "0701",
    "renewal_action": "new_build",
    "floors_above_ground": null,
    "height_m": null,
    "note_zh": "体量与高度为概念示意；官方控规强度条件未发布，不作容积率或高度结论。",
    "source_type": "agent_generated_design",
    "confidence": "low",
    "geometry_role": "design_proposal",
    "official_boundary": false,
    "boundary_precision": "provisional_rough"
   },
   "geometry": {
    "type": "Polygon",
    "coordinates": [
     [
      [
       116.34026488,
       39.96663722
      ],
      [
       116.34036316,
       39.96664021
      ],
      [
       116.34036333,
       39.96664022
      ],
      [
       116.34046153,
       39.96664329
      ],
      [
       116.34055973,
       39.96664628
      ],
      [
       116.34055992,
       39.96664629
      ],
      [
       116.34063418,
       39.96664862
      ],
      [
       116.34063446,
       39.96660465
      ],
      [
       116.34063446,
       39.96660451
      ],
      [
       116.34063503,
       39.96653227
      ],
      [
       116.34063549,
       39.96646001
      ],
      [
       116.34063549,
       39.96645986
      ],
      [
       116.34063607,
       39.96638763
      ],
      [
       116.34063653,
       39.96631537
      ],
      [
       116.34063699,
       39.96624297
      ],
      [
       116.34063699,
       39.96624282
      ],
      [
       116.34063757,
       39.96617059
      ],
      [
       116.34063803,
       39.96609842
      ],
      [
       116.34063849,
       39.96602602
      ],
      [
       116.34063849,
       39.96602587
      ],
      [
       116.34063907,
       39.96595364
      ],
      [
       116.34063953,
       39.96588147
      ],
      [
       116.34063999,
       39.96580907
      ],
      [
       116.34064,
       39.96580892
      ],
      [
       116.34064057,
       39.96573669
      ],
      [
       116.34064103,
       39.96566452
      ],
      [
       116.3406415,
       39.96559213
      ],
      [
       116.3406415,
       39.96559199
      ],
      [
       116.34064207,
       39.96551975
      ],
      [
       116.34064253,
       39.96544757
      ],
      [
       116.340643,
       39.96537516
      ],
      [
       116.340643,
       39.96537504
      ],
      [
       116.34064357,
       39.9653028
      ],
      [
       116.34064403,
       39.96523062
      ],
      [
       116.34064404,
       39.96522775
      ],
      [
       116.34027962,
       39.96522568
      ],
      [
       116.34027853,
       39.96526551
      ],
      [
       116.34027655,
       39.9653378
      ],
      [
       116.34027654,
       39.96533796
      ],
      [
       116.34027445,
       39.96541001
      ],
      [
       116.34027247,
       39.96548199
      ],
      [
       116.34027049,
       39.96555411
      ],
      [
       116.34026851,
       39.96562624
      ],
      [
       116.34026653,
       39.96569845
      ],
      [
       116.34026652,
       39.9656986
      ],
      [
       116.34026443,
       39.96577074
      ],
      [
       116.34026245,
       39.96584271
      ],
      [
       116.34026047,
       39.96591484
      ],
      [
       116.34025849,
       39.96598697
      ],
      [
       116.3402565,
       39.96605919
      ],
      [
       116.3402565,
       39.96605931
      ],
      [
       116.34025441,
       39.96613147
      ],
      [
       116.34025242,
       39.96620346
      ],
      [
       116.34025044,
       39.96627557
      ],
      [
       116.34024846,
       39.9663477
      ],
      [
       116.34024648,
       39.96641991
      ],
      [
       116.34024648,
       39.96642006
      ],
      [
       116.34024438,
       39.9664921
      ],
      [
       116.3402424,
       39.96656417
      ],
      [
       116.34024043,
       39.9666363
      ],
      [
       116.34024042,
       39.96663647
      ],
      [
       116.34026488,
       39.96663722
      ]
     ]
    ]
   }
  },
  {
   "type": "Feature",
   "id": "BD-076",
   "properties": {
    "id": "BD-076",
    "layer": "BUILDING_FOOTPRINT",
    "building_type": "residential",
    "land_use_code": "0701",
    "renewal_action": "renovate",
    "floors_above_ground": null,
    "height_m": null,
    "note_zh": "体量与高度为概念示意；官方控规强度条件未发布，不作容积率或高度结论。",
    "source_type": "agent_generated_design",
    "confidence": "low",
    "geometry_role": "design_proposal",
    "official_boundary": false,
    "boundary_precision": "provisional_rough"
   },
   "geometry": {
    "type": "Polygon",
    "coordinates": [
     [
      [
       116.34064507,
       39.96508575
      ],
      [
       116.34064553,
       39.96501358
      ],
      [
       116.34064599,
       39.96494118
      ],
      [
       116.34064599,
       39.96494103
      ],
      [
       116.34064657,
       39.9648688
      ],
      [
       116.34064703,
       39.96479655
      ],
      [
       116.34064703,
       39.9647964
      ],
      [
       116.34064761,
       39.96472417
      ],
      [
       116.34064807,
       39.964652
      ],
      [
       116.34064853,
       39.96457961
      ],
      [
       116.34064853,
       39.96457947
      ],
      [
       116.3406491,
       39.96450722
      ],
      [
       116.34064957,
       39.96443504
      ],
      [
       116.34065003,
       39.96436266
      ],
      [
       116.34065003,
       39.96436252
      ],
      [
       116.3406506,
       39.96429028
      ],
      [
       116.34065106,
       39.9642181
      ],
      [
       116.34065152,
       39.9641457
      ],
      [
       116.34065152,
       39.96414555
      ],
      [
       116.3406521,
       39.96407332
      ],
      [
       116.34065256,
       39.96400115
      ],
      [
       116.34065302,
       39.96392867
      ],
      [
       116.34065302,
       39.96392851
      ],
      [
       116.3406536,
       39.96385628
      ],
      [
       116.34065406,
       39.96378411
      ],
      [
       116.34065452,
       39.96371171
      ],
      [
       116.34065452,
       39.96371156
      ],
      [
       116.34065496,
       39.963657
      ],
      [
       116.34062306,
       39.96365628
      ],
      [
       116.34052894,
       39.96365421
      ],
      [
       116.34052875,
       39.9636542
      ],
      [
       116.34043453,
       39.96365205
      ],
      [
       116.34034033,
       39.96364998
      ],
      [
       116.34034016,
       39.96364998
      ],
      [
       116.34032337,
       39.96364959
      ],
      [
       116.34032258,
       39.96367834
      ],
      [
       116.3403206,
       39.96375056
      ],
      [
       116.34031861,
       39.9638227
      ],
      [
       116.34031663,
       39.96389488
      ],
      [
       116.34031663,
       39.96389502
      ],
      [
       116.34031454,
       39.96396709
      ],
      [
       116.34031255,
       39.96403909
      ],
      [
       116.34031057,
       39.9641112
      ],
      [
       116.34030859,
       39.96418341
      ],
      [
       116.34030661,
       39.96425562
      ],
      [
       116.34030661,
       39.96425577
      ],
      [
       116.34030451,
       39.96432782
      ],
      [
       116.34030254,
       39.9643998
      ],
      [
       116.34030056,
       39.96447193
      ],
      [
       116.34029858,
       39.96454414
      ],
      [
       116.34029659,
       39.96461635
      ],
      [
       116.34029659,
       39.9646165
      ],
      [
       116.34029449,
       39.96468855
      ],
      [
       116.34029252,
       39.96476053
      ],
      [
       116.34029054,
       39.96483265
      ],
      [
       116.34028856,
       39.96490478
      ],
      [
       116.34028657,
       39.96497709
      ],
      [
       116.34028656,
       39.96497722
      ],
      [
       116.34028447,
       39.96504927
      ],
      [
       116.3402825,
       39.96512126
      ],
      [
       116.34028161,
       39.96515364
      ],
      [
       116.34064451,
       39.9651557
      ],
      [
       116.34064507,
       39.96508575
      ]
     ]
    ]
   }
  },
  {
   "type": "Feature",
   "id": "BD-077",
   "properties": {
    "id": "BD-077",
    "layer": "BUILDING_FOOTPRINT",
    "building_type": "residential",
    "land_use_code": "0701",
    "renewal_action": "new_build",
    "floors_above_ground": null,
    "height_m": null,
    "note_zh": "体量与高度为概念示意；官方控规强度条件未发布，不作容积率或高度结论。",
    "source_type": "agent_generated_design",
    "confidence": "low",
    "geometry_role": "design_proposal",
    "official_boundary": false,
    "boundary_precision": "provisional_rough"
   },
   "geometry": {
    "type": "Polygon",
    "coordinates": [
     [
      [
       116.34026585,
       39.96289235
      ],
      [
       116.34027247,
       39.9628925
      ],
      [
       116.34036625,
       39.96289457
      ],
      [
       116.34036637,
       39.96289457
      ],
      [
       116.34046016,
       39.96289672
      ],
      [
       116.34055394,
       39.96289879
      ],
      [
       116.34055407,
       39.96289879
      ],
      [
       116.34064797,
       39.96290094
      ],
      [
       116.34073868,
       39.96290294
      ],
      [
       116.34073916,
       39.96284418
      ],
      [
       116.34073961,
       39.96277198
      ],
      [
       116.34074008,
       39.96269951
      ],
      [
       116.34074008,
       39.9626994
      ],
      [
       116.34074066,
       39.96262714
      ],
      [
       116.34074112,
       39.96255494
      ],
      [
       116.34074158,
       39.96248256
      ],
      [
       116.34074158,
       39.96248246
      ],
      [
       116.34074215,
       39.96241019
      ],
      [
       116.34074262,
       39.96233798
      ],
      [
       116.34074291,
       39.96229142
      ],
      [
       116.34066995,
       39.9622892
      ],
      [
       116.34066981,
       39.96228919
      ],
      [
       116.34057172,
       39.96228612
      ],
      [
       116.3404738,
       39.96228313
      ],
      [
       116.34037557,
       39.96228014
      ],
      [
       116.34037543,
       39.96228013
      ],
      [
       116.34028299,
       39.96227723
      ],
      [
       116.34028219,
       39.96230637
      ],
      [
       116.34028021,
       39.9623785
      ],
      [
       116.34027821,
       39.96245069
      ],
      [
       116.34027821,
       39.96245079
      ],
      [
       116.34027612,
       39.96252286
      ],
      [
       116.34027414,
       39.96259497
      ],
      [
       116.34027216,
       39.9626671
      ],
      [
       116.34027018,
       39.96273923
      ],
      [
       116.3402682,
       39.9628114
      ],
      [
       116.34026819,
       39.96281152
      ],
      [
       116.34026609,
       39.96288359
      ],
      [
       116.34026585,
       39.96289235
      ]
     ]
    ]
   }
  },
  {
   "type": "Feature",
   "id": "BD-078",
   "properties": {
    "id": "BD-078",
    "layer": "BUILDING_FOOTPRINT",
    "building_type": "residential",
    "land_use_code": "0701",
    "renewal_action": "new_build",
    "floors_above_ground": null,
    "height_m": null,
    "note_zh": "体量与高度为概念示意；官方控规强度条件未发布，不作容积率或高度结论。",
    "source_type": "agent_generated_design",
    "confidence": "low",
    "geometry_role": "design_proposal",
    "official_boundary": false,
    "boundary_precision": "provisional_rough"
   },
   "geometry": {
    "type": "Polygon",
    "coordinates": [
     [
      [
       116.34040294,
       39.96165516
      ],
      [
       116.34049999,
       39.96165814
      ],
      [
       116.3405972,
       39.96166112
      ],
      [
       116.34069443,
       39.9616641
      ],
      [
       116.3406977,
       39.9616642
      ],
      [
       116.34069814,
       39.96159509
      ],
      [
       116.3406986,
       39.96152217
      ],
      [
       116.34069861,
       39.96152203
      ],
      [
       116.34069919,
       39.96144924
      ],
      [
       116.34069965,
       39.9613765
      ],
      [
       116.34070013,
       39.96130349
      ],
      [
       116.34070013,
       39.96130337
      ],
      [
       116.34070071,
       39.96123059
      ],
      [
       116.34070117,
       39.96115787
      ],
      [
       116.34070164,
       39.96108492
      ],
      [
       116.34070164,
       39.9610848
      ],
      [
       116.34070222,
       39.96101201
      ],
      [
       116.34070269,
       39.96093929
      ],
      [
       116.34070315,
       39.96086637
      ],
      [
       116.34070315,
       39.96086623
      ],
      [
       116.34070373,
       39.96079344
      ],
      [
       116.3407042,
       39.96072062
      ],
      [
       116.34070467,
       39.96064769
      ],
      [
       116.34070467,
       39.96064757
      ],
      [
       116.34070525,
       39.96057478
      ],
      [
       116.34070571,
       39.96050207
      ],
      [
       116.34070618,
       39.96042912
      ],
      [
       116.34070618,
       39.960429
      ],
      [
       116.34070676,
       39.9603562
      ],
      [
       116.34070723,
       39.96028349
      ],
      [
       116.34070769,
       39.96021056
      ],
      [
       116.34070769,
       39.96021042
      ],
      [
       116.34070828,
       39.96013754
      ],
      [
       116.34070874,
       39.96006484
      ],
      [
       116.34070921,
       39.95999189
      ],
      [
       116.34070921,
       39.95999177
      ],
      [
       116.34070979,
       39.95991898
      ],
      [
       116.34071025,
       39.95984619
      ],
      [
       116.34071025,
       39.95984605
      ],
      [
       116.34071084,
       39.95977326
      ],
      [
       116.3407113,
       39.95970055
      ],
      [
       116.34071177,
       39.9596276
      ],
      [
       116.34071177,
       39.95962748
      ],
      [
       116.34071186,
       39.95961669
      ],
      [
       116.34040652,
       39.95961496
      ],
      [
       116.34040589,
       39.95963781
      ],
      [
       116.34040391,
       39.95970994
      ],
      [
       116.34040193,
       39.95978215
      ],
      [
       116.34039995,
       39.95985435
      ],
      [
       116.34039994,
       39.95985449
      ],
      [
       116.34039785,
       39.95992655
      ],
      [
       116.34039587,
       39.95999854
      ],
      [
       116.34039389,
       39.96007066
      ],
      [
       116.34039191,
       39.96014279
      ],
      [
       116.34038993,
       39.96021508
      ],
      [
       116.34038993,
       39.96021522
      ],
      [
       116.34038783,
       39.96028728
      ],
      [
       116.34038585,
       39.96035927
      ],
      [
       116.34038387,
       39.96043139
      ],
      [
       116.34038189,
       39.96050352
      ],
      [
       116.34037991,
       39.96057581
      ],
      [
       116.34037991,
       39.96057595
      ],
      [
       116.34037781,
       39.96064801
      ],
      [
       116.34037583,
       39.96072
      ],
      [
       116.34037385,
       39.96079212
      ],
      [
       116.34037186,
       39.96086426
      ],
      [
       116.34036988,
       39.96093644
      ],
      [
       116.34036988,
       39.96093657
      ],
      [
       116.34036779,
       39.96100874
      ],
      [
       116.34036581,
       39.96108075
      ],
      [
       116.34036383,
       39.96115285
      ],
      [
       116.34036185,
       39.96122498
      ],
      [
       116.34035986,
       39.96129718
      ],
      [
       116.34035986,
       39.96129731
      ],
      [
       116.34035776,
       39.96136947
      ],
      [
       116.34035579,
       39.96144145
      ],
      [
       116.34035381,
       39.96151358
      ],
      [
       116.34035183,
       39.96158571
      ],
      [
       116.34034997,
       39.96165348
      ],
      [
       116.34040294,
       39.96165516
      ]
     ]
    ]
   }
  },
  {
   "type": "Feature",
   "id": "BD-079",
   "properties": {
    "id": "BD-079",
    "layer": "BUILDING_FOOTPRINT",
    "building_type": "residential",
    "land_use_code": "0701",
    "renewal_action": "new_build",
    "floors_above_ground": null,
    "height_m": null,
    "note_zh": "体量与高度为概念示意；官方控规强度条件未发布，不作容积率或高度结论。",
    "source_type": "agent_generated_design",
    "confidence": "low",
    "geometry_role": "design_proposal",
    "official_boundary": false,
    "boundary_precision": "provisional_rough"
   },
   "geometry": {
    "type": "Polygon",
    "coordinates": [
     [
      [
       116.34071282,
       39.95948188
      ],
      [
       116.34071328,
       39.95940896
      ],
      [
       116.34071328,
       39.95940882
      ],
      [
       116.34071386,
       39.95933603
      ],
      [
       116.34071433,
       39.95926331
      ],
      [
       116.34071479,
       39.95919038
      ],
      [
       116.34071479,
       39.95919024
      ],
      [
       116.34071538,
       39.95911746
      ],
      [
       116.34071584,
       39.95904475
      ],
      [
       116.34071631,
       39.95897171
      ],
      [
       116.34071632,
       39.95897159
      ],
      [
       116.3407169,
       39.9588988
      ],
      [
       116.34071736,
       39.95882608
      ],
      [
       116.34071783,
       39.95875316
      ],
      [
       116.34071783,
       39.95875302
      ],
      [
       116.34071841,
       39.95868022
      ],
      [
       116.34071888,
       39.95860751
      ],
      [
       116.34071934,
       39.95853458
      ],
      [
       116.34071934,
       39.95853444
      ],
      [
       116.34071993,
       39.95846165
      ],
      [
       116.34072039,
       39.95838886
      ],
      [
       116.34072086,
       39.95831591
      ],
      [
       116.34072086,
       39.95831579
      ],
      [
       116.34072144,
       39.95824299
      ],
      [
       116.34072191,
       39.95817028
      ],
      [
       116.34072237,
       39.95809736
      ],
      [
       116.34072237,
       39.95809722
      ],
      [
       116.34072295,
       39.95802442
      ],
      [
       116.34072342,
       39.9579517
      ],
      [
       116.34072388,
       39.95787878
      ],
      [
       116.34072388,
       39.95787864
      ],
      [
       116.34072447,
       39.95780576
      ],
      [
       116.34072493,
       39.95773305
      ],
      [
       116.3407254,
       39.95766011
      ],
      [
       116.3407254,
       39.95765999
      ],
      [
       116.34072598,
       39.95758719
      ],
      [
       116.34072645,
       39.95751447
      ],
      [
       116.34072691,
       39.95744156
      ],
      [
       116.34072691,
       39.95744142
      ],
      [
       116.34072749,
       39.95736862
      ],
      [
       116.34072796,
       39.9572959
      ],
      [
       116.34072803,
       39.95728451
      ],
      [
       116.34070634,
       39.95728385
      ],
      [
       116.34060924,
       39.95728087
      ],
      [
       116.34051222,
       39.95727788
      ],
      [
       116.34047153,
       39.95727663
      ],
      [
       116.34047009,
       39.95732924
      ],
      [
       116.34047008,
       39.95732938
      ],
      [
       116.34046799,
       39.95740153
      ],
      [
       116.34046601,
       39.95747352
      ],
      [
       116.34046403,
       39.95754565
      ],
      [
       116.34046205,
       39.95761778
      ],
      [
       116.34046006,
       39.95768998
      ],
      [
       116.34046006,
       39.9576901
      ],
      [
       116.34045797,
       39.95776216
      ],
      [
       116.34045599,
       39.95783425
      ],
      [
       116.34045401,
       39.95790638
      ],
      [
       116.34045202,
       39.95797853
      ],
      [
       116.34045004,
       39.9580507
      ],
      [
       116.34045004,
       39.95805082
      ],
      [
       116.34044795,
       39.9581229
      ],
      [
       116.34044596,
       39.95819499
      ],
      [
       116.34044398,
       39.95826711
      ],
      [
       116.340442,
       39.95833923
      ],
      [
       116.34044002,
       39.95841143
      ],
      [
       116.34044002,
       39.95841155
      ],
      [
       116.34043793,
       39.95848363
      ],
      [
       116.34043594,
       39.95855563
      ],
      [
       116.34043397,
       39.95862784
      ],
      [
       116.34043199,
       39.95869996
      ],
      [
       116.34043,
       39.95877216
      ],
      [
       116.34043,
       39.9587723
      ],
      [
       116.3404279,
       39.95884436
      ],
      [
       116.34042593,
       39.95891635
      ],
      [
       116.34042395,
       39.95898857
      ],
      [
       116.34042197,
       39.95906069
      ],
      [
       116.34041999,
       39.95913289
      ],
      [
       116.34041998,
       39.95913303
      ],
      [
       116.34041788,
       39.95920509
      ],
      [
       116.34041591,
       39.95927708
      ],
      [
       116.34041393,
       39.95934921
      ],
      [
       116.34041195,
       39.95942142
      ],
      [
       116.34040997,
       39.95949362
      ],
      [
       116.34040996,
       39.95949376
      ],
      [
       116.34040853,
       39.95954292
      ],
      [
       116.34071242,
       39.95954465
      ],
      [
       116.34071282,
       39.95948188
      ]
     ]
    ]
   }
  },
  {
   "type": "Feature",
   "id": "BD-080",
   "properties": {
    "id": "BD-080",
    "layer": "BUILDING_FOOTPRINT",
    "building_type": "residential",
    "land_use_code": "0701",
    "renewal_action": "new_build",
    "floors_above_ground": null,
    "height_m": null,
    "note_zh": "体量与高度为概念示意；官方控规强度条件未发布，不作容积率或高度结论。",
    "source_type": "agent_generated_design",
    "confidence": "low",
    "geometry_role": "design_proposal",
    "official_boundary": false,
    "boundary_precision": "provisional_rough"
   },
   "geometry": {
    "type": "Polygon",
    "coordinates": [
     [
      [
       116.34045265,
       39.95664015
      ],
      [
       116.34053909,
       39.95664283
      ],
      [
       116.34063507,
       39.95664572
      ],
      [
       116.34063521,
       39.95664572
      ],
      [
       116.34073144,
       39.9566487
      ],
      [
       116.34076897,
       39.95664986
      ],
      [
       116.34076916,
       39.95662599
      ],
      [
       116.34076962,
       39.95655378
      ],
      [
       116.34077008,
       39.95648141
      ],
      [
       116.34077008,
       39.95648129
      ],
      [
       116.34077066,
       39.95640903
      ],
      [
       116.34077112,
       39.95633683
      ],
      [
       116.34077158,
       39.95626446
      ],
      [
       116.34077158,
       39.95626434
      ],
      [
       116.34077216,
       39.95619208
      ],
      [
       116.34077262,
       39.95611988
      ],
      [
       116.34077308,
       39.95604751
      ],
      [
       116.34077308,
       39.9560474
      ],
      [
       116.34077365,
       39.95597514
      ],
      [
       116.34077411,
       39.95590293
      ],
      [
       116.34077457,
       39.95583056
      ],
      [
       116.34077457,
       39.95583044
      ],
      [
       116.34077515,
       39.95575818
      ],
      [
       116.34077561,
       39.95568592
      ],
      [
       116.34077561,
       39.9556858
      ],
      [
       116.34077619,
       39.95561355
      ],
      [
       116.34077665,
       39.95554135
      ],
      [
       116.34077711,
       39.95546897
      ],
      [
       116.34077712,
       39.95546885
      ],
      [
       116.3407777,
       39.95539651
      ],
      [
       116.34077815,
       39.95532431
      ],
      [
       116.34077862,
       39.95525193
      ],
      [
       116.34077862,
       39.95525182
      ],
      [
       116.34077919,
       39.95517957
      ],
      [
       116.34077965,
       39.95510736
      ],
      [
       116.34078011,
       39.95503498
      ],
      [
       116.34078011,
       39.95503486
      ],
      [
       116.34078069,
       39.95496261
      ],
      [
       116.34078115,
       39.95489041
      ],
      [
       116.34078161,
       39.95481803
      ],
      [
       116.34078161,
       39.95481791
      ],
      [
       116.34078219,
       39.95474566
      ],
      [
       116.34078265,
       39.95467346
      ],
      [
       116.3407831,
       39.95460194
      ],
      [
       116.34071028,
       39.95460027
      ],
      [
       116.34061629,
       39.95459821
      ],
      [
       116.34061613,
       39.95459821
      ],
      [
       116.34052201,
       39.95459605
      ],
      [
       116.3405094,
       39.95459577
      ],
      [
       116.34050766,
       39.95465931
      ],
      [
       116.34050568,
       39.95473144
      ],
      [
       116.3405037,
       39.95480363
      ],
      [
       116.3405037,
       39.95480375
      ],
      [
       116.3405016,
       39.95487581
      ],
      [
       116.34049962,
       39.95494782
      ],
      [
       116.34049764,
       39.95502004
      ],
      [
       116.34049566,
       39.95509217
      ],
      [
       116.34049368,
       39.95516436
      ],
      [
       116.34049368,
       39.95516448
      ],
      [
       116.34049158,
       39.95523654
      ],
      [
       116.3404896,
       39.95530855
      ],
      [
       116.34048762,
       39.95538068
      ],
      [
       116.34048564,
       39.9554529
      ],
      [
       116.34048366,
       39.95552509
      ],
      [
       116.34048366,
       39.95552521
      ],
      [
       116.34048156,
       39.95559727
      ],
      [
       116.34047959,
       39.95566928
      ],
      [
       116.34047761,
       39.95574141
      ],
      [
       116.34047563,
       39.95581363
      ],
      [
       116.34047364,
       39.95588581
      ],
      [
       116.34047364,
       39.95588593
      ],
      [
       116.34047154,
       39.955958
      ],
      [
       116.34046957,
       39.95603001
      ],
      [
       116.34046759,
       39.95610214
      ],
      [
       116.34046561,
       39.95617427
      ],
      [
       116.34046363,
       39.95624654
      ],
      [
       116.34046362,
       39.95624666
      ],
      [
       116.34046152,
       39.95631873
      ],
      [
       116.34045955,
       39.95639074
      ],
      [
       116.34045757,
       39.95646287
      ],
      [
       116.34045559,
       39.956535
      ],
      [
       116.34045361,
       39.95660727
      ],
      [
       116.3404536,
       39.95660739
      ],
      [
       116.34045265,
       39.95664015
      ]
     ]
    ]
   }
  },
  {
   "type": "Feature",
   "id": "BD-081",
   "properties": {
    "id": "BD-081",
    "layer": "BUILDING_FOOTPRINT",
    "building_type": "residential",
    "land_use_code": "0701",
    "renewal_action": "renovate",
    "floors_above_ground": null,
    "height_m": null,
    "note_zh": "体量与高度为概念示意；官方控规强度条件未发布，不作容积率或高度结论。",
    "source_type": "agent_generated_design",
    "confidence": "low",
    "geometry_role": "design_proposal",
    "official_boundary": false,
    "boundary_precision": "provisional_rough"
   },
   "geometry": {
    "type": "Polygon",
    "coordinates": [
     [
      [
       116.34050956,
       39.95389501
      ],
      [
       116.34054544,
       39.95389584
      ],
      [
       116.34063903,
       39.9538979
      ],
      [
       116.3407328,
       39.95389996
      ],
      [
       116.34073294,
       39.95389997
      ],
      [
       116.34080734,
       39.95390167
      ],
      [
       116.34080749,
       39.95387796
      ],
      [
       116.34080795,
       39.95380559
      ],
      [
       116.34080795,
       39.95380549
      ],
      [
       116.34080852,
       39.95373322
      ],
      [
       116.34080898,
       39.95366101
      ],
      [
       116.34080944,
       39.95358863
      ],
      [
       116.34080944,
       39.95358852
      ],
      [
       116.34081002,
       39.95351626
      ],
      [
       116.34081048,
       39.95344406
      ],
      [
       116.34081094,
       39.95337168
      ],
      [
       116.34081094,
       39.95337157
      ],
      [
       116.34081152,
       39.95329931
      ],
      [
       116.34081198,
       39.95322711
      ],
      [
       116.34081244,
       39.95315473
      ],
      [
       116.34081244,
       39.95315462
      ],
      [
       116.34081302,
       39.95308236
      ],
      [
       116.34081348,
       39.95301007
      ],
      [
       116.34081394,
       39.9529377
      ],
      [
       116.34081394,
       39.9529376
      ],
      [
       116.34081451,
       39.95286533
      ],
      [
       116.34081497,
       39.95279312
      ],
      [
       116.34081543,
       39.95272074
      ],
      [
       116.34081543,
       39.95272063
      ],
      [
       116.34081601,
       39.95264837
      ],
      [
       116.34081647,
       39.95257611
      ],
      [
       116.34081647,
       39.952576
      ],
      [
       116.34081705,
       39.95250374
      ],
      [
       116.34081751,
       39.95243153
      ],
      [
       116.34081797,
       39.95235917
      ],
      [
       116.34081797,
       39.95235907
      ],
      [
       116.34081854,
       39.9522868
      ],
      [
       116.34081887,
       39.95223569
      ],
      [
       116.34074614,
       39.95223343
      ],
      [
       116.34065023,
       39.95223045
      ],
      [
       116.34055591,
       39.95222761
      ],
      [
       116.34055452,
       39.95227829
      ],
      [
       116.34055451,
       39.9522784
      ],
      [
       116.34055242,
       39.95235047
      ],
      [
       116.34055044,
       39.95242249
      ],
      [
       116.34054846,
       39.95249462
      ],
      [
       116.34054648,
       39.95256674
      ],
      [
       116.3405445,
       39.95263902
      ],
      [
       116.3405445,
       39.95263913
      ],
      [
       116.3405424,
       39.9527112
      ],
      [
       116.34054042,
       39.95278322
      ],
      [
       116.34053844,
       39.95285535
      ],
      [
       116.34053646,
       39.95292747
      ],
      [
       116.34053448,
       39.95299975
      ],
      [
       116.34053448,
       39.95299986
      ],
      [
       116.34053238,
       39.95307193
      ],
      [
       116.3405304,
       39.95314395
      ],
      [
       116.34052842,
       39.95321608
      ],
      [
       116.34052644,
       39.95328821
      ],
      [
       116.34052446,
       39.95336039
      ],
      [
       116.34052446,
       39.9533605
      ],
      [
       116.34052236,
       39.95343265
      ],
      [
       116.34052038,
       39.95350468
      ],
      [
       116.3405184,
       39.95357681
      ],
      [
       116.34051642,
       39.95364894
      ],
      [
       116.34051444,
       39.95372112
      ],
      [
       116.34051444,
       39.95372122
      ],
      [
       116.34051235,
       39.95379329
      ],
      [
       116.34051037,
       39.9538654
      ],
      [
       116.34050956,
       39.95389501
      ]
     ]
    ]
   }
  },
  {
   "type": "Feature",
   "id": "BD-082",
   "properties": {
    "id": "BD-082",
    "layer": "BUILDING_FOOTPRINT",
    "building_type": "office",
    "land_use_code": "0902",
    "renewal_action": "new_build",
    "floors_above_ground": null,
    "height_m": null,
    "note_zh": "体量与高度为概念示意；官方控规强度条件未发布，不作容积率或高度结论。",
    "source_type": "agent_generated_design",
    "confidence": "low",
    "geometry_role": "design_proposal",
    "official_boundary": false,
    "boundary_precision": "provisional_rough"
   },
   "geometry": {
    "type": "Polygon",
    "coordinates": [
     [
      [
       116.34057701,
       39.95163137
      ],
      [
       116.3405771,
       39.95163138
      ],
      [
       116.34067193,
       39.95163435
      ],
      [
       116.34076675,
       39.95163722
      ],
      [
       116.34076685,
       39.95163723
      ],
      [
       116.34086168,
       39.9516402
      ],
      [
       116.34089213,
       39.95164112
      ],
      [
       116.34089227,
       39.95161916
      ],
      [
       116.34089227,
       39.95161909
      ],
      [
       116.34089285,
       39.95154671
      ],
      [
       116.34089331,
       39.95147448
      ],
      [
       116.34089377,
       39.95140212
      ],
      [
       116.34089377,
       39.95140205
      ],
      [
       116.34089435,
       39.95132976
      ],
      [
       116.34089481,
       39.95125753
      ],
      [
       116.34089527,
       39.95118518
      ],
      [
       116.34089528,
       39.95118511
      ],
      [
       116.34089585,
       39.95111282
      ],
      [
       116.3408963,
       39.95104058
      ],
      [
       116.34089677,
       39.95096822
      ],
      [
       116.34089677,
       39.95096815
      ],
      [
       116.34089735,
       39.95089586
      ],
      [
       116.34089781,
       39.95082359
      ],
      [
       116.34089781,
       39.95082352
      ],
      [
       116.34089839,
       39.95075123
      ],
      [
       116.34089885,
       39.95067899
      ],
      [
       116.34089931,
       39.95060665
      ],
      [
       116.34089931,
       39.95060658
      ],
      [
       116.34089988,
       39.95053429
      ],
      [
       116.34090034,
       39.95046204
      ],
      [
       116.3409008,
       39.95038969
      ],
      [
       116.3409008,
       39.95038962
      ],
      [
       116.34090138,
       39.95031724
      ],
      [
       116.34090184,
       39.950245
      ],
      [
       116.3409023,
       39.95017265
      ],
      [
       116.3409023,
       39.95017258
      ],
      [
       116.34090288,
       39.95010029
      ],
      [
       116.34090334,
       39.95002805
      ],
      [
       116.3409038,
       39.9499557
      ],
      [
       116.3409038,
       39.94995563
      ],
      [
       116.34090437,
       39.94988335
      ],
      [
       116.34090483,
       39.9498111
      ],
      [
       116.34090529,
       39.94973874
      ],
      [
       116.34090529,
       39.94973867
      ],
      [
       116.34090587,
       39.94966639
      ],
      [
       116.34090633,
       39.94959415
      ],
      [
       116.34090679,
       39.94952179
      ],
      [
       116.34090679,
       39.94952172
      ],
      [
       116.34090689,
       39.9495092
      ],
      [
       116.34056219,
       39.94950724
      ],
      [
       116.34056141,
       39.94953561
      ],
      [
       116.34055943,
       39.94960774
      ],
      [
       116.34055745,
       39.94967987
      ],
      [
       116.34055547,
       39.94975203
      ],
      [
       116.34055547,
       39.9497521
      ],
      [
       116.34055337,
       39.94982429
      ],
      [
       116.34055139,
       39.94989634
      ],
      [
       116.34054941,
       39.94996847
      ],
      [
       116.34054743,
       39.9500406
      ],
      [
       116.34054545,
       39.95011276
      ],
      [
       116.34054545,
       39.95011284
      ],
      [
       116.34054335,
       39.95018493
      ],
      [
       116.34054137,
       39.95025707
      ],
      [
       116.34053939,
       39.9503292
      ],
      [
       116.34053741,
       39.95040133
      ],
      [
       116.34053543,
       39.95047349
      ],
      [
       116.34053543,
       39.95047357
      ],
      [
       116.34053333,
       39.95054566
      ],
      [
       116.34053135,
       39.9506178
      ],
      [
       116.34052937,
       39.95068993
      ],
      [
       116.34052739,
       39.95076206
      ],
      [
       116.34052541,
       39.95083423
      ],
      [
       116.34052541,
       39.9508343
      ],
      [
       116.34052332,
       39.95090638
      ],
      [
       116.34052134,
       39.95097844
      ],
      [
       116.34051935,
       39.95105067
      ],
      [
       116.34051737,
       39.95112279
      ],
      [
       116.34051539,
       39.95119496
      ],
      [
       116.34051539,
       39.95119503
      ],
      [
       116.3405133,
       39.95126711
      ],
      [
       116.34051132,
       39.95133917
      ],
      [
       116.34050934,
       39.95141139
      ],
      [
       116.34050736,
       39.95148352
      ],
      [
       116.34050538,
       39.95155569
      ],
      [
       116.34050538,
       39.95155577
      ],
      [
       116.34050328,
       39.95162785
      ],
      [
       116.34050325,
       39.95162913
      ],
      [
       116.34057701,
       39.95163137
      ]
     ]
    ]
   }
  },
  {
   "type": "Feature",
   "id": "BD-083",
   "properties": {
    "id": "BD-083",
    "layer": "BUILDING_FOOTPRINT",
    "building_type": "office",
    "land_use_code": "0902",
    "renewal_action": "new_build",
    "floors_above_ground": null,
    "height_m": null,
    "note_zh": "体量与高度为概念示意；官方控规强度条件未发布，不作容积率或高度结论。",
    "source_type": "agent_generated_design",
    "confidence": "low",
    "geometry_role": "design_proposal",
    "official_boundary": false,
    "boundary_precision": "provisional_rough"
   },
   "geometry": {
    "type": "Polygon",
    "coordinates": [
     [
      [
       116.34090783,
       39.9493772
      ],
      [
       116.34090829,
       39.94930485
      ],
      [
       116.34090829,
       39.94930478
      ],
      [
       116.34090886,
       39.9492325
      ],
      [
       116.34090932,
       39.94916012
      ],
      [
       116.34090932,
       39.94916005
      ],
      [
       116.3409099,
       39.94908776
      ],
      [
       116.34091036,
       39.94901553
      ],
      [
       116.34091082,
       39.94894317
      ],
      [
       116.34091082,
       39.9489431
      ],
      [
       116.3409114,
       39.94887081
      ],
      [
       116.34091186,
       39.94879858
      ],
      [
       116.34091232,
       39.94872623
      ],
      [
       116.34091232,
       39.94872616
      ],
      [
       116.34091289,
       39.94865387
      ],
      [
       116.34091335,
       39.94858163
      ],
      [
       116.34091381,
       39.94850927
      ],
      [
       116.34091381,
       39.9485092
      ],
      [
       116.34091439,
       39.94843691
      ],
      [
       116.34091485,
       39.94836468
      ],
      [
       116.34091531,
       39.94829232
      ],
      [
       116.34091531,
       39.94829225
      ],
      [
       116.34091589,
       39.94821996
      ],
      [
       116.34091635,
       39.94814773
      ],
      [
       116.34091681,
       39.94807538
      ],
      [
       116.34091681,
       39.94807531
      ],
      [
       116.34091738,
       39.94800301
      ],
      [
       116.34091785,
       39.94793068
      ],
      [
       116.34091831,
       39.94785834
      ],
      [
       116.34091831,
       39.94785827
      ],
      [
       116.34091888,
       39.94778598
      ],
      [
       116.34091934,
       39.9477137
      ],
      [
       116.34091934,
       39.94771363
      ],
      [
       116.34091992,
       39.94764134
      ],
      [
       116.34092038,
       39.9475691
      ],
      [
       116.34092084,
       39.94749676
      ],
      [
       116.34092084,
       39.94749669
      ],
      [
       116.34092141,
       39.9474244
      ],
      [
       116.34092187,
       39.94735215
      ],
      [
       116.34092233,
       39.9472798
      ],
      [
       116.34092233,
       39.94727973
      ],
      [
       116.34092291,
       39.94720744
      ],
      [
       116.34092337,
       39.9471352
      ],
      [
       116.34092357,
       39.94710491
      ],
      [
       116.34088269,
       39.94710367
      ],
      [
       116.34088259,
       39.94710366
      ],
      [
       116.34078789,
       39.94710069
      ],
      [
       116.34069319,
       39.94709782
      ],
      [
       116.34069309,
       39.94709781
      ],
      [
       116.34062918,
       39.94709581
      ],
      [
       116.34062756,
       39.94715484
      ],
      [
       116.34062558,
       39.94722701
      ],
      [
       116.34062558,
       39.94722709
      ],
      [
       116.34062348,
       39.94729918
      ],
      [
       116.3406215,
       39.94737123
      ],
      [
       116.34061952,
       39.94744345
      ],
      [
       116.34061754,
       39.94751557
      ],
      [
       116.34061556,
       39.94758774
      ],
      [
       116.34061556,
       39.94758782
      ],
      [
       116.34061346,
       39.94765991
      ],
      [
       116.34061149,
       39.94773196
      ],
      [
       116.34060951,
       39.94780409
      ],
      [
       116.34060753,
       39.9478763
      ],
      [
       116.34060554,
       39.94794847
      ],
      [
       116.34060554,
       39.94794854
      ],
      [
       116.34060345,
       39.94802063
      ],
      [
       116.34060148,
       39.94809269
      ],
      [
       116.3405995,
       39.94816482
      ],
      [
       116.34059752,
       39.94823704
      ],
      [
       116.34059554,
       39.9483092
      ],
      [
       116.34059553,
       39.94830928
      ],
      [
       116.34059343,
       39.94838137
      ],
      [
       116.34059146,
       39.94845342
      ],
      [
       116.34058948,
       39.94852555
      ],
      [
       116.3405875,
       39.94859768
      ],
      [
       116.34058552,
       39.94866993
      ],
      [
       116.34058551,
       39.94867001
      ],
      [
       116.34058342,
       39.9487421
      ],
      [
       116.34058144,
       39.94881415
      ],
      [
       116.34057946,
       39.94888628
      ],
      [
       116.34057748,
       39.94895841
      ],
      [
       116.3405755,
       39.94903066
      ],
      [
       116.34057549,
       39.94903074
      ],
      [
       116.3405734,
       39.94910283
      ],
      [
       116.34057142,
       39.94917488
      ],
      [
       116.34056944,
       39.94924701
      ],
      [
       116.34056746,
       39.94931914
      ],
      [
       116.34056548,
       39.9493913
      ],
      [
       116.34056548,
       39.94939136
      ],
      [
       116.34056421,
       39.94943521
      ],
      [
       116.34090745,
       39.94943716
      ],
      [
       116.34090783,
       39.9493772
      ]
     ]
    ]
   }
  },
  {
   "type": "Feature",
   "id": "BD-084",
   "properties": {
    "id": "BD-084",
    "layer": "BUILDING_FOOTPRINT",
    "building_type": "office",
    "land_use_code": "0902",
    "renewal_action": "new_build",
    "floors_above_ground": null,
    "height_m": null,
    "note_zh": "体量与高度为概念示意；官方控规强度条件未发布，不作容积率或高度结论。",
    "source_type": "agent_generated_design",
    "confidence": "low",
    "geometry_role": "design_proposal",
    "official_boundary": false,
    "boundary_precision": "provisional_rough"
   },
   "geometry": {
    "type": "Polygon",
    "coordinates": [
     [
      [
       116.3406093,
       39.94664861
      ],
      [
       116.34061538,
       39.94664879
      ],
      [
       116.34070936,
       39.94665167
      ],
      [
       116.34070943,
       39.94665168
      ],
      [
       116.34080322,
       39.94665463
      ],
      [
       116.34089695,
       39.94665751
      ],
      [
       116.34095895,
       39.94665941
      ],
      [
       116.34095926,
       39.94661064
      ],
      [
       116.34095973,
       39.94653776
      ],
      [
       116.34095973,
       39.9465377
      ],
      [
       116.34096031,
       39.94646488
      ],
      [
       116.34096077,
       39.94639207
      ],
      [
       116.34096124,
       39.94631909
      ],
      [
       116.34096124,
       39.94631903
      ],
      [
       116.34096182,
       39.94624621
      ],
      [
       116.34096229,
       39.94617341
      ],
      [
       116.34096275,
       39.94610053
      ],
      [
       116.34096275,
       39.94610047
      ],
      [
       116.34096333,
       39.94602764
      ],
      [
       116.3409638,
       39.94595484
      ],
      [
       116.34096426,
       39.94588196
      ],
      [
       116.34096426,
       39.9458819
      ],
      [
       116.34096484,
       39.94580907
      ],
      [
       116.34096531,
       39.94573618
      ],
      [
       116.34096578,
       39.94566329
      ],
      [
       116.34096578,
       39.94566323
      ],
      [
       116.34096636,
       39.94559041
      ],
      [
       116.34096682,
       39.94551761
      ],
      [
       116.3409669,
       39.94550545
      ],
      [
       116.34089301,
       39.94550375
      ],
      [
       116.340799,
       39.94550169
      ],
      [
       116.34079891,
       39.94550169
      ],
      [
       116.34070501,
       39.94549953
      ],
      [
       116.34064123,
       39.94549813
      ],
      [
       116.34063933,
       39.94556715
      ],
      [
       116.34063735,
       39.94563927
      ],
      [
       116.34063537,
       39.9457114
      ],
      [
       116.34063339,
       39.94578355
      ],
      [
       116.34063339,
       39.94578361
      ],
      [
       116.3406313,
       39.9458558
      ],
      [
       116.34062932,
       39.94592788
      ],
      [
       116.34062734,
       39.946
      ],
      [
       116.34062536,
       39.94607213
      ],
      [
       116.34062338,
       39.94614429
      ],
      [
       116.34062338,
       39.94614435
      ],
      [
       116.34062128,
       39.94621645
      ],
      [
       116.3406193,
       39.94628861
      ],
      [
       116.34061732,
       39.94636074
      ],
      [
       116.34061534,
       39.94643286
      ],
      [
       116.34061336,
       39.94650502
      ],
      [
       116.34061336,
       39.94650508
      ],
      [
       116.34061126,
       39.94657718
      ],
      [
       116.3406093,
       39.94664861
      ]
     ]
    ]
   }
  },
  {
   "type": "Feature",
   "id": "BD-085",
   "properties": {
    "id": "BD-085",
    "layer": "BUILDING_FOOTPRINT",
    "building_type": "office",
    "land_use_code": "0902",
    "renewal_action": "new_build",
    "floors_above_ground": null,
    "height_m": null,
    "note_zh": "体量与高度为概念示意；官方控规强度条件未发布，不作容积率或高度结论。",
    "source_type": "agent_generated_design",
    "confidence": "low",
    "geometry_role": "design_proposal",
    "official_boundary": false,
    "boundary_precision": "provisional_rough"
   },
   "geometry": {
    "type": "Polygon",
    "coordinates": [
     [
      [
       116.3406577,
       39.9449675
      ],
      [
       116.34073911,
       39.94496934
      ],
      [
       116.34083479,
       39.94497151
      ],
      [
       116.34093053,
       39.94497367
      ],
      [
       116.34096891,
       39.94497451
      ],
      [
       116.34096923,
       39.94493459
      ],
      [
       116.3409697,
       39.94486179
      ],
      [
       116.34097016,
       39.94478892
      ],
      [
       116.34097016,
       39.94478885
      ],
      [
       116.34097075,
       39.94471602
      ],
      [
       116.34097121,
       39.94464323
      ],
      [
       116.34097168,
       39.94457024
      ],
      [
       116.34097168,
       39.94457019
      ],
      [
       116.34097226,
       39.94449737
      ],
      [
       116.34097272,
       39.94442457
      ],
      [
       116.34097319,
       39.94435167
      ],
      [
       116.34097319,
       39.94435162
      ],
      [
       116.34097377,
       39.9442788
      ],
      [
       116.34097423,
       39.944206
      ],
      [
       116.3409747,
       39.9441331
      ],
      [
       116.3409747,
       39.94413305
      ],
      [
       116.34097528,
       39.94406021
      ],
      [
       116.34097575,
       39.94398733
      ],
      [
       116.34097621,
       39.94391445
      ],
      [
       116.34097621,
       39.94391439
      ],
      [
       116.34097679,
       39.94384155
      ],
      [
       116.34097726,
       39.94376876
      ],
      [
       116.34097772,
       39.94369588
      ],
      [
       116.34097772,
       39.94369581
      ],
      [
       116.34097831,
       39.94362298
      ],
      [
       116.34097877,
       39.94355019
      ],
      [
       116.34097924,
       39.9434773
      ],
      [
       116.34097924,
       39.94347725
      ],
      [
       116.34097982,
       39.94340433
      ],
      [
       116.34098028,
       39.94333153
      ],
      [
       116.34098075,
       39.94325864
      ],
      [
       116.34098075,
       39.94325859
      ],
      [
       116.34098133,
       39.94318576
      ],
      [
       116.34098179,
       39.94311296
      ],
      [
       116.34098226,
       39.94304006
      ],
      [
       116.34098226,
       39.94304001
      ],
      [
       116.34098284,
       39.94296718
      ],
      [
       116.34098331,
       39.94289438
      ],
      [
       116.34098377,
       39.94282141
      ],
      [
       116.34098377,
       39.94282135
      ],
      [
       116.34098435,
       39.94274852
      ],
      [
       116.34098482,
       39.94267572
      ],
      [
       116.34098528,
       39.94260284
      ],
      [
       116.34098528,
       39.94260277
      ],
      [
       116.34098587,
       39.94252994
      ],
      [
       116.34098633,
       39.94245716
      ],
      [
       116.3409868,
       39.94238426
      ],
      [
       116.3409868,
       39.94238421
      ],
      [
       116.34098738,
       39.94231138
      ],
      [
       116.34098784,
       39.94223847
      ],
      [
       116.34098784,
       39.94223841
      ],
      [
       116.34098842,
       39.94216557
      ],
      [
       116.34098889,
       39.94209277
      ],
      [
       116.34098923,
       39.94203871
      ],
      [
       116.34092107,
       39.94203662
      ],
      [
       116.34082745,
       39.94203375
      ],
      [
       116.34082737,
       39.94203375
      ],
      [
       116.3407392,
       39.94203095
      ],
      [
       116.34073917,
       39.94203209
      ],
      [
       116.34073719,
       39.94210422
      ],
      [
       116.34073521,
       39.94217637
      ],
      [
       116.34073521,
       39.94217643
      ],
      [
       116.34073311,
       39.94224852
      ],
      [
       116.34073113,
       39.94232068
      ],
      [
       116.34072915,
       39.94239282
      ],
      [
       116.34072717,
       39.94246495
      ],
      [
       116.34072519,
       39.9425371
      ],
      [
       116.34072519,
       39.94253716
      ],
      [
       116.3407231,
       39.94260925
      ],
      [
       116.34072113,
       39.94268141
      ],
      [
       116.34071915,
       39.94275355
      ],
      [
       116.34071717,
       39.94282568
      ],
      [
       116.34071518,
       39.94289784
      ],
      [
       116.34071518,
       39.9428979
      ],
      [
       116.34071308,
       39.94296999
      ],
      [
       116.34071111,
       39.94304205
      ],
      [
       116.34070913,
       39.94311427
      ],
      [
       116.34070715,
       39.9431864
      ],
      [
       116.34070517,
       39.94325856
      ],
      [
       116.34070516,
       39.94325862
      ],
      [
       116.34070307,
       39.94333071
      ],
      [
       116.3407011,
       39.94340278
      ],
      [
       116.34069912,
       39.943475
      ],
      [
       116.34069714,
       39.94354713
      ],
      [
       116.34069516,
       39.9436193
      ],
      [
       116.34069515,
       39.94361936
      ],
      [
       116.34069306,
       39.94369145
      ],
      [
       116.34069108,
       39.94376351
      ],
      [
       116.3406891,
       39.94383564
      ],
      [
       116.34068712,
       39.94390786
      ],
      [
       116.34068514,
       39.94398002
      ],
      [
       116.34068513,
       39.94398008
      ],
      [
       116.34068305,
       39.94405218
      ],
      [
       116.34068107,
       39.94412425
      ],
      [
       116.34067909,
       39.94419637
      ],
      [
       116.34067711,
       39.94426859
      ],
      [
       116.34067513,
       39.94434076
      ],
      [
       116.34067513,
       39.94434082
      ],
      [
       116.34067303,
       39.94441292
      ],
      [
       116.34067105,
       39.94448498
      ],
      [
       116.34066907,
       39.9445571
      ],
      [
       116.34066709,
       39.94462923
      ],
      [
       116.34066511,
       39.94470148
      ],
      [
       116.34066511,
       39.94470155
      ],
      [
       116.34066301,
       39.94477365
      ],
      [
       116.34066103,
       39.9448457
      ],
      [
       116.34065906,
       39.94491782
      ],
      [
       116.3406577,
       39.9449675
      ]
     ]
    ]
   }
  },
  {
   "type": "Feature",
   "id": "BD-086",
   "properties": {
    "id": "BD-086",
    "layer": "BUILDING_FOOTPRINT",
    "building_type": "office",
    "land_use_code": "0902",
    "renewal_action": "renovate",
    "floors_above_ground": null,
    "height_m": null,
    "note_zh": "体量与高度为概念示意；官方控规强度条件未发布，不作容积率或高度结论。",
    "source_type": "agent_generated_design",
    "confidence": "low",
    "geometry_role": "design_proposal",
    "official_boundary": false,
    "boundary_precision": "provisional_rough"
   },
   "geometry": {
    "type": "Polygon",
    "coordinates": [
     [
      [
       116.35425431,
       39.94523481
      ],
      [
       116.35434797,
       39.94523687
      ],
      [
       116.35434807,
       39.94523687
      ],
      [
       116.35438148,
       39.94523764
      ],
      [
       116.35438632,
       39.94521064
      ],
      [
       116.35439916,
       39.94513854
      ],
      [
       116.35441213,
       39.94506623
      ],
      [
       116.35442498,
       39.9449941
      ],
      [
       116.35442499,
       39.94499402
      ],
      [
       116.35443795,
       39.94492183
      ],
      [
       116.35445079,
       39.9448497
      ],
      [
       116.3544508,
       39.94484961
      ],
      [
       116.35446377,
       39.9447775
      ],
      [
       116.35447661,
       39.9447053
      ],
      [
       116.35447662,
       39.94470521
      ],
      [
       116.35448958,
       39.94463311
      ],
      [
       116.35450242,
       39.9445609
      ],
      [
       116.35450243,
       39.94456081
      ],
      [
       116.35451539,
       39.9444887
      ],
      [
       116.35452823,
       39.94441649
      ],
      [
       116.35452824,
       39.9444164
      ],
      [
       116.3545412,
       39.94434429
      ],
      [
       116.35455404,
       39.94427209
      ],
      [
       116.35455405,
       39.944272
      ],
      [
       116.35456701,
       39.94419988
      ],
      [
       116.35457985,
       39.94412779
      ],
      [
       116.35459282,
       39.94405548
      ],
      [
       116.35460565,
       39.9439834
      ],
      [
       116.35461851,
       39.94391112
      ],
      [
       116.35461852,
       39.94391103
      ],
      [
       116.35463148,
       39.94383892
      ],
      [
       116.35464432,
       39.94376671
      ],
      [
       116.35464434,
       39.94376662
      ],
      [
       116.35465729,
       39.94369451
      ],
      [
       116.35466635,
       39.94364355
      ],
      [
       116.35421049,
       39.94364101
      ],
      [
       116.35421039,
       39.94365777
      ],
      [
       116.35420994,
       39.94373067
      ],
      [
       116.35420994,
       39.94373075
      ],
      [
       116.35420937,
       39.94380365
      ],
      [
       116.35420892,
       39.94387643
      ],
      [
       116.35420847,
       39.94394933
      ],
      [
       116.35420847,
       39.94394941
      ],
      [
       116.3542079,
       39.94402223
      ],
      [
       116.35420745,
       39.944095
      ],
      [
       116.354207,
       39.9441679
      ],
      [
       116.354207,
       39.94416798
      ],
      [
       116.35420643,
       39.9442408
      ],
      [
       116.35420598,
       39.94431358
      ],
      [
       116.35420553,
       39.94438647
      ],
      [
       116.35420553,
       39.94438655
      ],
      [
       116.35420496,
       39.94445946
      ],
      [
       116.35420451,
       39.94453224
      ],
      [
       116.35420406,
       39.94460513
      ],
      [
       116.35420406,
       39.94460521
      ],
      [
       116.35420349,
       39.94467803
      ],
      [
       116.35420304,
       39.94475081
      ],
      [
       116.35420259,
       39.94482371
      ],
      [
       116.35420259,
       39.94482379
      ],
      [
       116.35420202,
       39.9448966
      ],
      [
       116.35420157,
       39.94496938
      ],
      [
       116.35420111,
       39.94504238
      ],
      [
       116.35420111,
       39.94504245
      ],
      [
       116.35420055,
       39.94511526
      ],
      [
       116.3542001,
       39.94518808
      ],
      [
       116.3542001,
       39.94518816
      ],
      [
       116.35419975,
       39.94523357
      ],
      [
       116.35425431,
       39.94523481
      ]
     ]
    ]
   }
  },
  {
   "type": "Feature",
   "id": "BD-087",
   "properties": {
    "id": "BD-087",
    "layer": "BUILDING_FOOTPRINT",
    "building_type": "office",
    "land_use_code": "0902",
    "renewal_action": "new_build",
    "floors_above_ground": null,
    "height_m": null,
    "note_zh": "体量与高度为概念示意；官方控规强度条件未发布，不作容积率或高度结论。",
    "source_type": "agent_generated_design",
    "confidence": "low",
    "geometry_role": "design_proposal",
    "official_boundary": false,
    "boundary_precision": "provisional_rough"
   },
   "geometry": {
    "type": "Polygon",
    "coordinates": [
     [
      [
       116.3546831,
       39.94355011
      ],
      [
       116.35469594,
       39.9434779
      ],
      [
       116.35469596,
       39.94347781
      ],
      [
       116.35470891,
       39.94340569
      ],
      [
       116.35472175,
       39.94333357
      ],
      [
       116.35472177,
       39.94333349
      ],
      [
       116.35473473,
       39.9432613
      ],
      [
       116.35474756,
       39.94318918
      ],
      [
       116.35474758,
       39.9431891
      ],
      [
       116.35476054,
       39.94311689
      ],
      [
       116.35477337,
       39.94304477
      ],
      [
       116.35477339,
       39.94304469
      ],
      [
       116.35478635,
       39.94297249
      ],
      [
       116.35479918,
       39.94290037
      ],
      [
       116.3547992,
       39.94290029
      ],
      [
       116.35481216,
       39.94282808
      ],
      [
       116.35482499,
       39.94275596
      ],
      [
       116.35482501,
       39.94275588
      ],
      [
       116.35483797,
       39.94268367
      ],
      [
       116.3548508,
       39.94261155
      ],
      [
       116.35485082,
       39.94261146
      ],
      [
       116.35486378,
       39.94253936
      ],
      [
       116.35487026,
       39.94250289
      ],
      [
       116.3547902,
       39.94250044
      ],
      [
       116.35469652,
       39.94249758
      ],
      [
       116.35460282,
       39.94249472
      ],
      [
       116.35450924,
       39.94249185
      ],
      [
       116.3544155,
       39.94248899
      ],
      [
       116.35441539,
       39.94248898
      ],
      [
       116.35432174,
       39.94248604
      ],
      [
       116.35422816,
       39.94248317
      ],
      [
       116.35421827,
       39.94248287
      ],
      [
       116.3542182,
       39.94249195
      ],
      [
       116.35421775,
       39.94256473
      ],
      [
       116.35421729,
       39.94263773
      ],
      [
       116.35421729,
       39.9426378
      ],
      [
       116.35421673,
       39.94271061
      ],
      [
       116.35421627,
       39.94278339
      ],
      [
       116.35421582,
       39.94285629
      ],
      [
       116.35421582,
       39.94285636
      ],
      [
       116.35421526,
       39.94292919
      ],
      [
       116.3542148,
       39.94300196
      ],
      [
       116.35421435,
       39.94307486
      ],
      [
       116.35421435,
       39.94307494
      ],
      [
       116.35421378,
       39.94314776
      ],
      [
       116.35421333,
       39.94322063
      ],
      [
       116.35421288,
       39.94329352
      ],
      [
       116.35421288,
       39.9432936
      ],
      [
       116.35421231,
       39.94336642
      ],
      [
       116.35421186,
       39.9434392
      ],
      [
       116.35421141,
       39.94351209
      ],
      [
       116.35421141,
       39.94351217
      ],
      [
       116.35421097,
       39.94356896
      ],
      [
       116.35467924,
       39.94357157
      ],
      [
       116.3546831,
       39.94355011
      ]
     ]
    ]
   }
  },
  {
   "type": "Feature",
   "id": "BD-088",
   "properties": {
    "id": "BD-088",
    "layer": "BUILDING_FOOTPRINT",
    "building_type": "office",
    "land_use_code": "0902",
    "renewal_action": "new_build",
    "floors_above_ground": null,
    "height_m": null,
    "note_zh": "体量与高度为概念示意；官方控规强度条件未发布，不作容积率或高度结论。",
    "source_type": "agent_generated_design",
    "confidence": "low",
    "geometry_role": "design_proposal",
    "official_boundary": false,
    "boundary_precision": "provisional_rough"
   },
   "geometry": {
    "type": "Polygon",
    "coordinates": [
     [
      [
       116.34967634,
       39.94478679
      ],
      [
       116.34976962,
       39.94478884
      ],
      [
       116.3498635,
       39.94479089
      ],
      [
       116.34986392,
       39.9447909
      ],
      [
       116.34995746,
       39.94479305
      ],
      [
       116.35005095,
       39.94479511
      ],
      [
       116.35005129,
       39.94479511
      ],
      [
       116.35014483,
       39.94479725
      ],
      [
       116.35023836,
       39.94479931
      ],
      [
       116.3502387,
       39.94479931
      ],
      [
       116.35033225,
       39.94480145
      ],
      [
       116.35042549,
       39.9448035
      ],
      [
       116.35051936,
       39.94480557
      ],
      [
       116.3505197,
       39.94480557
      ],
      [
       116.35061323,
       39.94480771
      ],
      [
       116.35070677,
       39.94480977
      ],
      [
       116.35070711,
       39.94480977
      ],
      [
       116.35080064,
       39.94481191
      ],
      [
       116.35089418,
       39.94481397
      ],
      [
       116.35089452,
       39.94481397
      ],
      [
       116.35098805,
       39.94481611
      ],
      [
       116.35108141,
       39.94481816
      ],
      [
       116.3511753,
       39.94482023
      ],
      [
       116.35117564,
       39.94482023
      ],
      [
       116.35126917,
       39.94482237
      ],
      [
       116.35136271,
       39.94482443
      ],
      [
       116.35136305,
       39.94482443
      ],
      [
       116.35145658,
       39.94482657
      ],
      [
       116.35155012,
       39.94482863
      ],
      [
       116.35155048,
       39.94482863
      ],
      [
       116.35164388,
       39.94483077
      ],
      [
       116.35173741,
       39.94483283
      ],
      [
       116.35173775,
       39.94483283
      ],
      [
       116.35183128,
       39.94483497
      ],
      [
       116.3519246,
       39.94483702
      ],
      [
       116.35201848,
       39.94483907
      ],
      [
       116.3520189,
       39.94483908
      ],
      [
       116.3521124,
       39.94484123
      ],
      [
       116.35220589,
       39.94484327
      ],
      [
       116.35220631,
       39.94484328
      ],
      [
       116.35229981,
       39.94484543
      ],
      [
       116.3523933,
       39.94484747
      ],
      [
       116.35239372,
       39.94484748
      ],
      [
       116.35248722,
       39.94484963
      ],
      [
       116.35258049,
       39.94485167
      ],
      [
       116.35267442,
       39.94485372
      ],
      [
       116.35267486,
       39.94485373
      ],
      [
       116.35276823,
       39.94485588
      ],
      [
       116.35286171,
       39.94485792
      ],
      [
       116.35286213,
       39.94485793
      ],
      [
       116.35295563,
       39.94486008
      ],
      [
       116.35301238,
       39.94486132
      ],
      [
       116.35301271,
       39.9448084
      ],
      [
       116.35301271,
       39.94480809
      ],
      [
       116.35301328,
       39.94473539
      ],
      [
       116.35301373,
       39.94466284
      ],
      [
       116.35301419,
       39.9445898
      ],
      [
       116.35301419,
       39.94458955
      ],
      [
       116.35301475,
       39.94451681
      ],
      [
       116.35301521,
       39.94444424
      ],
      [
       116.35301566,
       39.94437117
      ],
      [
       116.35301566,
       39.94437086
      ],
      [
       116.35301623,
       39.94429816
      ],
      [
       116.35301668,
       39.9442256
      ],
      [
       116.35301713,
       39.9441526
      ],
      [
       116.35301713,
       39.94415229
      ],
      [
       116.3530177,
       39.94407959
      ],
      [
       116.35301815,
       39.94400703
      ],
      [
       116.3530186,
       39.94393402
      ],
      [
       116.35301861,
       39.94393371
      ],
      [
       116.35301918,
       39.94386102
      ],
      [
       116.35301938,
       39.94382765
      ],
      [
       116.34967466,
       39.94380894
      ],
      [
       116.34967417,
       39.94387097
      ],
      [
       116.34967372,
       39.94394352
      ],
      [
       116.34967327,
       39.94401651
      ],
      [
       116.34967326,
       39.94401684
      ],
      [
       116.34967269,
       39.94408954
      ],
      [
       116.34967224,
       39.94416207
      ],
      [
       116.34967178,
       39.94423512
      ],
      [
       116.34967178,
       39.94423539
      ],
      [
       116.34967121,
       39.9443082
      ],
      [
       116.34967075,
       39.94438078
      ],
      [
       116.34967029,
       39.94445378
      ],
      [
       116.34967029,
       39.94445406
      ],
      [
       116.34966972,
       39.94452678
      ],
      [
       116.34966926,
       39.94459932
      ],
      [
       116.34966881,
       39.94467232
      ],
      [
       116.34966881,
       39.94467265
      ],
      [
       116.34966823,
       39.94474535
      ],
      [
       116.34966798,
       39.9447866
      ],
      [
       116.34967634,
       39.94478679
      ]
     ]
    ]
   }
  },
  {
   "type": "Feature",
   "id": "BD-089",
   "properties": {
    "id": "BD-089",
    "layer": "BUILDING_FOOTPRINT",
    "building_type": "office",
    "land_use_code": "0902",
    "renewal_action": "new_build",
    "floors_above_ground": null,
    "height_m": null,
    "note_zh": "体量与高度为概念示意；官方控规强度条件未发布，不作容积率或高度结论。",
    "source_type": "agent_generated_design",
    "confidence": "low",
    "geometry_role": "design_proposal",
    "official_boundary": false,
    "boundary_precision": "provisional_rough"
   },
   "geometry": {
    "type": "Polygon",
    "coordinates": [
     [
      [
       116.35302008,
       39.94371536
      ],
      [
       116.35302008,
       39.94371505
      ],
      [
       116.35302065,
       39.94364235
      ],
      [
       116.3530211,
       39.9435698
      ],
      [
       116.35302156,
       39.94349676
      ],
      [
       116.35302156,
       39.94349651
      ],
      [
       116.35302212,
       39.94342377
      ],
      [
       116.35302258,
       39.9433512
      ],
      [
       116.35302303,
       39.94327822
      ],
      [
       116.35302303,
       39.94327792
      ],
      [
       116.3530236,
       39.94320512
      ],
      [
       116.35302405,
       39.94313256
      ],
      [
       116.3530245,
       39.94305956
      ],
      [
       116.3530245,
       39.94305925
      ],
      [
       116.35302507,
       39.94298655
      ],
      [
       116.35302552,
       39.94291399
      ],
      [
       116.35302597,
       39.94284098
      ],
      [
       116.35302598,
       39.94284067
      ],
      [
       116.35302636,
       39.94279214
      ],
      [
       116.35297034,
       39.94279043
      ],
      [
       116.35287676,
       39.94278757
      ],
      [
       116.35278314,
       39.9427847
      ],
      [
       116.35268961,
       39.94278184
      ],
      [
       116.35259597,
       39.94277897
      ],
      [
       116.35250235,
       39.9427761
      ],
      [
       116.35250198,
       39.94277609
      ],
      [
       116.35240857,
       39.94277314
      ],
      [
       116.35231538,
       39.94277029
      ],
      [
       116.35222184,
       39.94276743
      ],
      [
       116.35212823,
       39.94276456
      ],
      [
       116.35203469,
       39.9427617
      ],
      [
       116.35194107,
       39.94275883
      ],
      [
       116.35184753,
       39.94275597
      ],
      [
       116.3517537,
       39.94275309
      ],
      [
       116.35175336,
       39.94275308
      ],
      [
       116.35165995,
       39.94275013
      ],
      [
       116.35156677,
       39.94274728
      ],
      [
       116.35147323,
       39.94274442
      ],
      [
       116.35137961,
       39.94274155
      ],
      [
       116.35128608,
       39.94273869
      ],
      [
       116.35119256,
       39.94273582
      ],
      [
       116.35109904,
       39.94273296
      ],
      [
       116.3510052,
       39.94273008
      ],
      [
       116.35100486,
       39.94273007
      ],
      [
       116.35091146,
       39.94272712
      ],
      [
       116.35081827,
       39.94272427
      ],
      [
       116.35072473,
       39.94272141
      ],
      [
       116.35063112,
       39.94271854
      ],
      [
       116.35053758,
       39.94271568
      ],
      [
       116.35044392,
       39.9427128
      ],
      [
       116.35035039,
       39.94270994
      ],
      [
       116.35025664,
       39.94270707
      ],
      [
       116.35025621,
       39.94270706
      ],
      [
       116.35016285,
       39.9427041
      ],
      [
       116.3500697,
       39.94270126
      ],
      [
       116.34997604,
       39.94269838
      ],
      [
       116.34988249,
       39.94269552
      ],
      [
       116.34978906,
       39.94269266
      ],
      [
       116.34969543,
       39.94268978
      ],
      [
       116.34968227,
       39.94268938
      ],
      [
       116.34968217,
       39.9427049
      ],
      [
       116.34968217,
       39.94270523
      ],
      [
       116.34968159,
       39.94277793
      ],
      [
       116.34968115,
       39.94285046
      ],
      [
       116.34968069,
       39.94292351
      ],
      [
       116.34968068,
       39.94292379
      ],
      [
       116.34968012,
       39.9429965
      ],
      [
       116.34967966,
       39.94306908
      ],
      [
       116.3496792,
       39.94314217
      ],
      [
       116.3496792,
       39.94314245
      ],
      [
       116.34967863,
       39.94321516
      ],
      [
       116.34967817,
       39.94328771
      ],
      [
       116.34967772,
       39.94336071
      ],
      [
       116.34967772,
       39.94336104
      ],
      [
       116.34967714,
       39.94343374
      ],
      [
       116.34967669,
       39.94350626
      ],
      [
       116.34967623,
       39.94357931
      ],
      [
       116.34967623,
       39.94357959
      ],
      [
       116.34967566,
       39.94365231
      ],
      [
       116.3496752,
       39.94372498
      ],
      [
       116.34967513,
       39.94373689
      ],
      [
       116.35301983,
       39.94375561
      ],
      [
       116.35302008,
       39.94371536
      ]
     ]
    ]
   }
  },
  {
   "type": "Feature",
   "id": "BD-090",
   "properties": {
    "id": "BD-090",
    "layer": "BUILDING_FOOTPRINT",
    "building_type": "office",
    "land_use_code": "0902",
    "renewal_action": "new_build",
    "floors_above_ground": null,
    "height_m": null,
    "note_zh": "体量与高度为概念示意；官方控规强度条件未发布，不作容积率或高度结论。",
    "source_type": "agent_generated_design",
    "confidence": "low",
    "geometry_role": "design_proposal",
    "official_boundary": false,
    "boundary_precision": "provisional_rough"
   },
   "geometry": {
    "type": "Polygon",
    "coordinates": [
     [
      [
       116.34816526,
       39.94506781
      ],
      [
       116.34825883,
       39.94506987
      ],
      [
       116.3483526,
       39.94507193
      ],
      [
       116.34835273,
       39.94507193
      ],
      [
       116.34843598,
       39.94507384
      ],
      [
       116.34843639,
       39.94502115
      ],
      [
       116.34843685,
       39.94494839
      ],
      [
       116.34843731,
       39.94487548
      ],
      [
       116.34843731,
       39.94487539
      ],
      [
       116.34843788,
       39.94480248
      ],
      [
       116.34843834,
       39.94472973
      ],
      [
       116.3484388,
       39.94465682
      ],
      [
       116.3484388,
       39.94465673
      ],
      [
       116.34843937,
       39.94458391
      ],
      [
       116.34843983,
       39.94451116
      ],
      [
       116.34844028,
       39.94443826
      ],
      [
       116.34844028,
       39.94443815
      ],
      [
       116.34844086,
       39.94436534
      ],
      [
       116.34844131,
       39.9442926
      ],
      [
       116.34844177,
       39.94421959
      ],
      [
       116.34844177,
       39.94421948
      ],
      [
       116.34844235,
       39.94414668
      ],
      [
       116.3484428,
       39.94407394
      ],
      [
       116.34844326,
       39.94400101
      ],
      [
       116.34844326,
       39.94400092
      ],
      [
       116.34844383,
       39.94392811
      ],
      [
       116.34844429,
       39.94385535
      ],
      [
       116.34844475,
       39.94378244
      ],
      [
       116.34844475,
       39.94378235
      ],
      [
       116.34844532,
       39.94370954
      ],
      [
       116.34844578,
       39.94363669
      ],
      [
       116.34844624,
       39.94356378
      ],
      [
       116.34844624,
       39.94356369
      ],
      [
       116.34844681,
       39.94349087
      ],
      [
       116.34844727,
       39.94341813
      ],
      [
       116.34844772,
       39.94334522
      ],
      [
       116.34844772,
       39.94334511
      ],
      [
       116.3484483,
       39.9432723
      ],
      [
       116.34844839,
       39.94325902
      ],
      [
       116.3474834,
       39.94325359
      ],
      [
       116.34748345,
       39.94325541
      ],
      [
       116.3474851,
       39.94332774
      ],
      [
       116.34748675,
       39.94340006
      ],
      [
       116.34748841,
       39.94347253
      ],
      [
       116.34748841,
       39.94347264
      ],
      [
       116.34748994,
       39.94354492
      ],
      [
       116.34749159,
       39.94361713
      ],
      [
       116.34749325,
       39.94368945
      ],
      [
       116.34749433,
       39.94373715
      ],
      [
       116.34750191,
       39.94373876
      ],
      [
       116.34760991,
       39.9437617
      ],
      [
       116.34771782,
       39.94378462
      ],
      [
       116.34785269,
       39.94381315
      ],
      [
       116.34790091,
       39.94383494
      ],
      [
       116.34799908,
       39.94391174
      ],
      [
       116.34807765,
       39.9439731
      ],
      [
       116.34815624,
       39.94403448
      ],
      [
       116.34825456,
       39.94411116
      ],
      [
       116.34828216,
       39.94414858
      ],
      [
       116.34831725,
       39.9442528
      ],
      [
       116.34834545,
       39.94433617
      ],
      [
       116.34837368,
       39.94441965
      ],
      [
       116.34840893,
       39.94452387
      ],
      [
       116.34840852,
       39.9445668
      ],
      [
       116.3483713,
       39.94467062
      ],
      [
       116.3483415,
       39.94475376
      ],
      [
       116.34831172,
       39.94483683
      ],
      [
       116.34827465,
       39.94494063
      ],
      [
       116.34824635,
       39.94497774
      ],
      [
       116.34814657,
       39.94505332
      ],
      [
       116.34812857,
       39.94506697
      ],
      [
       116.34816526,
       39.94506781
      ]
     ]
    ]
   }
  },
  {
   "type": "Feature",
   "id": "BD-091",
   "properties": {
    "id": "BD-091",
    "layer": "BUILDING_FOOTPRINT",
    "building_type": "office",
    "land_use_code": "0902",
    "renewal_action": "renovate",
    "floors_above_ground": null,
    "height_m": null,
    "note_zh": "体量与高度为概念示意；官方控规强度条件未发布，不作容积率或高度结论。",
    "source_type": "agent_generated_design",
    "confidence": "low",
    "geometry_role": "design_proposal",
    "official_boundary": false,
    "boundary_precision": "provisional_rough"
   },
   "geometry": {
    "type": "Polygon",
    "coordinates": [
     [
      [
       116.34844921,
       39.94312664
      ],
      [
       116.34844922,
       39.94312653
      ],
      [
       116.3484498,
       39.94305364
      ],
      [
       116.34845024,
       39.9429809
      ],
      [
       116.34845071,
       39.94290797
      ],
      [
       116.34845071,
       39.94290788
      ],
      [
       116.34845128,
       39.94283507
      ],
      [
       116.34845174,
       39.94276231
      ],
      [
       116.3484522,
       39.9426894
      ],
      [
       116.3484522,
       39.94268931
      ],
      [
       116.34845277,
       39.9426165
      ],
      [
       116.34845323,
       39.94254369
      ],
      [
       116.34845323,
       39.9425436
      ],
      [
       116.3484538,
       39.94247069
      ],
      [
       116.34845426,
       39.94239793
      ],
      [
       116.34845464,
       39.94233662
      ],
      [
       116.34837654,
       39.94233424
      ],
      [
       116.34828231,
       39.94233137
      ],
      [
       116.34828218,
       39.94233136
      ],
      [
       116.34818808,
       39.94232841
      ],
      [
       116.34809406,
       39.94232554
      ],
      [
       116.3479999,
       39.94232267
      ],
      [
       116.34790566,
       39.9423198
      ],
      [
       116.34790552,
       39.94231979
      ],
      [
       116.34781143,
       39.94231683
      ],
      [
       116.34771742,
       39.94231396
      ],
      [
       116.34762318,
       39.94231109
      ],
      [
       116.34762305,
       39.94231108
      ],
      [
       116.34752896,
       39.94230813
      ],
      [
       116.34746201,
       39.94230609
      ],
      [
       116.3474622,
       39.94231496
      ],
      [
       116.34746384,
       39.94238719
      ],
      [
       116.34746549,
       39.94245951
      ],
      [
       116.34746715,
       39.94253183
      ],
      [
       116.3474688,
       39.94260427
      ],
      [
       116.34747046,
       39.94267665
      ],
      [
       116.34747046,
       39.94267674
      ],
      [
       116.347472,
       39.94274902
      ],
      [
       116.34747364,
       39.94282126
      ],
      [
       116.34747529,
       39.94289367
      ],
      [
       116.34747695,
       39.94296598
      ],
      [
       116.34747861,
       39.94303838
      ],
      [
       116.34747861,
       39.94303849
      ],
      [
       116.34748014,
       39.94311076
      ],
      [
       116.34748176,
       39.94318153
      ],
      [
       116.34844883,
       39.94318697
      ],
      [
       116.34844921,
       39.94312664
      ]
     ]
    ]
   }
  },
  {
   "type": "Feature",
   "id": "BD-092",
   "properties": {
    "id": "BD-092",
    "layer": "BUILDING_FOOTPRINT",
    "building_type": "office",
    "land_use_code": "0902",
    "renewal_action": "new_build",
    "floors_above_ground": null,
    "height_m": null,
    "note_zh": "体量与高度为概念示意；官方控规强度条件未发布，不作容积率或高度结论。",
    "source_type": "agent_generated_design",
    "confidence": "low",
    "geometry_role": "design_proposal",
    "official_boundary": false,
    "boundary_precision": "provisional_rough"
   },
   "geometry": {
    "type": "Polygon",
    "coordinates": [
     [
      [
       116.34199278,
       39.9447522
      ],
      [
       116.34208842,
       39.94475426
      ],
      [
       116.34208869,
       39.94475427
      ],
      [
       116.34218453,
       39.94475643
      ],
      [
       116.34228037,
       39.9447586
      ],
      [
       116.34237603,
       39.94476076
      ],
      [
       116.34247175,
       39.94476293
      ],
      [
       116.34256726,
       39.94476509
      ],
      [
       116.34266284,
       39.94476715
      ],
      [
       116.34266313,
       39.94476716
      ],
      [
       116.34275907,
       39.94476933
      ],
      [
       116.34285473,
       39.94477149
      ],
      [
       116.34295057,
       39.94477366
      ],
      [
       116.34304596,
       39.94477582
      ],
      [
       116.34314154,
       39.94477788
      ],
      [
       116.34314183,
       39.94477789
      ],
      [
       116.34323777,
       39.94478006
      ],
      [
       116.34333343,
       39.94478222
      ],
      [
       116.34342923,
       39.94478438
      ],
      [
       116.34352496,
       39.94478655
      ],
      [
       116.34354091,
       39.94478691
      ],
      [
       116.34354082,
       39.94478258
      ],
      [
       116.34353918,
       39.94471063
      ],
      [
       116.34353753,
       39.94463857
      ],
      [
       116.34353587,
       39.94456641
      ],
      [
       116.34353587,
       39.94456621
      ],
      [
       116.34353433,
       39.94449417
      ],
      [
       116.34353269,
       39.94442231
      ],
      [
       116.34353104,
       39.94435025
      ],
      [
       116.34352939,
       39.944278
      ],
      [
       116.34352938,
       39.9442778
      ],
      [
       116.34352784,
       39.94420584
      ],
      [
       116.3435262,
       39.94413389
      ],
      [
       116.34352455,
       39.94406183
      ],
      [
       116.3435229,
       39.94398967
      ],
      [
       116.34352289,
       39.94398947
      ],
      [
       116.34352136,
       39.94391743
      ],
      [
       116.34351971,
       39.94384557
      ],
      [
       116.34351806,
       39.94377342
      ],
      [
       116.34351641,
       39.94370126
      ],
      [
       116.34351641,
       39.94370106
      ],
      [
       116.34351487,
       39.9436291
      ],
      [
       116.34351427,
       39.9436028
      ],
      [
       116.34194149,
       39.94359389
      ],
      [
       116.34194121,
       39.94363744
      ],
      [
       116.34194075,
       39.94371039
      ],
      [
       116.34194075,
       39.94371061
      ],
      [
       116.34194017,
       39.94378337
      ],
      [
       116.3419397,
       39.94385601
      ],
      [
       116.34193924,
       39.94392896
      ],
      [
       116.34193924,
       39.94392918
      ],
      [
       116.34193866,
       39.94400193
      ],
      [
       116.34193819,
       39.94407467
      ],
      [
       116.34193773,
       39.94414763
      ],
      [
       116.34193773,
       39.94414786
      ],
      [
       116.34193714,
       39.9442206
      ],
      [
       116.34193668,
       39.94429322
      ],
      [
       116.34193621,
       39.94436622
      ],
      [
       116.34193621,
       39.94436641
      ],
      [
       116.34193563,
       39.94443916
      ],
      [
       116.34193518,
       39.94451179
      ],
      [
       116.34193471,
       39.94458479
      ],
      [
       116.3419347,
       39.94458498
      ],
      [
       116.34193413,
       39.94465782
      ],
      [
       116.34193367,
       39.94473046
      ],
      [
       116.34193354,
       39.94475085
      ],
      [
       116.34199278,
       39.9447522
      ]
     ]
    ]
   }
  },
  {
   "type": "Feature",
   "id": "BD-093",
   "properties": {
    "id": "BD-093",
    "layer": "BUILDING_FOOTPRINT",
    "building_type": "office",
    "land_use_code": "0902",
    "renewal_action": "new_build",
    "floors_above_ground": null,
    "height_m": null,
    "note_zh": "体量与高度为概念示意；官方控规强度条件未发布，不作容积率或高度结论。",
    "source_type": "agent_generated_design",
    "confidence": "low",
    "geometry_role": "design_proposal",
    "official_boundary": false,
    "boundary_precision": "provisional_rough"
   },
   "geometry": {
    "type": "Polygon",
    "coordinates": [
     [
      [
       116.34351157,
       39.94348509
      ],
      [
       116.34350992,
       39.94341284
      ],
      [
       116.34350992,
       39.94341264
      ],
      [
       116.34350838,
       39.94334069
      ],
      [
       116.34350674,
       39.94326883
      ],
      [
       116.34350509,
       39.94319668
      ],
      [
       116.34350343,
       39.94312451
      ],
      [
       116.34350343,
       39.94312429
      ],
      [
       116.3435019,
       39.94305227
      ],
      [
       116.34350025,
       39.94298045
      ],
      [
       116.3434986,
       39.94290835
      ],
      [
       116.34349695,
       39.9428361
      ],
      [
       116.34349694,
       39.94283588
      ],
      [
       116.34349541,
       39.94276395
      ],
      [
       116.34349376,
       39.94269213
      ],
      [
       116.34349211,
       39.94261994
      ],
      [
       116.34349046,
       39.94254777
      ],
      [
       116.34349045,
       39.94254755
      ],
      [
       116.34348893,
       39.94247551
      ],
      [
       116.34348728,
       39.94240369
      ],
      [
       116.3434863,
       39.94236105
      ],
      [
       116.3434708,
       39.94236058
      ],
      [
       116.34337651,
       39.9423577
      ],
      [
       116.34337621,
       39.94235769
      ],
      [
       116.3432822,
       39.94235473
      ],
      [
       116.34318835,
       39.94235187
      ],
      [
       116.34309416,
       39.94234899
      ],
      [
       116.34299987,
       39.94234611
      ],
      [
       116.34299957,
       39.9423461
      ],
      [
       116.34290556,
       39.94234314
      ],
      [
       116.34281171,
       39.94234028
      ],
      [
       116.34271736,
       39.94233739
      ],
      [
       116.34271712,
       39.94233738
      ],
      [
       116.34262308,
       39.94233443
      ],
      [
       116.34252916,
       39.94233155
      ],
      [
       116.34243504,
       39.94232868
      ],
      [
       116.34234075,
       39.9423258
      ],
      [
       116.34234045,
       39.94232579
      ],
      [
       116.34224644,
       39.94232283
      ],
      [
       116.34215259,
       39.94231997
      ],
      [
       116.34205822,
       39.94231708
      ],
      [
       116.34205794,
       39.94231707
      ],
      [
       116.34196396,
       39.94231411
      ],
      [
       116.34195035,
       39.94231369
      ],
      [
       116.34195027,
       39.94232581
      ],
      [
       116.3419498,
       39.94239881
      ],
      [
       116.3419498,
       39.942399
      ],
      [
       116.34194922,
       39.94247176
      ],
      [
       116.34194875,
       39.9425444
      ],
      [
       116.34194829,
       39.94261735
      ],
      [
       116.34194829,
       39.94261757
      ],
      [
       116.34194771,
       39.94269033
      ],
      [
       116.34194724,
       39.94276297
      ],
      [
       116.34194678,
       39.94283592
      ],
      [
       116.34194678,
       39.94283613
      ],
      [
       116.3419462,
       39.94290899
      ],
      [
       116.34194574,
       39.94298163
      ],
      [
       116.34194528,
       39.94305458
      ],
      [
       116.34194527,
       39.9430548
      ],
      [
       116.3419447,
       39.94312757
      ],
      [
       116.34194423,
       39.94320021
      ],
      [
       116.34194377,
       39.94327315
      ],
      [
       116.34194377,
       39.94327337
      ],
      [
       116.34194319,
       39.94334614
      ],
      [
       116.34194272,
       39.94341878
      ],
      [
       116.34194226,
       39.94349181
      ],
      [
       116.34194226,
       39.94349202
      ],
      [
       116.34194202,
       39.94352184
      ],
      [
       116.34351262,
       39.94353075
      ],
      [
       116.34351157,
       39.94348509
      ]
     ]
    ]
   }
  },
  {
   "type": "Feature",
   "id": "BD-094",
   "properties": {
    "id": "BD-094",
    "layer": "BUILDING_FOOTPRINT",
    "building_type": "office",
    "land_use_code": "0902",
    "renewal_action": "new_build",
    "floors_above_ground": null,
    "height_m": null,
    "note_zh": "体量与高度为概念示意；官方控规强度条件未发布，不作容积率或高度结论。",
    "source_type": "agent_generated_design",
    "confidence": "low",
    "geometry_role": "design_proposal",
    "official_boundary": false,
    "boundary_precision": "provisional_rough"
   },
   "geometry": {
    "type": "Polygon",
    "coordinates": [
     [
      [
       116.34178744,
       39.94567724
      ],
      [
       116.34178744,
       39.94567739
      ],
      [
       116.34178686,
       39.94575018
      ],
      [
       116.34178639,
       39.94582298
      ],
      [
       116.34178593,
       39.9458959
      ],
      [
       116.34178593,
       39.94589605
      ],
      [
       116.34178535,
       39.94596885
      ],
      [
       116.34178488,
       39.94604155
      ],
      [
       116.34178458,
       39.94608954
      ],
      [
       116.34371012,
       39.94610046
      ],
      [
       116.34370924,
       39.94606173
      ],
      [
       116.34370924,
       39.94606158
      ],
      [
       116.34370771,
       39.94598942
      ],
      [
       116.34370606,
       39.94591733
      ],
      [
       116.34370441,
       39.9458451
      ],
      [
       116.34370276,
       39.94577286
      ],
      [
       116.34370123,
       39.94570579
      ],
      [
       116.34361373,
       39.94570387
      ],
      [
       116.34361354,
       39.94570387
      ],
      [
       116.34351967,
       39.94570172
      ],
      [
       116.34342571,
       39.94569965
      ],
      [
       116.34342553,
       39.94569965
      ],
      [
       116.3433317,
       39.9456975
      ],
      [
       116.34323773,
       39.94569544
      ],
      [
       116.34323751,
       39.94569544
      ],
      [
       116.34314368,
       39.94569328
      ],
      [
       116.34304974,
       39.94569122
      ],
      [
       116.34304952,
       39.94569122
      ],
      [
       116.34295569,
       39.94568906
      ],
      [
       116.34286175,
       39.945687
      ],
      [
       116.34286156,
       39.945687
      ],
      [
       116.34276769,
       39.94568485
      ],
      [
       116.34267373,
       39.94568278
      ],
      [
       116.34267355,
       39.94568278
      ],
      [
       116.3425797,
       39.94568063
      ],
      [
       116.34248573,
       39.94567856
      ],
      [
       116.34248555,
       39.94567856
      ],
      [
       116.34239172,
       39.94567641
      ],
      [
       116.34229776,
       39.94567435
      ],
      [
       116.34229754,
       39.94567435
      ],
      [
       116.34220371,
       39.94567219
      ],
      [
       116.34210976,
       39.94567013
      ],
      [
       116.34210954,
       39.94567013
      ],
      [
       116.34201572,
       39.94566797
      ],
      [
       116.34192177,
       39.94566591
      ],
      [
       116.34192155,
       39.94566591
      ],
      [
       116.34182772,
       39.94566375
      ],
      [
       116.34178753,
       39.94566287
      ],
      [
       116.34178744,
       39.94567724
      ]
     ]
    ]
   }
  },
  {
   "type": "Feature",
   "id": "BD-095",
   "properties": {
    "id": "BD-095",
    "layer": "BUILDING_FOOTPRINT",
    "building_type": "office",
    "land_use_code": "0902",
    "renewal_action": "new_build",
    "floors_above_ground": null,
    "height_m": null,
    "note_zh": "体量与高度为概念示意；官方控规强度条件未发布，不作容积率或高度结论。",
    "source_type": "agent_generated_design",
    "confidence": "low",
    "geometry_role": "design_proposal",
    "official_boundary": false,
    "boundary_precision": "provisional_rough"
   },
   "geometry": {
    "type": "Polygon",
    "coordinates": [
     [
      [
       116.34178384,
       39.94618742
      ],
      [
       116.34178337,
       39.94626012
      ],
      [
       116.34178291,
       39.94633305
      ],
      [
       116.34178291,
       39.94633321
      ],
      [
       116.34178232,
       39.94640608
      ],
      [
       116.34178186,
       39.94647878
      ],
      [
       116.34178144,
       39.94654567
      ],
      [
       116.34186646,
       39.94654827
      ],
      [
       116.34186665,
       39.94654827
      ],
      [
       116.3419607,
       39.94655124
      ],
      [
       116.34205467,
       39.9465541
      ],
      [
       116.34214885,
       39.94655699
      ],
      [
       116.3422431,
       39.94655986
      ],
      [
       116.34224331,
       39.94655986
      ],
      [
       116.3423374,
       39.94656283
      ],
      [
       116.34243136,
       39.94656571
      ],
      [
       116.3425256,
       39.94656858
      ],
      [
       116.34252581,
       39.94656858
      ],
      [
       116.34261987,
       39.94657155
      ],
      [
       116.34271384,
       39.94657441
      ],
      [
       116.34280812,
       39.9465773
      ],
      [
       116.34280829,
       39.9465773
      ],
      [
       116.34290237,
       39.94658026
      ],
      [
       116.34299636,
       39.94658314
      ],
      [
       116.34309051,
       39.946586
      ],
      [
       116.34318479,
       39.94658889
      ],
      [
       116.34318496,
       39.94658889
      ],
      [
       116.34327904,
       39.94659185
      ],
      [
       116.34337303,
       39.94659473
      ],
      [
       116.34346727,
       39.9465976
      ],
      [
       116.34346748,
       39.9465976
      ],
      [
       116.34356154,
       39.94660057
      ],
      [
       116.34365551,
       39.94660343
      ],
      [
       116.34372154,
       39.94660545
      ],
      [
       116.34372067,
       39.94656757
      ],
      [
       116.34371902,
       39.94649533
      ],
      [
       116.34371737,
       39.94642301
      ],
      [
       116.34371737,
       39.94642287
      ],
      [
       116.34371584,
       39.94635071
      ],
      [
       116.34371419,
       39.94627862
      ],
      [
       116.34371254,
       39.94620638
      ],
      [
       116.34371177,
       39.94617251
      ],
      [
       116.34178405,
       39.94616159
      ],
      [
       116.34178384,
       39.94618742
      ]
     ]
    ]
   }
  },
  {
   "type": "Feature",
   "id": "BD-096",
   "properties": {
    "id": "BD-096",
    "layer": "BUILDING_FOOTPRINT",
    "building_type": "office",
    "land_use_code": "0902",
    "renewal_action": "renovate",
    "floors_above_ground": null,
    "height_m": null,
    "note_zh": "体量与高度为概念示意；官方控规强度条件未发布，不作容积率或高度结论。",
    "source_type": "agent_generated_design",
    "confidence": "low",
    "geometry_role": "design_proposal",
    "official_boundary": false,
    "boundary_precision": "provisional_rough"
   },
   "geometry": {
    "type": "Polygon",
    "coordinates": [
     [
      [
       116.34199648,
       39.9474394
      ],
      [
       116.34199648,
       39.94743964
      ],
      [
       116.34199591,
       39.94751183
      ],
      [
       116.34199545,
       39.94758391
      ],
      [
       116.34199499,
       39.94765636
      ],
      [
       116.34199499,
       39.94765662
      ],
      [
       116.34199441,
       39.9477288
      ],
      [
       116.34199395,
       39.94780086
      ],
      [
       116.34199349,
       39.9478733
      ],
      [
       116.34199349,
       39.94787353
      ],
      [
       116.34199292,
       39.94794582
      ],
      [
       116.34199246,
       39.9480179
      ],
      [
       116.341992,
       39.94809035
      ],
      [
       116.341992,
       39.94809061
      ],
      [
       116.34199142,
       39.94816279
      ],
      [
       116.34199097,
       39.94823485
      ],
      [
       116.3419905,
       39.9483073
      ],
      [
       116.3419905,
       39.94830756
      ],
      [
       116.34198992,
       39.94837972
      ],
      [
       116.34198948,
       39.94845176
      ],
      [
       116.34198902,
       39.94852425
      ],
      [
       116.34198901,
       39.94852451
      ],
      [
       116.34198844,
       39.94859669
      ],
      [
       116.34198798,
       39.94866875
      ],
      [
       116.34198752,
       39.9487412
      ],
      [
       116.34198752,
       39.94874146
      ],
      [
       116.34198694,
       39.94881364
      ],
      [
       116.34198648,
       39.94888582
      ],
      [
       116.34198648,
       39.94888605
      ],
      [
       116.34198591,
       39.94895826
      ],
      [
       116.34198545,
       39.94903033
      ],
      [
       116.34198499,
       39.94910278
      ],
      [
       116.34198499,
       39.94910303
      ],
      [
       116.34198441,
       39.94917532
      ],
      [
       116.34198395,
       39.94924737
      ],
      [
       116.34198349,
       39.94931981
      ],
      [
       116.34198349,
       39.94932004
      ],
      [
       116.34198292,
       39.94939225
      ],
      [
       116.34198278,
       39.94941438
      ],
      [
       116.34356367,
       39.94942335
      ],
      [
       116.34356287,
       39.94938823
      ],
      [
       116.34356122,
       39.94931599
      ],
      [
       116.34355957,
       39.94924367
      ],
      [
       116.34355792,
       39.94917131
      ],
      [
       116.34355791,
       39.94917108
      ],
      [
       116.34355638,
       39.94909895
      ],
      [
       116.34355473,
       39.94902695
      ],
      [
       116.34355308,
       39.94895471
      ],
      [
       116.34355143,
       39.94888247
      ],
      [
       116.34354978,
       39.9488101
      ],
      [
       116.34354978,
       39.94880984
      ],
      [
       116.34354825,
       39.94873773
      ],
      [
       116.34354661,
       39.94866576
      ],
      [
       116.34354496,
       39.94859352
      ],
      [
       116.34354331,
       39.94852128
      ],
      [
       116.34354165,
       39.94844883
      ],
      [
       116.34354165,
       39.94844859
      ],
      [
       116.34354011,
       39.94837647
      ],
      [
       116.34353847,
       39.94830447
      ],
      [
       116.34353682,
       39.94823223
      ],
      [
       116.34353517,
       39.94815986
      ],
      [
       116.34353516,
       39.9481596
      ],
      [
       116.34353363,
       39.9480875
      ],
      [
       116.34353199,
       39.94801552
      ],
      [
       116.34353034,
       39.94794328
      ],
      [
       116.34352869,
       39.94787104
      ],
      [
       116.34352704,
       39.94779867
      ],
      [
       116.34352703,
       39.94779841
      ],
      [
       116.34352551,
       39.9477263
      ],
      [
       116.34352386,
       39.94765423
      ],
      [
       116.34352221,
       39.94758199
      ],
      [
       116.34352057,
       39.94750978
      ],
      [
       116.34351964,
       39.94746954
      ],
      [
       116.34343287,
       39.9474669
      ],
      [
       116.34333846,
       39.94746401
      ],
      [
       116.34333817,
       39.947464
      ],
      [
       116.34324416,
       39.94746105
      ],
      [
       116.34315031,
       39.94745818
      ],
      [
       116.343056,
       39.9474553
      ],
      [
       116.34305564,
       39.94745529
      ],
      [
       116.34296165,
       39.94745233
      ],
      [
       116.34286784,
       39.94744947
      ],
      [
       116.34277344,
       39.94744658
      ],
      [
       116.34277312,
       39.94744657
      ],
      [
       116.34267915,
       39.94744361
      ],
      [
       116.34258534,
       39.94744075
      ],
      [
       116.34249113,
       39.94743787
      ],
      [
       116.34239683,
       39.94743499
      ],
      [
       116.34239647,
       39.94743498
      ],
      [
       116.34230248,
       39.94743202
      ],
      [
       116.34220867,
       39.94742916
      ],
      [
       116.34211427,
       39.94742627
      ],
      [
       116.34211395,
       39.94742626
      ],
      [
       116.34201998,
       39.9474233
      ],
      [
       116.34199659,
       39.94742258
      ],
      [
       116.34199648,
       39.9474394
      ]
     ]
    ]
   }
  },
  {
   "type": "Feature",
   "id": "BD-097",
   "properties": {
    "id": "BD-097",
    "layer": "BUILDING_FOOTPRINT",
    "building_type": "office",
    "land_use_code": "0902",
    "renewal_action": "new_build",
    "floors_above_ground": null,
    "height_m": null,
    "note_zh": "体量与高度为概念示意；官方控规强度条件未发布，不作容积率或高度结论。",
    "source_type": "agent_generated_design",
    "confidence": "low",
    "geometry_role": "design_proposal",
    "official_boundary": false,
    "boundary_precision": "provisional_rough"
   },
   "geometry": {
    "type": "Polygon",
    "coordinates": [
     [
      [
       116.341982,
       39.94953677
      ],
      [
       116.341982,
       39.94953703
      ],
      [
       116.34198142,
       39.94960922
      ],
      [
       116.34198097,
       39.94968128
      ],
      [
       116.34198051,
       39.94975371
      ],
      [
       116.3419805,
       39.94975394
      ],
      [
       116.34197994,
       39.94982615
      ],
      [
       116.34197948,
       39.94989823
      ],
      [
       116.34197902,
       39.94997067
      ],
      [
       116.34197902,
       39.94997093
      ],
      [
       116.34197844,
       39.95004312
      ],
      [
       116.34197798,
       39.95011518
      ],
      [
       116.34197752,
       39.95018761
      ],
      [
       116.34197752,
       39.95018784
      ],
      [
       116.34197695,
       39.95026005
      ],
      [
       116.34197649,
       39.95033213
      ],
      [
       116.34197603,
       39.95040466
      ],
      [
       116.34197603,
       39.95040492
      ],
      [
       116.34197545,
       39.95047711
      ],
      [
       116.34197499,
       39.9505493
      ],
      [
       116.34197499,
       39.95054956
      ],
      [
       116.34197441,
       39.95062174
      ],
      [
       116.34197395,
       39.9506938
      ],
      [
       116.34197349,
       39.95076624
      ],
      [
       116.34197349,
       39.95076647
      ],
      [
       116.34197292,
       39.95083867
      ],
      [
       116.34197247,
       39.95091075
      ],
      [
       116.34197201,
       39.9509832
      ],
      [
       116.341972,
       39.95098346
      ],
      [
       116.34197142,
       39.95105564
      ],
      [
       116.34197097,
       39.9511277
      ],
      [
       116.34197051,
       39.95120014
      ],
      [
       116.34197051,
       39.95120037
      ],
      [
       116.34196994,
       39.95127257
      ],
      [
       116.34196948,
       39.95134465
      ],
      [
       116.34196919,
       39.95138964
      ],
      [
       116.342029,
       39.95139147
      ],
      [
       116.34202929,
       39.95139148
      ],
      [
       116.34212331,
       39.95139443
      ],
      [
       116.3422172,
       39.95139731
      ],
      [
       116.34231152,
       39.95140019
      ],
      [
       116.34231181,
       39.9514002
      ],
      [
       116.34240583,
       39.95140315
      ],
      [
       116.34249969,
       39.95140602
      ],
      [
       116.34259382,
       39.95140889
      ],
      [
       116.34268822,
       39.95141178
      ],
      [
       116.34268851,
       39.95141179
      ],
      [
       116.34278253,
       39.95141474
      ],
      [
       116.34287641,
       39.95141762
      ],
      [
       116.34297074,
       39.9514205
      ],
      [
       116.34297103,
       39.95142051
      ],
      [
       116.34306505,
       39.95142346
      ],
      [
       116.34315891,
       39.95142633
      ],
      [
       116.34325304,
       39.9514292
      ],
      [
       116.34334744,
       39.95143209
      ],
      [
       116.34334773,
       39.9514321
      ],
      [
       116.34344175,
       39.95143505
      ],
      [
       116.34353559,
       39.95143792
      ],
      [
       116.34360902,
       39.95144016
      ],
      [
       116.34360836,
       39.9514111
      ],
      [
       116.34360671,
       39.95133886
      ],
      [
       116.34360506,
       39.95126662
      ],
      [
       116.3436034,
       39.95119425
      ],
      [
       116.3436034,
       39.95119399
      ],
      [
       116.34360187,
       39.95112188
      ],
      [
       116.34360023,
       39.9510499
      ],
      [
       116.34359858,
       39.95097766
      ],
      [
       116.34359693,
       39.95090522
      ],
      [
       116.34359692,
       39.95090498
      ],
      [
       116.34359538,
       39.95083286
      ],
      [
       116.34359374,
       39.95076086
      ],
      [
       116.34359209,
       39.95068862
      ],
      [
       116.34359044,
       39.95061638
      ],
      [
       116.34358879,
       39.95054401
      ],
      [
       116.34358878,
       39.95054375
      ],
      [
       116.34358726,
       39.95047164
      ],
      [
       116.34358561,
       39.95039967
      ],
      [
       116.34358396,
       39.95032743
      ],
      [
       116.34358231,
       39.95025519
      ],
      [
       116.34358066,
       39.95018282
      ],
      [
       116.34358066,
       39.95018256
      ],
      [
       116.34357913,
       39.95011036
      ],
      [
       116.34357749,
       39.95003838
      ],
      [
       116.34357584,
       39.94996616
      ],
      [
       116.34357418,
       39.94989394
      ],
      [
       116.34357252,
       39.94982153
      ],
      [
       116.34357252,
       39.94982127
      ],
      [
       116.34357099,
       39.94974917
      ],
      [
       116.34356935,
       39.94967719
      ],
      [
       116.3435677,
       39.94960495
      ],
      [
       116.34356605,
       39.94953258
      ],
      [
       116.34356604,
       39.94953232
      ],
      [
       116.34356526,
       39.94949541
      ],
      [
       116.34198232,
       39.94948643
      ],
      [
       116.341982,
       39.94953677
      ]
     ]
    ]
   }
  },
  {
   "type": "Feature",
   "id": "BD-098",
   "properties": {
    "id": "BD-098",
    "layer": "BUILDING_FOOTPRINT",
    "building_type": "residential",
    "land_use_code": "0701",
    "renewal_action": "new_build",
    "floors_above_ground": null,
    "height_m": null,
    "note_zh": "体量与高度为概念示意；官方控规强度条件未发布，不作容积率或高度结论。",
    "source_type": "agent_generated_design",
    "confidence": "low",
    "geometry_role": "design_proposal",
    "official_boundary": false,
    "boundary_precision": "provisional_rough"
   },
   "geometry": {
    "type": "Polygon",
    "coordinates": [
     [
      [
       116.34205494,
       39.95365674
      ],
      [
       116.3420553,
       39.95365674
      ],
      [
       116.34214885,
       39.95365889
      ],
      [
       116.34224229,
       39.95366095
      ],
      [
       116.34224269,
       39.95366096
      ],
      [
       116.34233619,
       39.95366311
      ],
      [
       116.34242969,
       39.95366517
      ],
      [
       116.34243005,
       39.95366517
      ],
      [
       116.34252359,
       39.95366732
      ],
      [
       116.34261714,
       39.95366938
      ],
      [
       116.34261754,
       39.95366939
      ],
      [
       116.34271106,
       39.95367154
      ],
      [
       116.34280438,
       39.95367359
      ],
      [
       116.34289827,
       39.95367566
      ],
      [
       116.34289863,
       39.95367566
      ],
      [
       116.34299221,
       39.95367781
      ],
      [
       116.34308577,
       39.95367988
      ],
      [
       116.34308609,
       39.95367988
      ],
      [
       116.3431796,
       39.95368203
      ],
      [
       116.34327314,
       39.95368409
      ],
      [
       116.3432735,
       39.95368409
      ],
      [
       116.34336705,
       39.95368624
      ],
      [
       116.3434603,
       39.95368829
      ],
      [
       116.34355423,
       39.95369037
      ],
      [
       116.34355455,
       39.95369037
      ],
      [
       116.34360555,
       39.95369154
      ],
      [
       116.34360463,
       39.95365137
      ],
      [
       116.34360463,
       39.95365111
      ],
      [
       116.34360309,
       39.953579
      ],
      [
       116.34360145,
       39.95350702
      ],
      [
       116.3435998,
       39.95343478
      ],
      [
       116.34359815,
       39.95336254
      ],
      [
       116.34359649,
       39.95329006
      ],
      [
       116.34359649,
       39.95328978
      ],
      [
       116.34359496,
       39.95321769
      ],
      [
       116.34359374,
       39.95316402
      ],
      [
       116.34201106,
       39.95315505
      ],
      [
       116.34201096,
       39.95317021
      ],
      [
       116.34201096,
       39.95317049
      ],
      [
       116.34201038,
       39.95324266
      ],
      [
       116.34200993,
       39.95331469
      ],
      [
       116.34200947,
       39.95338716
      ],
      [
       116.34200946,
       39.95338744
      ],
      [
       116.34200888,
       39.95345961
      ],
      [
       116.34200843,
       39.95353162
      ],
      [
       116.34200798,
       39.95360407
      ],
      [
       116.34200798,
       39.95360438
      ],
      [
       116.34200756,
       39.9536557
      ],
      [
       116.34205494,
       39.95365674
      ]
     ]
    ]
   }
  },
  {
   "type": "Feature",
   "id": "BD-099",
   "properties": {
    "id": "BD-099",
    "layer": "BUILDING_FOOTPRINT",
    "building_type": "residential",
    "land_use_code": "0701",
    "renewal_action": "new_build",
    "floors_above_ground": null,
    "height_m": null,
    "note_zh": "体量与高度为概念示意；官方控规强度条件未发布，不作容积率或高度结论。",
    "source_type": "agent_generated_design",
    "confidence": "low",
    "geometry_role": "design_proposal",
    "official_boundary": false,
    "boundary_precision": "provisional_rough"
   },
   "geometry": {
    "type": "Polygon",
    "coordinates": [
     [
      [
       116.34359167,
       39.9530735
      ],
      [
       116.34359002,
       39.95300126
      ],
      [
       116.34358837,
       39.95292889
      ],
      [
       116.34358836,
       39.95292863
      ],
      [
       116.34358682,
       39.95285652
      ],
      [
       116.34358518,
       39.95278454
      ],
      [
       116.34358353,
       39.9527123
      ],
      [
       116.34358188,
       39.95264006
      ],
      [
       116.34358083,
       39.95259376
      ],
      [
       116.34348986,
       39.95259098
      ],
      [
       116.34339572,
       39.95258811
      ],
      [
       116.3433013,
       39.95258522
      ],
      [
       116.34330098,
       39.95258521
      ],
      [
       116.34320697,
       39.95258226
      ],
      [
       116.34311315,
       39.95257939
      ],
      [
       116.34301882,
       39.95257651
      ],
      [
       116.34301842,
       39.9525765
      ],
      [
       116.34292445,
       39.95257354
      ],
      [
       116.34283067,
       39.95257068
      ],
      [
       116.34273626,
       39.95256779
      ],
      [
       116.34273594,
       39.95256778
      ],
      [
       116.34264192,
       39.95256483
      ],
      [
       116.34254811,
       39.95256196
      ],
      [
       116.34245397,
       39.95255909
      ],
      [
       116.34235954,
       39.9525562
      ],
      [
       116.34235918,
       39.95255619
      ],
      [
       116.34226523,
       39.95255323
      ],
      [
       116.34217145,
       39.95255037
      ],
      [
       116.34207704,
       39.95254748
      ],
      [
       116.34207672,
       39.95254747
      ],
      [
       116.34201523,
       39.95254554
      ],
      [
       116.34201487,
       39.95259169
      ],
      [
       116.34201441,
       39.95266375
      ],
      [
       116.34201395,
       39.95273622
      ],
      [
       116.34201395,
       39.9527365
      ],
      [
       116.34201337,
       39.95280867
      ],
      [
       116.34201291,
       39.9528807
      ],
      [
       116.34201245,
       39.95295315
      ],
      [
       116.34201245,
       39.95295341
      ],
      [
       116.34201188,
       39.95302568
      ],
      [
       116.34201152,
       39.953083
      ],
      [
       116.34359209,
       39.95309196
      ],
      [
       116.34359167,
       39.9530735
      ]
     ]
    ]
   }
  },
  {
   "type": "Feature",
   "id": "BD-100",
   "properties": {
    "id": "BD-100",
    "layer": "BUILDING_FOOTPRINT",
    "building_type": "residential",
    "land_use_code": "0701",
    "renewal_action": "new_build",
    "floors_above_ground": null,
    "height_m": null,
    "note_zh": "体量与高度为概念示意；官方控规强度条件未发布，不作容积率或高度结论。",
    "source_type": "agent_generated_design",
    "confidence": "low",
    "geometry_role": "design_proposal",
    "official_boundary": false,
    "boundary_precision": "provisional_rough"
   },
   "geometry": {
    "type": "Polygon",
    "coordinates": [
     [
      [
       116.34206687,
       39.95497832
      ],
      [
       116.34206641,
       39.95505079
      ],
      [
       116.34206641,
       39.95505108
      ],
      [
       116.34206584,
       39.95512325
      ],
      [
       116.34206538,
       39.95519527
      ],
      [
       116.34206492,
       39.95526775
      ],
      [
       116.34206492,
       39.95526807
      ],
      [
       116.34206434,
       39.95534023
      ],
      [
       116.34206388,
       39.95541238
      ],
      [
       116.34206388,
       39.9554127
      ],
      [
       116.3420633,
       39.95548495
      ],
      [
       116.34206285,
       39.95555695
      ],
      [
       116.34206238,
       39.95562941
      ],
      [
       116.34206238,
       39.9556297
      ],
      [
       116.34206227,
       39.95564343
      ],
      [
       116.34358119,
       39.95565204
      ],
      [
       116.34357975,
       39.95558408
      ],
      [
       116.34357811,
       39.95551217
      ],
      [
       116.34357646,
       39.95543993
      ],
      [
       116.34357481,
       39.95536769
      ],
      [
       116.34357316,
       39.9552952
      ],
      [
       116.34357315,
       39.95529492
      ],
      [
       116.34357161,
       39.95522282
      ],
      [
       116.34356997,
       39.95515088
      ],
      [
       116.34356832,
       39.95507864
      ],
      [
       116.34356667,
       39.9550064
      ],
      [
       116.34356596,
       39.95497506
      ],
      [
       116.34352349,
       39.95497413
      ],
      [
       116.34352303,
       39.95497412
      ],
      [
       116.34342919,
       39.95497197
      ],
      [
       116.34333524,
       39.95496991
      ],
      [
       116.3433348,
       39.9549699
      ],
      [
       116.34324083,
       39.95496775
      ],
      [
       116.34314687,
       39.95496569
      ],
      [
       116.34314641,
       39.95496568
      ],
      [
       116.34305257,
       39.95496353
      ],
      [
       116.34295862,
       39.95496147
      ],
      [
       116.34295817,
       39.95496146
      ],
      [
       116.34286421,
       39.95495931
      ],
      [
       116.34277025,
       39.95495725
      ],
      [
       116.3427698,
       39.95495724
      ],
      [
       116.34267583,
       39.95495509
      ],
      [
       116.34258198,
       39.95495303
      ],
      [
       116.34258155,
       39.95495302
      ],
      [
       116.34248758,
       39.95495087
      ],
      [
       116.34239362,
       39.95494881
      ],
      [
       116.34239318,
       39.9549488
      ],
      [
       116.3422992,
       39.95494665
      ],
      [
       116.34220536,
       39.95494459
      ],
      [
       116.34220493,
       39.95494458
      ],
      [
       116.34211096,
       39.95494243
      ],
      [
       116.3420671,
       39.95494147
      ],
      [
       116.34206687,
       39.95497832
      ]
     ]
    ]
   }
  },
  {
   "type": "Feature",
   "id": "BD-101",
   "properties": {
    "id": "BD-101",
    "layer": "BUILDING_FOOTPRINT",
    "building_type": "residential",
    "land_use_code": "0701",
    "renewal_action": "renovate",
    "floors_above_ground": null,
    "height_m": null,
    "note_zh": "体量与高度为概念示意；官方控规强度条件未发布，不作容积率或高度结论。",
    "source_type": "agent_generated_design",
    "confidence": "low",
    "geometry_role": "design_proposal",
    "official_boundary": false,
    "boundary_precision": "provisional_rough"
   },
   "geometry": {
    "type": "Polygon",
    "coordinates": [
     [
      [
       116.34206136,
       39.9557739
      ],
      [
       116.3420609,
       39.95584637
      ],
      [
       116.34206089,
       39.95584669
      ],
      [
       116.34206032,
       39.95591885
      ],
      [
       116.34205986,
       39.95599085
      ],
      [
       116.3420594,
       39.95606331
      ],
      [
       116.3420594,
       39.9560636
      ],
      [
       116.34205883,
       39.95613577
      ],
      [
       116.34205837,
       39.9562078
      ],
      [
       116.34205791,
       39.95628027
      ],
      [
       116.34205791,
       39.95628059
      ],
      [
       116.34205733,
       39.95635275
      ],
      [
       116.34205717,
       39.95637874
      ],
      [
       116.34209315,
       39.95637987
      ],
      [
       116.34218692,
       39.95638274
      ],
      [
       116.34228129,
       39.95638562
      ],
      [
       116.34228174,
       39.95638563
      ],
      [
       116.34237574,
       39.95638859
      ],
      [
       116.34246948,
       39.95639146
      ],
      [
       116.34256361,
       39.95639433
      ],
      [
       116.34265806,
       39.95639722
      ],
      [
       116.34265841,
       39.95639723
      ],
      [
       116.34275242,
       39.95640018
      ],
      [
       116.3428462,
       39.95640305
      ],
      [
       116.34294055,
       39.95640593
      ],
      [
       116.342941,
       39.95640594
      ],
      [
       116.343035,
       39.9564089
      ],
      [
       116.34312873,
       39.95641177
      ],
      [
       116.34322288,
       39.95641464
      ],
      [
       116.34331733,
       39.95641753
      ],
      [
       116.34331768,
       39.95641754
      ],
      [
       116.34341169,
       39.95642049
      ],
      [
       116.34350547,
       39.95642336
      ],
      [
       116.34359862,
       39.9564262
      ],
      [
       116.34359755,
       39.95637912
      ],
      [
       116.3435959,
       39.95630672
      ],
      [
       116.34359589,
       39.9563064
      ],
      [
       116.34359436,
       39.95623432
      ],
      [
       116.34359272,
       39.9561624
      ],
      [
       116.34359107,
       39.95609006
      ],
      [
       116.34358942,
       39.95601784
      ],
      [
       116.34358777,
       39.95594545
      ],
      [
       116.34358776,
       39.95594516
      ],
      [
       116.34358623,
       39.95587306
      ],
      [
       116.34358458,
       39.95580112
      ],
      [
       116.34358294,
       39.95572888
      ],
      [
       116.34358283,
       39.95572409
      ],
      [
       116.34206173,
       39.95571547
      ],
      [
       116.34206136,
       39.9557739
      ]
     ]
    ]
   }
  },
  {
   "type": "Feature",
   "id": "BD-102",
   "properties": {
    "id": "BD-102",
    "layer": "BUILDING_FOOTPRINT",
    "building_type": "residential",
    "land_use_code": "0701",
    "renewal_action": "new_build",
    "floors_above_ground": null,
    "height_m": null,
    "note_zh": "体量与高度为概念示意；官方控规强度条件未发布，不作容积率或高度结论。",
    "source_type": "agent_generated_design",
    "confidence": "low",
    "geometry_role": "design_proposal",
    "official_boundary": false,
    "boundary_precision": "provisional_rough"
   },
   "geometry": {
    "type": "Polygon",
    "coordinates": [
     [
      [
       116.34222741,
       39.95782255
      ],
      [
       116.34222741,
       39.95782291
      ],
      [
       116.34222683,
       39.95789564
      ],
      [
       116.34222637,
       39.9579681
      ],
      [
       116.3422259,
       39.95804121
      ],
      [
       116.3422259,
       39.95804158
      ],
      [
       116.34222532,
       39.95811422
      ],
      [
       116.34222487,
       39.95818667
      ],
      [
       116.3422244,
       39.95825978
      ],
      [
       116.34222439,
       39.95826015
      ],
      [
       116.34222382,
       39.95833282
      ],
      [
       116.34222335,
       39.95840527
      ],
      [
       116.34222289,
       39.95847838
      ],
      [
       116.34222289,
       39.95847879
      ],
      [
       116.34222231,
       39.95855148
      ],
      [
       116.34222184,
       39.95862393
      ],
      [
       116.34222138,
       39.95869697
      ],
      [
       116.34222138,
       39.95869741
      ],
      [
       116.34222079,
       39.95877005
      ],
      [
       116.34222033,
       39.95884248
      ],
      [
       116.34221986,
       39.95891558
      ],
      [
       116.34221986,
       39.95891595
      ],
      [
       116.34221928,
       39.95898859
      ],
      [
       116.34221883,
       39.95906113
      ],
      [
       116.34221836,
       39.95913424
      ],
      [
       116.34221835,
       39.95913461
      ],
      [
       116.34221778,
       39.95920725
      ],
      [
       116.34221732,
       39.95927971
      ],
      [
       116.34221685,
       39.95935281
      ],
      [
       116.34221685,
       39.95935318
      ],
      [
       116.34221627,
       39.95942585
      ],
      [
       116.3422158,
       39.95949831
      ],
      [
       116.34221564,
       39.95952473
      ],
      [
       116.34348827,
       39.95953195
      ],
      [
       116.34348728,
       39.95948817
      ],
      [
       116.34348562,
       39.95941573
      ],
      [
       116.34348561,
       39.95941532
      ],
      [
       116.34348409,
       39.95934328
      ],
      [
       116.34348245,
       39.95927135
      ],
      [
       116.3434808,
       39.95919912
      ],
      [
       116.34347915,
       39.95912689
      ],
      [
       116.3434775,
       39.95905446
      ],
      [
       116.34347749,
       39.95905409
      ],
      [
       116.34347595,
       39.95898204
      ],
      [
       116.34347431,
       39.95891017
      ],
      [
       116.34347266,
       39.95883793
      ],
      [
       116.34347101,
       39.95876569
      ],
      [
       116.34346936,
       39.95869325
      ],
      [
       116.34346935,
       39.95869284
      ],
      [
       116.34346783,
       39.95862082
      ],
      [
       116.34346619,
       39.95854898
      ],
      [
       116.34346454,
       39.95847664
      ],
      [
       116.34346288,
       39.95840422
      ],
      [
       116.34346288,
       39.95840385
      ],
      [
       116.34346134,
       39.9583318
      ],
      [
       116.3434597,
       39.95825993
      ],
      [
       116.34345805,
       39.95818769
      ],
      [
       116.3434564,
       39.95811546
      ],
      [
       116.34345475,
       39.95804302
      ],
      [
       116.34345474,
       39.95804261
      ],
      [
       116.34345322,
       39.95797061
      ],
      [
       116.34345157,
       39.95789881
      ],
      [
       116.34344992,
       39.9578265
      ],
      [
       116.34344908,
       39.95778987
      ],
      [
       116.34344534,
       39.95778976
      ],
      [
       116.34344478,
       39.95778974
      ],
      [
       116.34335088,
       39.95778678
      ],
      [
       116.34325727,
       39.95778393
      ],
      [
       116.34316275,
       39.95778104
      ],
      [
       116.34316229,
       39.95778102
      ],
      [
       116.34306834,
       39.95777807
      ],
      [
       116.34297466,
       39.9577752
      ],
      [
       116.34288054,
       39.95777234
      ],
      [
       116.34278599,
       39.95776944
      ],
      [
       116.34278548,
       39.95776943
      ],
      [
       116.34269161,
       39.95776647
      ],
      [
       116.342598,
       39.95776362
      ],
      [
       116.34250349,
       39.95776073
      ],
      [
       116.34250306,
       39.95776071
      ],
      [
       116.34240897,
       39.95775776
      ],
      [
       116.34231528,
       39.95775489
      ],
      [
       116.34222786,
       39.95775223
      ],
      [
       116.34222741,
       39.95782255
      ]
     ]
    ]
   }
  },
  {
   "type": "Feature",
   "id": "BD-103",
   "properties": {
    "id": "BD-103",
    "layer": "BUILDING_FOOTPRINT",
    "building_type": "residential",
    "land_use_code": "0701",
    "renewal_action": "new_build",
    "floors_above_ground": null,
    "height_m": null,
    "note_zh": "体量与高度为概念示意；官方控规强度条件未发布，不作容积率或高度结论。",
    "source_type": "agent_generated_design",
    "confidence": "low",
    "geometry_role": "design_proposal",
    "official_boundary": false,
    "boundary_precision": "provisional_rough"
   },
   "geometry": {
    "type": "Polygon",
    "coordinates": [
     [
      [
       116.34221476,
       39.95964451
      ],
      [
       116.34221429,
       39.95971697
      ],
      [
       116.34221383,
       39.95979001
      ],
      [
       116.34221383,
       39.95979045
      ],
      [
       116.34221324,
       39.95986308
      ],
      [
       116.34221279,
       39.95993551
      ],
      [
       116.34221232,
       39.96000862
      ],
      [
       116.34221231,
       39.96000899
      ],
      [
       116.34221174,
       39.96008162
      ],
      [
       116.34221128,
       39.96015408
      ],
      [
       116.34221081,
       39.96022728
      ],
      [
       116.34221081,
       39.96022765
      ],
      [
       116.34221023,
       39.96030031
      ],
      [
       116.34220976,
       39.96037277
      ],
      [
       116.3422093,
       39.9604458
      ],
      [
       116.3422093,
       39.9604462
      ],
      [
       116.34220872,
       39.96051889
      ],
      [
       116.34220826,
       39.96059134
      ],
      [
       116.34220779,
       39.96066437
      ],
      [
       116.34220779,
       39.96066477
      ],
      [
       116.34220721,
       39.96073746
      ],
      [
       116.34220675,
       39.96081003
      ],
      [
       116.34220628,
       39.96088308
      ],
      [
       116.34220627,
       39.96088345
      ],
      [
       116.3422057,
       39.96095609
      ],
      [
       116.34220524,
       39.96102854
      ],
      [
       116.34220477,
       39.96110165
      ],
      [
       116.34220477,
       39.96110202
      ],
      [
       116.34220419,
       39.96117466
      ],
      [
       116.34220373,
       39.96124711
      ],
      [
       116.34220346,
       39.96128915
      ],
      [
       116.34225333,
       39.96129066
      ],
      [
       116.34234789,
       39.96129356
      ],
      [
       116.34234841,
       39.96129357
      ],
      [
       116.34244227,
       39.96129653
      ],
      [
       116.34253589,
       39.96129938
      ],
      [
       116.34263014,
       39.96130227
      ],
      [
       116.34272456,
       39.96130514
      ],
      [
       116.34272512,
       39.96130516
      ],
      [
       116.34281909,
       39.96130812
      ],
      [
       116.3429127,
       39.96131099
      ],
      [
       116.34300712,
       39.96131386
      ],
      [
       116.34300768,
       39.96131388
      ],
      [
       116.34310157,
       39.96131684
      ],
      [
       116.34319529,
       39.96131969
      ],
      [
       116.34328986,
       39.96132259
      ],
      [
       116.34329031,
       39.9613226
      ],
      [
       116.34338427,
       39.96132555
      ],
      [
       116.34347795,
       39.96132842
      ],
      [
       116.34352875,
       39.96132996
      ],
      [
       116.34352793,
       39.96129431
      ],
      [
       116.34352628,
       39.96122207
      ],
      [
       116.34352463,
       39.96114964
      ],
      [
       116.34352462,
       39.96114923
      ],
      [
       116.3435231,
       39.96107719
      ],
      [
       116.34352146,
       39.96100536
      ],
      [
       116.34351981,
       39.96093302
      ],
      [
       116.34351816,
       39.96086079
      ],
      [
       116.34351651,
       39.96078836
      ],
      [
       116.3435165,
       39.96078799
      ],
      [
       116.34351496,
       39.96071594
      ],
      [
       116.34351332,
       39.96064408
      ],
      [
       116.34351167,
       39.96057184
      ],
      [
       116.34351002,
       39.9604996
      ],
      [
       116.34350837,
       39.96042716
      ],
      [
       116.34350836,
       39.96042675
      ],
      [
       116.34350684,
       39.96035471
      ],
      [
       116.3435052,
       39.96028291
      ],
      [
       116.34350354,
       39.96021071
      ],
      [
       116.34350189,
       39.96013831
      ],
      [
       116.34350023,
       39.96006588
      ],
      [
       116.34350023,
       39.96006547
      ],
      [
       116.3434987,
       39.95999343
      ],
      [
       116.34349706,
       39.9599216
      ],
      [
       116.34349541,
       39.95984936
      ],
      [
       116.34349376,
       39.95977693
      ],
      [
       116.34349375,
       39.95977656
      ],
      [
       116.34349221,
       39.95970451
      ],
      [
       116.34349057,
       39.95963265
      ],
      [
       116.34348992,
       39.95960401
      ],
      [
       116.34221514,
       39.95959678
      ],
      [
       116.34221476,
       39.95964451
      ]
     ]
    ]
   }
  },
  {
   "type": "Feature",
   "id": "BD-104",
   "properties": {
    "id": "BD-104",
    "layer": "BUILDING_FOOTPRINT",
    "building_type": "residential",
    "land_use_code": "0701",
    "renewal_action": "new_build",
    "floors_above_ground": null,
    "height_m": null,
    "note_zh": "体量与高度为概念示意；官方控规强度条件未发布，不作容积率或高度结论。",
    "source_type": "agent_generated_design",
    "confidence": "low",
    "geometry_role": "design_proposal",
    "official_boundary": false,
    "boundary_precision": "provisional_rough"
   },
   "geometry": {
    "type": "Polygon",
    "coordinates": [
     [
      [
       116.34161668,
       39.96233175
      ],
      [
       116.34161651,
       39.96235216
      ],
      [
       116.34161605,
       39.96242435
      ],
      [
       116.34161559,
       39.96249673
      ],
      [
       116.34161559,
       39.96249685
      ],
      [
       116.34161501,
       39.96256911
      ],
      [
       116.34161456,
       39.9626413
      ],
      [
       116.34161409,
       39.96271367
      ],
      [
       116.34161409,
       39.96271378
      ],
      [
       116.34161352,
       39.96278614
      ],
      [
       116.34161307,
       39.9628584
      ],
      [
       116.34161306,
       39.96285852
      ],
      [
       116.34161266,
       39.96290918
      ],
      [
       116.34168113,
       39.96291075
      ],
      [
       116.34177488,
       39.96291281
      ],
      [
       116.34177504,
       39.96291282
      ],
      [
       116.34186883,
       39.96291496
      ],
      [
       116.3419626,
       39.96291703
      ],
      [
       116.34196273,
       39.96291704
      ],
      [
       116.34205663,
       39.96291918
      ],
      [
       116.34215041,
       39.96292125
      ],
      [
       116.34215054,
       39.96292126
      ],
      [
       116.34222144,
       39.96292288
      ],
      [
       116.34224684,
       39.96285202
      ],
      [
       116.34228445,
       39.96274704
      ],
      [
       116.34231735,
       39.96270392
      ],
      [
       116.34241818,
       39.96262746
      ],
      [
       116.34249587,
       39.96256855
      ],
      [
       116.34259673,
       39.96249208
      ],
      [
       116.34265323,
       39.96246741
      ],
      [
       116.3427902,
       39.96244001
      ],
      [
       116.34289575,
       39.9624189
      ],
      [
       116.34303273,
       39.96239151
      ],
      [
       116.34309764,
       39.96239188
      ],
      [
       116.34323405,
       39.96242082
      ],
      [
       116.34333917,
       39.96244312
      ],
      [
       116.34347562,
       39.96247206
      ],
      [
       116.34353167,
       39.96249738
      ],
      [
       116.34363102,
       39.96257497
      ],
      [
       116.34370758,
       39.96263476
      ],
      [
       116.34380694,
       39.96271235
      ],
      [
       116.34383902,
       39.96275584
      ],
      [
       116.34387462,
       39.96286125
      ],
      [
       116.34390206,
       39.96294246
      ],
      [
       116.3439082,
       39.96296066
      ],
      [
       116.34393414,
       39.96296125
      ],
      [
       116.34402792,
       39.96296332
      ],
      [
       116.34402805,
       39.96296333
      ],
      [
       116.34412192,
       39.96296547
      ],
      [
       116.34414517,
       39.96296598
      ],
      [
       116.34414476,
       39.96294816
      ],
      [
       116.3441431,
       39.96287593
      ],
      [
       116.34414145,
       39.96280361
      ],
      [
       116.34414145,
       39.96280348
      ],
      [
       116.34413992,
       39.96273131
      ],
      [
       116.34413827,
       39.9626592
      ],
      [
       116.34413662,
       39.96258696
      ],
      [
       116.34413497,
       39.96251457
      ],
      [
       116.34413497,
       39.96251446
      ],
      [
       116.34413343,
       39.96244227
      ],
      [
       116.34413267,
       39.96240923
      ],
      [
       116.34409293,
       39.96240797
      ],
      [
       116.34399891,
       39.96240511
      ],
      [
       116.3439047,
       39.96240223
      ],
      [
       116.34381045,
       39.96239936
      ],
      [
       116.34381028,
       39.96239935
      ],
      [
       116.34371618,
       39.96239638
      ],
      [
       116.34362216,
       39.96239352
      ],
      [
       116.34352787,
       39.96239063
      ],
      [
       116.34352773,
       39.96239063
      ],
      [
       116.34343361,
       39.96238767
      ],
      [
       116.34333958,
       39.9623848
      ],
      [
       116.34324541,
       39.96238193
      ],
      [
       116.34315112,
       39.96237904
      ],
      [
       116.34315098,
       39.96237904
      ],
      [
       116.34305686,
       39.96237608
      ],
      [
       116.34296282,
       39.96237321
      ],
      [
       116.34286856,
       39.96237034
      ],
      [
       116.34286839,
       39.96237033
      ],
      [
       116.3427743,
       39.96236736
      ],
      [
       116.34268028,
       39.9623645
      ],
      [
       116.34258598,
       39.96236161
      ],
      [
       116.34258582,
       39.96236161
      ],
      [
       116.34249173,
       39.96235864
      ],
      [
       116.34239771,
       39.96235578
      ],
      [
       116.3423035,
       39.9623529
      ],
      [
       116.34220925,
       39.96235003
      ],
      [
       116.34220908,
       39.96235002
      ],
      [
       116.34211496,
       39.96234705
      ],
      [
       116.34202094,
       39.96234418
      ],
      [
       116.34192669,
       39.96234131
      ],
      [
       116.34192652,
       39.9623413
      ],
      [
       116.34183229,
       39.96233833
      ],
      [
       116.34173826,
       39.96233546
      ],
      [
       116.34164409,
       39.96233259
      ],
      [
       116.34161668,
       39.96233175
      ]
     ]
    ]
   }
  },
  {
   "type": "Feature",
   "id": "BD-105",
   "properties": {
    "id": "BD-105",
    "layer": "BUILDING_FOOTPRINT",
    "building_type": "residential",
    "land_use_code": "0701",
    "renewal_action": "new_build",
    "floors_above_ground": null,
    "height_m": null,
    "note_zh": "体量与高度为概念示意；官方控规强度条件未发布，不作容积率或高度结论。",
    "source_type": "agent_generated_design",
    "confidence": "low",
    "geometry_role": "design_proposal",
    "official_boundary": false,
    "boundary_precision": "provisional_rough"
   },
   "geometry": {
    "type": "Polygon",
    "coordinates": [
     [
      [
       116.34213965,
       39.96408976
      ],
      [
       116.34213919,
       39.96416233
      ],
      [
       116.34213919,
       39.96416272
      ],
      [
       116.34213861,
       39.96423485
      ],
      [
       116.34213815,
       39.96430677
      ],
      [
       116.34213769,
       39.96437928
      ],
      [
       116.34213769,
       39.96437967
      ],
      [
       116.34213711,
       39.9644518
      ],
      [
       116.34213665,
       39.96452391
      ],
      [
       116.34213665,
       39.9645243
      ],
      [
       116.34213607,
       39.96459643
      ],
      [
       116.34213562,
       39.96466833
      ],
      [
       116.34213517,
       39.96474082
      ],
      [
       116.34213516,
       39.96474123
      ],
      [
       116.34213459,
       39.96481338
      ],
      [
       116.34213413,
       39.96488531
      ],
      [
       116.34213367,
       39.96495781
      ],
      [
       116.34213367,
       39.9649582
      ],
      [
       116.34213309,
       39.96503033
      ],
      [
       116.34213263,
       39.96510226
      ],
      [
       116.34213217,
       39.96517485
      ],
      [
       116.34213217,
       39.96517524
      ],
      [
       116.342132,
       39.96519635
      ],
      [
       116.34366031,
       39.96520501
      ],
      [
       116.34365965,
       39.96517612
      ],
      [
       116.34365965,
       39.96517573
      ],
      [
       116.34365812,
       39.96510368
      ],
      [
       116.34365648,
       39.96503183
      ],
      [
       116.34365483,
       39.96495959
      ],
      [
       116.34365318,
       39.96488735
      ],
      [
       116.34365153,
       39.96481494
      ],
      [
       116.34365152,
       39.96481459
      ],
      [
       116.34364999,
       39.96474253
      ],
      [
       116.34364834,
       39.96467064
      ],
      [
       116.3436467,
       39.9645984
      ],
      [
       116.34364504,
       39.96452587
      ],
      [
       116.34364503,
       39.96452549
      ],
      [
       116.34364351,
       39.96445345
      ],
      [
       116.34364187,
       39.96438163
      ],
      [
       116.34364021,
       39.96430942
      ],
      [
       116.34363856,
       39.96423712
      ],
      [
       116.34363691,
       39.96416469
      ],
      [
       116.3436369,
       39.9641643
      ],
      [
       116.34363537,
       39.96409225
      ],
      [
       116.34363529,
       39.96408874
      ],
      [
       116.34362716,
       39.96408856
      ],
      [
       116.34362662,
       39.96408855
      ],
      [
       116.34353256,
       39.9640864
      ],
      [
       116.34350401,
       39.96408577
      ],
      [
       116.34346182,
       39.96409421
      ],
      [
       116.34335624,
       39.96411532
      ],
      [
       116.34315118,
       39.96415634
      ],
      [
       116.34294543,
       39.96415517
      ],
      [
       116.34274115,
       39.96411184
      ],
      [
       116.34263603,
       39.96408954
      ],
      [
       116.34251354,
       39.96406355
      ],
      [
       116.34249529,
       39.96406314
      ],
      [
       116.34240124,
       39.96406107
      ],
      [
       116.34240081,
       39.96406106
      ],
      [
       116.34230672,
       39.96405892
      ],
      [
       116.34221261,
       39.96405685
      ],
      [
       116.34221218,
       39.96405684
      ],
      [
       116.34213986,
       39.96405519
      ],
      [
       116.34213965,
       39.96408976
      ]
     ]
    ]
   }
  },
  {
   "type": "Feature",
   "id": "BD-106",
   "properties": {
    "id": "BD-106",
    "layer": "BUILDING_FOOTPRINT",
    "building_type": "residential",
    "land_use_code": "0701",
    "renewal_action": "renovate",
    "floors_above_ground": null,
    "height_m": null,
    "note_zh": "体量与高度为概念示意；官方控规强度条件未发布，不作容积率或高度结论。",
    "source_type": "agent_generated_design",
    "confidence": "low",
    "geometry_role": "design_proposal",
    "official_boundary": false,
    "boundary_precision": "provisional_rough"
   },
   "geometry": {
    "type": "Polygon",
    "coordinates": [
     [
      [
       116.34213113,
       39.9653193
      ],
      [
       116.34213067,
       39.96539179
      ],
      [
       116.34213067,
       39.96539214
      ],
      [
       116.3421301,
       39.96546428
      ],
      [
       116.34212965,
       39.96553625
      ],
      [
       116.34212919,
       39.96560875
      ],
      [
       116.34212918,
       39.96560914
      ],
      [
       116.34212861,
       39.96568127
      ],
      [
       116.34212815,
       39.96575319
      ],
      [
       116.34212769,
       39.9658257
      ],
      [
       116.34212769,
       39.96582609
      ],
      [
       116.34212711,
       39.96589822
      ],
      [
       116.34212665,
       39.96597032
      ],
      [
       116.34212665,
       39.96597067
      ],
      [
       116.34212608,
       39.96604281
      ],
      [
       116.34212562,
       39.96611478
      ],
      [
       116.34212516,
       39.96618728
      ],
      [
       116.34212516,
       39.96618767
      ],
      [
       116.34212458,
       39.9662598
      ],
      [
       116.34212414,
       39.9663295
      ],
      [
       116.34221758,
       39.96633245
      ],
      [
       116.34231124,
       39.9663353
      ],
      [
       116.34240554,
       39.96633818
      ],
      [
       116.34249995,
       39.96634107
      ],
      [
       116.34250038,
       39.96634108
      ],
      [
       116.34259436,
       39.96634404
      ],
      [
       116.34268807,
       39.9663469
      ],
      [
       116.34278248,
       39.96634978
      ],
      [
       116.34278302,
       39.9663498
      ],
      [
       116.34287694,
       39.96635276
      ],
      [
       116.3429706,
       39.96635561
      ],
      [
       116.3430649,
       39.96635849
      ],
      [
       116.34315932,
       39.96636138
      ],
      [
       116.34315975,
       39.96636139
      ],
      [
       116.34325372,
       39.96636435
      ],
      [
       116.34334744,
       39.96636721
      ],
      [
       116.34344185,
       39.96637009
      ],
      [
       116.34344239,
       39.96637011
      ],
      [
       116.3435363,
       39.96637307
      ],
      [
       116.34362996,
       39.96637592
      ],
      [
       116.34368675,
       39.96637766
      ],
      [
       116.34368572,
       39.96633234
      ],
      [
       116.34368406,
       39.96626013
      ],
      [
       116.3436824,
       39.96618763
      ],
      [
       116.34368239,
       39.96618724
      ],
      [
       116.34368087,
       39.96611511
      ],
      [
       116.34367923,
       39.96604326
      ],
      [
       116.34367758,
       39.96597102
      ],
      [
       116.34367593,
       39.9658986
      ],
      [
       116.34367592,
       39.96589825
      ],
      [
       116.34367438,
       39.9658262
      ],
      [
       116.34367274,
       39.96575431
      ],
      [
       116.34367109,
       39.96568207
      ],
      [
       116.34366944,
       39.96560983
      ],
      [
       116.34366779,
       39.9655374
      ],
      [
       116.34366778,
       39.96553701
      ],
      [
       116.34366626,
       39.96546496
      ],
      [
       116.34366462,
       39.96539311
      ],
      [
       116.34366297,
       39.96532082
      ],
      [
       116.34366196,
       39.96527707
      ],
      [
       116.34213146,
       39.96526839
      ],
      [
       116.34213113,
       39.9653193
      ]
     ]
    ]
   }
  },
  {
   "type": "Feature",
   "id": "BD-107",
   "properties": {
    "id": "BD-107",
    "layer": "BUILDING_FOOTPRINT",
    "building_type": "residential",
    "land_use_code": "0701",
    "renewal_action": "new_build",
    "floors_above_ground": null,
    "height_m": null,
    "note_zh": "体量与高度为概念示意；官方控规强度条件未发布，不作容积率或高度结论。",
    "source_type": "agent_generated_design",
    "confidence": "low",
    "geometry_role": "design_proposal",
    "official_boundary": false,
    "boundary_precision": "provisional_rough"
   },
   "geometry": {
    "type": "Polygon",
    "coordinates": [
     [
      [
       116.34196302,
       39.96772237
      ],
      [
       116.34196256,
       39.96779483
      ],
      [
       116.34196256,
       39.96779512
      ],
      [
       116.34196199,
       39.96786737
      ],
      [
       116.34196153,
       39.96793957
      ],
      [
       116.34196153,
       39.96793988
      ],
      [
       116.34196095,
       39.96801204
      ],
      [
       116.3419605,
       39.96808404
      ],
      [
       116.34196004,
       39.96815652
      ],
      [
       116.34196003,
       39.96815683
      ],
      [
       116.34195946,
       39.96822899
      ],
      [
       116.341959,
       39.96830099
      ],
      [
       116.34195854,
       39.96837347
      ],
      [
       116.34195854,
       39.96837378
      ],
      [
       116.34195796,
       39.96844594
      ],
      [
       116.3419575,
       39.96851794
      ],
      [
       116.34195704,
       39.9685904
      ],
      [
       116.34195704,
       39.96859069
      ],
      [
       116.34195647,
       39.96866287
      ],
      [
       116.34195601,
       39.96873489
      ],
      [
       116.34195555,
       39.96880737
      ],
      [
       116.34195555,
       39.96880768
      ],
      [
       116.34195497,
       39.96887984
      ],
      [
       116.34195451,
       39.96895184
      ],
      [
       116.34195405,
       39.9690244
      ],
      [
       116.34195405,
       39.96902472
      ],
      [
       116.34195347,
       39.96909687
      ],
      [
       116.34195302,
       39.96916888
      ],
      [
       116.34195256,
       39.96924134
      ],
      [
       116.34195255,
       39.96924163
      ],
      [
       116.34195199,
       39.9693138
      ],
      [
       116.34195153,
       39.96938599
      ],
      [
       116.34195153,
       39.9693863
      ],
      [
       116.34195095,
       39.96945846
      ],
      [
       116.34195049,
       39.96953046
      ],
      [
       116.34195003,
       39.96960294
      ],
      [
       116.34195003,
       39.96960325
      ],
      [
       116.34194945,
       39.96967541
      ],
      [
       116.34194899,
       39.96974741
      ],
      [
       116.34194853,
       39.96981989
      ],
      [
       116.34194853,
       39.9698202
      ],
      [
       116.34194795,
       39.96989236
      ],
      [
       116.34194749,
       39.96996436
      ],
      [
       116.3419474,
       39.96997879
      ],
      [
       116.3428301,
       39.96998379
      ],
      [
       116.34273462,
       39.96994067
      ],
      [
       116.34259409,
       39.96983094
      ],
      [
       116.34251195,
       39.96976679
      ],
      [
       116.34237143,
       39.96965707
      ],
      [
       116.34228948,
       39.96954597
      ],
      [
       116.34223914,
       39.96939696
      ],
      [
       116.34220968,
       39.96930986
      ],
      [
       116.34215929,
       39.9691607
      ],
      [
       116.34216052,
       39.96903304
      ],
      [
       116.34221372,
       39.96888459
      ],
      [
       116.34224488,
       39.96879774
      ],
      [
       116.34229808,
       39.96864929
      ],
      [
       116.34238214,
       39.96853913
      ],
      [
       116.34252475,
       39.96843102
      ],
      [
       116.34260811,
       39.96836782
      ],
      [
       116.34275072,
       39.9682597
      ],
      [
       116.34289511,
       39.96819665
      ],
      [
       116.34308874,
       39.96815793
      ],
      [
       116.34320192,
       39.96813526
      ],
      [
       116.34339583,
       39.96809648
      ],
      [
       116.34356174,
       39.96809742
      ],
      [
       116.34375467,
       39.96813836
      ],
      [
       116.34386756,
       39.96816233
      ],
      [
       116.34387851,
       39.96816466
      ],
      [
       116.34387786,
       39.9681364
      ],
      [
       116.34387621,
       39.96806416
      ],
      [
       116.34387456,
       39.96799192
      ],
      [
       116.34387291,
       39.96791953
      ],
      [
       116.3438729,
       39.96791922
      ],
      [
       116.34387138,
       39.96784716
      ],
      [
       116.34386977,
       39.96777727
      ],
      [
       116.34385451,
       39.9677768
      ],
      [
       116.34376015,
       39.96777393
      ],
      [
       116.34375972,
       39.96777391
      ],
      [
       116.34366573,
       39.96777095
      ],
      [
       116.34357198,
       39.96776809
      ],
      [
       116.34347752,
       39.96776521
      ],
      [
       116.34347717,
       39.96776519
      ],
      [
       116.34338315,
       39.96776224
      ],
      [
       116.34328934,
       39.96775937
      ],
      [
       116.3431952,
       39.9677565
      ],
      [
       116.34310074,
       39.96775362
      ],
      [
       116.34310039,
       39.9677536
      ],
      [
       116.34300637,
       39.96775065
      ],
      [
       116.34291256,
       39.96774778
      ],
      [
       116.3428182,
       39.96774491
      ],
      [
       116.34281777,
       39.96774489
      ],
      [
       116.34272374,
       39.96774193
      ],
      [
       116.34262998,
       39.96773906
      ],
      [
       116.34253561,
       39.96773619
      ],
      [
       116.34253518,
       39.96773617
      ],
      [
       116.3424412,
       39.96773321
      ],
      [
       116.34234744,
       39.96773035
      ],
      [
       116.3422532,
       39.96772747
      ],
      [
       116.34215883,
       39.9677246
      ],
      [
       116.3421584,
       39.96772458
      ],
      [
       116.3420644,
       39.96772162
      ],
      [
       116.34197051,
       39.96771875
      ],
      [
       116.34196305,
       39.96771852
      ],
      [
       116.34196302,
       39.96772237
      ]
     ]
    ]
   }
  },
  {
   "type": "Feature",
   "id": "BD-108",
   "properties": {
    "id": "BD-108",
    "layer": "BUILDING_FOOTPRINT",
    "building_type": "residential",
    "land_use_code": "0701",
    "renewal_action": "new_build",
    "floors_above_ground": null,
    "height_m": null,
    "note_zh": "体量与高度为概念示意；官方控规强度条件未发布，不作容积率或高度结论。",
    "source_type": "agent_generated_design",
    "confidence": "low",
    "geometry_role": "design_proposal",
    "official_boundary": false,
    "boundary_precision": "provisional_rough"
   },
   "geometry": {
    "type": "Polygon",
    "coordinates": [
     [
      [
       116.34194646,
       39.97010929
      ],
      [
       116.34194601,
       39.97018131
      ],
      [
       116.34194555,
       39.97025387
      ],
      [
       116.34194554,
       39.97025419
      ],
      [
       116.34194497,
       39.97032634
      ],
      [
       116.34194451,
       39.97039835
      ],
      [
       116.34194405,
       39.97047083
      ],
      [
       116.34194405,
       39.97047114
      ],
      [
       116.34194347,
       39.97054329
      ],
      [
       116.34194301,
       39.9706153
      ],
      [
       116.34194255,
       39.97068778
      ],
      [
       116.34194255,
       39.97068809
      ],
      [
       116.34194197,
       39.97076024
      ],
      [
       116.34194151,
       39.97083225
      ],
      [
       116.34194105,
       39.97090471
      ],
      [
       116.34194105,
       39.970905
      ],
      [
       116.34194048,
       39.97097717
      ],
      [
       116.34194002,
       39.97104936
      ],
      [
       116.34194002,
       39.97104967
      ],
      [
       116.34193944,
       39.97112183
      ],
      [
       116.34193899,
       39.97119383
      ],
      [
       116.34193852,
       39.97126631
      ],
      [
       116.34193852,
       39.97126662
      ],
      [
       116.34193794,
       39.97133877
      ],
      [
       116.34193749,
       39.97141078
      ],
      [
       116.34193703,
       39.97148334
      ],
      [
       116.34193702,
       39.97148366
      ],
      [
       116.34193672,
       39.97152115
      ],
      [
       116.3419875,
       39.9715227
      ],
      [
       116.34208187,
       39.97152559
      ],
      [
       116.3420822,
       39.9715256
      ],
      [
       116.34217635,
       39.97152855
      ],
      [
       116.34227022,
       39.97153142
      ],
      [
       116.34236439,
       39.9715343
      ],
      [
       116.34245876,
       39.97153717
      ],
      [
       116.34245919,
       39.97153719
      ],
      [
       116.34255318,
       39.97154015
      ],
      [
       116.34264694,
       39.97154301
      ],
      [
       116.3427414,
       39.9715459
      ],
      [
       116.34274175,
       39.97154591
      ],
      [
       116.34283578,
       39.97154886
      ],
      [
       116.34292964,
       39.97155173
      ],
      [
       116.3430238,
       39.97155461
      ],
      [
       116.34311817,
       39.97155748
      ],
      [
       116.3431186,
       39.9715575
      ],
      [
       116.34321259,
       39.97156046
      ],
      [
       116.34330635,
       39.97156332
      ],
      [
       116.34340082,
       39.97156621
      ],
      [
       116.34340117,
       39.97156622
      ],
      [
       116.3434952,
       39.97156917
      ],
      [
       116.34358901,
       39.97157204
      ],
      [
       116.34368316,
       39.97157491
      ],
      [
       116.34377762,
       39.9715778
      ],
      [
       116.34377797,
       39.97157781
      ],
      [
       116.343872,
       39.97158076
      ],
      [
       116.34395543,
       39.97158331
      ],
      [
       116.34395426,
       39.97153197
      ],
      [
       116.34395261,
       39.97145973
      ],
      [
       116.34395096,
       39.97138735
      ],
      [
       116.34395095,
       39.97138706
      ],
      [
       116.34394942,
       39.97131497
      ],
      [
       116.34394777,
       39.97124301
      ],
      [
       116.34394612,
       39.97117077
      ],
      [
       116.34394448,
       39.97109853
      ],
      [
       116.34394282,
       39.97102616
      ],
      [
       116.34394282,
       39.97102587
      ],
      [
       116.34394128,
       39.97095368
      ],
      [
       116.34393964,
       39.97088173
      ],
      [
       116.34393799,
       39.97080949
      ],
      [
       116.34393634,
       39.97073725
      ],
      [
       116.34393469,
       39.97066486
      ],
      [
       116.34393468,
       39.97066455
      ],
      [
       116.34393315,
       39.9705925
      ],
      [
       116.3439315,
       39.97052059
      ],
      [
       116.34392985,
       39.9704483
      ],
      [
       116.3439282,
       39.97037606
      ],
      [
       116.34392655,
       39.97030367
      ],
      [
       116.34392654,
       39.97030336
      ],
      [
       116.34392502,
       39.97023127
      ],
      [
       116.34392337,
       39.97015934
      ],
      [
       116.34392173,
       39.97008704
      ],
      [
       116.34392115,
       39.97006202
      ],
      [
       116.34379634,
       39.97006132
      ],
      [
       116.34373627,
       39.97007334
      ],
      [
       116.34354248,
       39.97011212
      ],
      [
       116.34337652,
       39.97011118
      ],
      [
       116.34318357,
       39.97007024
      ],
      [
       116.34312365,
       39.97005751
      ],
      [
       116.34194692,
       39.97005083
      ],
      [
       116.34194646,
       39.97010929
      ]
     ]
    ]
   }
  },
  {
   "type": "Feature",
   "id": "BD-109",
   "properties": {
    "id": "BD-109",
    "layer": "BUILDING_FOOTPRINT",
    "building_type": "residential",
    "land_use_code": "0701",
    "renewal_action": "new_build",
    "floors_above_ground": null,
    "height_m": null,
    "note_zh": "体量与高度为概念示意；官方控规强度条件未发布，不作容积率或高度结论。",
    "source_type": "agent_generated_design",
    "confidence": "low",
    "geometry_role": "design_proposal",
    "official_boundary": false,
    "boundary_precision": "provisional_rough"
   },
   "geometry": {
    "type": "Polygon",
    "coordinates": [
     [
      [
       116.34198024,
       39.97491768
      ],
      [
       116.34208241,
       39.97489725
      ],
      [
       116.3422709,
       39.97485958
      ],
      [
       116.34245008,
       39.97486059
      ],
      [
       116.34263774,
       39.97490037
      ],
      [
       116.34273911,
       39.97492189
      ],
      [
       116.34292719,
       39.9749619
      ],
      [
       116.3430817,
       39.97503176
      ],
      [
       116.34321824,
       39.97513838
      ],
      [
       116.34329198,
       39.97519596
      ],
      [
       116.3434285,
       39.97530253
      ],
      [
       116.34351701,
       39.97542239
      ],
      [
       116.34356615,
       39.97556732
      ],
      [
       116.3435927,
       39.97564586
      ],
      [
       116.34364167,
       39.97579097
      ],
      [
       116.34364035,
       39.97592878
      ],
      [
       116.34358867,
       39.97607314
      ],
      [
       116.34356071,
       39.97615113
      ],
      [
       116.34350864,
       39.97629592
      ],
      [
       116.34341786,
       39.97641473
      ],
      [
       116.34327933,
       39.97651974
      ],
      [
       116.34321821,
       39.97656609
      ],
      [
       116.34327365,
       39.97656779
      ],
      [
       116.34336782,
       39.97657067
      ],
      [
       116.34346221,
       39.97657354
      ],
      [
       116.34346268,
       39.97657356
      ],
      [
       116.34355665,
       39.97657652
      ],
      [
       116.34365039,
       39.97657937
      ],
      [
       116.34374488,
       39.97658226
      ],
      [
       116.34374526,
       39.97658227
      ],
      [
       116.34383928,
       39.97658523
      ],
      [
       116.34393307,
       39.9765881
      ],
      [
       116.34401717,
       39.97659066
      ],
      [
       116.34401673,
       39.97657124
      ],
      [
       116.34401508,
       39.976499
      ],
      [
       116.34401342,
       39.97642659
      ],
      [
       116.34401342,
       39.97642626
      ],
      [
       116.34401189,
       39.97635421
      ],
      [
       116.34401024,
       39.97628234
      ],
      [
       116.34400859,
       39.97621005
      ],
      [
       116.34400694,
       39.97613771
      ],
      [
       116.34400529,
       39.97606531
      ],
      [
       116.34400528,
       39.97606498
      ],
      [
       116.34400375,
       39.9759929
      ],
      [
       116.34400211,
       39.97592103
      ],
      [
       116.34400046,
       39.97584881
      ],
      [
       116.3439988,
       39.97577636
      ],
      [
       116.34399879,
       39.97577603
      ],
      [
       116.34399727,
       39.97570395
      ],
      [
       116.34399563,
       39.97563205
      ],
      [
       116.34399398,
       39.97555981
      ],
      [
       116.34399233,
       39.9754876
      ],
      [
       116.34399067,
       39.9754152
      ],
      [
       116.34399066,
       39.97541483
      ],
      [
       116.34398913,
       39.97534267
      ],
      [
       116.34398749,
       39.97527077
      ],
      [
       116.34398584,
       39.97519853
      ],
      [
       116.34398419,
       39.97512629
      ],
      [
       116.34398254,
       39.97505389
      ],
      [
       116.34398253,
       39.97505359
      ],
      [
       116.343981,
       39.9749815
      ],
      [
       116.34397935,
       39.97490958
      ],
      [
       116.3439777,
       39.97483734
      ],
      [
       116.34397605,
       39.9747651
      ],
      [
       116.3439744,
       39.9746927
      ],
      [
       116.3439744,
       39.9746924
      ],
      [
       116.34397286,
       39.97462031
      ],
      [
       116.34397122,
       39.97454828
      ],
      [
       116.34396957,
       39.97447606
      ],
      [
       116.34396791,
       39.97440365
      ],
      [
       116.34396791,
       39.97440332
      ],
      [
       116.34396649,
       39.97433637
      ],
      [
       116.34196825,
       39.97432504
      ],
      [
       116.34196818,
       39.97433702
      ],
      [
       116.34196771,
       39.97441009
      ],
      [
       116.34196771,
       39.9744104
      ],
      [
       116.34196713,
       39.97448309
      ],
      [
       116.34196666,
       39.97455571
      ],
      [
       116.3419662,
       39.97462872
      ],
      [
       116.3419662,
       39.97462908
      ],
      [
       116.34196561,
       39.97470175
      ],
      [
       116.34196515,
       39.97477425
      ],
      [
       116.34196468,
       39.97484732
      ],
      [
       116.34196468,
       39.97484763
      ],
      [
       116.3419641,
       39.9749203
      ],
      [
       116.3419641,
       39.97492092
      ],
      [
       116.34198024,
       39.97491768
      ]
     ]
    ]
   }
  },
  {
   "type": "Feature",
   "id": "BD-110",
   "properties": {
    "id": "BD-110",
    "layer": "BUILDING_FOOTPRINT",
    "building_type": "residential",
    "land_use_code": "0701",
    "renewal_action": "new_build",
    "floors_above_ground": null,
    "height_m": null,
    "note_zh": "体量与高度为概念示意；官方控规强度条件未发布，不作容积率或高度结论。",
    "source_type": "agent_generated_design",
    "confidence": "low",
    "geometry_role": "design_proposal",
    "official_boundary": false,
    "boundary_precision": "provisional_rough"
   },
   "geometry": {
    "type": "Polygon",
    "coordinates": [
     [
      [
       116.34396473,
       39.97425939
      ],
      [
       116.34396308,
       39.9741871
      ],
      [
       116.34396143,
       39.97411486
      ],
      [
       116.34395978,
       39.97404245
      ],
      [
       116.34395977,
       39.97404212
      ],
      [
       116.34395824,
       39.97397005
      ],
      [
       116.3439566,
       39.97389818
      ],
      [
       116.34395495,
       39.97382596
      ],
      [
       116.34395329,
       39.97375357
      ],
      [
       116.34395164,
       39.97368117
      ],
      [
       116.34395163,
       39.97368084
      ],
      [
       116.34395011,
       39.97360876
      ],
      [
       116.34394847,
       39.97353687
      ],
      [
       116.34394682,
       39.97346463
      ],
      [
       116.34394517,
       39.97339242
      ],
      [
       116.34394351,
       39.97332002
      ],
      [
       116.3439435,
       39.97331966
      ],
      [
       116.34394197,
       39.97324757
      ],
      [
       116.34394033,
       39.97317567
      ],
      [
       116.34393868,
       39.97310344
      ],
      [
       116.34393703,
       39.97303104
      ],
      [
       116.34393702,
       39.97303074
      ],
      [
       116.34393691,
       39.97302563
      ],
      [
       116.34392573,
       39.97302538
      ],
      [
       116.34383171,
       39.97302324
      ],
      [
       116.34373743,
       39.97302117
      ],
      [
       116.34373701,
       39.97302116
      ],
      [
       116.34364282,
       39.97301901
      ],
      [
       116.34354861,
       39.97301695
      ],
      [
       116.34354813,
       39.97301694
      ],
      [
       116.34345404,
       39.97301479
      ],
      [
       116.34335984,
       39.97301273
      ],
      [
       116.34335937,
       39.97301272
      ],
      [
       116.34326469,
       39.97301056
      ],
      [
       116.34317072,
       39.97300841
      ],
      [
       116.34307651,
       39.97300635
      ],
      [
       116.34307604,
       39.97300634
      ],
      [
       116.34298182,
       39.97300419
      ],
      [
       116.34288772,
       39.97300213
      ],
      [
       116.34288726,
       39.97300212
      ],
      [
       116.34279302,
       39.97299996
      ],
      [
       116.3426988,
       39.9729979
      ],
      [
       116.34269843,
       39.97299789
      ],
      [
       116.34260417,
       39.97299575
      ],
      [
       116.3425099,
       39.97299368
      ],
      [
       116.34250948,
       39.97299367
      ],
      [
       116.34241486,
       39.97299151
      ],
      [
       116.34232083,
       39.97298937
      ],
      [
       116.34222666,
       39.9729873
      ],
      [
       116.34222625,
       39.97298729
      ],
      [
       116.34213207,
       39.97298514
      ],
      [
       116.34203786,
       39.97298308
      ],
      [
       116.34203739,
       39.97298307
      ],
      [
       116.34197752,
       39.9729817
      ],
      [
       116.34197725,
       39.97302542
      ],
      [
       116.34197677,
       39.97309849
      ],
      [
       116.34197677,
       39.9730988
      ],
      [
       116.34197619,
       39.97317149
      ],
      [
       116.34197573,
       39.97324402
      ],
      [
       116.34197527,
       39.97331703
      ],
      [
       116.34197526,
       39.97331739
      ],
      [
       116.34197468,
       39.97339015
      ],
      [
       116.34197422,
       39.97346265
      ],
      [
       116.34197375,
       39.97353572
      ],
      [
       116.34197375,
       39.97353603
      ],
      [
       116.34197317,
       39.9736087
      ],
      [
       116.34197271,
       39.97368122
      ],
      [
       116.34197224,
       39.97375429
      ],
      [
       116.34197224,
       39.9737546
      ],
      [
       116.34197166,
       39.97382729
      ],
      [
       116.34197119,
       39.97389982
      ],
      [
       116.34197073,
       39.97397292
      ],
      [
       116.34197073,
       39.97397328
      ],
      [
       116.34197014,
       39.97404595
      ],
      [
       116.34196969,
       39.97411845
      ],
      [
       116.34196922,
       39.97419152
      ],
      [
       116.34196921,
       39.97419183
      ],
      [
       116.34196873,
       39.974253
      ],
      [
       116.34396484,
       39.97426431
      ],
      [
       116.34396473,
       39.97425939
      ]
     ]
    ]
   }
  },
  {
   "type": "Feature",
   "id": "BD-111",
   "properties": {
    "id": "BD-111",
    "layer": "BUILDING_FOOTPRINT",
    "building_type": "education",
    "land_use_code": "0804",
    "renewal_action": "renovate",
    "floors_above_ground": null,
    "height_m": null,
    "note_zh": "体量与高度为概念示意；官方控规强度条件未发布，不作容积率或高度结论。",
    "source_type": "agent_generated_design",
    "confidence": "low",
    "geometry_role": "design_proposal",
    "official_boundary": false,
    "boundary_precision": "provisional_rough"
   },
   "geometry": {
    "type": "Polygon",
    "coordinates": [
     [
      [
       116.34209604,
       39.98047244
      ],
      [
       116.34218992,
       39.98047451
      ],
      [
       116.34219037,
       39.98047452
      ],
      [
       116.34228436,
       39.98047666
      ],
      [
       116.34237825,
       39.98047873
      ],
      [
       116.3423787,
       39.98047874
      ],
      [
       116.34247269,
       39.98048088
      ],
      [
       116.3425666,
       39.98048295
      ],
      [
       116.34256711,
       39.98048296
      ],
      [
       116.34266102,
       39.98048511
      ],
      [
       116.34275484,
       39.98048717
      ],
      [
       116.34275541,
       39.98048718
      ],
      [
       116.34284934,
       39.98048933
      ],
      [
       116.34294317,
       39.98049139
      ],
      [
       116.34294374,
       39.9804914
      ],
      [
       116.34303767,
       39.98049355
      ],
      [
       116.34313146,
       39.9804956
      ],
      [
       116.34313197,
       39.98049562
      ],
      [
       116.34322645,
       39.98049777
      ],
      [
       116.3433201,
       39.98049992
      ],
      [
       116.34341402,
       39.98050197
      ],
      [
       116.34341462,
       39.98050199
      ],
      [
       116.34350843,
       39.98050414
      ],
      [
       116.34360235,
       39.98050619
      ],
      [
       116.34360295,
       39.98050621
      ],
      [
       116.34369675,
       39.98050836
      ],
      [
       116.34379065,
       39.98051041
      ],
      [
       116.3437912,
       39.98051043
      ],
      [
       116.34388508,
       39.98051257
      ],
      [
       116.34393873,
       39.98051375
      ],
      [
       116.34393789,
       39.98047443
      ],
      [
       116.34393625,
       39.98040257
      ],
      [
       116.3439346,
       39.98033033
      ],
      [
       116.34393295,
       39.98025809
      ],
      [
       116.3439313,
       39.98018567
      ],
      [
       116.34393129,
       39.98018528
      ],
      [
       116.34392975,
       39.98011314
      ],
      [
       116.34392811,
       39.98004129
      ],
      [
       116.34392646,
       39.97996905
      ],
      [
       116.34392481,
       39.97989662
      ],
      [
       116.3439248,
       39.97989624
      ],
      [
       116.34392327,
       39.97982419
      ],
      [
       116.34392163,
       39.97975234
      ],
      [
       116.34391998,
       39.9796801
      ],
      [
       116.34391833,
       39.97960786
      ],
      [
       116.34391667,
       39.97953543
      ],
      [
       116.34391667,
       39.97953505
      ],
      [
       116.34391513,
       39.979463
      ],
      [
       116.34391349,
       39.97939114
      ],
      [
       116.34391184,
       39.97931881
      ],
      [
       116.343911,
       39.97928183
      ],
      [
       116.3421007,
       39.97927157
      ],
      [
       116.34210056,
       39.9792931
      ],
      [
       116.3421001,
       39.9793656
      ],
      [
       116.3421001,
       39.97936598
      ],
      [
       116.34209953,
       39.97943811
      ],
      [
       116.34209907,
       39.97951005
      ],
      [
       116.34209861,
       39.97958257
      ],
      [
       116.34209861,
       39.97958298
      ],
      [
       116.34209803,
       39.9796551
      ],
      [
       116.34209757,
       39.979727
      ],
      [
       116.34209711,
       39.97979952
      ],
      [
       116.34209711,
       39.97979993
      ],
      [
       116.34209653,
       39.97987204
      ],
      [
       116.34209608,
       39.97994404
      ],
      [
       116.34209562,
       39.98001656
      ],
      [
       116.34209561,
       39.98001697
      ],
      [
       116.34209504,
       39.98008909
      ],
      [
       116.34209458,
       39.98016119
      ],
      [
       116.34209458,
       39.9801616
      ],
      [
       116.342094,
       39.98023372
      ],
      [
       116.34209354,
       39.98030562
      ],
      [
       116.34209308,
       39.98037812
      ],
      [
       116.34209308,
       39.9803785
      ],
      [
       116.34209251,
       39.98045067
      ],
      [
       116.34209237,
       39.98047236
      ],
      [
       116.34209604,
       39.98047244
      ]
     ]
    ]
   }
  },
  {
   "type": "Feature",
   "id": "BD-112",
   "properties": {
    "id": "BD-112",
    "layer": "BUILDING_FOOTPRINT",
    "building_type": "education",
    "land_use_code": "0804",
    "renewal_action": "new_build",
    "floors_above_ground": null,
    "height_m": null,
    "note_zh": "体量与高度为概念示意；官方控规强度条件未发布，不作容积率或高度结论。",
    "source_type": "agent_generated_design",
    "confidence": "low",
    "geometry_role": "design_proposal",
    "official_boundary": false,
    "boundary_precision": "provisional_rough"
   },
   "geometry": {
    "type": "Polygon",
    "coordinates": [
     [
      [
       116.34390854,
       39.97917413
      ],
      [
       116.34390853,
       39.97917371
      ],
      [
       116.343907,
       39.97910172
      ],
      [
       116.34390536,
       39.97902993
      ],
      [
       116.34390371,
       39.97895762
      ],
      [
       116.34390206,
       39.97888539
      ],
      [
       116.3439004,
       39.97881294
      ],
      [
       116.34390039,
       39.97881252
      ],
      [
       116.34389887,
       39.97874053
      ],
      [
       116.34389722,
       39.97866874
      ],
      [
       116.34389557,
       39.97859643
      ],
      [
       116.34389392,
       39.97852388
      ],
      [
       116.34389391,
       39.97852347
      ],
      [
       116.34389238,
       39.97845145
      ],
      [
       116.34389074,
       39.97837963
      ],
      [
       116.34388909,
       39.97830742
      ],
      [
       116.34388744,
       39.97823522
      ],
      [
       116.34388578,
       39.9781627
      ],
      [
       116.34388577,
       39.97816228
      ],
      [
       116.34388425,
       39.97809025
      ],
      [
       116.34388261,
       39.97801844
      ],
      [
       116.34388215,
       39.9779984
      ],
      [
       116.34387038,
       39.97799803
      ],
      [
       116.34377672,
       39.97799516
      ],
      [
       116.34368247,
       39.9779923
      ],
      [
       116.34358787,
       39.9779894
      ],
      [
       116.34358741,
       39.97798939
      ],
      [
       116.34349343,
       39.97798644
      ],
      [
       116.34339975,
       39.97798357
      ],
      [
       116.3433053,
       39.9779807
      ],
      [
       116.34330472,
       39.97798068
      ],
      [
       116.34321074,
       39.97797771
      ],
      [
       116.34311712,
       39.97797485
      ],
      [
       116.34302267,
       39.97797198
      ],
      [
       116.34302209,
       39.97797196
      ],
      [
       116.34292817,
       39.977969
      ],
      [
       116.34283455,
       39.97796614
      ],
      [
       116.34274029,
       39.97796326
      ],
      [
       116.34264584,
       39.97796039
      ],
      [
       116.34264526,
       39.97796037
      ],
      [
       116.34255128,
       39.9779574
      ],
      [
       116.34245766,
       39.97795454
      ],
      [
       116.34236321,
       39.97795167
      ],
      [
       116.34236263,
       39.97795165
      ],
      [
       116.34226871,
       39.97794869
      ],
      [
       116.34217508,
       39.97794583
      ],
      [
       116.34210991,
       39.97794384
      ],
      [
       116.34210953,
       39.97799173
      ],
      [
       116.34210907,
       39.97806363
      ],
      [
       116.34210861,
       39.97813616
      ],
      [
       116.34210861,
       39.97813657
      ],
      [
       116.34210803,
       39.97820868
      ],
      [
       116.34210758,
       39.97828058
      ],
      [
       116.34210712,
       39.97835309
      ],
      [
       116.34210711,
       39.97835347
      ],
      [
       116.34210655,
       39.97842559
      ],
      [
       116.34210609,
       39.97849774
      ],
      [
       116.34210609,
       39.97849815
      ],
      [
       116.34210551,
       39.97857026
      ],
      [
       116.34210505,
       39.97864216
      ],
      [
       116.34210459,
       39.97871469
      ],
      [
       116.34210459,
       39.9787151
      ],
      [
       116.34210401,
       39.97878729
      ],
      [
       116.34210355,
       39.9788592
      ],
      [
       116.34210309,
       39.97893173
      ],
      [
       116.34210309,
       39.97893214
      ],
      [
       116.34210251,
       39.97900425
      ],
      [
       116.34210206,
       39.97907615
      ],
      [
       116.3421016,
       39.97914868
      ],
      [
       116.34210159,
       39.97914909
      ],
      [
       116.34210119,
       39.97919953
      ],
      [
       116.34390935,
       39.97920977
      ],
      [
       116.34390854,
       39.97917413
      ]
     ]
    ]
   }
  },
  {
   "type": "Feature",
   "id": "BD-113",
   "properties": {
    "id": "BD-113",
    "layer": "BUILDING_FOOTPRINT",
    "building_type": "education",
    "land_use_code": "0804",
    "renewal_action": "new_build",
    "floors_above_ground": null,
    "height_m": null,
    "note_zh": "体量与高度为概念示意；官方控规强度条件未发布，不作容积率或高度结论。",
    "source_type": "agent_generated_design",
    "confidence": "low",
    "geometry_role": "design_proposal",
    "official_boundary": false,
    "boundary_precision": "provisional_rough"
   },
   "geometry": {
    "type": "Polygon",
    "coordinates": [
     [
      [
       116.34146693,
       39.98163092
      ],
      [
       116.34146656,
       39.9816775
      ],
      [
       116.3414661,
       39.98174971
      ],
      [
       116.34146564,
       39.98182208
      ],
      [
       116.34146564,
       39.9818222
      ],
      [
       116.34146528,
       39.98186769
      ],
      [
       116.34152528,
       39.98186952
      ],
      [
       116.34161956,
       39.9818724
      ],
      [
       116.34161969,
       39.98187241
      ],
      [
       116.34171384,
       39.98187537
      ],
      [
       116.34180793,
       39.98187824
      ],
      [
       116.34190221,
       39.98188112
      ],
      [
       116.34190234,
       39.98188113
      ],
      [
       116.34199649,
       39.98188409
      ],
      [
       116.34209058,
       39.98188696
      ],
      [
       116.34218477,
       39.98188984
      ],
      [
       116.34227906,
       39.98189271
      ],
      [
       116.34227922,
       39.98189272
      ],
      [
       116.34237335,
       39.98189569
      ],
      [
       116.34246741,
       39.98189855
      ],
      [
       116.34256172,
       39.98190143
      ],
      [
       116.34256186,
       39.98190144
      ],
      [
       116.342656,
       39.98190441
      ],
      [
       116.34275005,
       39.98190727
      ],
      [
       116.34284428,
       39.98191015
      ],
      [
       116.34293857,
       39.98191302
      ],
      [
       116.34293873,
       39.98191303
      ],
      [
       116.34303286,
       39.981916
      ],
      [
       116.34312692,
       39.98191886
      ],
      [
       116.34322123,
       39.98192174
      ],
      [
       116.34322137,
       39.98192175
      ],
      [
       116.34331551,
       39.98192472
      ],
      [
       116.34340956,
       39.98192758
      ],
      [
       116.34350379,
       39.98193046
      ],
      [
       116.34359808,
       39.98193333
      ],
      [
       116.34359824,
       39.98193334
      ],
      [
       116.34369237,
       39.98193631
      ],
      [
       116.34378643,
       39.98193917
      ],
      [
       116.34388084,
       39.98194205
      ],
      [
       116.34388098,
       39.98194206
      ],
      [
       116.34395884,
       39.9819445
      ],
      [
       116.34402509,
       39.98189792
      ],
      [
       116.34409497,
       39.98184861
      ],
      [
       116.34416511,
       39.9817992
      ],
      [
       116.34423512,
       39.98174988
      ],
      [
       116.34430507,
       39.98170061
      ],
      [
       116.34431336,
       39.98169475
      ],
      [
       116.34423586,
       39.98169298
      ],
      [
       116.34414137,
       39.98169092
      ],
      [
       116.34414121,
       39.98169092
      ],
      [
       116.34404669,
       39.98168876
      ],
      [
       116.34395226,
       39.98168661
      ],
      [
       116.34385774,
       39.98168454
      ],
      [
       116.3438576,
       39.98168454
      ],
      [
       116.34376311,
       39.98168238
      ],
      [
       116.34366873,
       39.98168032
      ],
      [
       116.34366857,
       39.98168032
      ],
      [
       116.34357407,
       39.98167816
      ],
      [
       116.34347957,
       39.98167609
      ],
      [
       116.34347944,
       39.98167609
      ],
      [
       116.34338492,
       39.98167394
      ],
      [
       116.34329047,
       39.98167178
      ],
      [
       116.34319597,
       39.98166971
      ],
      [
       116.34319584,
       39.98166971
      ],
      [
       116.34310133,
       39.98166756
      ],
      [
       116.34300692,
       39.98166549
      ],
      [
       116.34300678,
       39.98166549
      ],
      [
       116.34291216,
       39.98166333
      ],
      [
       116.34281773,
       39.98166118
      ],
      [
       116.34272321,
       39.98165911
      ],
      [
       116.34272306,
       39.98165911
      ],
      [
       116.3426287,
       39.98165695
      ],
      [
       116.3425342,
       39.98165489
      ],
      [
       116.34253404,
       39.98165489
      ],
      [
       116.34243953,
       39.98165273
      ],
      [
       116.34234514,
       39.98165066
      ],
      [
       116.342345,
       39.98165066
      ],
      [
       116.34225038,
       39.9816485
      ],
      [
       116.34215595,
       39.98164635
      ],
      [
       116.34206143,
       39.98164428
      ],
      [
       116.34206128,
       39.98164428
      ],
      [
       116.3419669,
       39.98164212
      ],
      [
       116.3418724,
       39.98164005
      ],
      [
       116.34187226,
       39.98164005
      ],
      [
       116.34177763,
       39.98163789
      ],
      [
       116.34168331,
       39.98163574
      ],
      [
       116.3415888,
       39.98163367
      ],
      [
       116.34158866,
       39.98163367
      ],
      [
       116.34149416,
       39.98163151
      ],
      [
       116.34146693,
       39.98163092
      ]
     ]
    ]
   }
  },
  {
   "type": "Feature",
   "id": "BD-114",
   "properties": {
    "id": "BD-114",
    "layer": "BUILDING_FOOTPRINT",
    "building_type": "cultural",
    "land_use_code": "0803",
    "renewal_action": "new_build",
    "floors_above_ground": null,
    "height_m": null,
    "note_zh": "体量与高度为概念示意；官方控规强度条件未发布，不作容积率或高度结论。",
    "source_type": "agent_generated_design",
    "confidence": "low",
    "geometry_role": "design_proposal",
    "official_boundary": false,
    "boundary_precision": "provisional_rough"
   },
   "geometry": {
    "type": "Polygon",
    "coordinates": [
     [
      [
       116.34182154,
       39.98458875
      ],
      [
       116.34182108,
       39.98466122
      ],
      [
       116.34182108,
       39.98466151
      ],
      [
       116.3418205,
       39.98473368
      ],
      [
       116.34182004,
       39.9848057
      ],
      [
       116.34181958,
       39.98487815
      ],
      [
       116.34181958,
       39.98487843
      ],
      [
       116.34181901,
       39.98495062
      ],
      [
       116.34181854,
       39.98502291
      ],
      [
       116.34181854,
       39.98502316
      ],
      [
       116.3418183,
       39.98505295
      ],
      [
       116.34404054,
       39.98506555
      ],
      [
       116.34408632,
       39.98499507
      ],
      [
       116.344136,
       39.98491878
      ],
      [
       116.34417384,
       39.98486053
      ],
      [
       116.34417492,
       39.98482105
      ],
      [
       116.34417679,
       39.98474887
      ],
      [
       116.34417679,
       39.98474862
      ],
      [
       116.34417877,
       39.98467618
      ],
      [
       116.34418074,
       39.98460412
      ],
      [
       116.3441826,
       39.98453205
      ],
      [
       116.3441826,
       39.98453176
      ],
      [
       116.34418459,
       39.98445931
      ],
      [
       116.34418657,
       39.984387
      ],
      [
       116.34418854,
       39.98431498
      ],
      [
       116.3441904,
       39.98424282
      ],
      [
       116.34419041,
       39.98424251
      ],
      [
       116.34419239,
       39.98417015
      ],
      [
       116.34419437,
       39.98409785
      ],
      [
       116.34419635,
       39.98402584
      ],
      [
       116.3441982,
       39.98395368
      ],
      [
       116.34419821,
       39.98395338
      ],
      [
       116.34420019,
       39.98388094
      ],
      [
       116.34420216,
       39.983809
      ],
      [
       116.34420402,
       39.98373683
      ],
      [
       116.34420403,
       39.98373658
      ],
      [
       116.34420601,
       39.98366414
      ],
      [
       116.34420799,
       39.98359179
      ],
      [
       116.34420996,
       39.98351977
      ],
      [
       116.34421182,
       39.98344769
      ],
      [
       116.34421182,
       39.9834474
      ],
      [
       116.34421381,
       39.98337495
      ],
      [
       116.34421579,
       39.98330265
      ],
      [
       116.34421776,
       39.98323063
      ],
      [
       116.34421962,
       39.98315855
      ],
      [
       116.34421963,
       39.98315826
      ],
      [
       116.34422161,
       39.98308583
      ],
      [
       116.34422201,
       39.98307135
      ],
      [
       116.34417766,
       39.98310259
      ],
      [
       116.34410724,
       39.98315212
      ],
      [
       116.34403748,
       39.98320126
      ],
      [
       116.34396759,
       39.98325059
      ],
      [
       116.34389705,
       39.98330028
      ],
      [
       116.3438269,
       39.9833497
      ],
      [
       116.34375679,
       39.98339909
      ],
      [
       116.34368652,
       39.9834486
      ],
      [
       116.34361639,
       39.983498
      ],
      [
       116.34354627,
       39.9835474
      ],
      [
       116.34347631,
       39.98359669
      ],
      [
       116.3434062,
       39.98364617
      ],
      [
       116.34340584,
       39.98364642
      ],
      [
       116.34333555,
       39.98369586
      ],
      [
       116.34326559,
       39.98374514
      ],
      [
       116.34319568,
       39.98379439
      ],
      [
       116.34312573,
       39.98384376
      ],
      [
       116.34305521,
       39.98389343
      ],
      [
       116.3429851,
       39.98394283
      ],
      [
       116.34291482,
       39.98399225
      ],
      [
       116.34284508,
       39.98404147
      ],
      [
       116.34277456,
       39.98409115
      ],
      [
       116.34270445,
       39.98414054
      ],
      [
       116.34263429,
       39.98418997
      ],
      [
       116.34256405,
       39.98423945
      ],
      [
       116.34249393,
       39.98428885
      ],
      [
       116.34242375,
       39.98433828
      ],
      [
       116.34235384,
       39.98438753
      ],
      [
       116.34209895,
       39.98456741
      ],
      [
       116.34182173,
       39.98455818
      ],
      [
       116.34182154,
       39.98458875
      ]
     ]
    ]
   }
  },
  {
   "type": "Feature",
   "id": "BD-115",
   "properties": {
    "id": "BD-115",
    "layer": "BUILDING_FOOTPRINT",
    "building_type": "cultural",
    "land_use_code": "0803",
    "renewal_action": "new_build",
    "floors_above_ground": null,
    "height_m": null,
    "note_zh": "体量与高度为概念示意；官方控规强度条件未发布，不作容积率或高度结论。",
    "source_type": "agent_generated_design",
    "confidence": "low",
    "geometry_role": "design_proposal",
    "official_boundary": false,
    "boundary_precision": "provisional_rough"
   },
   "geometry": {
    "type": "Polygon",
    "coordinates": [
     [
      [
       116.34181751,
       39.98516737
      ],
      [
       116.34181705,
       39.98523984
      ],
      [
       116.34181705,
       39.98524013
      ],
      [
       116.34181647,
       39.9853123
      ],
      [
       116.34181602,
       39.98538432
      ],
      [
       116.34181556,
       39.98545679
      ],
      [
       116.34181555,
       39.98545708
      ],
      [
       116.34181497,
       39.98552925
      ],
      [
       116.34181452,
       39.98560127
      ],
      [
       116.34181406,
       39.98567373
      ],
      [
       116.34181405,
       39.98567402
      ],
      [
       116.34181348,
       39.9857462
      ],
      [
       116.34181302,
       39.98581822
      ],
      [
       116.34181256,
       39.98589068
      ],
      [
       116.34181256,
       39.98589097
      ],
      [
       116.34181198,
       39.98596315
      ],
      [
       116.34181152,
       39.98603517
      ],
      [
       116.34181106,
       39.98610763
      ],
      [
       116.34181106,
       39.98610792
      ],
      [
       116.34181048,
       39.98618009
      ],
      [
       116.34181002,
       39.9862522
      ],
      [
       116.34180956,
       39.98632467
      ],
      [
       116.34180956,
       39.98632496
      ],
      [
       116.34180898,
       39.98639714
      ],
      [
       116.34180853,
       39.98646915
      ],
      [
       116.34180806,
       39.9865416
      ],
      [
       116.34180806,
       39.98654188
      ],
      [
       116.34180749,
       39.98661406
      ],
      [
       116.34180714,
       39.98667015
      ],
      [
       116.34188204,
       39.98667244
      ],
      [
       116.34188237,
       39.98667245
      ],
      [
       116.34197644,
       39.9866754
      ],
      [
       116.34207032,
       39.98667827
      ],
      [
       116.3421645,
       39.98668115
      ],
      [
       116.34225889,
       39.98668402
      ],
      [
       116.3422593,
       39.98668404
      ],
      [
       116.34235337,
       39.986687
      ],
      [
       116.34244717,
       39.98668987
      ],
      [
       116.34254156,
       39.98669274
      ],
      [
       116.34254197,
       39.98669276
      ],
      [
       116.34263599,
       39.98669572
      ],
      [
       116.3427298,
       39.98669858
      ],
      [
       116.3428241,
       39.98670146
      ],
      [
       116.34291849,
       39.98670435
      ],
      [
       116.34291882,
       39.98670436
      ],
      [
       116.34297439,
       39.9867061
      ],
      [
       116.34301229,
       39.98664782
      ],
      [
       116.34305452,
       39.98658269
      ],
      [
       116.34305469,
       39.98658242
      ],
      [
       116.34309719,
       39.98651708
      ],
      [
       116.34313959,
       39.98645188
      ],
      [
       116.34318201,
       39.98638665
      ],
      [
       116.34322429,
       39.98632163
      ],
      [
       116.34326653,
       39.9862565
      ],
      [
       116.34326668,
       39.98625627
      ],
      [
       116.34330917,
       39.98619094
      ],
      [
       116.34335158,
       39.98612571
      ],
      [
       116.34339402,
       39.98606046
      ],
      [
       116.34343629,
       39.98599546
      ],
      [
       116.34347852,
       39.98593033
      ],
      [
       116.34347867,
       39.9859301
      ],
      [
       116.34352116,
       39.98586477
      ],
      [
       116.34356357,
       39.98579954
      ],
      [
       116.343606,
       39.9857343
      ],
      [
       116.34364828,
       39.98566928
      ],
      [
       116.34369046,
       39.98560425
      ],
      [
       116.34373314,
       39.9855386
      ],
      [
       116.34377557,
       39.98547336
      ],
      [
       116.34381799,
       39.98540813
      ],
      [
       116.34386026,
       39.98534312
      ],
      [
       116.3439024,
       39.98527813
      ],
      [
       116.34394499,
       39.98521255
      ],
      [
       116.34398751,
       39.98514717
      ],
      [
       116.3439939,
       39.98513733
      ],
      [
       116.34181778,
       39.985125
      ],
      [
       116.34181751,
       39.98516737
      ]
     ]
    ]
   }
  },
  {
   "type": "Feature",
   "id": "BD-116",
   "properties": {
    "id": "BD-116",
    "layer": "BUILDING_FOOTPRINT",
    "building_type": "education",
    "land_use_code": "0804",
    "renewal_action": "renovate",
    "floors_above_ground": null,
    "height_m": null,
    "note_zh": "体量与高度为概念示意；官方控规强度条件未发布，不作容积率或高度结论。",
    "source_type": "agent_generated_design",
    "confidence": "low",
    "geometry_role": "design_proposal",
    "official_boundary": false,
    "boundary_precision": "provisional_rough"
   },
   "geometry": {
    "type": "Polygon",
    "coordinates": [
     [
      [
       116.34152397,
       39.98941871
      ],
      [
       116.34152406,
       39.98941858
      ],
      [
       116.34156653,
       39.98935329
      ],
      [
       116.34160894,
       39.98928807
      ],
      [
       116.34165137,
       39.98922283
      ],
      [
       116.34169371,
       39.98915773
      ],
      [
       116.34173598,
       39.98909255
      ],
      [
       116.34173606,
       39.98909243
      ],
      [
       116.34177852,
       39.98902713
      ],
      [
       116.34182096,
       39.9889619
      ],
      [
       116.34186336,
       39.98889668
      ],
      [
       116.34190581,
       39.98883142
      ],
      [
       116.34194814,
       39.98876633
      ],
      [
       116.34199042,
       39.98870114
      ],
      [
       116.3419905,
       39.98870101
      ],
      [
       116.34203297,
       39.98863573
      ],
      [
       116.34207538,
       39.98857051
      ],
      [
       116.34211782,
       39.98850525
      ],
      [
       116.34216016,
       39.98844016
      ],
      [
       116.34220243,
       39.98837498
      ],
      [
       116.34220251,
       39.98837485
      ],
      [
       116.34224496,
       39.98830957
      ],
      [
       116.34226873,
       39.98827301
      ],
      [
       116.34151628,
       39.98826874
      ],
      [
       116.34151608,
       39.98830057
      ],
      [
       116.34151608,
       39.98830074
      ],
      [
       116.34151549,
       39.98837361
      ],
      [
       116.34151503,
       39.9884463
      ],
      [
       116.34151456,
       39.98851925
      ],
      [
       116.34151456,
       39.98851939
      ],
      [
       116.34151398,
       39.98859218
      ],
      [
       116.34151352,
       39.98866488
      ],
      [
       116.34151306,
       39.9887378
      ],
      [
       116.34151305,
       39.98873796
      ],
      [
       116.34151247,
       39.98881075
      ],
      [
       116.34151201,
       39.98888346
      ],
      [
       116.34151154,
       39.98895648
      ],
      [
       116.34151153,
       39.98895662
      ],
      [
       116.34151096,
       39.9890294
      ],
      [
       116.3415105,
       39.9891021
      ],
      [
       116.34151003,
       39.98917505
      ],
      [
       116.34151003,
       39.98917519
      ],
      [
       116.34150945,
       39.98924798
      ],
      [
       116.34150898,
       39.98932069
      ],
      [
       116.34150851,
       39.98939362
      ],
      [
       116.34150851,
       39.98939376
      ],
      [
       116.34150811,
       39.98944317
      ],
      [
       116.34152397,
       39.98941871
      ]
     ]
    ]
   }
  },
  {
   "type": "Feature",
   "id": "BD-117",
   "properties": {
    "id": "BD-117",
    "layer": "BUILDING_FOOTPRINT",
    "building_type": "education",
    "land_use_code": "0804",
    "renewal_action": "new_build",
    "floors_above_ground": null,
    "height_m": null,
    "note_zh": "体量与高度为概念示意；官方控规强度条件未发布，不作容积率或高度结论。",
    "source_type": "agent_generated_design",
    "confidence": "low",
    "geometry_role": "design_proposal",
    "official_boundary": false,
    "boundary_precision": "provisional_rough"
   },
   "geometry": {
    "type": "Polygon",
    "coordinates": [
     [
      [
       116.34232982,
       39.98817908
      ],
      [
       116.34237216,
       39.98811399
      ],
      [
       116.34241443,
       39.98804881
      ],
      [
       116.34241451,
       39.98804868
      ],
      [
       116.34245697,
       39.98798339
      ],
      [
       116.3424994,
       39.98791815
      ],
      [
       116.34254179,
       39.98785297
      ],
      [
       116.34258413,
       39.98778779
      ],
      [
       116.34262642,
       39.98772256
      ],
      [
       116.34262651,
       39.98772243
      ],
      [
       116.34266897,
       39.98765713
      ],
      [
       116.34267459,
       39.98764849
      ],
      [
       116.34259706,
       39.98764613
      ],
      [
       116.3425028,
       39.98764325
      ],
      [
       116.34240849,
       39.98764038
      ],
      [
       116.34240826,
       39.98764037
      ],
      [
       116.34231413,
       39.9876374
      ],
      [
       116.34222013,
       39.98763453
      ],
      [
       116.34212582,
       39.98763166
      ],
      [
       116.34212559,
       39.98763165
      ],
      [
       116.34203146,
       39.98762868
      ],
      [
       116.34193746,
       39.98762581
      ],
      [
       116.34184326,
       39.98762294
      ],
      [
       116.34174889,
       39.98762006
      ],
      [
       116.34174869,
       39.98762005
      ],
      [
       116.3416546,
       39.98761708
      ],
      [
       116.34156059,
       39.98761422
      ],
      [
       116.34152082,
       39.98761301
      ],
      [
       116.34152062,
       39.9876448
      ],
      [
       116.34152062,
       39.98764494
      ],
      [
       116.34152004,
       39.98771772
      ],
      [
       116.34151957,
       39.98779051
      ],
      [
       116.34151911,
       39.98786344
      ],
      [
       116.34151911,
       39.98786362
      ],
      [
       116.34151852,
       39.98793638
      ],
      [
       116.34151806,
       39.98800907
      ],
      [
       116.34151759,
       39.98808203
      ],
      [
       116.34151759,
       39.98808217
      ],
      [
       116.34151701,
       39.98815495
      ],
      [
       116.34151674,
       39.98819669
      ],
      [
       116.34231542,
       39.98820123
      ],
      [
       116.34232982,
       39.98817908
      ]
     ]
    ]
   }
  },
  {
   "type": "Feature",
   "id": "BD-118",
   "properties": {
    "id": "BD-118",
    "layer": "BUILDING_FOOTPRINT",
    "building_type": "cultural",
    "land_use_code": "0803",
    "renewal_action": "new_build",
    "floors_above_ground": null,
    "height_m": null,
    "note_zh": "体量与高度为概念示意；官方控规强度条件未发布，不作容积率或高度结论。",
    "source_type": "agent_generated_design",
    "confidence": "low",
    "geometry_role": "design_proposal",
    "official_boundary": false,
    "boundary_precision": "provisional_rough"
   },
   "geometry": {
    "type": "Polygon",
    "coordinates": [
     [
      [
       116.3417493,
       39.99178445
      ],
      [
       116.34184325,
       39.99178732
      ],
      [
       116.34193762,
       39.99179021
      ],
      [
       116.3419379,
       39.99179022
      ],
      [
       116.34203199,
       39.99179317
      ],
      [
       116.34212594,
       39.99179604
      ],
      [
       116.34222013,
       39.99179892
      ],
      [
       116.34231451,
       39.9918018
      ],
      [
       116.34231486,
       39.99180181
      ],
      [
       116.34240895,
       39.99180477
      ],
      [
       116.34250282,
       39.99180764
      ],
      [
       116.3425972,
       39.99181052
      ],
      [
       116.34259755,
       39.99181053
      ],
      [
       116.3426916,
       39.99181349
      ],
      [
       116.34278548,
       39.99181635
      ],
      [
       116.34287994,
       39.99181924
      ],
      [
       116.34288026,
       39.99181925
      ],
      [
       116.34297429,
       39.99182221
      ],
      [
       116.34306817,
       39.99182507
      ],
      [
       116.34316243,
       39.99182795
      ],
      [
       116.3432568,
       39.99183083
      ],
      [
       116.34325715,
       39.99183084
      ],
      [
       116.34335119,
       39.9918338
      ],
      [
       116.34344517,
       39.99183666
      ],
      [
       116.34353966,
       39.99183955
      ],
      [
       116.34353998,
       39.99183956
      ],
      [
       116.34363401,
       39.99184252
      ],
      [
       116.34372789,
       39.99184538
      ],
      [
       116.34382215,
       39.99184826
      ],
      [
       116.34391653,
       39.99185114
      ],
      [
       116.34391688,
       39.99185115
      ],
      [
       116.34401093,
       39.99185411
      ],
      [
       116.34407817,
       39.99185616
      ],
      [
       116.34407908,
       39.99182269
      ],
      [
       116.34408094,
       39.99175069
      ],
      [
       116.34408095,
       39.99175043
      ],
      [
       116.34408293,
       39.99167818
      ],
      [
       116.34408491,
       39.99160622
      ],
      [
       116.34408676,
       39.99153421
      ],
      [
       116.34408677,
       39.99153396
      ],
      [
       116.34408875,
       39.99146163
      ],
      [
       116.34409025,
       39.99140682
      ],
      [
       116.34168164,
       39.99139317
      ],
      [
       116.34168131,
       39.99143484
      ],
      [
       116.34168084,
       39.99150744
      ],
      [
       116.34168038,
       39.99158041
      ],
      [
       116.34168038,
       39.99158068
      ],
      [
       116.34167979,
       39.99165341
      ],
      [
       116.34167934,
       39.99172599
      ],
      [
       116.34167897,
       39.99178224
      ],
      [
       116.3417493,
       39.99178445
      ]
     ]
    ]
   }
  },
  {
   "type": "Feature",
   "id": "BD-119",
   "properties": {
    "id": "BD-119",
    "layer": "BUILDING_FOOTPRINT",
    "building_type": "cultural",
    "land_use_code": "0803",
    "renewal_action": "new_build",
    "floors_above_ground": null,
    "height_m": null,
    "note_zh": "体量与高度为概念示意；官方控规强度条件未发布，不作容积率或高度结论。",
    "source_type": "agent_generated_design",
    "confidence": "low",
    "geometry_role": "design_proposal",
    "official_boundary": false,
    "boundary_precision": "provisional_rough"
   },
   "geometry": {
    "type": "Polygon",
    "coordinates": [
     [
      [
       116.3440927,
       39.99131753
      ],
      [
       116.34409456,
       39.99124552
      ],
      [
       116.34409456,
       39.99124527
      ],
      [
       116.34409655,
       39.99117301
      ],
      [
       116.34409852,
       39.99110106
      ],
      [
       116.34410038,
       39.99102905
      ],
      [
       116.34410038,
       39.9910288
      ],
      [
       116.34410237,
       39.99095648
      ],
      [
       116.3441035,
       39.99091485
      ],
      [
       116.3440418,
       39.99091351
      ],
      [
       116.34404149,
       39.9909135
      ],
      [
       116.34394617,
       39.99091134
      ],
      [
       116.34385141,
       39.99090918
      ],
      [
       116.34375652,
       39.99090712
      ],
      [
       116.34375621,
       39.99090711
      ],
      [
       116.34366089,
       39.99090495
      ],
      [
       116.34356581,
       39.99090279
      ],
      [
       116.34347108,
       39.99090063
      ],
      [
       116.34337618,
       39.99089857
      ],
      [
       116.34337587,
       39.99089856
      ],
      [
       116.34328055,
       39.9908964
      ],
      [
       116.3431858,
       39.99089424
      ],
      [
       116.3430909,
       39.99089218
      ],
      [
       116.34309059,
       39.99089217
      ],
      [
       116.34299527,
       39.99089001
      ],
      [
       116.34290052,
       39.99088785
      ],
      [
       116.34280561,
       39.99088579
      ],
      [
       116.3428053,
       39.99088578
      ],
      [
       116.3427101,
       39.99088362
      ],
      [
       116.34261524,
       39.99088146
      ],
      [
       116.34252034,
       39.9908794
      ],
      [
       116.34252003,
       39.99087939
      ],
      [
       116.34242482,
       39.99087723
      ],
      [
       116.34232996,
       39.99087507
      ],
      [
       116.34223506,
       39.99087301
      ],
      [
       116.34223475,
       39.990873
      ],
      [
       116.34213954,
       39.99087084
      ],
      [
       116.34204468,
       39.99086868
      ],
      [
       116.34199162,
       39.99086753
      ],
      [
       116.34196936,
       39.9909018
      ],
      [
       116.34192712,
       39.99096676
      ],
      [
       116.341885,
       39.99103162
      ],
      [
       116.34184267,
       39.99109671
      ],
      [
       116.34180038,
       39.99116165
      ],
      [
       116.34175831,
       39.99122644
      ],
      [
       116.34171606,
       39.99129141
      ],
      [
       116.34169671,
       39.9913212
      ],
      [
       116.34409222,
       39.99133478
      ],
      [
       116.3440927,
       39.99131753
      ]
     ]
    ]
   }
  },
  {
   "type": "Feature",
   "id": "BD-120",
   "properties": {
    "id": "BD-120",
    "layer": "BUILDING_FOOTPRINT",
    "building_type": "ai_r_and_d",
    "land_use_code": "0802",
    "renewal_action": "new_build",
    "floors_above_ground": null,
    "height_m": null,
    "note_zh": "体量与高度为概念示意；官方控规强度条件未发布，不作容积率或高度结论。",
    "source_type": "agent_generated_design",
    "confidence": "low",
    "geometry_role": "design_proposal",
    "official_boundary": false,
    "boundary_precision": "provisional_rough"
   },
   "geometry": {
    "type": "Polygon",
    "coordinates": [
     [
      [
       116.3473739,
       40.02242748
      ],
      [
       116.34737405,
       40.02242748
      ],
      [
       116.34746824,
       40.02243044
      ],
      [
       116.34756237,
       40.0224333
      ],
      [
       116.34765666,
       40.02243618
      ],
      [
       116.34775099,
       40.02243906
      ],
      [
       116.34775114,
       40.02243906
      ],
      [
       116.34784533,
       40.02244202
      ],
      [
       116.34786905,
       40.02244274
      ],
      [
       116.34786918,
       40.0224235
      ],
      [
       116.34786964,
       40.02235057
      ],
      [
       116.34786964,
       40.02235045
      ],
      [
       116.34787022,
       40.02227766
      ],
      [
       116.34787068,
       40.02220494
      ],
      [
       116.34787113,
       40.02213202
      ],
      [
       116.34787113,
       40.02213189
      ],
      [
       116.34787171,
       40.02205909
      ],
      [
       116.34787217,
       40.02198627
      ],
      [
       116.34787263,
       40.02191334
      ],
      [
       116.34787263,
       40.02191322
      ],
      [
       116.34787321,
       40.02184043
      ],
      [
       116.34787367,
       40.02176771
      ],
      [
       116.34787412,
       40.0216948
      ],
      [
       116.34787412,
       40.02169467
      ],
      [
       116.3478747,
       40.02162186
      ],
      [
       116.34787516,
       40.02154913
      ],
      [
       116.34787562,
       40.02147621
      ],
      [
       116.34787562,
       40.02147609
      ],
      [
       116.3478762,
       40.02140321
      ],
      [
       116.34787665,
       40.02133049
      ],
      [
       116.34787711,
       40.02125755
      ],
      [
       116.34787711,
       40.02125743
      ],
      [
       116.34787769,
       40.02118463
      ],
      [
       116.34787815,
       40.02111191
      ],
      [
       116.34787861,
       40.02103899
      ],
      [
       116.34787861,
       40.02103888
      ],
      [
       116.34787918,
       40.02096607
      ],
      [
       116.34787964,
       40.02089334
      ],
      [
       116.3478801,
       40.02082033
      ],
      [
       116.3478801,
       40.0208202
      ],
      [
       116.34788068,
       40.0207474
      ],
      [
       116.34788114,
       40.02067468
      ],
      [
       116.3478816,
       40.02060176
      ],
      [
       116.3478816,
       40.02060165
      ],
      [
       116.34788217,
       40.02052885
      ],
      [
       116.34788263,
       40.02045611
      ],
      [
       116.34788309,
       40.02038318
      ],
      [
       116.34788309,
       40.02038306
      ],
      [
       116.34788353,
       40.02032891
      ],
      [
       116.34740179,
       40.0203262
      ],
      [
       116.34740102,
       40.02035448
      ],
      [
       116.34739917,
       40.02042654
      ],
      [
       116.34739917,
       40.02042668
      ],
      [
       116.34739718,
       40.02049879
      ],
      [
       116.3473952,
       40.02057081
      ],
      [
       116.34739324,
       40.02064272
      ],
      [
       116.34739138,
       40.02071471
      ],
      [
       116.34739138,
       40.02071482
      ],
      [
       116.34738941,
       40.02078692
      ],
      [
       116.34738743,
       40.02085893
      ],
      [
       116.34738557,
       40.02093091
      ],
      [
       116.34738557,
       40.02093102
      ],
      [
       116.3473836,
       40.02100312
      ],
      [
       116.34738162,
       40.02107505
      ],
      [
       116.34737976,
       40.02114702
      ],
      [
       116.34737976,
       40.02114713
      ],
      [
       116.34737779,
       40.02121931
      ],
      [
       116.34737581,
       40.02129137
      ],
      [
       116.34737384,
       40.02136328
      ],
      [
       116.34737198,
       40.02143527
      ],
      [
       116.34737198,
       40.02143538
      ],
      [
       116.34737001,
       40.02150747
      ],
      [
       116.34736803,
       40.0215794
      ],
      [
       116.34736617,
       40.02165146
      ],
      [
       116.34736617,
       40.02165158
      ],
      [
       116.3473642,
       40.02172368
      ],
      [
       116.34736222,
       40.0217956
      ],
      [
       116.34736036,
       40.02186758
      ],
      [
       116.34736036,
       40.02186769
      ],
      [
       116.34735839,
       40.02193979
      ],
      [
       116.34735641,
       40.02201172
      ],
      [
       116.34735456,
       40.02208377
      ],
      [
       116.34735455,
       40.02208389
      ],
      [
       116.34735258,
       40.02215599
      ],
      [
       116.3473506,
       40.02222804
      ],
      [
       116.34734863,
       40.02229995
      ],
      [
       116.34734678,
       40.02237193
      ],
      [
       116.34734677,
       40.02237205
      ],
      [
       116.34734528,
       40.0224266
      ],
      [
       116.3473739,
       40.02242748
      ]
     ]
    ]
   }
  },
  {
   "type": "Feature",
   "id": "BD-121",
   "properties": {
    "id": "BD-121",
    "layer": "BUILDING_FOOTPRINT",
    "building_type": "ai_r_and_d",
    "land_use_code": "0802",
    "renewal_action": "renovate",
    "floors_above_ground": null,
    "height_m": null,
    "note_zh": "体量与高度为概念示意；官方控规强度条件未发布，不作容积率或高度结论。",
    "source_type": "agent_generated_design",
    "confidence": "low",
    "geometry_role": "design_proposal",
    "official_boundary": false,
    "boundary_precision": "provisional_rough"
   },
   "geometry": {
    "type": "Polygon",
    "coordinates": [
     [
      [
       116.34788413,
       40.02023745
      ],
      [
       116.34788459,
       40.02016453
      ],
      [
       116.3478846,
       40.02016442
      ],
      [
       116.34788516,
       40.02009162
      ],
      [
       116.34788562,
       40.02001888
      ],
      [
       116.34788609,
       40.01994595
      ],
      [
       116.34788609,
       40.01994583
      ],
      [
       116.34788667,
       40.01987304
      ],
      [
       116.34788713,
       40.01980031
      ],
      [
       116.34788759,
       40.0197274
      ],
      [
       116.34788759,
       40.01972729
      ],
      [
       116.34788816,
       40.01965439
      ],
      [
       116.34788862,
       40.01958165
      ],
      [
       116.34788908,
       40.01950873
      ],
      [
       116.34788908,
       40.01950861
      ],
      [
       116.34788966,
       40.01943581
      ],
      [
       116.34789012,
       40.01936308
      ],
      [
       116.34789058,
       40.01929017
      ],
      [
       116.34789058,
       40.01929006
      ],
      [
       116.34789115,
       40.01921725
      ],
      [
       116.34789161,
       40.01914452
      ],
      [
       116.34789207,
       40.01907151
      ],
      [
       116.34789207,
       40.01907138
      ],
      [
       116.34789265,
       40.01899858
      ],
      [
       116.34789311,
       40.01892587
      ],
      [
       116.34789356,
       40.01885295
      ],
      [
       116.34789356,
       40.01885282
      ],
      [
       116.34789414,
       40.01878001
      ],
      [
       116.3478946,
       40.01870729
      ],
      [
       116.34789506,
       40.01863437
      ],
      [
       116.34789506,
       40.01863426
      ],
      [
       116.34789563,
       40.01856146
      ],
      [
       116.34789609,
       40.01848863
      ],
      [
       116.34789655,
       40.0184157
      ],
      [
       116.34789655,
       40.01841558
      ],
      [
       116.34789713,
       40.01834279
      ],
      [
       116.34789759,
       40.01827006
      ],
      [
       116.34789805,
       40.01819714
      ],
      [
       116.34789805,
       40.01819703
      ],
      [
       116.34789862,
       40.01812423
      ],
      [
       116.34789908,
       40.01805149
      ],
      [
       116.34789929,
       40.01801872
      ],
      [
       116.34785809,
       40.01801742
      ],
      [
       116.34776399,
       40.01801455
      ],
      [
       116.34766973,
       40.01801168
      ],
      [
       116.34757539,
       40.0180088
      ],
      [
       116.34757524,
       40.0180088
      ],
      [
       116.34748105,
       40.01800584
      ],
      [
       116.34746424,
       40.01800533
      ],
      [
       116.34746305,
       40.01804883
      ],
      [
       116.34746119,
       40.01812082
      ],
      [
       116.34746119,
       40.01812095
      ],
      [
       116.34745921,
       40.01819303
      ],
      [
       116.34745724,
       40.01826494
      ],
      [
       116.34745538,
       40.01833693
      ],
      [
       116.34745538,
       40.01833704
      ],
      [
       116.34745341,
       40.01840922
      ],
      [
       116.34745143,
       40.01848115
      ],
      [
       116.34744957,
       40.01855313
      ],
      [
       116.34744957,
       40.01855324
      ],
      [
       116.3474476,
       40.01862534
      ],
      [
       116.34744562,
       40.01869739
      ],
      [
       116.34744365,
       40.01876929
      ],
      [
       116.34744179,
       40.01884137
      ],
      [
       116.34744179,
       40.01884149
      ],
      [
       116.34743981,
       40.01891359
      ],
      [
       116.34743784,
       40.0189855
      ],
      [
       116.34743598,
       40.01905748
      ],
      [
       116.34743598,
       40.01905759
      ],
      [
       116.34743401,
       40.01912969
      ],
      [
       116.34743203,
       40.01920171
      ],
      [
       116.34743017,
       40.01927369
      ],
      [
       116.34743017,
       40.0192738
      ],
      [
       116.3474282,
       40.01934589
      ],
      [
       116.34742622,
       40.01941782
      ],
      [
       116.34742437,
       40.0194898
      ],
      [
       116.34742436,
       40.01948991
      ],
      [
       116.34742239,
       40.01956201
      ],
      [
       116.34742041,
       40.01963413
      ],
      [
       116.34741845,
       40.01970605
      ],
      [
       116.34741659,
       40.01977804
      ],
      [
       116.34741658,
       40.01977815
      ],
      [
       116.34741461,
       40.01985025
      ],
      [
       116.34741264,
       40.01992218
      ],
      [
       116.34741078,
       40.01999415
      ],
      [
       116.34741077,
       40.01999426
      ],
      [
       116.3474088,
       40.02006644
      ],
      [
       116.34740683,
       40.02013838
      ],
      [
       116.34740497,
       40.02021036
      ],
      [
       116.34740497,
       40.02021047
      ],
      [
       116.34740377,
       40.02025416
      ],
      [
       116.34788401,
       40.02025687
      ],
      [
       116.34788413,
       40.02023745
      ]
     ]
    ]
   }
  },
  {
   "type": "Feature",
   "id": "BD-122",
   "properties": {
    "id": "BD-122",
    "layer": "BUILDING_FOOTPRINT",
    "building_type": "ai_r_and_d",
    "land_use_code": "0802",
    "renewal_action": "new_build",
    "floors_above_ground": null,
    "height_m": null,
    "note_zh": "体量与高度为概念示意；官方控规强度条件未发布，不作容积率或高度结论。",
    "source_type": "agent_generated_design",
    "confidence": "low",
    "geometry_role": "design_proposal",
    "official_boundary": false,
    "boundary_precision": "provisional_rough"
   },
   "geometry": {
    "type": "Polygon",
    "coordinates": [
     [
      [
       116.34942049,
       40.01667377
      ],
      [
       116.34951427,
       40.01667583
      ],
      [
       116.34951479,
       40.01667584
      ],
      [
       116.34960852,
       40.01667798
      ],
      [
       116.34970216,
       40.01668003
      ],
      [
       116.34970272,
       40.01668004
      ],
      [
       116.34979652,
       40.01668218
      ],
      [
       116.3498903,
       40.01668424
      ],
      [
       116.34989082,
       40.01668425
      ],
      [
       116.3499846,
       40.01668639
      ],
      [
       116.35007838,
       40.01668845
      ],
      [
       116.3500789,
       40.01668846
      ],
      [
       116.35017267,
       40.0166906
      ],
      [
       116.35026643,
       40.01669266
      ],
      [
       116.35026691,
       40.01669267
      ],
      [
       116.35036059,
       40.0166948
      ],
      [
       116.35045441,
       40.01669686
      ],
      [
       116.35045493,
       40.01669687
      ],
      [
       116.35054871,
       40.01669901
      ],
      [
       116.35064248,
       40.01670107
      ],
      [
       116.350643,
       40.01670108
      ],
      [
       116.35073672,
       40.01670322
      ],
      [
       116.35083018,
       40.01670526
      ],
      [
       116.35092461,
       40.01670733
      ],
      [
       116.35092515,
       40.01670734
      ],
      [
       116.3510188,
       40.01670948
      ],
      [
       116.35111253,
       40.01671154
      ],
      [
       116.351113,
       40.01671155
      ],
      [
       116.3512068,
       40.01671368
      ],
      [
       116.35130063,
       40.01671574
      ],
      [
       116.35130115,
       40.01671575
      ],
      [
       116.35139493,
       40.01671789
      ],
      [
       116.35148869,
       40.01671995
      ],
      [
       116.35148917,
       40.01671996
      ],
      [
       116.35158285,
       40.01672209
      ],
      [
       116.35167667,
       40.01672415
      ],
      [
       116.35167719,
       40.01672416
      ],
      [
       116.35177091,
       40.0167263
      ],
      [
       116.35186465,
       40.01672834
      ],
      [
       116.35186523,
       40.01672836
      ],
      [
       116.35195904,
       40.0167305
      ],
      [
       116.35205279,
       40.01673256
      ],
      [
       116.35205326,
       40.01673257
      ],
      [
       116.35214707,
       40.0167347
      ],
      [
       116.35224079,
       40.01673676
      ],
      [
       116.3522413,
       40.01673677
      ],
      [
       116.35230821,
       40.0167383
      ],
      [
       116.35230822,
       40.01673695
      ],
      [
       116.35230822,
       40.01673657
      ],
      [
       116.35230878,
       40.01666445
      ],
      [
       116.35230923,
       40.01659251
      ],
      [
       116.35230968,
       40.01652001
      ],
      [
       116.35230969,
       40.01651963
      ],
      [
       116.35231024,
       40.0164475
      ],
      [
       116.35231069,
       40.01637535
      ],
      [
       116.3523107,
       40.01637494
      ],
      [
       116.35231127,
       40.01630284
      ],
      [
       116.35231172,
       40.01623093
      ],
      [
       116.35231217,
       40.01615843
      ],
      [
       116.35231217,
       40.01615806
      ],
      [
       116.35231273,
       40.01608583
      ],
      [
       116.35231318,
       40.01601389
      ],
      [
       116.35231363,
       40.01594139
      ],
      [
       116.35231363,
       40.01594101
      ],
      [
       116.35231419,
       40.01586888
      ],
      [
       116.35231464,
       40.01579695
      ],
      [
       116.35231509,
       40.01572442
      ],
      [
       116.3523151,
       40.01572401
      ],
      [
       116.35231566,
       40.0156519
      ],
      [
       116.35231611,
       40.01558003
      ],
      [
       116.35231656,
       40.01550753
      ],
      [
       116.35231656,
       40.01550708
      ],
      [
       116.35231713,
       40.01543496
      ],
      [
       116.35231758,
       40.01536305
      ],
      [
       116.35231803,
       40.01529054
      ],
      [
       116.35231803,
       40.01529016
      ],
      [
       116.35231859,
       40.01521804
      ],
      [
       116.35231886,
       40.01517436
      ],
      [
       116.34940676,
       40.01515805
      ],
      [
       116.3494062,
       40.01522865
      ],
      [
       116.34940575,
       40.01530055
      ],
      [
       116.34940529,
       40.01537312
      ],
      [
       116.34940529,
       40.0153735
      ],
      [
       116.34940472,
       40.0154456
      ],
      [
       116.34940428,
       40.0155175
      ],
      [
       116.34940381,
       40.01559007
      ],
      [
       116.34940381,
       40.01559045
      ],
      [
       116.34940324,
       40.01566255
      ],
      [
       116.3494028,
       40.01573444
      ],
      [
       116.34940235,
       40.01580697
      ],
      [
       116.34940234,
       40.01580738
      ],
      [
       116.34940178,
       40.01587953
      ],
      [
       116.34940132,
       40.01595143
      ],
      [
       116.34940087,
       40.01602392
      ],
      [
       116.34940087,
       40.01602433
      ],
      [
       116.3494003,
       40.01609652
      ],
      [
       116.34939985,
       40.01616843
      ],
      [
       116.34939939,
       40.01624101
      ],
      [
       116.34939939,
       40.01624139
      ],
      [
       116.34939882,
       40.01631348
      ],
      [
       116.34939838,
       40.01638538
      ],
      [
       116.34939793,
       40.01645792
      ],
      [
       116.34939792,
       40.01645836
      ],
      [
       116.34939735,
       40.01653046
      ],
      [
       116.3493969,
       40.01660254
      ],
      [
       116.34939689,
       40.01660295
      ],
      [
       116.34939634,
       40.01667322
      ],
      [
       116.34942049,
       40.01667377
      ]
     ]
    ]
   }
  },
  {
   "type": "Feature",
   "id": "BD-123",
   "properties": {
    "id": "BD-123",
    "layer": "BUILDING_FOOTPRINT",
    "building_type": "ai_r_and_d",
    "land_use_code": "0802",
    "renewal_action": "new_build",
    "floors_above_ground": null,
    "height_m": null,
    "note_zh": "体量与高度为概念示意；官方控规强度条件未发布，不作容积率或高度结论。",
    "source_type": "agent_generated_design",
    "confidence": "low",
    "geometry_role": "design_proposal",
    "official_boundary": false,
    "boundary_precision": "provisional_rough"
   },
   "geometry": {
    "type": "Polygon",
    "coordinates": [
     [
      [
       116.35231949,
       40.01507358
      ],
      [
       116.35231949,
       40.01507317
      ],
      [
       116.35232006,
       40.01500109
      ],
      [
       116.3523205,
       40.01492891
      ],
      [
       116.35232051,
       40.01492846
      ],
      [
       116.35232107,
       40.01485634
      ],
      [
       116.35232152,
       40.01478443
      ],
      [
       116.35232198,
       40.01471193
      ],
      [
       116.35232198,
       40.01471155
      ],
      [
       116.35232254,
       40.01463942
      ],
      [
       116.35232299,
       40.01456748
      ],
      [
       116.35232344,
       40.01449496
      ],
      [
       116.35232344,
       40.01449455
      ],
      [
       116.35232401,
       40.01442247
      ],
      [
       116.35232445,
       40.0143506
      ],
      [
       116.3523249,
       40.01427801
      ],
      [
       116.3523249,
       40.0142776
      ],
      [
       116.35232547,
       40.01420549
      ],
      [
       116.35232592,
       40.01413362
      ],
      [
       116.35232636,
       40.01406112
      ],
      [
       116.35232637,
       40.01406067
      ],
      [
       116.35232694,
       40.01398854
      ],
      [
       116.35232738,
       40.01391664
      ],
      [
       116.35232784,
       40.01384413
      ],
      [
       116.35232784,
       40.01384375
      ],
      [
       116.3523284,
       40.01377163
      ],
      [
       116.35232885,
       40.0136996
      ],
      [
       116.3523293,
       40.01362707
      ],
      [
       116.3523293,
       40.01362666
      ],
      [
       116.35232952,
       40.01359943
      ],
      [
       116.35229663,
       40.01359842
      ],
      [
       116.3522029,
       40.01359555
      ],
      [
       116.35210899,
       40.01359268
      ],
      [
       116.35210841,
       40.01359267
      ],
      [
       116.35201503,
       40.01358972
      ],
      [
       116.35192194,
       40.01358687
      ],
      [
       116.35182831,
       40.013584
      ],
      [
       116.35173471,
       40.01358114
      ],
      [
       116.35164092,
       40.01357827
      ],
      [
       116.35154731,
       40.0135754
      ],
      [
       116.35145369,
       40.01357254
      ],
      [
       116.35135967,
       40.01356966
      ],
      [
       116.3513592,
       40.01356965
      ],
      [
       116.35126576,
       40.01356671
      ],
      [
       116.35117256,
       40.01356385
      ],
      [
       116.35107895,
       40.01356098
      ],
      [
       116.35098533,
       40.01355812
      ],
      [
       116.3508916,
       40.01355525
      ],
      [
       116.35079798,
       40.01355239
      ],
      [
       116.35070419,
       40.01354952
      ],
      [
       116.35061027,
       40.01354664
      ],
      [
       116.35060979,
       40.01354663
      ],
      [
       116.35051648,
       40.01354368
      ],
      [
       116.35042329,
       40.01354083
      ],
      [
       116.35032968,
       40.01353796
      ],
      [
       116.35023606,
       40.0135351
      ],
      [
       116.35014227,
       40.01353223
      ],
      [
       116.35004866,
       40.01352936
      ],
      [
       116.34995504,
       40.0135265
      ],
      [
       116.349861,
       40.01352362
      ],
      [
       116.34986048,
       40.01352361
      ],
      [
       116.34976711,
       40.01352066
      ],
      [
       116.34967402,
       40.01351781
      ],
      [
       116.34958024,
       40.01351494
      ],
      [
       116.34948657,
       40.01351207
      ],
      [
       116.34941797,
       40.01350997
      ],
      [
       116.34941754,
       40.01356519
      ],
      [
       116.34941709,
       40.01363719
      ],
      [
       116.34941664,
       40.01370972
      ],
      [
       116.34941664,
       40.01371013
      ],
      [
       116.34941607,
       40.01378227
      ],
      [
       116.34941562,
       40.01385418
      ],
      [
       116.34941516,
       40.01392666
      ],
      [
       116.34941516,
       40.01392707
      ],
      [
       116.34941459,
       40.01399919
      ],
      [
       116.34941415,
       40.01407109
      ],
      [
       116.34941369,
       40.01414366
      ],
      [
       116.34941368,
       40.01414404
      ],
      [
       116.34941312,
       40.01421614
      ],
      [
       116.34941267,
       40.01428803
      ],
      [
       116.34941222,
       40.01436058
      ],
      [
       116.34941222,
       40.01436102
      ],
      [
       116.34941164,
       40.01443312
      ],
      [
       116.34941119,
       40.01450498
      ],
      [
       116.34941074,
       40.01457751
      ],
      [
       116.34941074,
       40.01457792
      ],
      [
       116.34941017,
       40.01465006
      ],
      [
       116.34940972,
       40.01472197
      ],
      [
       116.34940927,
       40.01479446
      ],
      [
       116.34940926,
       40.01479487
      ],
      [
       116.3494087,
       40.01486706
      ],
      [
       116.34940825,
       40.01493918
      ],
      [
       116.34940824,
       40.01493959
      ],
      [
       116.34940768,
       40.01501173
      ],
      [
       116.34940722,
       40.01508364
      ],
      [
       116.34940721,
       40.015086
      ],
      [
       116.35231931,
       40.01510231
      ],
      [
       116.35231949,
       40.01507358
      ]
     ]
    ]
   }
  },
  {
   "type": "Feature",
   "id": "BD-124",
   "properties": {
    "id": "BD-124",
    "layer": "BUILDING_FOOTPRINT",
    "building_type": "ai_r_and_d",
    "land_use_code": "0802",
    "renewal_action": "new_build",
    "floors_above_ground": null,
    "height_m": null,
    "note_zh": "体量与高度为概念示意；官方控规强度条件未发布，不作容积率或高度结论。",
    "source_type": "agent_generated_design",
    "confidence": "low",
    "geometry_role": "design_proposal",
    "official_boundary": false,
    "boundary_precision": "provisional_rough"
   },
   "geometry": {
    "type": "Polygon",
    "coordinates": [
     [
      [
       116.34752213,
       40.01710411
      ],
      [
       116.34752227,
       40.01710411
      ],
      [
       116.34761626,
       40.01710626
      ],
      [
       116.34771022,
       40.01710833
      ],
      [
       116.34771033,
       40.01710833
      ],
      [
       116.3478042,
       40.01711047
      ],
      [
       116.34789819,
       40.01711254
      ],
      [
       116.34789831,
       40.01711254
      ],
      [
       116.34793137,
       40.0171133
      ],
      [
       116.3479315,
       40.01709239
      ],
      [
       116.34793196,
       40.01702001
      ],
      [
       116.34793196,
       40.01701991
      ],
      [
       116.34793253,
       40.01694765
      ],
      [
       116.34793298,
       40.01687539
      ],
      [
       116.34793298,
       40.01687528
      ],
      [
       116.34793355,
       40.01680301
      ],
      [
       116.34793401,
       40.0167308
      ],
      [
       116.34793446,
       40.01665845
      ],
      [
       116.34793446,
       40.01665834
      ],
      [
       116.34793503,
       40.01658607
      ],
      [
       116.34793548,
       40.01651386
      ],
      [
       116.34793594,
       40.01644148
      ],
      [
       116.34793594,
       40.01644138
      ],
      [
       116.34793651,
       40.01636912
      ],
      [
       116.34793696,
       40.01629692
      ],
      [
       116.34793742,
       40.01622454
      ],
      [
       116.34793742,
       40.01622443
      ],
      [
       116.34793799,
       40.01615217
      ],
      [
       116.34793844,
       40.01607997
      ],
      [
       116.3479389,
       40.0160075
      ],
      [
       116.3479389,
       40.01600739
      ],
      [
       116.34793947,
       40.01593514
      ],
      [
       116.34793992,
       40.01586293
      ],
      [
       116.34794037,
       40.01579055
      ],
      [
       116.34794037,
       40.01579043
      ],
      [
       116.34794095,
       40.01571818
      ],
      [
       116.3479414,
       40.01564598
      ],
      [
       116.34794185,
       40.01557362
      ],
      [
       116.34794185,
       40.01557351
      ],
      [
       116.34794242,
       40.01550123
      ],
      [
       116.34794288,
       40.01542896
      ],
      [
       116.34794288,
       40.01542886
      ],
      [
       116.34794345,
       40.01535661
      ],
      [
       116.3479439,
       40.0152844
      ],
      [
       116.34794436,
       40.01521202
      ],
      [
       116.34794436,
       40.01521192
      ],
      [
       116.34794485,
       40.01515077
      ],
      [
       116.34751529,
       40.01514836
      ],
      [
       116.34751439,
       40.01518116
      ],
      [
       116.34751242,
       40.01525327
      ],
      [
       116.34751056,
       40.01532535
      ],
      [
       116.34751056,
       40.01532545
      ],
      [
       116.34750858,
       40.01539772
      ],
      [
       116.34750661,
       40.01546984
      ],
      [
       116.34750463,
       40.01554197
      ],
      [
       116.34750277,
       40.01561404
      ],
      [
       116.34750277,
       40.01561414
      ],
      [
       116.3475008,
       40.01568631
      ],
      [
       116.34749882,
       40.01575844
      ],
      [
       116.34749697,
       40.01583051
      ],
      [
       116.34749696,
       40.01583061
      ],
      [
       116.34749499,
       40.01590288
      ],
      [
       116.34749301,
       40.01597502
      ],
      [
       116.34749103,
       40.01604712
      ],
      [
       116.34748919,
       40.01611919
      ],
      [
       116.34748918,
       40.01611931
      ],
      [
       116.3474872,
       40.0161915
      ],
      [
       116.34748523,
       40.0162636
      ],
      [
       116.34748337,
       40.01633567
      ],
      [
       116.34748336,
       40.01633577
      ],
      [
       116.34748139,
       40.01640804
      ],
      [
       116.34747941,
       40.01648018
      ],
      [
       116.34747745,
       40.01655229
      ],
      [
       116.34747559,
       40.01662437
      ],
      [
       116.34747559,
       40.01662448
      ],
      [
       116.3474736,
       40.01669665
      ],
      [
       116.34747164,
       40.01676876
      ],
      [
       116.34746978,
       40.01684085
      ],
      [
       116.34746978,
       40.01684095
      ],
      [
       116.34746779,
       40.01691322
      ],
      [
       116.34746581,
       40.01698534
      ],
      [
       116.34746385,
       40.01705745
      ],
      [
       116.34746268,
       40.01710281
      ],
      [
       116.34752213,
       40.01710411
      ]
     ]
    ]
   }
  },
  {
   "type": "Feature",
   "id": "BD-125",
   "properties": {
    "id": "BD-125",
    "layer": "BUILDING_FOOTPRINT",
    "building_type": "ai_r_and_d",
    "land_use_code": "0802",
    "renewal_action": "new_build",
    "floors_above_ground": null,
    "height_m": null,
    "note_zh": "体量与高度为概念示意；官方控规强度条件未发布，不作容积率或高度结论。",
    "source_type": "agent_generated_design",
    "confidence": "low",
    "geometry_role": "design_proposal",
    "official_boundary": false,
    "boundary_precision": "provisional_rough"
   },
   "geometry": {
    "type": "Polygon",
    "coordinates": [
     [
      [
       116.34794538,
       40.01506745
      ],
      [
       116.34794583,
       40.01499508
      ],
      [
       116.34794584,
       40.01499496
      ],
      [
       116.34794642,
       40.01492271
      ],
      [
       116.34794686,
       40.01485042
      ],
      [
       116.34794732,
       40.01477805
      ],
      [
       116.34794732,
       40.01477794
      ],
      [
       116.34794789,
       40.01470566
      ],
      [
       116.34794835,
       40.01463346
      ],
      [
       116.3479488,
       40.0145611
      ],
      [
       116.3479488,
       40.01456099
      ],
      [
       116.34794937,
       40.01448872
      ],
      [
       116.34794983,
       40.01441651
      ],
      [
       116.34795028,
       40.01434415
      ],
      [
       116.34795028,
       40.01434404
      ],
      [
       116.34795085,
       40.01427178
      ],
      [
       116.3479513,
       40.01419957
      ],
      [
       116.34795176,
       40.01412719
      ],
      [
       116.34795176,
       40.01412709
      ],
      [
       116.34795233,
       40.01405483
      ],
      [
       116.34795278,
       40.01398262
      ],
      [
       116.34795324,
       40.01391024
      ],
      [
       116.34795324,
       40.01391014
      ],
      [
       116.34795381,
       40.01383788
      ],
      [
       116.34795426,
       40.01376563
      ],
      [
       116.34795426,
       40.01376552
      ],
      [
       116.34795483,
       40.01369325
      ],
      [
       116.34795529,
       40.01362095
      ],
      [
       116.34795574,
       40.01354859
      ],
      [
       116.34795574,
       40.01354848
      ],
      [
       116.34795631,
       40.0134762
      ],
      [
       116.34795677,
       40.013404
      ],
      [
       116.34795722,
       40.01333164
      ],
      [
       116.34795722,
       40.01333153
      ],
      [
       116.34795779,
       40.01325926
      ],
      [
       116.34795824,
       40.01318706
      ],
      [
       116.3479587,
       40.01311467
      ],
      [
       116.3479587,
       40.01311457
      ],
      [
       116.34795927,
       40.01304232
      ],
      [
       116.34795958,
       40.01299211
      ],
      [
       116.34789358,
       40.0129901
      ],
      [
       116.34779927,
       40.01298723
      ],
      [
       116.34779913,
       40.01298722
      ],
      [
       116.34770495,
       40.01298426
      ],
      [
       116.34761083,
       40.0129814
      ],
      [
       116.34757359,
       40.01298026
      ],
      [
       116.34757261,
       40.01301614
      ],
      [
       116.34757076,
       40.01308822
      ],
      [
       116.34757075,
       40.01308832
      ],
      [
       116.34756877,
       40.01316059
      ],
      [
       116.3475668,
       40.01323271
      ],
      [
       116.34756483,
       40.01330475
      ],
      [
       116.34756297,
       40.01337691
      ],
      [
       116.34756296,
       40.01337701
      ],
      [
       116.34756099,
       40.01344918
      ],
      [
       116.34755902,
       40.01352131
      ],
      [
       116.34755716,
       40.01359339
      ],
      [
       116.34755716,
       40.01359349
      ],
      [
       116.34755517,
       40.01366576
      ],
      [
       116.3475532,
       40.01373787
      ],
      [
       116.34755123,
       40.01380991
      ],
      [
       116.34754937,
       40.01388207
      ],
      [
       116.34754937,
       40.01388217
      ],
      [
       116.3475474,
       40.01395435
      ],
      [
       116.34754542,
       40.01402647
      ],
      [
       116.34754356,
       40.01409854
      ],
      [
       116.34754356,
       40.01409864
      ],
      [
       116.34754159,
       40.01417082
      ],
      [
       116.34753961,
       40.01424305
      ],
      [
       116.34753764,
       40.01431507
      ],
      [
       116.34753578,
       40.01438723
      ],
      [
       116.34753578,
       40.01438735
      ],
      [
       116.3475338,
       40.01445952
      ],
      [
       116.34753183,
       40.01453163
      ],
      [
       116.34752997,
       40.01460372
      ],
      [
       116.34752997,
       40.01460383
      ],
      [
       116.34752799,
       40.01467599
      ],
      [
       116.34752602,
       40.0147482
      ],
      [
       116.34752404,
       40.01482024
      ],
      [
       116.34752218,
       40.0148924
      ],
      [
       116.34752218,
       40.0148925
      ],
      [
       116.34752021,
       40.01496468
      ],
      [
       116.34751823,
       40.0150368
      ],
      [
       116.34751721,
       40.01507632
      ],
      [
       116.34794531,
       40.01507873
      ],
      [
       116.34794538,
       40.01506745
      ]
     ]
    ]
   }
  },
  {
   "type": "Feature",
   "id": "BD-126",
   "properties": {
    "id": "BD-126",
    "layer": "BUILDING_FOOTPRINT",
    "building_type": "ai_r_and_d",
    "land_use_code": "0802",
    "renewal_action": "renovate",
    "floors_above_ground": null,
    "height_m": null,
    "note_zh": "体量与高度为概念示意；官方控规强度条件未发布，不作容积率或高度结论。",
    "source_type": "agent_generated_design",
    "confidence": "low",
    "geometry_role": "design_proposal",
    "official_boundary": false,
    "boundary_precision": "provisional_rough"
   },
   "geometry": {
    "type": "Polygon",
    "coordinates": [
     [
      [
       116.34762976,
       40.01234807
      ],
      [
       116.34772408,
       40.01235095
      ],
      [
       116.34772422,
       40.01235095
      ],
      [
       116.34781841,
       40.01235392
      ],
      [
       116.34791253,
       40.01235678
      ],
      [
       116.34798737,
       40.01235906
      ],
      [
       116.34798782,
       40.01230215
      ],
      [
       116.34798827,
       40.01222993
      ],
      [
       116.34798873,
       40.01215746
      ],
      [
       116.34798873,
       40.01215737
      ],
      [
       116.3479893,
       40.01208511
      ],
      [
       116.34798975,
       40.01201284
      ],
      [
       116.34798975,
       40.01201274
      ],
      [
       116.34799032,
       40.01194047
      ],
      [
       116.34799078,
       40.01186825
      ],
      [
       116.34799123,
       40.01179589
      ],
      [
       116.34799123,
       40.01179579
      ],
      [
       116.3479918,
       40.01172353
      ],
      [
       116.34799225,
       40.01165131
      ],
      [
       116.34799271,
       40.01157894
      ],
      [
       116.34799271,
       40.01157885
      ],
      [
       116.34799328,
       40.01150658
      ],
      [
       116.34799373,
       40.01143436
      ],
      [
       116.34799419,
       40.01136199
      ],
      [
       116.34799419,
       40.0113619
      ],
      [
       116.34799476,
       40.01128963
      ],
      [
       116.34799521,
       40.01121742
      ],
      [
       116.34799566,
       40.01114505
      ],
      [
       116.34799566,
       40.01114495
      ],
      [
       116.34799623,
       40.01107267
      ],
      [
       116.34799669,
       40.01100046
      ],
      [
       116.34799714,
       40.01092801
      ],
      [
       116.34799714,
       40.01092791
      ],
      [
       116.34799771,
       40.01085564
      ],
      [
       116.34799817,
       40.01078342
      ],
      [
       116.34799862,
       40.01071106
      ],
      [
       116.34799862,
       40.01071096
      ],
      [
       116.34799906,
       40.01065579
      ],
      [
       116.34761273,
       40.01065362
      ],
      [
       116.34761127,
       40.01070652
      ],
      [
       116.34760931,
       40.01077855
      ],
      [
       116.34760745,
       40.01085072
      ],
      [
       116.34760745,
       40.01085082
      ],
      [
       116.34760547,
       40.01092299
      ],
      [
       116.3476035,
       40.0109952
      ],
      [
       116.34760152,
       40.01106725
      ],
      [
       116.34759966,
       40.01113941
      ],
      [
       116.34759966,
       40.0111395
      ],
      [
       116.34759769,
       40.01121168
      ],
      [
       116.34759571,
       40.01128372
      ],
      [
       116.34759385,
       40.01135589
      ],
      [
       116.34759385,
       40.01135598
      ],
      [
       116.34759188,
       40.01142816
      ],
      [
       116.3475899,
       40.01150037
      ],
      [
       116.34758793,
       40.0115724
      ],
      [
       116.34758607,
       40.01164458
      ],
      [
       116.34758607,
       40.01164468
      ],
      [
       116.34758409,
       40.01171685
      ],
      [
       116.34758212,
       40.01178887
      ],
      [
       116.34758026,
       40.01186105
      ],
      [
       116.34758026,
       40.01186115
      ],
      [
       116.34757828,
       40.01193332
      ],
      [
       116.34757631,
       40.01200553
      ],
      [
       116.34757433,
       40.01207758
      ],
      [
       116.34757247,
       40.01214974
      ],
      [
       116.34757247,
       40.01214983
      ],
      [
       116.3475705,
       40.01222201
      ],
      [
       116.34756852,
       40.01229405
      ],
      [
       116.34756718,
       40.01234617
      ],
      [
       116.34762976,
       40.01234807
      ]
     ]
    ]
   }
  },
  {
   "type": "Feature",
   "id": "BD-127",
   "properties": {
    "id": "BD-127",
    "layer": "BUILDING_FOOTPRINT",
    "building_type": "ai_r_and_d",
    "land_use_code": "0802",
    "renewal_action": "new_build",
    "floors_above_ground": null,
    "height_m": null,
    "note_zh": "体量与高度为概念示意；官方控规强度条件未发布，不作容积率或高度结论。",
    "source_type": "agent_generated_design",
    "confidence": "low",
    "geometry_role": "design_proposal",
    "official_boundary": false,
    "boundary_precision": "provisional_rough"
   },
   "geometry": {
    "type": "Polygon",
    "coordinates": [
     [
      [
       116.34799965,
       40.01056647
      ],
      [
       116.3480001,
       40.01049411
      ],
      [
       116.3480001,
       40.01049401
      ],
      [
       116.34800067,
       40.01042175
      ],
      [
       116.34800112,
       40.01034948
      ],
      [
       116.34800113,
       40.01034938
      ],
      [
       116.3480017,
       40.01027711
      ],
      [
       116.34800215,
       40.01020489
      ],
      [
       116.34800261,
       40.01013253
      ],
      [
       116.34800261,
       40.01013243
      ],
      [
       116.34800318,
       40.01006016
      ],
      [
       116.34800364,
       40.00998794
      ],
      [
       116.34800409,
       40.00991559
      ],
      [
       116.34800409,
       40.00991549
      ],
      [
       116.34800466,
       40.00984322
      ],
      [
       116.34800511,
       40.00977091
      ],
      [
       116.34800557,
       40.00969854
      ],
      [
       116.34800557,
       40.00969845
      ],
      [
       116.34800614,
       40.00962618
      ],
      [
       116.34800659,
       40.00955397
      ],
      [
       116.34800705,
       40.00948159
      ],
      [
       116.34800705,
       40.0094815
      ],
      [
       116.34800762,
       40.00940923
      ],
      [
       116.34800807,
       40.00933702
      ],
      [
       116.34800852,
       40.00926465
      ],
      [
       116.34800852,
       40.00926455
      ],
      [
       116.34800909,
       40.00919228
      ],
      [
       116.34800955,
       40.00912006
      ],
      [
       116.34801,
       40.0090477
      ],
      [
       116.34801,
       40.0090476
      ],
      [
       116.34801057,
       40.00897533
      ],
      [
       116.34801103,
       40.00890306
      ],
      [
       116.34801103,
       40.00890297
      ],
      [
       116.3480116,
       40.00883071
      ],
      [
       116.34801193,
       40.00877728
      ],
      [
       116.34793249,
       40.00877547
      ],
      [
       116.34783817,
       40.00877341
      ],
      [
       116.34783804,
       40.00877341
      ],
      [
       116.34774385,
       40.00877126
      ],
      [
       116.34766337,
       40.0087695
      ],
      [
       116.3476617,
       40.00883011
      ],
      [
       116.34765984,
       40.00890219
      ],
      [
       116.34765984,
       40.00890228
      ],
      [
       116.34765787,
       40.00897454
      ],
      [
       116.34765589,
       40.00904659
      ],
      [
       116.34765403,
       40.00911876
      ],
      [
       116.34765403,
       40.00911885
      ],
      [
       116.34765206,
       40.00919102
      ],
      [
       116.34765008,
       40.00926324
      ],
      [
       116.34764811,
       40.00933527
      ],
      [
       116.34764625,
       40.00940736
      ],
      [
       116.34764625,
       40.00940746
      ],
      [
       116.34764427,
       40.00947971
      ],
      [
       116.3476423,
       40.00955174
      ],
      [
       116.34764045,
       40.00962392
      ],
      [
       116.34764044,
       40.00962402
      ],
      [
       116.34763846,
       40.00969619
      ],
      [
       116.34763649,
       40.00976831
      ],
      [
       116.34763464,
       40.00984039
      ],
      [
       116.34763463,
       40.00984049
      ],
      [
       116.34763265,
       40.00991266
      ],
      [
       116.34763068,
       40.00998487
      ],
      [
       116.34762871,
       40.01005692
      ],
      [
       116.34762685,
       40.01012909
      ],
      [
       116.34762684,
       40.01012918
      ],
      [
       116.34762487,
       40.01020135
      ],
      [
       116.3476229,
       40.01027338
      ],
      [
       116.34762105,
       40.01034555
      ],
      [
       116.34762104,
       40.01034566
      ],
      [
       116.34761906,
       40.01041784
      ],
      [
       116.34761708,
       40.01049004
      ],
      [
       116.34761512,
       40.01056207
      ],
      [
       116.34761461,
       40.01058158
      ],
      [
       116.34799954,
       40.01058375
      ],
      [
       116.34799965,
       40.01056647
      ]
     ]
    ]
   }
  },
  {
   "type": "Feature",
   "id": "BD-128",
   "properties": {
    "id": "BD-128",
    "layer": "BUILDING_FOOTPRINT",
    "building_type": "ai_r_and_d",
    "land_use_code": "0802",
    "renewal_action": "new_build",
    "floors_above_ground": null,
    "height_m": null,
    "note_zh": "体量与高度为概念示意；官方控规强度条件未发布，不作容积率或高度结论。",
    "source_type": "agent_generated_design",
    "confidence": "low",
    "geometry_role": "design_proposal",
    "official_boundary": false,
    "boundary_precision": "provisional_rough"
   },
   "geometry": {
    "type": "Polygon",
    "coordinates": [
     [
      [
       116.34940167,
       40.00928079
      ],
      [
       116.34940167,
       40.00928118
      ],
      [
       116.3494011,
       40.0093533
      ],
      [
       116.34940065,
       40.00942523
      ],
      [
       116.34940019,
       40.00949779
      ],
      [
       116.34940019,
       40.00949815
      ],
      [
       116.34939962,
       40.00957025
      ],
      [
       116.34939917,
       40.00964218
      ],
      [
       116.34939872,
       40.0097147
      ],
      [
       116.34939872,
       40.00971512
      ],
      [
       116.34939814,
       40.00978732
      ],
      [
       116.3493977,
       40.00985922
      ],
      [
       116.34939725,
       40.00993172
      ],
      [
       116.34939724,
       40.00993211
      ],
      [
       116.34939668,
       40.01000427
      ],
      [
       116.34939622,
       40.0100764
      ],
      [
       116.34939621,
       40.01007676
      ],
      [
       116.34939565,
       40.01014887
      ],
      [
       116.3493952,
       40.0102208
      ],
      [
       116.34939475,
       40.0102933
      ],
      [
       116.34939475,
       40.01029369
      ],
      [
       116.34939418,
       40.01036585
      ],
      [
       116.34939372,
       40.01043777
      ],
      [
       116.34939327,
       40.01051025
      ],
      [
       116.34939327,
       40.01051064
      ],
      [
       116.3493927,
       40.01058277
      ],
      [
       116.34939259,
       40.01060054
      ],
      [
       116.35239493,
       40.01061735
      ],
      [
       116.35239528,
       40.01057253
      ],
      [
       116.35239573,
       40.01050057
      ],
      [
       116.35239618,
       40.01042806
      ],
      [
       116.35239618,
       40.01042767
      ],
      [
       116.35239675,
       40.01035558
      ],
      [
       116.35239719,
       40.01028368
      ],
      [
       116.35239764,
       40.01021111
      ],
      [
       116.35239764,
       40.01021072
      ],
      [
       116.35239821,
       40.0101386
      ],
      [
       116.35239866,
       40.0100667
      ],
      [
       116.3523991,
       40.00999421
      ],
      [
       116.35239911,
       40.00999379
      ],
      [
       116.35239967,
       40.00992165
      ],
      [
       116.35240012,
       40.00984946
      ],
      [
       116.35240013,
       40.0098491
      ],
      [
       116.35240069,
       40.00977696
      ],
      [
       116.35240113,
       40.009705
      ],
      [
       116.35240159,
       40.00963249
      ],
      [
       116.35240159,
       40.0096321
      ],
      [
       116.35240216,
       40.00955998
      ],
      [
       116.35240261,
       40.00948809
      ],
      [
       116.35240305,
       40.00941559
      ],
      [
       116.35240305,
       40.00941517
      ],
      [
       116.35240362,
       40.00934303
      ],
      [
       116.35240369,
       40.00933159
      ],
      [
       116.3523493,
       40.0093304
      ],
      [
       116.35234885,
       40.00933039
      ],
      [
       116.35225481,
       40.00932826
      ],
      [
       116.35216064,
       40.0093262
      ],
      [
       116.35216015,
       40.00932619
      ],
      [
       116.352066,
       40.00932405
      ],
      [
       116.35197198,
       40.00932199
      ],
      [
       116.3519715,
       40.00932198
      ],
      [
       116.35187738,
       40.00931984
      ],
      [
       116.35178324,
       40.00931778
      ],
      [
       116.35178273,
       40.00931777
      ],
      [
       116.35168829,
       40.00931562
      ],
      [
       116.35159442,
       40.00931349
      ],
      [
       116.35150023,
       40.00931143
      ],
      [
       116.35149972,
       40.00931142
      ],
      [
       116.35140572,
       40.00930928
      ],
      [
       116.35131159,
       40.00930722
      ],
      [
       116.35131108,
       40.00930721
      ],
      [
       116.35121708,
       40.00930507
      ],
      [
       116.35112296,
       40.00930301
      ],
      [
       116.35112247,
       40.009303
      ],
      [
       116.35102832,
       40.00930086
      ],
      [
       116.3509343,
       40.0092988
      ],
      [
       116.35093382,
       40.00929879
      ],
      [
       116.3508397,
       40.00929665
      ],
      [
       116.35074556,
       40.00929459
      ],
      [
       116.35074505,
       40.00929458
      ],
      [
       116.35065056,
       40.00929242
      ],
      [
       116.35055668,
       40.00929029
      ],
      [
       116.35046255,
       40.00928823
      ],
      [
       116.35046204,
       40.00928822
      ],
      [
       116.35036804,
       40.00928608
      ],
      [
       116.35027392,
       40.00928402
      ],
      [
       116.35027343,
       40.00928401
      ],
      [
       116.35017928,
       40.00928187
      ],
      [
       116.35008526,
       40.00927981
      ],
      [
       116.35008478,
       40.0092798
      ],
      [
       116.34999065,
       40.00927766
      ],
      [
       116.34989652,
       40.0092756
      ],
      [
       116.34989601,
       40.00927559
      ],
      [
       116.34980201,
       40.00927345
      ],
      [
       116.34970789,
       40.00927139
      ],
      [
       116.3497074,
       40.00927138
      ],
      [
       116.34961325,
       40.00926924
      ],
      [
       116.34951923,
       40.00926718
      ],
      [
       116.34951875,
       40.00926717
      ],
      [
       116.34942414,
       40.00926501
      ],
      [
       116.34940177,
       40.0092645
      ],
      [
       116.34940167,
       40.00928079
      ]
     ]
    ]
   }
  },
  {
   "type": "Feature",
   "id": "BD-129",
   "properties": {
    "id": "BD-129",
    "layer": "BUILDING_FOOTPRINT",
    "building_type": "ai_r_and_d",
    "land_use_code": "0802",
    "renewal_action": "new_build",
    "floors_above_ground": null,
    "height_m": null,
    "note_zh": "体量与高度为概念示意；官方控规强度条件未发布，不作容积率或高度结论。",
    "source_type": "agent_generated_design",
    "confidence": "low",
    "geometry_role": "design_proposal",
    "official_boundary": false,
    "boundary_precision": "provisional_rough"
   },
   "geometry": {
    "type": "Polygon",
    "coordinates": [
     [
      [
       116.3493918,
       40.01072725
      ],
      [
       116.34939179,
       40.01072761
      ],
      [
       116.34939122,
       40.01079971
      ],
      [
       116.34939078,
       40.01087164
      ],
      [
       116.34939033,
       40.01094415
      ],
      [
       116.34939033,
       40.01094454
      ],
      [
       116.34938976,
       40.01101678
      ],
      [
       116.3493893,
       40.01108871
      ],
      [
       116.34938885,
       40.01116118
      ],
      [
       116.34938885,
       40.01116157
      ],
      [
       116.34938828,
       40.0112337
      ],
      [
       116.34938783,
       40.01130563
      ],
      [
       116.34938737,
       40.01137818
      ],
      [
       116.34938737,
       40.01137854
      ],
      [
       116.3493868,
       40.01145065
      ],
      [
       116.34938635,
       40.01152276
      ],
      [
       116.34938635,
       40.01152315
      ],
      [
       116.34938578,
       40.01159528
      ],
      [
       116.34938534,
       40.01166721
      ],
      [
       116.34938488,
       40.01173976
      ],
      [
       116.34938487,
       40.01174012
      ],
      [
       116.34938431,
       40.01181223
      ],
      [
       116.34938386,
       40.01188415
      ],
      [
       116.34938348,
       40.01194569
      ],
      [
       116.34946,
       40.01194803
      ],
      [
       116.34955362,
       40.0119509
      ],
      [
       116.34964724,
       40.01195376
      ],
      [
       116.34974102,
       40.01195663
      ],
      [
       116.34983491,
       40.01195951
      ],
      [
       116.34983535,
       40.01195952
      ],
      [
       116.3499288,
       40.01196247
      ],
      [
       116.35002204,
       40.01196532
      ],
      [
       116.35011571,
       40.01196819
      ],
      [
       116.35020933,
       40.01197106
      ],
      [
       116.35030294,
       40.01197392
      ],
      [
       116.35039673,
       40.01197679
      ],
      [
       116.35049035,
       40.01197966
      ],
      [
       116.35058425,
       40.01198253
      ],
      [
       116.35058482,
       40.01198255
      ],
      [
       116.35067808,
       40.0119855
      ],
      [
       116.35077119,
       40.01198834
      ],
      [
       116.35086497,
       40.01199121
      ],
      [
       116.35095859,
       40.01199408
      ],
      [
       116.35105221,
       40.01199694
      ],
      [
       116.35114599,
       40.01199981
      ],
      [
       116.35123961,
       40.01200268
      ],
      [
       116.35133322,
       40.01200554
      ],
      [
       116.35142723,
       40.01200842
      ],
      [
       116.35142767,
       40.01200843
      ],
      [
       116.35152112,
       40.01201138
      ],
      [
       116.3516143,
       40.01201423
      ],
      [
       116.35170791,
       40.01201709
      ],
      [
       116.3518017,
       40.01201996
      ],
      [
       116.35189534,
       40.01202283
      ],
      [
       116.35198885,
       40.01202569
      ],
      [
       116.35208255,
       40.01202856
      ],
      [
       116.35217644,
       40.01203143
      ],
      [
       116.35217699,
       40.01203144
      ],
      [
       116.35227038,
       40.0120344
      ],
      [
       116.3523635,
       40.01203724
      ],
      [
       116.35238533,
       40.01203791
      ],
      [
       116.35238548,
       40.01201894
      ],
      [
       116.35238592,
       40.01194704
      ],
      [
       116.35238637,
       40.01187447
      ],
      [
       116.35238637,
       40.01187408
      ],
      [
       116.35238694,
       40.01180196
      ],
      [
       116.35238739,
       40.01173007
      ],
      [
       116.35238783,
       40.01165757
      ],
      [
       116.35238784,
       40.01165715
      ],
      [
       116.35238841,
       40.01158501
      ],
      [
       116.35238886,
       40.01151291
      ],
      [
       116.35238886,
       40.01151255
      ],
      [
       116.35238942,
       40.01144041
      ],
      [
       116.35238987,
       40.01136845
      ],
      [
       116.35239032,
       40.01129594
      ],
      [
       116.35239032,
       40.01129555
      ],
      [
       116.35239089,
       40.01122346
      ],
      [
       116.35239133,
       40.01115157
      ],
      [
       116.35239178,
       40.01107899
      ],
      [
       116.35239178,
       40.01107861
      ],
      [
       116.35239235,
       40.01100639
      ],
      [
       116.3523928,
       40.01093447
      ],
      [
       116.35239325,
       40.01086197
      ],
      [
       116.35239326,
       40.01086161
      ],
      [
       116.35239381,
       40.01078948
      ],
      [
       116.35239426,
       40.01071752
      ],
      [
       116.35239444,
       40.0106894
      ],
      [
       116.34939214,
       40.01067258
      ],
      [
       116.3493918,
       40.01072725
      ]
     ]
    ]
   }
  },
  {
   "type": "Feature",
   "id": "BD-130",
   "properties": {
    "id": "BD-130",
    "layer": "BUILDING_FOOTPRINT",
    "building_type": "ai_r_and_d",
    "land_use_code": "0802",
    "renewal_action": "new_build",
    "floors_above_ground": null,
    "height_m": null,
    "note_zh": "体量与高度为概念示意；官方控规强度条件未发布，不作容积率或高度结论。",
    "source_type": "agent_generated_design",
    "confidence": "low",
    "geometry_role": "design_proposal",
    "official_boundary": false,
    "boundary_precision": "provisional_rough"
   },
   "geometry": {
    "type": "Polygon",
    "coordinates": [
     [
      [
       116.34880216,
       40.00816561
      ],
      [
       116.34889649,
       40.00816767
      ],
      [
       116.34889659,
       40.00816767
      ],
      [
       116.34899091,
       40.00816982
      ],
      [
       116.34908524,
       40.00817188
      ],
      [
       116.34908534,
       40.00817188
      ],
      [
       116.34917967,
       40.00817403
      ],
      [
       116.349274,
       40.0081761
      ],
      [
       116.3492741,
       40.0081761
      ],
      [
       116.34936842,
       40.00817825
      ],
      [
       116.34946275,
       40.00818031
      ],
      [
       116.34946285,
       40.00818031
      ],
      [
       116.34955717,
       40.00818246
      ],
      [
       116.3496515,
       40.00818452
      ],
      [
       116.3496516,
       40.00818452
      ],
      [
       116.34974603,
       40.00818667
      ],
      [
       116.3498403,
       40.00818882
      ],
      [
       116.34993463,
       40.00819088
      ],
      [
       116.34993473,
       40.00819088
      ],
      [
       116.35002905,
       40.00819303
      ],
      [
       116.35012338,
       40.00819509
      ],
      [
       116.35012348,
       40.00819509
      ],
      [
       116.35021781,
       40.00819724
      ],
      [
       116.35031213,
       40.0081993
      ],
      [
       116.35031223,
       40.0081993
      ],
      [
       116.35040656,
       40.00820145
      ],
      [
       116.35050089,
       40.00820351
      ],
      [
       116.35050099,
       40.00820351
      ],
      [
       116.35059542,
       40.00820566
      ],
      [
       116.35068969,
       40.00820781
      ],
      [
       116.35078402,
       40.00820987
      ],
      [
       116.35078412,
       40.00820987
      ],
      [
       116.35087844,
       40.00821202
      ],
      [
       116.35097277,
       40.00821408
      ],
      [
       116.35097287,
       40.00821408
      ],
      [
       116.3510672,
       40.00821623
      ],
      [
       116.35116152,
       40.00821829
      ],
      [
       116.35116162,
       40.00821829
      ],
      [
       116.35125595,
       40.00822044
      ],
      [
       116.35135028,
       40.0082225
      ],
      [
       116.35135038,
       40.0082225
      ],
      [
       116.3514447,
       40.00822465
      ],
      [
       116.35153903,
       40.00822671
      ],
      [
       116.35153913,
       40.00822671
      ],
      [
       116.35163357,
       40.00822886
      ],
      [
       116.35172782,
       40.00823101
      ],
      [
       116.35182214,
       40.00823306
      ],
      [
       116.35182226,
       40.00823306
      ],
      [
       116.35191659,
       40.00823521
      ],
      [
       116.3520109,
       40.00823727
      ],
      [
       116.35201101,
       40.00823727
      ],
      [
       116.35210546,
       40.00823942
      ],
      [
       116.35219978,
       40.00824148
      ],
      [
       116.35219988,
       40.00824148
      ],
      [
       116.35229421,
       40.00824363
      ],
      [
       116.35238854,
       40.00824569
      ],
      [
       116.35238864,
       40.00824569
      ],
      [
       116.35248295,
       40.00824784
      ],
      [
       116.35257727,
       40.00824989
      ],
      [
       116.35257739,
       40.00824989
      ],
      [
       116.35267183,
       40.00825204
      ],
      [
       116.35276609,
       40.00825419
      ],
      [
       116.35286042,
       40.00825625
      ],
      [
       116.35286052,
       40.00825625
      ],
      [
       116.35295484,
       40.0082584
      ],
      [
       116.35303279,
       40.00826009
      ],
      [
       116.35303323,
       40.00818853
      ],
      [
       116.35303323,
       40.00818845
      ],
      [
       116.35303365,
       40.00813412
      ],
      [
       116.34878774,
       40.00811034
      ],
      [
       116.34878766,
       40.00812125
      ],
      [
       116.34878738,
       40.00816527
      ],
      [
       116.34880216,
       40.00816561
      ]
     ]
    ]
   }
  },
  {
   "type": "Feature",
   "id": "BD-131",
   "properties": {
    "id": "BD-131",
    "layer": "BUILDING_FOOTPRINT",
    "building_type": "ai_r_and_d",
    "land_use_code": "0802",
    "renewal_action": "renovate",
    "floors_above_ground": null,
    "height_m": null,
    "note_zh": "体量与高度为概念示意；官方控规强度条件未发布，不作容积率或高度结论。",
    "source_type": "agent_generated_design",
    "confidence": "low",
    "geometry_role": "design_proposal",
    "official_boundary": false,
    "boundary_precision": "provisional_rough"
   },
   "geometry": {
    "type": "Polygon",
    "coordinates": [
     [
      [
       116.35303424,
       40.00804393
      ],
      [
       116.35303435,
       40.00802708
      ],
      [
       116.35301311,
       40.00802643
      ],
      [
       116.35301302,
       40.00802642
      ],
      [
       116.3529194,
       40.00802348
      ],
      [
       116.35282584,
       40.00802061
      ],
      [
       116.35273219,
       40.00801775
      ],
      [
       116.35263851,
       40.00801488
      ],
      [
       116.35254485,
       40.00801202
      ],
      [
       116.35245118,
       40.00800915
      ],
      [
       116.35235752,
       40.00800629
      ],
      [
       116.35226384,
       40.00800342
      ],
      [
       116.35217013,
       40.00800056
      ],
      [
       116.35217001,
       40.00800055
      ],
      [
       116.3520764,
       40.0079976
      ],
      [
       116.35198296,
       40.00799474
      ],
      [
       116.3518893,
       40.00799187
      ],
      [
       116.35179564,
       40.00798901
      ],
      [
       116.35170197,
       40.00798614
      ],
      [
       116.35160831,
       40.00798328
      ],
      [
       116.35151463,
       40.00798041
      ],
      [
       116.35142092,
       40.00797755
      ],
      [
       116.3514208,
       40.00797754
      ],
      [
       116.35132718,
       40.00797459
      ],
      [
       116.35123364,
       40.00797172
      ],
      [
       116.35113998,
       40.00796886
      ],
      [
       116.3510463,
       40.00796599
      ],
      [
       116.35095265,
       40.00796313
      ],
      [
       116.35085896,
       40.00796026
      ],
      [
       116.35076531,
       40.00795739
      ],
      [
       116.35067159,
       40.00795453
      ],
      [
       116.35067147,
       40.00795452
      ],
      [
       116.35057797,
       40.00795157
      ],
      [
       116.35048443,
       40.0079487
      ],
      [
       116.35039077,
       40.00794584
      ],
      [
       116.35029708,
       40.00794297
      ],
      [
       116.35020343,
       40.0079401
      ],
      [
       116.35010977,
       40.00793724
      ],
      [
       116.35001609,
       40.00793437
      ],
      [
       116.34992237,
       40.0079315
      ],
      [
       116.34992228,
       40.00793149
      ],
      [
       116.34982865,
       40.00792855
      ],
      [
       116.34973509,
       40.00792568
      ],
      [
       116.34964143,
       40.00792281
      ],
      [
       116.34954778,
       40.00791995
      ],
      [
       116.34945409,
       40.00791708
      ],
      [
       116.34936043,
       40.00791421
      ],
      [
       116.34926677,
       40.00791134
      ],
      [
       116.34917317,
       40.00790848
      ],
      [
       116.34917305,
       40.00790847
      ],
      [
       116.34907944,
       40.00790552
      ],
      [
       116.34898588,
       40.00790265
      ],
      [
       116.34889222,
       40.00789978
      ],
      [
       116.34879857,
       40.00789692
      ],
      [
       116.34878919,
       40.00789663
      ],
      [
       116.34878913,
       40.0079043
      ],
      [
       116.34878868,
       40.00797653
      ],
      [
       116.34878829,
       40.0080383
      ],
      [
       116.35303413,
       40.00806208
      ],
      [
       116.35303424,
       40.00804393
      ]
     ]
    ]
   }
  },
  {
   "type": "Feature",
   "id": "BD-132",
   "properties": {
    "id": "BD-132",
    "layer": "BUILDING_FOOTPRINT",
    "building_type": "ai_r_and_d",
    "land_use_code": "0802",
    "renewal_action": "new_build",
    "floors_above_ground": null,
    "height_m": null,
    "note_zh": "体量与高度为概念示意；官方控规强度条件未发布，不作容积率或高度结论。",
    "source_type": "agent_generated_design",
    "confidence": "low",
    "geometry_role": "design_proposal",
    "official_boundary": false,
    "boundary_precision": "provisional_rough"
   },
   "geometry": {
    "type": "Polygon",
    "coordinates": [
     [
      [
       116.34759656,
       40.00817993
      ],
      [
       116.34766804,
       40.00818157
      ],
      [
       116.34776234,
       40.00818371
      ],
      [
       116.34785668,
       40.00818577
      ],
      [
       116.34785676,
       40.00818577
      ],
      [
       116.3479511,
       40.00818792
      ],
      [
       116.34804556,
       40.00818999
      ],
      [
       116.34804563,
       40.00818999
      ],
      [
       116.34809861,
       40.0081912
      ],
      [
       116.3480987,
       40.00818012
      ],
      [
       116.34809915,
       40.00810785
      ],
      [
       116.34809961,
       40.00803551
      ],
      [
       116.34809961,
       40.00803546
      ],
      [
       116.34810018,
       40.00796317
      ],
      [
       116.34810063,
       40.00789091
      ],
      [
       116.34810099,
       40.00783413
      ],
      [
       116.34802672,
       40.0078318
      ],
      [
       116.34793255,
       40.00782893
      ],
      [
       116.34783826,
       40.00782606
      ],
      [
       116.34783819,
       40.00782606
      ],
      [
       116.34774397,
       40.0078231
      ],
      [
       116.34764979,
       40.00782022
      ],
      [
       116.3476063,
       40.0078189
      ],
      [
       116.34760583,
       40.0078371
      ],
      [
       116.34760583,
       40.00783716
      ],
      [
       116.34760385,
       40.00790939
      ],
      [
       116.34760188,
       40.00798147
      ],
      [
       116.34760002,
       40.00805366
      ],
      [
       116.34760002,
       40.00805372
      ],
      [
       116.34759804,
       40.00812588
      ],
      [
       116.34759656,
       40.00817993
      ]
     ]
    ]
   }
  },
  {
   "type": "Feature",
   "id": "BD-133",
   "properties": {
    "id": "BD-133",
    "layer": "BUILDING_FOOTPRINT",
    "building_type": "ai_r_and_d",
    "land_use_code": "0802",
    "renewal_action": "new_build",
    "floors_above_ground": null,
    "height_m": null,
    "note_zh": "体量与高度为概念示意；官方控规强度条件未发布，不作容积率或高度结论。",
    "source_type": "agent_generated_design",
    "confidence": "low",
    "geometry_role": "design_proposal",
    "official_boundary": false,
    "boundary_precision": "provisional_rough"
   },
   "geometry": {
    "type": "Polygon",
    "coordinates": [
     [
      [
       116.34775727,
       40.00736196
      ],
      [
       116.34785151,
       40.00736483
      ],
      [
       116.34794582,
       40.0073677
      ],
      [
       116.34794593,
       40.00736771
      ],
      [
       116.34804012,
       40.00737066
      ],
      [
       116.34804556,
       40.00737083
      ],
      [
       116.34804559,
       40.00736601
      ],
      [
       116.34804605,
       40.00729312
      ],
      [
       116.34804605,
       40.00729304
      ],
      [
       116.34804662,
       40.00722022
      ],
      [
       116.34804708,
       40.00714744
      ],
      [
       116.34804754,
       40.00707455
      ],
      [
       116.34804754,
       40.00707446
      ],
      [
       116.34804812,
       40.00700156
      ],
      [
       116.34804857,
       40.00692879
      ],
      [
       116.34804903,
       40.00685589
      ],
      [
       116.34804903,
       40.0068558
      ],
      [
       116.34804961,
       40.00678298
      ],
      [
       116.34805007,
       40.00671021
      ],
      [
       116.34805053,
       40.00663732
      ],
      [
       116.34805053,
       40.00663724
      ],
      [
       116.3480511,
       40.00656442
      ],
      [
       116.34805156,
       40.00649164
      ],
      [
       116.34805202,
       40.00641866
      ],
      [
       116.34805202,
       40.00641857
      ],
      [
       116.3480526,
       40.00634576
      ],
      [
       116.34805305,
       40.006273
      ],
      [
       116.34805351,
       40.00620009
      ],
      [
       116.34805351,
       40.0062
      ],
      [
       116.34805409,
       40.00612718
      ],
      [
       116.34805455,
       40.00605442
      ],
      [
       116.34805501,
       40.00598152
      ],
      [
       116.34805501,
       40.00598144
      ],
      [
       116.34805558,
       40.00590862
      ],
      [
       116.34805604,
       40.00583576
      ],
      [
       116.3480565,
       40.00576286
      ],
      [
       116.3480565,
       40.00576277
      ],
      [
       116.34805708,
       40.00568996
      ],
      [
       116.34805753,
       40.0056172
      ],
      [
       116.34805799,
       40.00554429
      ],
      [
       116.34805799,
       40.0055442
      ],
      [
       116.34805857,
       40.00547138
      ],
      [
       116.34805903,
       40.00539862
      ],
      [
       116.34805949,
       40.00532572
      ],
      [
       116.34805949,
       40.00532564
      ],
      [
       116.34806006,
       40.00525274
      ],
      [
       116.34806014,
       40.00524082
      ],
      [
       116.34773429,
       40.00523898
      ],
      [
       116.34773426,
       40.00524009
      ],
      [
       116.34773241,
       40.00531218
      ],
      [
       116.3477324,
       40.00531225
      ],
      [
       116.34773043,
       40.00538451
      ],
      [
       116.34772845,
       40.00545665
      ],
      [
       116.34772648,
       40.00552878
      ],
      [
       116.34772463,
       40.00560087
      ],
      [
       116.34772462,
       40.00560096
      ],
      [
       116.34772264,
       40.00567321
      ],
      [
       116.34772068,
       40.00574526
      ],
      [
       116.34771882,
       40.00581735
      ],
      [
       116.34771881,
       40.00581744
      ],
      [
       116.34771683,
       40.00588968
      ],
      [
       116.34771486,
       40.00596181
      ],
      [
       116.34771289,
       40.00603395
      ],
      [
       116.34771104,
       40.00610603
      ],
      [
       116.34771103,
       40.00610612
      ],
      [
       116.34770905,
       40.00617837
      ],
      [
       116.34770709,
       40.00625042
      ],
      [
       116.34770523,
       40.00632251
      ],
      [
       116.34770523,
       40.0063226
      ],
      [
       116.34770324,
       40.00639485
      ],
      [
       116.34770127,
       40.00646698
      ],
      [
       116.3476993,
       40.00653911
      ],
      [
       116.34769744,
       40.0066112
      ],
      [
       116.34769744,
       40.00661127
      ],
      [
       116.34769547,
       40.00668353
      ],
      [
       116.34769349,
       40.00675559
      ],
      [
       116.34769163,
       40.00682768
      ],
      [
       116.34769163,
       40.00682776
      ],
      [
       116.34768966,
       40.0069
      ],
      [
       116.34768768,
       40.00697214
      ],
      [
       116.34768571,
       40.00704428
      ],
      [
       116.34768385,
       40.00711637
      ],
      [
       116.34768385,
       40.00711646
      ],
      [
       116.34768187,
       40.0071887
      ],
      [
       116.3476799,
       40.00726075
      ],
      [
       116.34767804,
       40.00733284
      ],
      [
       116.34767804,
       40.00733291
      ],
      [
       116.34767731,
       40.00735952
      ],
      [
       116.34775727,
       40.00736196
      ]
     ]
    ]
   }
  },
  {
   "type": "Feature",
   "id": "BD-134",
   "properties": {
    "id": "BD-134",
    "layer": "BUILDING_FOOTPRINT",
    "building_type": "ai_r_and_d",
    "land_use_code": "0802",
    "renewal_action": "new_build",
    "floors_above_ground": null,
    "height_m": null,
    "note_zh": "体量与高度为概念示意；官方控规强度条件未发布，不作容积率或高度结论。",
    "source_type": "agent_generated_design",
    "confidence": "low",
    "geometry_role": "design_proposal",
    "official_boundary": false,
    "boundary_precision": "provisional_rough"
   },
   "geometry": {
    "type": "Polygon",
    "coordinates": [
     [
      [
       116.34806098,
       40.00510706
      ],
      [
       116.34806098,
       40.00510697
      ],
      [
       116.34806156,
       40.00503417
      ],
      [
       116.34806201,
       40.00496136
      ],
      [
       116.34806201,
       40.00496126
      ],
      [
       116.34806259,
       40.00488844
      ],
      [
       116.34806285,
       40.00484782
      ],
      [
       116.34805615,
       40.00482798
      ],
      [
       116.34805648,
       40.00479219
      ],
      [
       116.34806332,
       40.0047731
      ],
      [
       116.34806351,
       40.00474277
      ],
      [
       116.34806351,
       40.0047427
      ],
      [
       116.34806408,
       40.00466979
      ],
      [
       116.34806454,
       40.00459702
      ],
      [
       116.348065,
       40.00452412
      ],
      [
       116.348065,
       40.00452403
      ],
      [
       116.34806558,
       40.00445121
      ],
      [
       116.34806604,
       40.00437846
      ],
      [
       116.34806649,
       40.00430556
      ],
      [
       116.34806649,
       40.00430546
      ],
      [
       116.34806707,
       40.00423264
      ],
      [
       116.34806753,
       40.00415988
      ],
      [
       116.34806799,
       40.00408689
      ],
      [
       116.348068,
       40.00408681
      ],
      [
       116.34806857,
       40.004014
      ],
      [
       116.34806902,
       40.00394122
      ],
      [
       116.34806949,
       40.00386832
      ],
      [
       116.34806949,
       40.00386823
      ],
      [
       116.34807007,
       40.00379543
      ],
      [
       116.34807052,
       40.00372266
      ],
      [
       116.34807098,
       40.00364975
      ],
      [
       116.34807098,
       40.00364966
      ],
      [
       116.34807156,
       40.00357685
      ],
      [
       116.34807202,
       40.00350399
      ],
      [
       116.34807248,
       40.00343109
      ],
      [
       116.34807248,
       40.00343101
      ],
      [
       116.34807305,
       40.0033582
      ],
      [
       116.34807351,
       40.00328542
      ],
      [
       116.34807397,
       40.00321252
      ],
      [
       116.34807397,
       40.00321243
      ],
      [
       116.34807455,
       40.00313963
      ],
      [
       116.348075,
       40.00306686
      ],
      [
       116.34807546,
       40.00299395
      ],
      [
       116.34807546,
       40.00299386
      ],
      [
       116.34807604,
       40.00292096
      ],
      [
       116.3480765,
       40.00284819
      ],
      [
       116.34807659,
       40.00283384
      ],
      [
       116.34805887,
       40.00283329
      ],
      [
       116.34796474,
       40.00283041
      ],
      [
       116.3478704,
       40.00282754
      ],
      [
       116.34779924,
       40.00282537
      ],
      [
       116.34779839,
       40.00285856
      ],
      [
       116.34779839,
       40.00285865
      ],
      [
       116.34779641,
       40.00293082
      ],
      [
       116.34779444,
       40.00300296
      ],
      [
       116.34779258,
       40.00307505
      ],
      [
       116.34779258,
       40.00307514
      ],
      [
       116.3477906,
       40.00314738
      ],
      [
       116.34778863,
       40.00321951
      ],
      [
       116.34778665,
       40.00329165
      ],
      [
       116.3477848,
       40.00336373
      ],
      [
       116.3477848,
       40.00336382
      ],
      [
       116.34778282,
       40.003436
      ],
      [
       116.34778084,
       40.00350812
      ],
      [
       116.34777899,
       40.0035802
      ],
      [
       116.34777899,
       40.00358029
      ],
      [
       116.34777701,
       40.00365255
      ],
      [
       116.34777504,
       40.00372468
      ],
      [
       116.34777306,
       40.00379672
      ],
      [
       116.3477712,
       40.0038689
      ],
      [
       116.3477712,
       40.00386898
      ],
      [
       116.34776923,
       40.00394115
      ],
      [
       116.34776725,
       40.00401329
      ],
      [
       116.3477654,
       40.00408537
      ],
      [
       116.3477654,
       40.00408546
      ],
      [
       116.34776342,
       40.00415772
      ],
      [
       116.34776144,
       40.00422984
      ],
      [
       116.34775947,
       40.00430189
      ],
      [
       116.34775761,
       40.00437407
      ],
      [
       116.34775761,
       40.00437415
      ],
      [
       116.34775564,
       40.00444632
      ],
      [
       116.34775366,
       40.00451845
      ],
      [
       116.3477518,
       40.00459054
      ],
      [
       116.3477518,
       40.00459061
      ],
      [
       116.34774983,
       40.00466287
      ],
      [
       116.34774785,
       40.00473501
      ],
      [
       116.34774588,
       40.00480705
      ],
      [
       116.34774402,
       40.00487923
      ],
      [
       116.34774402,
       40.00487932
      ],
      [
       116.34774204,
       40.00495148
      ],
      [
       116.34774007,
       40.00502362
      ],
      [
       116.34773821,
       40.00509571
      ],
      [
       116.34773821,
       40.00509579
      ],
      [
       116.34773627,
       40.00516694
      ],
      [
       116.34806059,
       40.00516877
      ],
      [
       116.34806098,
       40.00510706
      ]
     ]
    ]
   }
  },
  {
   "type": "Feature",
   "id": "BD-135",
   "properties": {
    "id": "BD-135",
    "layer": "BUILDING_FOOTPRINT",
    "building_type": "incubator",
    "land_use_code": "0904",
    "renewal_action": "new_build",
    "floors_above_ground": null,
    "height_m": null,
    "note_zh": "体量与高度为概念示意；官方控规强度条件未发布，不作容积率或高度结论。",
    "source_type": "agent_generated_design",
    "confidence": "low",
    "geometry_role": "design_proposal",
    "official_boundary": false,
    "boundary_precision": "provisional_rough"
   },
   "geometry": {
    "type": "Polygon",
    "coordinates": [
     [
      [
       116.3477742,
       40.00234704
      ],
      [
       116.34779029,
       40.00234753
      ],
      [
       116.34788457,
       40.0023504
      ],
      [
       116.34788466,
       40.0023504
      ],
      [
       116.34797887,
       40.00235336
      ],
      [
       116.34807303,
       40.00235624
      ],
      [
       116.3481178,
       40.0023576
      ],
      [
       116.34811801,
       40.00232367
      ],
      [
       116.34811846,
       40.00225131
      ],
      [
       116.34811846,
       40.00225125
      ],
      [
       116.34811903,
       40.00217895
      ],
      [
       116.34811949,
       40.00210671
      ],
      [
       116.34811994,
       40.00203436
      ],
      [
       116.34811994,
       40.0020343
      ],
      [
       116.34812051,
       40.00196201
      ],
      [
       116.34812097,
       40.00188976
      ],
      [
       116.34812142,
       40.00181741
      ],
      [
       116.34812142,
       40.00181735
      ],
      [
       116.34812199,
       40.00174507
      ],
      [
       116.34812244,
       40.00167282
      ],
      [
       116.3481229,
       40.00160046
      ],
      [
       116.3481229,
       40.00160039
      ],
      [
       116.34812347,
       40.00152812
      ],
      [
       116.34812392,
       40.00145587
      ],
      [
       116.34812437,
       40.00138352
      ],
      [
       116.34812437,
       40.00138346
      ],
      [
       116.34812494,
       40.00131116
      ],
      [
       116.3481254,
       40.00123879
      ],
      [
       116.3481254,
       40.00123872
      ],
      [
       116.34812597,
       40.00116645
      ],
      [
       116.34812642,
       40.0010942
      ],
      [
       116.34812688,
       40.00102185
      ],
      [
       116.34812688,
       40.00102178
      ],
      [
       116.34812745,
       40.0009495
      ],
      [
       116.3481279,
       40.00087725
      ],
      [
       116.34812835,
       40.0008049
      ],
      [
       116.34812835,
       40.00080484
      ],
      [
       116.34812892,
       40.00073254
      ],
      [
       116.34812938,
       40.00066029
      ],
      [
       116.34812983,
       40.00058795
      ],
      [
       116.34812983,
       40.00058789
      ],
      [
       116.34813039,
       40.00051721
      ],
      [
       116.34810501,
       40.0005223
      ],
      [
       116.34806835,
       40.00052209
      ],
      [
       116.34796012,
       40.0004991
      ],
      [
       116.34786962,
       40.00047987
      ],
      [
       116.34782463,
       40.00047036
      ],
      [
       116.34782446,
       40.00047659
      ],
      [
       116.34782248,
       40.00054866
      ],
      [
       116.34782063,
       40.00062084
      ],
      [
       116.34782063,
       40.00062092
      ],
      [
       116.34781865,
       40.00069308
      ],
      [
       116.34781668,
       40.00076522
      ],
      [
       116.34781482,
       40.00083732
      ],
      [
       116.34781482,
       40.00083739
      ],
      [
       116.34781284,
       40.00090955
      ],
      [
       116.34781087,
       40.00098176
      ],
      [
       116.34780889,
       40.00105382
      ],
      [
       116.34780704,
       40.001126
      ],
      [
       116.34780704,
       40.00112608
      ],
      [
       116.34780506,
       40.00119824
      ],
      [
       116.34780309,
       40.00127039
      ],
      [
       116.34780123,
       40.00134249
      ],
      [
       116.34780123,
       40.00134256
      ],
      [
       116.34779925,
       40.00141471
      ],
      [
       116.34779728,
       40.00148692
      ],
      [
       116.3477953,
       40.00155899
      ],
      [
       116.34779345,
       40.00163117
      ],
      [
       116.34779345,
       40.00163125
      ],
      [
       116.34779147,
       40.00170341
      ],
      [
       116.3477895,
       40.00177555
      ],
      [
       116.34778764,
       40.00184765
      ],
      [
       116.34778764,
       40.00184772
      ],
      [
       116.34778566,
       40.00191988
      ],
      [
       116.34778369,
       40.00199209
      ],
      [
       116.34778171,
       40.00206416
      ],
      [
       116.34777987,
       40.00213633
      ],
      [
       116.34777986,
       40.00213641
      ],
      [
       116.34777788,
       40.00220858
      ],
      [
       116.3477759,
       40.00228072
      ],
      [
       116.3477742,
       40.00234704
      ]
     ]
    ]
   }
  },
  {
   "type": "Feature",
   "id": "BD-136",
   "properties": {
    "id": "BD-136",
    "layer": "BUILDING_FOOTPRINT",
    "building_type": "incubator",
    "land_use_code": "0904",
    "renewal_action": "renovate",
    "floors_above_ground": null,
    "height_m": null,
    "note_zh": "体量与高度为概念示意；官方控规强度条件未发布，不作容积率或高度结论。",
    "source_type": "agent_generated_design",
    "confidence": "low",
    "geometry_role": "design_proposal",
    "official_boundary": false,
    "boundary_precision": "provisional_rough"
   },
   "geometry": {
    "type": "Polygon",
    "coordinates": [
     [
      [
       116.34930108,
       40.00038627
      ],
      [
       116.34930108,
       40.00038658
      ],
      [
       116.34930051,
       40.00045874
      ],
      [
       116.34930006,
       40.00053075
      ],
      [
       116.3492996,
       40.00060325
      ],
      [
       116.3492996,
       40.00060354
      ],
      [
       116.34929903,
       40.00067569
      ],
      [
       116.34929858,
       40.0007477
      ],
      [
       116.34929813,
       40.00082016
      ],
      [
       116.34929813,
       40.00082047
      ],
      [
       116.34929756,
       40.00089264
      ],
      [
       116.34929711,
       40.00096479
      ],
      [
       116.34929711,
       40.0009651
      ],
      [
       116.34929654,
       40.00103729
      ],
      [
       116.34929632,
       40.00107224
      ],
      [
       116.35262068,
       40.00109085
      ],
      [
       116.35262118,
       40.00102833
      ],
      [
       116.35262163,
       40.00095633
      ],
      [
       116.35262208,
       40.00088387
      ],
      [
       116.35262208,
       40.00088358
      ],
      [
       116.35262264,
       40.00081142
      ],
      [
       116.35262309,
       40.00073924
      ],
      [
       116.35262309,
       40.00073895
      ],
      [
       116.35262365,
       40.00066678
      ],
      [
       116.3526241,
       40.00059475
      ],
      [
       116.35262455,
       40.00052227
      ],
      [
       116.35262455,
       40.00052196
      ],
      [
       116.35262512,
       40.00044983
      ],
      [
       116.35262556,
       40.00037785
      ],
      [
       116.35262601,
       40.00030532
      ],
      [
       116.35262602,
       40.00030501
      ],
      [
       116.35262658,
       40.00023289
      ],
      [
       116.35262675,
       40.00020504
      ],
      [
       116.35261573,
       40.0002048
      ],
      [
       116.35261534,
       40.00020479
      ],
      [
       116.35252043,
       40.00020264
      ],
      [
       116.35242611,
       40.0002005
      ],
      [
       116.35233158,
       40.00019844
      ],
      [
       116.35233119,
       40.00019843
      ],
      [
       116.35223667,
       40.00019629
      ],
      [
       116.35214213,
       40.00019423
      ],
      [
       116.3521417,
       40.00019422
      ],
      [
       116.3520468,
       40.00019206
      ],
      [
       116.35195253,
       40.00018992
      ],
      [
       116.351858,
       40.00018786
      ],
      [
       116.35185761,
       40.00018785
      ],
      [
       116.3517627,
       40.0001857
      ],
      [
       116.35166838,
       40.00018356
      ],
      [
       116.35157385,
       40.0001815
      ],
      [
       116.35157346,
       40.00018149
      ],
      [
       116.35147895,
       40.00017935
      ],
      [
       116.35138442,
       40.00017729
      ],
      [
       116.35138403,
       40.00017728
      ],
      [
       116.35128912,
       40.00017513
      ],
      [
       116.35119475,
       40.00017298
      ],
      [
       116.35110021,
       40.00017092
      ],
      [
       116.35109986,
       40.00017091
      ],
      [
       116.35100537,
       40.00016877
      ],
      [
       116.35091084,
       40.00016671
      ],
      [
       116.35091045,
       40.0001667
      ],
      [
       116.35081554,
       40.00016455
      ],
      [
       116.35072121,
       40.0001624
      ],
      [
       116.3506268,
       40.00016035
      ],
      [
       116.35062642,
       40.00016034
      ],
      [
       116.35053185,
       40.00015819
      ],
      [
       116.35043732,
       40.00015613
      ],
      [
       116.35043697,
       40.00015612
      ],
      [
       116.35034208,
       40.00015397
      ],
      [
       116.35024776,
       40.00015183
      ],
      [
       116.35015323,
       40.00014977
      ],
      [
       116.35015284,
       40.00014976
      ],
      [
       116.35005793,
       40.00014761
      ],
      [
       116.34996356,
       40.00014545
      ],
      [
       116.34986908,
       40.0001434
      ],
      [
       116.34986869,
       40.00014339
      ],
      [
       116.34977418,
       40.00014125
      ],
      [
       116.34967963,
       40.00013919
      ],
      [
       116.3496792,
       40.00013918
      ],
      [
       116.3495843,
       40.00013702
      ],
      [
       116.34949003,
       40.00013488
      ],
      [
       116.3493955,
       40.00013282
      ],
      [
       116.34939511,
       40.00013281
      ],
      [
       116.34937794,
       40.00013242
      ],
      [
       116.34935383,
       40.00019945
      ],
      [
       116.34930672,
       40.00033077
      ],
      [
       116.34930138,
       40.00033777
      ],
      [
       116.34930108,
       40.00038627
      ]
     ]
    ]
   }
  },
  {
   "type": "Feature",
   "id": "BD-137",
   "properties": {
    "id": "BD-137",
    "layer": "BUILDING_FOOTPRINT",
    "building_type": "incubator",
    "land_use_code": "0904",
    "renewal_action": "new_build",
    "floors_above_ground": null,
    "height_m": null,
    "note_zh": "体量与高度为概念示意；官方控规强度条件未发布，不作容积率或高度结论。",
    "source_type": "agent_generated_design",
    "confidence": "low",
    "geometry_role": "design_proposal",
    "official_boundary": false,
    "boundary_precision": "provisional_rough"
   },
   "geometry": {
    "type": "Polygon",
    "coordinates": [
     [
      [
       116.34929563,
       40.00118174
      ],
      [
       116.34929563,
       40.00118205
      ],
      [
       116.34929506,
       40.00125431
      ],
      [
       116.34929462,
       40.00132631
      ],
      [
       116.34929416,
       40.00139882
      ],
      [
       116.34929415,
       40.0013991
      ],
      [
       116.34929359,
       40.00147126
      ],
      [
       116.34929314,
       40.00154326
      ],
      [
       116.34929269,
       40.00161573
      ],
      [
       116.34929269,
       40.00161604
      ],
      [
       116.34929212,
       40.00168823
      ],
      [
       116.34929166,
       40.00176023
      ],
      [
       116.34929121,
       40.00183268
      ],
      [
       116.34929121,
       40.00183299
      ],
      [
       116.34929064,
       40.00190515
      ],
      [
       116.34929019,
       40.00197716
      ],
      [
       116.34928996,
       40.0020137
      ],
      [
       116.34933503,
       40.00201508
      ],
      [
       116.34933538,
       40.00201509
      ],
      [
       116.34942886,
       40.00201804
      ],
      [
       116.34952217,
       40.0020209
      ],
      [
       116.34961583,
       40.00202377
      ],
      [
       116.34970944,
       40.00202664
      ],
      [
       116.34980306,
       40.0020295
      ],
      [
       116.34989681,
       40.00203237
      ],
      [
       116.34999044,
       40.00203524
      ],
      [
       116.35008395,
       40.0020381
      ],
      [
       116.35017786,
       40.00204097
      ],
      [
       116.35017826,
       40.00204099
      ],
      [
       116.35027167,
       40.00204394
      ],
      [
       116.35036489,
       40.00204679
      ],
      [
       116.35045864,
       40.00204966
      ],
      [
       116.35055225,
       40.00205253
      ],
      [
       116.35064587,
       40.00205539
      ],
      [
       116.35073962,
       40.00205826
      ],
      [
       116.35083323,
       40.00206113
      ],
      [
       116.35092707,
       40.00206399
      ],
      [
       116.35092751,
       40.00206401
      ],
      [
       116.35102094,
       40.00206696
      ],
      [
       116.35111416,
       40.00206981
      ],
      [
       116.35120791,
       40.00207268
      ],
      [
       116.35130154,
       40.00207555
      ],
      [
       116.35139505,
       40.00207841
      ],
      [
       116.35148872,
       40.00208128
      ],
      [
       116.35158234,
       40.00208414
      ],
      [
       116.35167626,
       40.00208701
      ],
      [
       116.35167661,
       40.00208702
      ],
      [
       116.3517701,
       40.00208997
      ],
      [
       116.35186336,
       40.00209283
      ],
      [
       116.35195697,
       40.00209569
      ],
      [
       116.35205072,
       40.00209856
      ],
      [
       116.35214433,
       40.00210143
      ],
      [
       116.35223795,
       40.00210429
      ],
      [
       116.35233165,
       40.00210716
      ],
      [
       116.35242549,
       40.00211002
      ],
      [
       116.35242593,
       40.00211004
      ],
      [
       116.35251937,
       40.00211299
      ],
      [
       116.35261259,
       40.00211584
      ],
      [
       116.35261384,
       40.00211587
      ],
      [
       116.35261386,
       40.0021132
      ],
      [
       116.35261431,
       40.00204116
      ],
      [
       116.35261476,
       40.0019687
      ],
      [
       116.35261476,
       40.00196841
      ],
      [
       116.35261532,
       40.00189625
      ],
      [
       116.35261577,
       40.00182421
      ],
      [
       116.35261622,
       40.00175176
      ],
      [
       116.35261622,
       40.00175147
      ],
      [
       116.35261678,
       40.0016793
      ],
      [
       116.35261723,
       40.00160726
      ],
      [
       116.35261768,
       40.00153479
      ],
      [
       116.35261768,
       40.00153448
      ],
      [
       116.35261825,
       40.00146235
      ],
      [
       116.35261869,
       40.00139037
      ],
      [
       116.35261914,
       40.00131776
      ],
      [
       116.35261915,
       40.00131745
      ],
      [
       116.35261972,
       40.00124528
      ],
      [
       116.35262016,
       40.00117331
      ],
      [
       116.35262023,
       40.0011629
      ],
      [
       116.34929587,
       40.00114428
      ],
      [
       116.34929563,
       40.00118174
      ]
     ]
    ]
   }
  },
  {
   "type": "Feature",
   "id": "BD-138",
   "properties": {
    "id": "BD-138",
    "layer": "BUILDING_FOOTPRINT",
    "building_type": "incubator",
    "land_use_code": "0904",
    "renewal_action": "new_build",
    "floors_above_ground": null,
    "height_m": null,
    "note_zh": "体量与高度为概念示意；官方控规强度条件未发布，不作容积率或高度结论。",
    "source_type": "agent_generated_design",
    "confidence": "low",
    "geometry_role": "design_proposal",
    "official_boundary": false,
    "boundary_precision": "provisional_rough"
   },
   "geometry": {
    "type": "Polygon",
    "coordinates": [
     [
      [
       116.34895723,
       39.99910081
      ],
      [
       116.34905177,
       39.99910296
      ],
      [
       116.34914653,
       39.99910502
      ],
      [
       116.34914671,
       39.99910502
      ],
      [
       116.34924149,
       39.99910718
      ],
      [
       116.34933603,
       39.99910933
      ],
      [
       116.34943079,
       39.99911139
      ],
      [
       116.34943097,
       39.99911139
      ],
      [
       116.34952561,
       39.99911355
      ],
      [
       116.34962022,
       39.99911561
      ],
      [
       116.34962037,
       39.99911561
      ],
      [
       116.34971528,
       39.99911776
      ],
      [
       116.34980987,
       39.99911991
      ],
      [
       116.34990451,
       39.99912198
      ],
      [
       116.34990465,
       39.99912198
      ],
      [
       116.34999939,
       39.99912413
      ],
      [
       116.35009403,
       39.99912619
      ],
      [
       116.35009419,
       39.99912619
      ],
      [
       116.35018898,
       39.99912834
      ],
      [
       116.35028367,
       39.9991305
      ],
      [
       116.3503783,
       39.99913256
      ],
      [
       116.35037845,
       39.99913256
      ],
      [
       116.35047335,
       39.99913471
      ],
      [
       116.35056792,
       39.99913686
      ],
      [
       116.35066257,
       39.99913892
      ],
      [
       116.35066274,
       39.99913892
      ],
      [
       116.35075748,
       39.99914108
      ],
      [
       116.35085211,
       39.99914314
      ],
      [
       116.35085227,
       39.99914314
      ],
      [
       116.35094705,
       39.99914529
      ],
      [
       116.35104173,
       39.99914744
      ],
      [
       116.35113638,
       39.9991495
      ],
      [
       116.35113655,
       39.9991495
      ],
      [
       116.35123134,
       39.99915166
      ],
      [
       116.35132599,
       39.99915381
      ],
      [
       116.35142064,
       39.99915587
      ],
      [
       116.3514208,
       39.99915587
      ],
      [
       116.35151543,
       39.99915802
      ],
      [
       116.35156385,
       39.99915907
      ],
      [
       116.3515388,
       39.99914776
      ],
      [
       116.35143052,
       39.99906326
      ],
      [
       116.35134543,
       39.99899686
      ],
      [
       116.35123715,
       39.99891237
      ],
      [
       116.35120453,
       39.99886817
      ],
      [
       116.35116568,
       39.99875334
      ],
      [
       116.35113515,
       39.99866312
      ],
      [
       116.3511076,
       39.99858168
      ],
      [
       116.34893175,
       39.99856948
      ],
      [
       116.3489317,
       39.99857675
      ],
      [
       116.34893125,
       39.99864894
      ],
      [
       116.3489308,
       39.99872132
      ],
      [
       116.3489308,
       39.99872144
      ],
      [
       116.34893023,
       39.99879371
      ],
      [
       116.34892977,
       39.99886598
      ],
      [
       116.34892932,
       39.99893835
      ],
      [
       116.34892932,
       39.99893848
      ],
      [
       116.34892875,
       39.99901074
      ],
      [
       116.3489283,
       39.99908292
      ],
      [
       116.34892819,
       39.99910015
      ],
      [
       116.34895723,
       39.99910081
      ]
     ]
    ]
   }
  },
  {
   "type": "Feature",
   "id": "BD-139",
   "properties": {
    "id": "BD-139",
    "layer": "BUILDING_FOOTPRINT",
    "building_type": "incubator",
    "land_use_code": "0904",
    "renewal_action": "new_build",
    "floors_above_ground": null,
    "height_m": null,
    "note_zh": "体量与高度为概念示意；官方控规强度条件未发布，不作容积率或高度结论。",
    "source_type": "agent_generated_design",
    "confidence": "low",
    "geometry_role": "design_proposal",
    "official_boundary": false,
    "boundary_precision": "provisional_rough"
   },
   "geometry": {
    "type": "Polygon",
    "coordinates": [
     [
      [
       116.35109678,
       39.99849745
      ],
      [
       116.35113781,
       39.99838308
      ],
      [
       116.35117003,
       39.99829321
      ],
      [
       116.35121104,
       39.99817886
      ],
      [
       116.35124443,
       39.99813509
      ],
      [
       116.35135425,
       39.99805173
      ],
      [
       116.35144071,
       39.99798621
      ],
      [
       116.35144141,
       39.99798567
      ],
      [
       116.35139246,
       39.99798417
      ],
      [
       116.35129883,
       39.99798131
      ],
      [
       116.35120514,
       39.99797844
      ],
      [
       116.35111151,
       39.99797557
      ],
      [
       116.35101787,
       39.99797271
      ],
      [
       116.35092412,
       39.99796984
      ],
      [
       116.35092398,
       39.99796983
      ],
      [
       116.3508304,
       39.99796688
      ],
      [
       116.35073688,
       39.99796402
      ],
      [
       116.35064325,
       39.99796115
      ],
      [
       116.35054961,
       39.99795829
      ],
      [
       116.35045593,
       39.99795542
      ],
      [
       116.35036229,
       39.99795255
      ],
      [
       116.35026865,
       39.99794969
      ],
      [
       116.35017489,
       39.99794682
      ],
      [
       116.35017473,
       39.99794681
      ],
      [
       116.35008117,
       39.99794385
      ],
      [
       116.3499878,
       39.997941
      ],
      [
       116.34989413,
       39.99793813
      ],
      [
       116.3498005,
       39.99793526
      ],
      [
       116.34970686,
       39.9979324
      ],
      [
       116.34961317,
       39.99792953
      ],
      [
       116.34951954,
       39.99792666
      ],
      [
       116.34942582,
       39.9979238
      ],
      [
       116.34942564,
       39.99792379
      ],
      [
       116.34933206,
       39.99792083
      ],
      [
       116.34923857,
       39.99791797
      ],
      [
       116.34914493,
       39.9979151
      ],
      [
       116.34905129,
       39.99791224
      ],
      [
       116.34895761,
       39.99790937
      ],
      [
       116.34893626,
       39.99790871
      ],
      [
       116.34893612,
       39.9979259
      ],
      [
       116.34893567,
       39.99799809
      ],
      [
       116.34893521,
       39.99807049
      ],
      [
       116.34893521,
       39.9980706
      ],
      [
       116.34893464,
       39.99814285
      ],
      [
       116.3489342,
       39.99821504
      ],
      [
       116.34893375,
       39.99828742
      ],
      [
       116.34893374,
       39.99828755
      ],
      [
       116.34893317,
       39.99835981
      ],
      [
       116.34893272,
       39.998432
      ],
      [
       116.34893231,
       39.99849744
      ],
      [
       116.35109666,
       39.99850957
      ],
      [
       116.35109678,
       39.99849745
      ]
     ]
    ]
   }
  },
  {
   "type": "Feature",
   "id": "BD-140",
   "properties": {
    "id": "BD-140",
    "layer": "BUILDING_FOOTPRINT",
    "building_type": "incubator",
    "land_use_code": "0904",
    "renewal_action": "new_build",
    "floors_above_ground": null,
    "height_m": null,
    "note_zh": "体量与高度为概念示意；官方控规强度条件未发布，不作容积率或高度结论。",
    "source_type": "agent_generated_design",
    "confidence": "low",
    "geometry_role": "design_proposal",
    "official_boundary": false,
    "boundary_precision": "provisional_rough"
   },
   "geometry": {
    "type": "Polygon",
    "coordinates": [
     [
      [
       116.35271008,
       39.99802466
      ],
      [
       116.35275468,
       39.99805947
      ],
      [
       116.35286303,
       39.99814413
      ],
      [
       116.35289559,
       39.99818827
      ],
      [
       116.35293443,
       39.99830305
      ],
      [
       116.35296497,
       39.99839328
      ],
      [
       116.35300382,
       39.99850813
      ],
      [
       116.35300334,
       39.99855897
      ],
      [
       116.35296232,
       39.99867334
      ],
      [
       116.35293009,
       39.99876321
      ],
      [
       116.35288908,
       39.99887759
      ],
      [
       116.35285562,
       39.99892141
      ],
      [
       116.35274577,
       39.99900468
      ],
      [
       116.35265942,
       39.99907013
      ],
      [
       116.35254956,
       39.99915341
      ],
      [
       116.3524921,
       39.9991785
      ],
      [
       116.35248613,
       39.99917969
      ],
      [
       116.35255776,
       39.99918132
      ],
      [
       116.35265252,
       39.99918338
      ],
      [
       116.35265267,
       39.99918338
      ],
      [
       116.35274732,
       39.99918553
      ],
      [
       116.35284195,
       39.99918759
      ],
      [
       116.3528421,
       39.99918759
      ],
      [
       116.35293701,
       39.99918974
      ],
      [
       116.35301527,
       39.99919152
      ],
      [
       116.35301552,
       39.99914976
      ],
      [
       116.35301597,
       39.99907736
      ],
      [
       116.35301597,
       39.99907724
      ],
      [
       116.35301654,
       39.99900498
      ],
      [
       116.35301699,
       39.99893271
      ],
      [
       116.35301743,
       39.99886034
      ],
      [
       116.35301743,
       39.99886021
      ],
      [
       116.353018,
       39.99878794
      ],
      [
       116.35301845,
       39.99871575
      ],
      [
       116.3530189,
       39.99864338
      ],
      [
       116.3530189,
       39.99864327
      ],
      [
       116.35301946,
       39.998571
      ],
      [
       116.35301991,
       39.99849881
      ],
      [
       116.35302036,
       39.99842643
      ],
      [
       116.35302036,
       39.99842632
      ],
      [
       116.35302092,
       39.99835405
      ],
      [
       116.35302137,
       39.99828186
      ],
      [
       116.35302182,
       39.99820948
      ],
      [
       116.35302183,
       39.99820937
      ],
      [
       116.35302239,
       39.9981371
      ],
      [
       116.35302284,
       39.99806491
      ],
      [
       116.35302303,
       39.99803424
      ],
      [
       116.35298433,
       39.99803306
      ],
      [
       116.35289067,
       39.99803019
      ],
      [
       116.35279703,
       39.99802733
      ],
      [
       116.35271008,
       39.99802466
      ]
     ]
    ]
   }
  },
  {
   "type": "Feature",
   "id": "BD-141",
   "properties": {
    "id": "BD-141",
    "layer": "BUILDING_FOOTPRINT",
    "building_type": "incubator",
    "land_use_code": "0904",
    "renewal_action": "renovate",
    "floors_above_ground": null,
    "height_m": null,
    "note_zh": "体量与高度为概念示意；官方控规强度条件未发布，不作容积率或高度结论。",
    "source_type": "agent_generated_design",
    "confidence": "low",
    "geometry_role": "design_proposal",
    "official_boundary": false,
    "boundary_precision": "provisional_rough"
   },
   "geometry": {
    "type": "Polygon",
    "coordinates": [
     [
      [
       116.34784414,
       39.99917388
      ],
      [
       116.34791101,
       39.99917534
      ],
      [
       116.34791109,
       39.99917534
      ],
      [
       116.34800577,
       39.9991775
      ],
      [
       116.34810055,
       39.99917956
      ],
      [
       116.34810064,
       39.99917956
      ],
      [
       116.34815484,
       39.9991808
      ],
      [
       116.34815509,
       39.99914159
      ],
      [
       116.34815509,
       39.99914153
      ],
      [
       116.34815566,
       39.99906925
      ],
      [
       116.34815611,
       39.99899699
      ],
      [
       116.34815656,
       39.99892465
      ],
      [
       116.34815656,
       39.99892459
      ],
      [
       116.34815714,
       39.99885221
      ],
      [
       116.34815759,
       39.99877995
      ],
      [
       116.34815804,
       39.99870761
      ],
      [
       116.34815804,
       39.99870755
      ],
      [
       116.34815861,
       39.99863526
      ],
      [
       116.34815907,
       39.99856301
      ],
      [
       116.34815952,
       39.99849066
      ],
      [
       116.34815952,
       39.9984906
      ],
      [
       116.34816009,
       39.99841831
      ],
      [
       116.34816054,
       39.99834606
      ],
      [
       116.348161,
       39.99827371
      ],
      [
       116.348161,
       39.99827365
      ],
      [
       116.34816157,
       39.99820136
      ],
      [
       116.34816202,
       39.99812908
      ],
      [
       116.34816202,
       39.99812902
      ],
      [
       116.34816259,
       39.99805673
      ],
      [
       116.34816304,
       39.99798448
      ],
      [
       116.3481635,
       39.99791213
      ],
      [
       116.3481635,
       39.99791207
      ],
      [
       116.34816407,
       39.99783978
      ],
      [
       116.3481644,
       39.99778697
      ],
      [
       116.34809526,
       39.99778487
      ],
      [
       116.34800097,
       39.997782
      ],
      [
       116.34800089,
       39.99778199
      ],
      [
       116.34790669,
       39.99777902
      ],
      [
       116.34788166,
       39.99777826
      ],
      [
       116.34788047,
       39.99782473
      ],
      [
       116.34788047,
       39.99782479
      ],
      [
       116.34787849,
       39.99789704
      ],
      [
       116.34787652,
       39.99796916
      ],
      [
       116.34787454,
       39.99804132
      ],
      [
       116.34787269,
       39.99811342
      ],
      [
       116.34787269,
       39.99811348
      ],
      [
       116.34787071,
       39.99818573
      ],
      [
       116.34786874,
       39.99825779
      ],
      [
       116.34786688,
       39.9983299
      ],
      [
       116.34786688,
       39.99832995
      ],
      [
       116.3478649,
       39.9984022
      ],
      [
       116.34786293,
       39.99847427
      ],
      [
       116.34786107,
       39.99854646
      ],
      [
       116.34786107,
       39.99854652
      ],
      [
       116.3478591,
       39.99861867
      ],
      [
       116.34785712,
       39.99869089
      ],
      [
       116.34785515,
       39.99876296
      ],
      [
       116.34785329,
       39.99883507
      ],
      [
       116.34785329,
       39.99883512
      ],
      [
       116.34785131,
       39.99890737
      ],
      [
       116.34784934,
       39.99897943
      ],
      [
       116.34784748,
       39.99905162
      ],
      [
       116.34784748,
       39.99905168
      ],
      [
       116.34784551,
       39.99912384
      ],
      [
       116.34784414,
       39.99917388
      ]
     ]
    ]
   }
  },
  {
   "type": "Feature",
   "id": "BD-142",
   "properties": {
    "id": "BD-142",
    "layer": "BUILDING_FOOTPRINT",
    "building_type": "incubator",
    "land_use_code": "0904",
    "renewal_action": "new_build",
    "floors_above_ground": null,
    "height_m": null,
    "note_zh": "体量与高度为概念示意；官方控规强度条件未发布，不作容积率或高度结论。",
    "source_type": "agent_generated_design",
    "confidence": "low",
    "geometry_role": "design_proposal",
    "official_boundary": false,
    "boundary_precision": "provisional_rough"
   },
   "geometry": {
    "type": "Polygon",
    "coordinates": [
     [
      [
       116.34788687,
       39.9972878
      ],
      [
       116.34791838,
       39.99728876
      ],
      [
       116.34791845,
       39.99728876
      ],
      [
       116.34801266,
       39.99729172
      ],
      [
       116.34810682,
       39.99729458
      ],
      [
       116.34817577,
       39.99729668
      ],
      [
       116.34817609,
       39.99724414
      ],
      [
       116.34817654,
       39.99717181
      ],
      [
       116.34817655,
       39.99717175
      ],
      [
       116.34817711,
       39.99709945
      ],
      [
       116.34817757,
       39.99702719
      ],
      [
       116.34817803,
       39.99695486
      ],
      [
       116.34817803,
       39.9969548
      ],
      [
       116.3481786,
       39.99688251
      ],
      [
       116.34817905,
       39.99681025
      ],
      [
       116.34817951,
       39.9967379
      ],
      [
       116.34817951,
       39.99673785
      ],
      [
       116.34818008,
       39.99666556
      ],
      [
       116.34818053,
       39.9965933
      ],
      [
       116.34818098,
       39.99652096
      ],
      [
       116.34818098,
       39.9965209
      ],
      [
       116.34818155,
       39.9964486
      ],
      [
       116.34818201,
       39.99637632
      ],
      [
       116.34818201,
       39.99637627
      ],
      [
       116.34818258,
       39.99630398
      ],
      [
       116.34818303,
       39.99623172
      ],
      [
       116.34818349,
       39.99615928
      ],
      [
       116.34818349,
       39.99615923
      ],
      [
       116.34818406,
       39.99608694
      ],
      [
       116.34818451,
       39.99601468
      ],
      [
       116.34818496,
       39.99594234
      ],
      [
       116.34818496,
       39.99594228
      ],
      [
       116.34818553,
       39.99586998
      ],
      [
       116.34818599,
       39.99579773
      ],
      [
       116.34818625,
       39.99575508
      ],
      [
       116.34809301,
       39.99573529
      ],
      [
       116.34796536,
       39.99570823
      ],
      [
       116.34793913,
       39.99569639
      ],
      [
       116.34792984,
       39.99568915
      ],
      [
       116.34792867,
       39.99573184
      ],
      [
       116.34792681,
       39.99580403
      ],
      [
       116.34792681,
       39.99580409
      ],
      [
       116.34792483,
       39.99587624
      ],
      [
       116.34792286,
       39.99594837
      ],
      [
       116.34792089,
       39.99602053
      ],
      [
       116.34791903,
       39.99609264
      ],
      [
       116.34791903,
       39.9960927
      ],
      [
       116.34791705,
       39.99616493
      ],
      [
       116.34791508,
       39.996237
      ],
      [
       116.34791322,
       39.9963092
      ],
      [
       116.34791322,
       39.99630925
      ],
      [
       116.34791125,
       39.99638141
      ],
      [
       116.34790927,
       39.99645354
      ],
      [
       116.3479073,
       39.99652569
      ],
      [
       116.34790544,
       39.9965978
      ],
      [
       116.34790544,
       39.99659785
      ],
      [
       116.34790347,
       39.9966701
      ],
      [
       116.34790149,
       39.99674218
      ],
      [
       116.34789963,
       39.99681437
      ],
      [
       116.34789963,
       39.99681442
      ],
      [
       116.34789766,
       39.99688657
      ],
      [
       116.34789568,
       39.9969587
      ],
      [
       116.34789371,
       39.99703086
      ],
      [
       116.34789185,
       39.99710297
      ],
      [
       116.34789185,
       39.99710302
      ],
      [
       116.34788988,
       39.99717527
      ],
      [
       116.3478879,
       39.99724734
      ],
      [
       116.34788687,
       39.9972878
      ]
     ]
    ]
   }
  },
  {
   "type": "Feature",
   "id": "BD-143",
   "properties": {
    "id": "BD-143",
    "layer": "BUILDING_FOOTPRINT",
    "building_type": "incubator",
    "land_use_code": "0904",
    "renewal_action": "new_build",
    "floors_above_ground": null,
    "height_m": null,
    "note_zh": "体量与高度为概念示意；官方控规强度条件未发布，不作容积率或高度结论。",
    "source_type": "agent_generated_design",
    "confidence": "low",
    "geometry_role": "design_proposal",
    "official_boundary": false,
    "boundary_precision": "provisional_rough"
   },
   "geometry": {
    "type": "Polygon",
    "coordinates": [
     [
      [
       116.34794785,
       39.99466072
      ],
      [
       116.34795495,
       39.99465535
      ],
      [
       116.3479792,
       39.99464477
      ],
      [
       116.34810613,
       39.99461938
      ],
      [
       116.34820384,
       39.99459983
      ],
      [
       116.34820404,
       39.9945683
      ],
      [
       116.3482045,
       39.99449596
      ],
      [
       116.3482045,
       39.99449591
      ],
      [
       116.34820507,
       39.99442362
      ],
      [
       116.34820552,
       39.99435135
      ],
      [
       116.34820597,
       39.99427901
      ],
      [
       116.34820597,
       39.99427896
      ],
      [
       116.34820654,
       39.99420666
      ],
      [
       116.348207,
       39.9941344
      ],
      [
       116.34820745,
       39.99406206
      ],
      [
       116.34820745,
       39.99406201
      ],
      [
       116.34820802,
       39.99398972
      ],
      [
       116.34820847,
       39.99391746
      ],
      [
       116.34820893,
       39.99384511
      ],
      [
       116.34820893,
       39.99384506
      ],
      [
       116.3482095,
       39.99377268
      ],
      [
       116.34820995,
       39.99370042
      ],
      [
       116.3482104,
       39.99362807
      ],
      [
       116.3482104,
       39.99362802
      ],
      [
       116.34821097,
       39.99355572
      ],
      [
       116.34821143,
       39.99348347
      ],
      [
       116.34821188,
       39.99341112
      ],
      [
       116.34821188,
       39.99341107
      ],
      [
       116.34821245,
       39.99333879
      ],
      [
       116.3482129,
       39.99326649
      ],
      [
       116.3482129,
       39.99326644
      ],
      [
       116.34821347,
       39.99319414
      ],
      [
       116.34821393,
       39.99312189
      ],
      [
       116.34821438,
       39.99304954
      ],
      [
       116.34821438,
       39.99304949
      ],
      [
       116.34821495,
       39.9929772
      ],
      [
       116.3482154,
       39.99290494
      ],
      [
       116.34821586,
       39.99283259
      ],
      [
       116.34821586,
       39.99283254
      ],
      [
       116.34821643,
       39.99276026
      ],
      [
       116.34821684,
       39.99269431
      ],
      [
       116.34813067,
       39.99269169
      ],
      [
       116.3480364,
       39.99268882
      ],
      [
       116.34803634,
       39.99268881
      ],
      [
       116.34800089,
       39.9926877
      ],
      [
       116.34800053,
       39.99270074
      ],
      [
       116.34799856,
       39.99277291
      ],
      [
       116.34799671,
       39.99284502
      ],
      [
       116.34799671,
       39.99284507
      ],
      [
       116.34799472,
       39.99291722
      ],
      [
       116.34799276,
       39.99298938
      ],
      [
       116.3479909,
       39.99306149
      ],
      [
       116.3479909,
       39.99306154
      ],
      [
       116.34798893,
       39.99313378
      ],
      [
       116.34798695,
       39.99320592
      ],
      [
       116.34798498,
       39.99327807
      ],
      [
       116.34798312,
       39.99335018
      ],
      [
       116.34798312,
       39.99335023
      ],
      [
       116.34798115,
       39.99342238
      ],
      [
       116.34797917,
       39.99349456
      ],
      [
       116.34797731,
       39.99356666
      ],
      [
       116.34797731,
       39.99356671
      ],
      [
       116.34797534,
       39.99363894
      ],
      [
       116.34797337,
       39.99371107
      ],
      [
       116.34797139,
       39.99378325
      ],
      [
       116.34796953,
       39.99385535
      ],
      [
       116.34796953,
       39.9938554
      ],
      [
       116.34796756,
       39.99392755
      ],
      [
       116.34796558,
       39.99399971
      ],
      [
       116.34796373,
       39.99407182
      ],
      [
       116.34796373,
       39.99407187
      ],
      [
       116.34796175,
       39.99414412
      ],
      [
       116.34795978,
       39.99421624
      ],
      [
       116.3479578,
       39.99428841
      ],
      [
       116.34795595,
       39.99436051
      ],
      [
       116.34795595,
       39.99436056
      ],
      [
       116.34795397,
       39.99443272
      ],
      [
       116.347952,
       39.99450488
      ],
      [
       116.34795014,
       39.99457699
      ],
      [
       116.34795014,
       39.99457704
      ],
      [
       116.34794817,
       39.99464928
      ],
      [
       116.34794785,
       39.99466072
      ]
     ]
    ]
   }
  },
  {
   "type": "Feature",
   "id": "BD-144",
   "properties": {
    "id": "BD-144",
    "layer": "BUILDING_FOOTPRINT",
    "building_type": "incubator",
    "land_use_code": "0904",
    "renewal_action": "new_build",
    "floors_above_ground": null,
    "height_m": null,
    "note_zh": "体量与高度为概念示意；官方控规强度条件未发布，不作容积率或高度结论。",
    "source_type": "agent_generated_design",
    "confidence": "low",
    "geometry_role": "design_proposal",
    "official_boundary": false,
    "boundary_precision": "provisional_rough"
   },
   "geometry": {
    "type": "Polygon",
    "coordinates": [
     [
      [
       116.34800155,
       39.99229777
      ],
      [
       116.34804607,
       39.99229912
      ],
      [
       116.34814034,
       39.99230199
      ],
      [
       116.3481404,
       39.992302
      ],
      [
       116.34822929,
       39.99230479
      ],
      [
       116.34822984,
       39.99223561
      ],
      [
       116.3482303,
       39.9921628
      ],
      [
       116.34823076,
       39.99208984
      ],
      [
       116.34823076,
       39.9920898
      ],
      [
       116.34823133,
       39.99201696
      ],
      [
       116.34823179,
       39.99194414
      ],
      [
       116.34823225,
       39.99187127
      ],
      [
       116.34823225,
       39.99187123
      ],
      [
       116.34823282,
       39.99179839
      ],
      [
       116.34823328,
       39.99172557
      ],
      [
       116.34823374,
       39.9916527
      ],
      [
       116.34823374,
       39.99165266
      ],
      [
       116.34823431,
       39.99157982
      ],
      [
       116.34823477,
       39.99150691
      ],
      [
       116.34823523,
       39.99143404
      ],
      [
       116.34823523,
       39.99143399
      ],
      [
       116.34823581,
       39.99136115
      ],
      [
       116.34823627,
       39.99128834
      ],
      [
       116.34823672,
       39.99121547
      ],
      [
       116.34823672,
       39.99121542
      ],
      [
       116.3482373,
       39.99114258
      ],
      [
       116.34823776,
       39.99106977
      ],
      [
       116.34823822,
       39.9909969
      ],
      [
       116.34823822,
       39.99099686
      ],
      [
       116.34823879,
       39.99092393
      ],
      [
       116.34823925,
       39.99085111
      ],
      [
       116.34823971,
       39.99077824
      ],
      [
       116.34823971,
       39.9907782
      ],
      [
       116.34824028,
       39.99070536
      ],
      [
       116.3482404,
       39.99068668
      ],
      [
       116.34822986,
       39.99068643
      ],
      [
       116.34813601,
       39.99068438
      ],
      [
       116.34813594,
       39.99068438
      ],
      [
       116.34804498,
       39.9906823
      ],
      [
       116.34804308,
       39.99075209
      ],
      [
       116.34804122,
       39.9908242
      ],
      [
       116.34804122,
       39.99082425
      ],
      [
       116.34803924,
       39.99089649
      ],
      [
       116.34803727,
       39.99096861
      ],
      [
       116.3480353,
       39.99104069
      ],
      [
       116.34803344,
       39.99111289
      ],
      [
       116.34803344,
       39.99111293
      ],
      [
       116.34803147,
       39.99118508
      ],
      [
       116.34802949,
       39.99125726
      ],
      [
       116.34802763,
       39.99132937
      ],
      [
       116.34802763,
       39.99132941
      ],
      [
       116.34802566,
       39.99140164
      ],
      [
       116.34802369,
       39.99147377
      ],
      [
       116.34802171,
       39.99154586
      ],
      [
       116.34801985,
       39.99161806
      ],
      [
       116.34801985,
       39.9916181
      ],
      [
       116.34801788,
       39.99169025
      ],
      [
       116.34801591,
       39.99176242
      ],
      [
       116.34801405,
       39.99183453
      ],
      [
       116.34801405,
       39.99183458
      ],
      [
       116.34801207,
       39.99190682
      ],
      [
       116.3480101,
       39.99197894
      ],
      [
       116.34800813,
       39.99205103
      ],
      [
       116.34800627,
       39.99212323
      ],
      [
       116.34800627,
       39.99212328
      ],
      [
       116.34800429,
       39.99219542
      ],
      [
       116.34800232,
       39.99226759
      ],
      [
       116.34800155,
       39.99229777
      ]
     ]
    ]
   }
  },
  {
   "type": "Feature",
   "id": "BD-145",
   "properties": {
    "id": "BD-145",
    "layer": "BUILDING_FOOTPRINT",
    "building_type": "office",
    "land_use_code": "0902",
    "renewal_action": "new_build",
    "floors_above_ground": null,
    "height_m": null,
    "note_zh": "体量与高度为概念示意；官方控规强度条件未发布，不作容积率或高度结论。",
    "source_type": "agent_generated_design",
    "confidence": "low",
    "geometry_role": "design_proposal",
    "official_boundary": false,
    "boundary_precision": "provisional_rough"
   },
   "geometry": {
    "type": "Polygon",
    "coordinates": [
     [
      [
       116.34917493,
       39.99101126
      ],
      [
       116.34917493,
       39.99101146
      ],
      [
       116.34917436,
       39.99108422
      ],
      [
       116.3491739,
       39.99115687
      ],
      [
       116.34917344,
       39.99122983
      ],
      [
       116.34917344,
       39.99123003
      ],
      [
       116.34917287,
       39.99130279
      ],
      [
       116.34917241,
       39.99137544
      ],
      [
       116.34917195,
       39.9914484
      ],
      [
       116.34917195,
       39.9914486
      ],
      [
       116.34917138,
       39.99152145
      ],
      [
       116.34917137,
       39.99152349
      ],
      [
       116.35287543,
       39.99154423
      ],
      [
       116.35287568,
       39.99151293
      ],
      [
       116.35287613,
       39.99144029
      ],
      [
       116.35287658,
       39.99136732
      ],
      [
       116.35287658,
       39.99136711
      ],
      [
       116.35287715,
       39.99129436
      ],
      [
       116.3528776,
       39.99122172
      ],
      [
       116.35287806,
       39.99114873
      ],
      [
       116.35287806,
       39.99114853
      ],
      [
       116.35287863,
       39.99107579
      ],
      [
       116.35287875,
       39.99105685
      ],
      [
       116.35282328,
       39.99105558
      ],
      [
       116.35272944,
       39.99105353
      ],
      [
       116.35272913,
       39.99105353
      ],
      [
       116.35263528,
       39.99105138
      ],
      [
       116.35254169,
       39.99104934
      ],
      [
       116.3524475,
       39.99104727
      ],
      [
       116.35244721,
       39.99104727
      ],
      [
       116.35235351,
       39.99104512
      ],
      [
       116.35225966,
       39.99104307
      ],
      [
       116.35225935,
       39.99104307
      ],
      [
       116.35216559,
       39.99104092
      ],
      [
       116.35207174,
       39.99103886
      ],
      [
       116.35207149,
       39.99103886
      ],
      [
       116.35197774,
       39.99103672
      ],
      [
       116.35188386,
       39.99103466
      ],
      [
       116.35188361,
       39.99103466
      ],
      [
       116.35178985,
       39.99103252
      ],
      [
       116.35169596,
       39.99103046
      ],
      [
       116.35169567,
       39.99103046
      ],
      [
       116.35160197,
       39.99102831
      ],
      [
       116.35150812,
       39.99102626
      ],
      [
       116.35150781,
       39.99102626
      ],
      [
       116.35141405,
       39.99102411
      ],
      [
       116.35132021,
       39.99102205
      ],
      [
       116.35131996,
       39.99102205
      ],
      [
       116.35122608,
       39.99101991
      ],
      [
       116.3511323,
       39.99101785
      ],
      [
       116.35113203,
       39.99101785
      ],
      [
       116.35103817,
       39.9910157
      ],
      [
       116.35094443,
       39.99101364
      ],
      [
       116.35094419,
       39.99101364
      ],
      [
       116.35085031,
       39.9910115
      ],
      [
       116.35075667,
       39.99100944
      ],
      [
       116.35066254,
       39.99100738
      ],
      [
       116.35066229,
       39.99100738
      ],
      [
       116.35056854,
       39.99100524
      ],
      [
       116.35047465,
       39.99100318
      ],
      [
       116.35047436,
       39.99100318
      ],
      [
       116.35038063,
       39.99100103
      ],
      [
       116.35028676,
       39.99099897
      ],
      [
       116.35028647,
       39.99099897
      ],
      [
       116.35019277,
       39.99099682
      ],
      [
       116.35009893,
       39.99099477
      ],
      [
       116.35009862,
       39.99099477
      ],
      [
       116.35000474,
       39.99099262
      ],
      [
       116.34991098,
       39.99099056
      ],
      [
       116.34991071,
       39.99099056
      ],
      [
       116.34981685,
       39.99098841
      ],
      [
       116.34972311,
       39.99098635
      ],
      [
       116.34972288,
       39.99098635
      ],
      [
       116.349629,
       39.99098421
      ],
      [
       116.34953521,
       39.99098215
      ],
      [
       116.34953494,
       39.99098215
      ],
      [
       116.34944108,
       39.99098
      ],
      [
       116.34934733,
       39.99097794
      ],
      [
       116.34934706,
       39.99097794
      ],
      [
       116.3492532,
       39.99097579
      ],
      [
       116.34917516,
       39.99097408
      ],
      [
       116.34917493,
       39.99101126
      ]
     ]
    ]
   }
  },
  {
   "type": "Feature",
   "id": "BD-146",
   "properties": {
    "id": "BD-146",
    "layer": "BUILDING_FOOTPRINT",
    "building_type": "office",
    "land_use_code": "0902",
    "renewal_action": "renovate",
    "floors_above_ground": null,
    "height_m": null,
    "note_zh": "体量与高度为概念示意；官方控规强度条件未发布，不作容积率或高度结论。",
    "source_type": "agent_generated_design",
    "confidence": "low",
    "geometry_role": "design_proposal",
    "official_boundary": false,
    "boundary_precision": "provisional_rough"
   },
   "geometry": {
    "type": "Polygon",
    "coordinates": [
     [
      [
       116.34917046,
       39.99166706
      ],
      [
       116.34917046,
       39.99166726
      ],
      [
       116.34916989,
       39.99174002
      ],
      [
       116.34916943,
       39.99181267
      ],
      [
       116.34916897,
       39.99188563
      ],
      [
       116.34916897,
       39.99188583
      ],
      [
       116.3491684,
       39.99195859
      ],
      [
       116.34916795,
       39.99203124
      ],
      [
       116.34916772,
       39.99206708
      ],
      [
       116.34920877,
       39.99206834
      ],
      [
       116.34930238,
       39.9920712
      ],
      [
       116.34939609,
       39.99207407
      ],
      [
       116.3494897,
       39.99207694
      ],
      [
       116.34958331,
       39.9920798
      ],
      [
       116.34967702,
       39.99208267
      ],
      [
       116.34977053,
       39.99208554
      ],
      [
       116.34986429,
       39.9920884
      ],
      [
       116.3498646,
       39.99208841
      ],
      [
       116.34995811,
       39.99209137
      ],
      [
       116.35005148,
       39.99209423
      ],
      [
       116.3501451,
       39.9920971
      ],
      [
       116.35023871,
       39.99209996
      ],
      [
       116.35033239,
       39.99210283
      ],
      [
       116.350426,
       39.99210569
      ],
      [
       116.35051971,
       39.99210856
      ],
      [
       116.35061348,
       39.99211143
      ],
      [
       116.35061372,
       39.99211144
      ],
      [
       116.35070724,
       39.99211438
      ],
      [
       116.35080064,
       39.99211725
      ],
      [
       116.35089426,
       39.99212012
      ],
      [
       116.35098787,
       39.99212298
      ],
      [
       116.35108144,
       39.99212585
      ],
      [
       116.35117504,
       39.99212871
      ],
      [
       116.35126872,
       39.99213158
      ],
      [
       116.35136249,
       39.99213444
      ],
      [
       116.3513628,
       39.99213445
      ],
      [
       116.35145631,
       39.99213741
      ],
      [
       116.35154966,
       39.99214027
      ],
      [
       116.35164327,
       39.99214313
      ],
      [
       116.35173695,
       39.992146
      ],
      [
       116.35183056,
       39.99214886
      ],
      [
       116.35192424,
       39.99215173
      ],
      [
       116.35201785,
       39.99215459
      ],
      [
       116.35211168,
       39.99215746
      ],
      [
       116.35211192,
       39.99215747
      ],
      [
       116.35220544,
       39.99216041
      ],
      [
       116.35229882,
       39.99216328
      ],
      [
       116.35239243,
       39.99216614
      ],
      [
       116.352486,
       39.99216901
      ],
      [
       116.3525796,
       39.99217187
      ],
      [
       116.35267328,
       39.99217474
      ],
      [
       116.35276689,
       39.9921776
      ],
      [
       116.35286072,
       39.99218047
      ],
      [
       116.35286096,
       39.99218048
      ],
      [
       116.35287115,
       39.9921808
      ],
      [
       116.35287124,
       39.99216873
      ],
      [
       116.35287169,
       39.99209609
      ],
      [
       116.35287214,
       39.99202312
      ],
      [
       116.35287215,
       39.99202291
      ],
      [
       116.35287272,
       39.99195014
      ],
      [
       116.35287318,
       39.9918775
      ],
      [
       116.35287363,
       39.99180455
      ],
      [
       116.35287363,
       39.99180434
      ],
      [
       116.3528742,
       39.99173159
      ],
      [
       116.35287465,
       39.99165895
      ],
      [
       116.35287492,
       39.99161627
      ],
      [
       116.34917091,
       39.99159553
      ],
      [
       116.34917046,
       39.99166706
      ]
     ]
    ]
   }
  },
  {
   "type": "Feature",
   "id": "BD-147",
   "properties": {
    "id": "BD-147",
    "layer": "BUILDING_FOOTPRINT",
    "building_type": "incubator",
    "land_use_code": "0904",
    "renewal_action": "new_build",
    "floors_above_ground": null,
    "height_m": null,
    "note_zh": "体量与高度为概念示意；官方控规强度条件未发布，不作容积率或高度结论。",
    "source_type": "agent_generated_design",
    "confidence": "low",
    "geometry_role": "design_proposal",
    "official_boundary": false,
    "boundary_precision": "provisional_rough"
   },
   "geometry": {
    "type": "Polygon",
    "coordinates": [
     [
      [
       116.34802195,
       39.99004614
      ],
      [
       116.34801997,
       39.99011908
      ],
      [
       116.34801798,
       39.99019202
      ],
      [
       116.34801716,
       39.99022226
      ],
      [
       116.34805562,
       39.99022314
      ],
      [
       116.3481496,
       39.9902252
      ],
      [
       116.34814963,
       39.9902252
      ],
      [
       116.34824362,
       39.99022734
      ],
      [
       116.34828366,
       39.99022822
      ],
      [
       116.34828387,
       39.99019546
      ],
      [
       116.34828432,
       39.9901226
      ],
      [
       116.34828432,
       39.99012257
      ],
      [
       116.3482849,
       39.99004972
      ],
      [
       116.34828536,
       39.98997689
      ],
      [
       116.34828558,
       39.98994266
      ],
      [
       116.34821093,
       39.98999924
      ],
      [
       116.34819807,
       39.99000485
      ],
      [
       116.34809206,
       39.99002598
      ],
      [
       116.34802212,
       39.99003998
      ],
      [
       116.34802195,
       39.99004614
      ]
     ]
    ]
   }
  },
  {
   "type": "Feature",
   "id": "BD-148",
   "properties": {
    "id": "BD-148",
    "layer": "BUILDING_FOOTPRINT",
    "building_type": "office",
    "land_use_code": "0902",
    "renewal_action": "new_build",
    "floors_above_ground": null,
    "height_m": null,
    "note_zh": "体量与高度为概念示意；官方控规强度条件未发布，不作容积率或高度结论。",
    "source_type": "agent_generated_design",
    "confidence": "low",
    "geometry_role": "design_proposal",
    "official_boundary": false,
    "boundary_precision": "provisional_rough"
   },
   "geometry": {
    "type": "Polygon",
    "coordinates": [
     [
      [
       116.34956247,
       39.98364019
      ],
      [
       116.34988017,
       39.98398718
      ],
      [
       116.34981686,
       39.98426805
      ],
      [
       116.34981678,
       39.9842684
      ],
      [
       116.34980058,
       39.98433969
      ],
      [
       116.34978453,
       39.98441092
      ],
      [
       116.34976835,
       39.98448267
      ],
      [
       116.34976829,
       39.98448293
      ],
      [
       116.34975207,
       39.98455437
      ],
      [
       116.349736,
       39.98462568
      ],
      [
       116.34971987,
       39.98469719
      ],
      [
       116.34970371,
       39.98476891
      ],
      [
       116.34970363,
       39.98476928
      ],
      [
       116.34968742,
       39.98484063
      ],
      [
       116.34968,
       39.98487354
      ],
      [
       116.35269672,
       39.98489043
      ],
      [
       116.35269675,
       39.98488517
      ],
      [
       116.35269675,
       39.98488487
      ],
      [
       116.35269731,
       39.98481271
      ],
      [
       116.35269776,
       39.98474069
      ],
      [
       116.35269821,
       39.98466822
      ],
      [
       116.35269822,
       39.98466792
      ],
      [
       116.35269878,
       39.98459576
      ],
      [
       116.35269922,
       39.98452374
      ],
      [
       116.35269968,
       39.98445127
      ],
      [
       116.35269968,
       39.98445097
      ],
      [
       116.35270024,
       39.98437881
      ],
      [
       116.35270069,
       39.98430679
      ],
      [
       116.35270114,
       39.98423432
      ],
      [
       116.35270114,
       39.98423402
      ],
      [
       116.3527017,
       39.98416186
      ],
      [
       116.35270215,
       39.98408975
      ],
      [
       116.3527026,
       39.98401728
      ],
      [
       116.3527026,
       39.98401698
      ],
      [
       116.35270316,
       39.98394482
      ],
      [
       116.35270361,
       39.9838728
      ],
      [
       116.35270406,
       39.98380034
      ],
      [
       116.35270406,
       39.98380004
      ],
      [
       116.35270462,
       39.98372787
      ],
      [
       116.35270507,
       39.98365568
      ],
      [
       116.35270508,
       39.98365535
      ],
      [
       116.35270564,
       39.98358324
      ],
      [
       116.35270608,
       39.98351127
      ],
      [
       116.35270654,
       39.98343873
      ],
      [
       116.35270654,
       39.9834384
      ],
      [
       116.35270711,
       39.98336629
      ],
      [
       116.35270755,
       39.98329432
      ],
      [
       116.352708,
       39.98322178
      ],
      [
       116.352708,
       39.98322145
      ],
      [
       116.35270809,
       39.98321033
      ],
      [
       116.35269528,
       39.98320993
      ],
      [
       116.35260206,
       39.98320708
      ],
      [
       116.35250839,
       39.98320421
      ],
      [
       116.3524148,
       39.98320135
      ],
      [
       116.35232111,
       39.98319848
      ],
      [
       116.35222762,
       39.98319562
      ],
      [
       116.35213398,
       39.98319275
      ],
      [
       116.35204016,
       39.98318988
      ],
      [
       116.3520397,
       39.98318987
      ],
      [
       116.3519463,
       39.98318692
      ],
      [
       116.35185313,
       39.98318407
      ],
      [
       116.35175945,
       39.9831812
      ],
      [
       116.35166586,
       39.98317834
      ],
      [
       116.35157219,
       39.98317547
      ],
      [
       116.3514786,
       39.98317261
      ],
      [
       116.35138488,
       39.98316974
      ],
      [
       116.35129107,
       39.98316686
      ],
      [
       116.3512907,
       39.98316685
      ],
      [
       116.35119724,
       39.98316391
      ],
      [
       116.35110403,
       39.98316105
      ],
      [
       116.35101044,
       39.98315819
      ],
      [
       116.35091675,
       39.98315532
      ],
      [
       116.35082326,
       39.98315246
      ],
      [
       116.35072957,
       39.98314959
      ],
      [
       116.35063599,
       39.98314672
      ],
      [
       116.3505424,
       39.98314386
      ],
      [
       116.3504485,
       39.98314098
      ],
      [
       116.35044813,
       39.98314097
      ],
      [
       116.35035468,
       39.98313803
      ],
      [
       116.35026142,
       39.98313517
      ],
      [
       116.35016783,
       39.9831323
      ],
      [
       116.35007424,
       39.98312944
      ],
      [
       116.34998052,
       39.98312657
      ],
      [
       116.34988694,
       39.9831237
      ],
      [
       116.34979335,
       39.98312084
      ],
      [
       116.34969942,
       39.98311796
      ],
      [
       116.34969901,
       39.98311795
      ],
      [
       116.34960562,
       39.983115
      ],
      [
       116.34951254,
       39.98311215
      ],
      [
       116.34945242,
       39.98311031
      ],
      [
       116.34945204,
       39.98315854
      ],
      [
       116.34945159,
       39.98323052
      ],
      [
       116.34945113,
       39.98330305
      ],
      [
       116.34945113,
       39.98330334
      ],
      [
       116.34945056,
       39.98337549
      ],
      [
       116.34945012,
       39.98344747
      ],
      [
       116.34944967,
       39.98351995
      ],
      [
       116.34944966,
       39.98352028
      ],
      [
       116.34944909,
       39.98359244
      ],
      [
       116.34944889,
       39.98362502
      ],
      [
       116.34956247,
       39.98364019
      ]
     ]
    ]
   }
  },
  {
   "type": "Feature",
   "id": "BD-149",
   "properties": {
    "id": "BD-149",
    "layer": "BUILDING_FOOTPRINT",
    "building_type": "office",
    "land_use_code": "0902",
    "renewal_action": "new_build",
    "floors_above_ground": null,
    "height_m": null,
    "note_zh": "体量与高度为概念示意；官方控规强度条件未发布，不作容积率或高度结论。",
    "source_type": "agent_generated_design",
    "confidence": "low",
    "geometry_role": "design_proposal",
    "official_boundary": false,
    "boundary_precision": "provisional_rough"
   },
   "geometry": {
    "type": "Polygon",
    "coordinates": [
     [
      [
       116.34965518,
       39.98498359
      ],
      [
       116.34965512,
       39.98498386
      ],
      [
       116.3496389,
       39.98505534
      ],
      [
       116.34962283,
       39.98512653
      ],
      [
       116.34960668,
       39.98519823
      ],
      [
       116.34960659,
       39.9851986
      ],
      [
       116.34959039,
       39.98526993
      ],
      [
       116.34957434,
       39.98534116
      ],
      [
       116.34955818,
       39.98541274
      ],
      [
       116.34954203,
       39.98548444
      ],
      [
       116.34954195,
       39.98548481
      ],
      [
       116.34952574,
       39.98555614
      ],
      [
       116.34950969,
       39.98562737
      ],
      [
       116.34949351,
       39.98569904
      ],
      [
       116.34947722,
       39.98577084
      ],
      [
       116.34946116,
       39.98584206
      ],
      [
       116.34944499,
       39.98591377
      ],
      [
       116.34944493,
       39.98591406
      ],
      [
       116.34943297,
       39.98596672
      ],
      [
       116.3494329,
       39.98597888
      ],
      [
       116.3494329,
       39.98597922
      ],
      [
       116.34943233,
       39.98605137
      ],
      [
       116.34943188,
       39.98612336
      ],
      [
       116.34943142,
       39.98619589
      ],
      [
       116.34943142,
       39.98619618
      ],
      [
       116.34943085,
       39.98626832
      ],
      [
       116.3494304,
       39.98634031
      ],
      [
       116.34942995,
       39.98641279
      ],
      [
       116.34942995,
       39.98641312
      ],
      [
       116.34942938,
       39.98648536
      ],
      [
       116.34942894,
       39.98655735
      ],
      [
       116.34942847,
       39.98662987
      ],
      [
       116.34942847,
       39.98663016
      ],
      [
       116.3494279,
       39.98670231
      ],
      [
       116.34942746,
       39.98677446
      ],
      [
       116.34942745,
       39.98677479
      ],
      [
       116.34942689,
       39.98684694
      ],
      [
       116.34942682,
       39.98685818
      ],
      [
       116.34943937,
       39.98685856
      ],
      [
       116.34953287,
       39.98686143
      ],
      [
       116.34962644,
       39.98686429
      ],
      [
       116.34972038,
       39.98686717
      ],
      [
       116.34972079,
       39.98686718
      ],
      [
       116.34981418,
       39.98687013
      ],
      [
       116.34990736,
       39.98687298
      ],
      [
       116.35000109,
       39.98687585
      ],
      [
       116.35009468,
       39.98687872
      ],
      [
       116.35018827,
       39.98688158
      ],
      [
       116.350282,
       39.98688445
      ],
      [
       116.35037559,
       39.98688732
      ],
      [
       116.35046942,
       39.98689019
      ],
      [
       116.35046988,
       39.9868902
      ],
      [
       116.35056333,
       39.98689315
      ],
      [
       116.3506565,
       39.98689601
      ],
      [
       116.3507501,
       39.98689887
      ],
      [
       116.3508438,
       39.98690174
      ],
      [
       116.35093729,
       39.9869046
      ],
      [
       116.35103099,
       39.98690747
      ],
      [
       116.35112459,
       39.98691034
      ],
      [
       116.3512184,
       39.98691321
      ],
      [
       116.35121886,
       39.98691322
      ],
      [
       116.35131227,
       39.98691617
      ],
      [
       116.35140545,
       39.98691902
      ],
      [
       116.35149913,
       39.98692189
      ],
      [
       116.35159273,
       39.98692475
      ],
      [
       116.35168641,
       39.98692762
      ],
      [
       116.35178,
       39.98693048
      ],
      [
       116.35187373,
       39.98693335
      ],
      [
       116.35196755,
       39.98693623
      ],
      [
       116.35196792,
       39.98693624
      ],
      [
       116.35206138,
       39.98693918
      ],
      [
       116.3521392,
       39.98694157
      ],
      [
       116.35212939,
       39.98693391
      ],
      [
       116.35206352,
       39.9868825
      ],
      [
       116.35193607,
       39.98678303
      ],
      [
       116.35184947,
       39.98666572
      ],
      [
       116.35180375,
       39.98653058
      ],
      [
       116.35178004,
       39.98646067
      ],
      [
       116.3517799,
       39.98646024
      ],
      [
       116.35175639,
       39.98639044
      ],
      [
       116.35171068,
       39.98625566
      ],
      [
       116.3517119,
       39.98612055
      ],
      [
       116.35176021,
       39.98598582
      ],
      [
       116.35178505,
       39.98591639
      ],
      [
       116.35181017,
       39.98584635
      ],
      [
       116.35185859,
       39.98571165
      ],
      [
       116.35194712,
       39.98559565
      ],
      [
       116.35207621,
       39.98549762
      ],
      [
       116.35214345,
       39.98544664
      ],
      [
       116.35221041,
       39.98539587
      ],
      [
       116.35233967,
       39.98529786
      ],
      [
       116.3524921,
       39.98523126
      ],
      [
       116.352668,
       39.985196
      ],
      [
       116.35266835,
       39.98519593
      ],
      [
       116.35269471,
       39.98519067
      ],
      [
       116.35269484,
       39.98517429
      ],
      [
       116.35269529,
       39.98510212
      ],
      [
       116.35269529,
       39.98510182
      ],
      [
       116.35269585,
       39.98502966
      ],
      [
       116.35269627,
       39.98496248
      ],
      [
       116.34966377,
       39.9849455
      ],
      [
       116.34965518,
       39.98498359
      ]
     ]
    ]
   }
  },
  {
   "type": "Feature",
   "id": "BD-150",
   "properties": {
    "id": "BD-150",
    "layer": "BUILDING_FOOTPRINT",
    "building_type": "incubator",
    "land_use_code": "0904",
    "renewal_action": "new_build",
    "floors_above_ground": null,
    "height_m": null,
    "note_zh": "体量与高度为概念示意；官方控规强度条件未发布，不作容积率或高度结论。",
    "source_type": "agent_generated_design",
    "confidence": "low",
    "geometry_role": "design_proposal",
    "official_boundary": false,
    "boundary_precision": "provisional_rough"
   },
   "geometry": {
    "type": "Polygon",
    "coordinates": [
     [
      [
       116.34811932,
       39.9856813
      ],
      [
       116.34811956,
       39.98568025
      ],
      [
       116.34813581,
       39.98560795
      ],
      [
       116.34813581,
       39.98560793
      ],
      [
       116.3481522,
       39.98553569
      ],
      [
       116.34816856,
       39.98546339
      ],
      [
       116.34818482,
       39.98539107
      ],
      [
       116.34818483,
       39.98539105
      ],
      [
       116.34820121,
       39.98531883
      ],
      [
       116.34821757,
       39.98524653
      ],
      [
       116.34823383,
       39.98517421
      ],
      [
       116.34823384,
       39.9851742
      ],
      [
       116.34825022,
       39.98510196
      ],
      [
       116.34826658,
       39.98502967
      ],
      [
       116.34828284,
       39.98495735
      ],
      [
       116.34828285,
       39.98495734
      ],
      [
       116.34829923,
       39.9848851
      ],
      [
       116.34831559,
       39.98481281
      ],
      [
       116.34833185,
       39.9847405
      ],
      [
       116.34833185,
       39.98474048
      ],
      [
       116.3483413,
       39.9846988
      ],
      [
       116.34834159,
       39.98466211
      ],
      [
       116.34834204,
       39.98458981
      ],
      [
       116.3483425,
       39.98451749
      ],
      [
       116.3483425,
       39.98451747
      ],
      [
       116.34834307,
       39.98444516
      ],
      [
       116.34834352,
       39.98437286
      ],
      [
       116.34834397,
       39.98430054
      ],
      [
       116.34834397,
       39.98430052
      ],
      [
       116.34834454,
       39.98422821
      ],
      [
       116.348345,
       39.9841559
      ],
      [
       116.348345,
       39.98415588
      ],
      [
       116.34834557,
       39.98408358
      ],
      [
       116.34834602,
       39.98401119
      ],
      [
       116.34834647,
       39.98393886
      ],
      [
       116.34834647,
       39.98393884
      ],
      [
       116.34834704,
       39.98386654
      ],
      [
       116.34834712,
       39.98385402
      ],
      [
       116.34834438,
       39.98386934
      ],
      [
       116.34833139,
       39.98394195
      ],
      [
       116.34831841,
       39.98401446
      ],
      [
       116.34830543,
       39.98408707
      ],
      [
       116.34829245,
       39.98415967
      ],
      [
       116.34827946,
       39.98423219
      ],
      [
       116.34826648,
       39.9843048
      ],
      [
       116.3482535,
       39.9843774
      ],
      [
       116.34824052,
       39.98444992
      ],
      [
       116.34822753,
       39.98452253
      ],
      [
       116.34821455,
       39.98459504
      ],
      [
       116.34820157,
       39.98466765
      ],
      [
       116.34818858,
       39.98474026
      ],
      [
       116.3481756,
       39.98481277
      ],
      [
       116.34816262,
       39.98488538
      ],
      [
       116.34814964,
       39.98495798
      ],
      [
       116.34813694,
       39.9850289
      ],
      [
       116.348135,
       39.98510014
      ],
      [
       116.34813302,
       39.98517299
      ],
      [
       116.34813104,
       39.98524584
      ],
      [
       116.34812906,
       39.98531866
      ],
      [
       116.3481272,
       39.9853915
      ],
      [
       116.3481272,
       39.98539152
      ],
      [
       116.34812522,
       39.98546438
      ],
      [
       116.34812324,
       39.98553714
      ],
      [
       116.34812126,
       39.98560999
      ],
      [
       116.34811932,
       39.9856813
      ]
     ]
    ]
   }
  },
  {
   "type": "Feature",
   "id": "BD-151",
   "properties": {
    "id": "BD-151",
    "layer": "BUILDING_FOOTPRINT",
    "building_type": "education",
    "land_use_code": "0804",
    "renewal_action": "renovate",
    "floors_above_ground": null,
    "height_m": null,
    "note_zh": "体量与高度为概念示意；官方控规强度条件未发布，不作容积率或高度结论。",
    "source_type": "agent_generated_design",
    "confidence": "low",
    "geometry_role": "design_proposal",
    "official_boundary": false,
    "boundary_precision": "provisional_rough"
   },
   "geometry": {
    "type": "Polygon",
    "coordinates": [
     [
      [
       116.34906361,
       39.98183798
      ],
      [
       116.34906316,
       39.98191023
      ],
      [
       116.34906316,
       39.98191037
      ],
      [
       116.34906278,
       39.9819586
      ],
      [
       116.35311388,
       39.98198128
      ],
      [
       116.35311391,
       39.98197671
      ],
      [
       116.35311426,
       39.98192087
      ],
      [
       116.35310754,
       39.98192072
      ],
      [
       116.35310739,
       39.98192072
      ],
      [
       116.35301385,
       39.98191858
      ],
      [
       116.35292016,
       39.98191653
      ],
      [
       116.35291997,
       39.98191653
      ],
      [
       116.35282644,
       39.98191438
      ],
      [
       116.35273278,
       39.98191233
      ],
      [
       116.35273259,
       39.98191233
      ],
      [
       116.35263893,
       39.98191018
      ],
      [
       116.35254547,
       39.98190813
      ],
      [
       116.3524516,
       39.98190607
      ],
      [
       116.35245145,
       39.98190607
      ],
      [
       116.3523579,
       39.98190393
      ],
      [
       116.35226421,
       39.98190187
      ],
      [
       116.35226406,
       39.98190187
      ],
      [
       116.35217052,
       39.98189973
      ],
      [
       116.35207684,
       39.98189768
      ],
      [
       116.35207666,
       39.98189768
      ],
      [
       116.35198299,
       39.98189553
      ],
      [
       116.35188954,
       39.98189348
      ],
      [
       116.35179567,
       39.98189142
      ],
      [
       116.35179552,
       39.98189142
      ],
      [
       116.35170196,
       39.98188928
      ],
      [
       116.35160828,
       39.98188722
      ],
      [
       116.35160811,
       39.98188722
      ],
      [
       116.35151445,
       39.98188507
      ],
      [
       116.35142091,
       39.98188302
      ],
      [
       116.35142073,
       39.98188302
      ],
      [
       116.35132706,
       39.98188087
      ],
      [
       116.3512336,
       39.98187882
      ],
      [
       116.35113974,
       39.98187676
      ],
      [
       116.35113959,
       39.98187676
      ],
      [
       116.35104603,
       39.98187462
      ],
      [
       116.35095236,
       39.98187256
      ],
      [
       116.35095221,
       39.98187256
      ],
      [
       116.35085852,
       39.98187042
      ],
      [
       116.35076494,
       39.98186836
      ],
      [
       116.35076478,
       39.98186836
      ],
      [
       116.35067113,
       39.98186621
      ],
      [
       116.35057767,
       39.98186416
      ],
      [
       116.35048381,
       39.9818621
      ],
      [
       116.35048364,
       39.9818621
      ],
      [
       116.35038998,
       39.98185995
      ],
      [
       116.35029644,
       39.9818579
      ],
      [
       116.35029626,
       39.9818579
      ],
      [
       116.35020259,
       39.98185575
      ],
      [
       116.35010904,
       39.9818537
      ],
      [
       116.35010886,
       39.9818537
      ],
      [
       116.35001518,
       39.98185155
      ],
      [
       116.34992172,
       39.98184949
      ],
      [
       116.3498279,
       39.98184744
      ],
      [
       116.34982772,
       39.98184744
      ],
      [
       116.34973403,
       39.98184529
      ],
      [
       116.34964048,
       39.98184323
      ],
      [
       116.34964034,
       39.98184323
      ],
      [
       116.34954666,
       39.98184109
      ],
      [
       116.34945308,
       39.98183903
      ],
      [
       116.34945292,
       39.98183903
      ],
      [
       116.34935925,
       39.98183688
      ],
      [
       116.34926567,
       39.98183482
      ],
      [
       116.34917197,
       39.98183277
      ],
      [
       116.34917179,
       39.98183277
      ],
      [
       116.3490781,
       39.98183062
      ],
      [
       116.34906367,
       39.9818303
      ],
      [
       116.34906361,
       39.98183798
      ]
     ]
    ]
   }
  },
  {
   "type": "Feature",
   "id": "BD-152",
   "properties": {
    "id": "BD-152",
    "layer": "BUILDING_FOOTPRINT",
    "building_type": "education",
    "land_use_code": "0804",
    "renewal_action": "new_build",
    "floors_above_ground": null,
    "height_m": null,
    "note_zh": "体量与高度为概念示意；官方控规强度条件未发布，不作容积率或高度结论。",
    "source_type": "agent_generated_design",
    "confidence": "low",
    "geometry_role": "design_proposal",
    "official_boundary": false,
    "boundary_precision": "provisional_rough"
   },
   "geometry": {
    "type": "Polygon",
    "coordinates": [
     [
      [
       116.34906213,
       39.98205481
      ],
      [
       116.34906202,
       39.98207231
      ],
      [
       116.34908359,
       39.98207297
      ],
      [
       116.34917725,
       39.98207584
      ],
      [
       116.34927087,
       39.98207871
      ],
      [
       116.34936449,
       39.98208157
      ],
      [
       116.34945815,
       39.98208444
      ],
      [
       116.34955178,
       39.98208731
      ],
      [
       116.34964528,
       39.98209018
      ],
      [
       116.34973898,
       39.98209304
      ],
      [
       116.34973917,
       39.98209305
      ],
      [
       116.34983272,
       39.982096
      ],
      [
       116.34992617,
       39.98209887
      ],
      [
       116.35001979,
       39.98210173
      ],
      [
       116.35011345,
       39.9821046
      ],
      [
       116.35020707,
       39.98210747
      ],
      [
       116.35030068,
       39.98211033
      ],
      [
       116.35039434,
       39.9821132
      ],
      [
       116.35048805,
       39.98211607
      ],
      [
       116.3504882,
       39.98211608
      ],
      [
       116.35058175,
       39.98211902
      ],
      [
       116.35067522,
       39.98212189
      ],
      [
       116.35076883,
       39.98212475
      ],
      [
       116.35086249,
       39.98212762
      ],
      [
       116.350956,
       39.98213049
      ],
      [
       116.35104961,
       39.98213335
      ],
      [
       116.35114326,
       39.98213622
      ],
      [
       116.35123696,
       39.98213908
      ],
      [
       116.35123715,
       39.98213909
      ],
      [
       116.35133068,
       39.98214204
      ],
      [
       116.35142413,
       39.9821449
      ],
      [
       116.35151779,
       39.98214777
      ],
      [
       116.3516114,
       39.98215063
      ],
      [
       116.35170506,
       39.9821535
      ],
      [
       116.35179868,
       39.98215637
      ],
      [
       116.35189229,
       39.98215923
      ],
      [
       116.35198603,
       39.9821621
      ],
      [
       116.35198618,
       39.98216211
      ],
      [
       116.35207973,
       39.98216505
      ],
      [
       116.3521732,
       39.98216792
      ],
      [
       116.35226682,
       39.98217078
      ],
      [
       116.35236034,
       39.98217364
      ],
      [
       116.35245398,
       39.98217651
      ],
      [
       116.35254759,
       39.98217937
      ],
      [
       116.35264124,
       39.98218224
      ],
      [
       116.35273495,
       39.9821851
      ],
      [
       116.35273514,
       39.98218511
      ],
      [
       116.35282867,
       39.98218806
      ],
      [
       116.35292212,
       39.98219092
      ],
      [
       116.35301577,
       39.98219379
      ],
      [
       116.35310938,
       39.98219665
      ],
      [
       116.35311243,
       39.98219674
      ],
      [
       116.35311245,
       39.98219366
      ],
      [
       116.3531129,
       39.98212147
      ],
      [
       116.35311332,
       39.98205333
      ],
      [
       116.34906228,
       39.98203065
      ],
      [
       116.34906213,
       39.98205481
      ]
     ]
    ]
   }
  },
  {
   "type": "Feature",
   "id": "BD-153",
   "properties": {
    "id": "BD-153",
    "layer": "BUILDING_FOOTPRINT",
    "building_type": "education",
    "land_use_code": "0804",
    "renewal_action": "new_build",
    "floors_above_ground": null,
    "height_m": null,
    "note_zh": "体量与高度为概念示意；官方控规强度条件未发布，不作容积率或高度结论。",
    "source_type": "agent_generated_design",
    "confidence": "low",
    "geometry_role": "design_proposal",
    "official_boundary": false,
    "boundary_precision": "provisional_rough"
   },
   "geometry": {
    "type": "Polygon",
    "coordinates": [
     [
      [
       116.34983614,
       39.98058983
      ],
      [
       116.34983671,
       39.98058984
      ],
      [
       116.34993076,
       39.98059199
      ],
      [
       116.35002483,
       39.98059404
      ],
      [
       116.35002542,
       39.98059405
      ],
      [
       116.35011934,
       39.9805962
      ],
      [
       116.35021338,
       39.98059825
      ],
      [
       116.35021395,
       39.98059826
      ],
      [
       116.350308,
       39.98060041
      ],
      [
       116.35040206,
       39.98060246
      ],
      [
       116.35040263,
       39.98060247
      ],
      [
       116.35049725,
       39.98060463
      ],
      [
       116.35059103,
       39.98060677
      ],
      [
       116.35068498,
       39.98060882
      ],
      [
       116.35068554,
       39.98060883
      ],
      [
       116.35077958,
       39.98061098
      ],
      [
       116.35087361,
       39.98061303
      ],
      [
       116.35087412,
       39.98061304
      ],
      [
       116.3509682,
       39.98061518
      ],
      [
       116.35106232,
       39.98061723
      ],
      [
       116.35106289,
       39.98061724
      ],
      [
       116.35115694,
       39.98061939
      ],
      [
       116.351251,
       39.98062144
      ],
      [
       116.35125158,
       39.98062145
      ],
      [
       116.35134552,
       39.9806236
      ],
      [
       116.35143956,
       39.98062565
      ],
      [
       116.35144013,
       39.98062566
      ],
      [
       116.35153475,
       39.98062782
      ],
      [
       116.35162852,
       39.98062996
      ],
      [
       116.35172254,
       39.98063201
      ],
      [
       116.35172305,
       39.98063202
      ],
      [
       116.35181713,
       39.98063416
      ],
      [
       116.35191126,
       39.98063621
      ],
      [
       116.35191184,
       39.98063622
      ],
      [
       116.35200578,
       39.98063837
      ],
      [
       116.35209982,
       39.98064042
      ],
      [
       116.35210039,
       39.98064043
      ],
      [
       116.35219444,
       39.98064258
      ],
      [
       116.35228846,
       39.98064463
      ],
      [
       116.35228897,
       39.98064464
      ],
      [
       116.35238305,
       39.98064678
      ],
      [
       116.3524707,
       39.98064869
      ],
      [
       116.352471,
       39.9806001
      ],
      [
       116.352471,
       39.98059965
      ],
      [
       116.35247157,
       39.98052759
      ],
      [
       116.35247201,
       39.98045577
      ],
      [
       116.35247246,
       39.98038315
      ],
      [
       116.35247246,
       39.9803827
      ],
      [
       116.35247303,
       39.98031064
      ],
      [
       116.35247347,
       39.98023849
      ],
      [
       116.35247348,
       39.980238
      ],
      [
       116.35247405,
       39.98016588
      ],
      [
       116.35247449,
       39.98009406
      ],
      [
       116.35247494,
       39.98002154
      ],
      [
       116.35247494,
       39.98002105
      ],
      [
       116.35247551,
       39.97994893
      ],
      [
       116.35247596,
       39.97987711
      ],
      [
       116.3524764,
       39.97980459
      ],
      [
       116.3524764,
       39.9798041
      ],
      [
       116.35247697,
       39.97973198
      ],
      [
       116.35247742,
       39.97966016
      ],
      [
       116.35247756,
       39.9796378
      ],
      [
       116.34999692,
       39.97962391
      ],
      [
       116.34998469,
       39.97969208
      ],
      [
       116.34997176,
       39.97976471
      ],
      [
       116.34995855,
       39.97983844
      ],
      [
       116.3499455,
       39.97991112
      ],
      [
       116.34993258,
       39.97998369
      ],
      [
       116.34991936,
       39.98005743
      ],
      [
       116.34990632,
       39.98013005
      ],
      [
       116.34989337,
       39.98020288
      ],
      [
       116.34989329,
       39.98020333
      ],
      [
       116.34988023,
       39.9802761
      ],
      [
       116.34986729,
       39.98034884
      ],
      [
       116.34986722,
       39.98034925
      ],
      [
       116.34985407,
       39.98042251
      ],
      [
       116.34984105,
       39.98049504
      ],
      [
       116.34982811,
       39.98056786
      ],
      [
       116.34982802,
       39.98056838
      ],
      [
       116.34982421,
       39.98058957
      ],
      [
       116.34983614,
       39.98058983
      ]
     ]
    ]
   }
  },
  {
   "type": "Feature",
   "id": "BD-154",
   "properties": {
    "id": "BD-154",
    "layer": "BUILDING_FOOTPRINT",
    "building_type": "education",
    "land_use_code": "0804",
    "renewal_action": "new_build",
    "floors_above_ground": null,
    "height_m": null,
    "note_zh": "体量与高度为概念示意；官方控规强度条件未发布，不作容积率或高度结论。",
    "source_type": "agent_generated_design",
    "confidence": "low",
    "geometry_role": "design_proposal",
    "official_boundary": false,
    "boundary_precision": "provisional_rough"
   },
   "geometry": {
    "type": "Polygon",
    "coordinates": [
     [
      [
       116.35247843,
       39.97951507
      ],
      [
       116.35247887,
       39.97944325
      ],
      [
       116.35247933,
       39.97937063
      ],
      [
       116.35247933,
       39.97937018
      ],
      [
       116.3524799,
       39.97929812
      ],
      [
       116.35248034,
       39.9792263
      ],
      [
       116.35248079,
       39.97915368
      ],
      [
       116.35248079,
       39.97915323
      ],
      [
       116.35248136,
       39.97908117
      ],
      [
       116.3524818,
       39.97900926
      ],
      [
       116.35248225,
       39.97893664
      ],
      [
       116.35248225,
       39.97893619
      ],
      [
       116.35248282,
       39.97886413
      ],
      [
       116.35248326,
       39.97879231
      ],
      [
       116.35248371,
       39.97871969
      ],
      [
       116.35248372,
       39.97871924
      ],
      [
       116.35248429,
       39.97864718
      ],
      [
       116.35248473,
       39.97857512
      ],
      [
       116.35248473,
       39.97857463
      ],
      [
       116.3524853,
       39.97850251
      ],
      [
       116.35248575,
       39.97843069
      ],
      [
       116.35248619,
       39.97835817
      ],
      [
       116.35248619,
       39.97835768
      ],
      [
       116.3524865,
       39.97831897
      ],
      [
       116.35243901,
       39.97831751
      ],
      [
       116.35234544,
       39.97831465
      ],
      [
       116.35225185,
       39.97831178
      ],
      [
       116.35215831,
       39.97830892
      ],
      [
       116.35206431,
       39.97830604
      ],
      [
       116.3520638,
       39.97830603
      ],
      [
       116.35197042,
       39.97830308
      ],
      [
       116.35187738,
       39.97830023
      ],
      [
       116.35178381,
       39.97829737
      ],
      [
       116.35169013,
       39.9782945
      ],
      [
       116.35159656,
       39.97829164
      ],
      [
       116.35150288,
       39.97828877
      ],
      [
       116.35147639,
       39.97828796
      ],
      [
       116.35147431,
       39.97828942
      ],
      [
       116.35140479,
       39.97833838
      ],
      [
       116.35133588,
       39.97838698
      ],
      [
       116.35126625,
       39.97843599
      ],
      [
       116.35119741,
       39.97848454
      ],
      [
       116.35112813,
       39.97853341
      ],
      [
       116.35105848,
       39.97858244
      ],
      [
       116.35098956,
       39.97863104
      ],
      [
       116.35092005,
       39.97867998
      ],
      [
       116.35085106,
       39.97872864
      ],
      [
       116.35078186,
       39.97877744
      ],
      [
       116.35071224,
       39.97882645
      ],
      [
       116.35064338,
       39.97887501
      ],
      [
       116.35057378,
       39.97892401
      ],
      [
       116.35050482,
       39.97897264
      ],
      [
       116.35043554,
       39.9790215
      ],
      [
       116.35036578,
       39.97907062
      ],
      [
       116.350297,
       39.97911903
      ],
      [
       116.35022814,
       39.97916768
      ],
      [
       116.3502275,
       39.97916813
      ],
      [
       116.35016695,
       39.97921076
      ],
      [
       116.35015586,
       39.97924169
      ],
      [
       116.35012583,
       39.97932547
      ],
      [
       116.35006353,
       39.97949942
      ],
      [
       116.35002337,
       39.97955201
      ],
      [
       116.35247803,
       39.97956575
      ],
      [
       116.35247843,
       39.97951507
      ]
     ]
    ]
   }
  },
  {
   "type": "Feature",
   "id": "BD-155",
   "properties": {
    "id": "BD-155",
    "layer": "BUILDING_FOOTPRINT",
    "building_type": "community_service",
    "land_use_code": "0702",
    "renewal_action": "new_build",
    "floors_above_ground": null,
    "height_m": null,
    "note_zh": "体量与高度为概念示意；官方控规强度条件未发布，不作容积率或高度结论。",
    "source_type": "agent_generated_design",
    "confidence": "low",
    "geometry_role": "design_proposal",
    "official_boundary": false,
    "boundary_precision": "provisional_rough"
   },
   "geometry": {
    "type": "Polygon",
    "coordinates": [
     [
      [
       116.3520232,
       39.97718334
      ],
      [
       116.35211191,
       39.97718605
      ],
      [
       116.35220555,
       39.97718892
      ],
      [
       116.35229916,
       39.97719178
      ],
      [
       116.35239288,
       39.97719465
      ],
      [
       116.35239301,
       39.97719466
      ],
      [
       116.35248656,
       39.97719761
      ],
      [
       116.35258005,
       39.97720047
      ],
      [
       116.35267365,
       39.97720333
      ],
      [
       116.35276728,
       39.97720619
      ],
      [
       116.35286092,
       39.97720906
      ],
      [
       116.35295453,
       39.97721192
      ],
      [
       116.35304817,
       39.97721479
      ],
      [
       116.35314178,
       39.97721765
      ],
      [
       116.3531832,
       39.97721892
      ],
      [
       116.35318341,
       39.97718467
      ],
      [
       116.35318341,
       39.97718455
      ],
      [
       116.35318398,
       39.97711176
      ],
      [
       116.35318443,
       39.97703901
      ],
      [
       116.35318488,
       39.9769661
      ],
      [
       116.35318488,
       39.97696598
      ],
      [
       116.35318545,
       39.97689318
      ],
      [
       116.3531859,
       39.97682044
      ],
      [
       116.35318636,
       39.97674751
      ],
      [
       116.35318637,
       39.97674741
      ],
      [
       116.35318694,
       39.97667452
      ],
      [
       116.35318738,
       39.97660178
      ],
      [
       116.35318784,
       39.97652887
      ],
      [
       116.35318784,
       39.97652875
      ],
      [
       116.35318841,
       39.97645595
      ],
      [
       116.35318886,
       39.97638321
      ],
      [
       116.35318899,
       39.97636173
      ],
      [
       116.35315529,
       39.9763855
      ],
      [
       116.35308608,
       39.97643432
      ],
      [
       116.35308599,
       39.97643438
      ],
      [
       116.35301666,
       39.97648318
      ],
      [
       116.35294753,
       39.97653186
      ],
      [
       116.35287842,
       39.97658069
      ],
      [
       116.35287826,
       39.9765808
      ],
      [
       116.35280897,
       39.97662958
      ],
      [
       116.35273987,
       39.97667832
      ],
      [
       116.35267044,
       39.9767272
      ],
      [
       116.35260129,
       39.97677589
      ],
      [
       116.35253219,
       39.97682471
      ],
      [
       116.35253204,
       39.97682482
      ],
      [
       116.35246266,
       39.97687366
      ],
      [
       116.35239344,
       39.97692239
      ],
      [
       116.35232435,
       39.97697112
      ],
      [
       116.35225507,
       39.97701999
      ],
      [
       116.35218585,
       39.9770688
      ],
      [
       116.35211645,
       39.97711767
      ],
      [
       116.3520472,
       39.97716641
      ],
      [
       116.3520232,
       39.97718334
      ]
     ]
    ]
   }
  },
  {
   "type": "Feature",
   "id": "BD-156",
   "properties": {
    "id": "BD-156",
    "layer": "BUILDING_FOOTPRINT",
    "building_type": "residential",
    "land_use_code": "0701",
    "renewal_action": "renovate",
    "floors_above_ground": null,
    "height_m": null,
    "note_zh": "体量与高度为概念示意；官方控规强度条件未发布，不作容积率或高度结论。",
    "source_type": "agent_generated_design",
    "confidence": "low",
    "geometry_role": "design_proposal",
    "official_boundary": false,
    "boundary_precision": "provisional_rough"
   },
   "geometry": {
    "type": "Polygon",
    "coordinates": [
     [
      [
       116.35132482,
       39.97170806
      ],
      [
       116.35141839,
       39.97171093
      ],
      [
       116.35151222,
       39.9717138
      ],
      [
       116.35151275,
       39.97171382
      ],
      [
       116.35160609,
       39.97171677
      ],
      [
       116.35169918,
       39.97171961
      ],
      [
       116.35179275,
       39.97172248
      ],
      [
       116.3518863,
       39.97172534
      ],
      [
       116.35197998,
       39.97172821
      ],
      [
       116.35207354,
       39.97173107
      ],
      [
       116.35216721,
       39.97173394
      ],
      [
       116.35226104,
       39.97173681
      ],
      [
       116.35226156,
       39.97173682
      ],
      [
       116.35235492,
       39.97173978
      ],
      [
       116.35244801,
       39.97174262
      ],
      [
       116.35254162,
       39.97174548
      ],
      [
       116.3526353,
       39.97174835
      ],
      [
       116.35268877,
       39.97174999
      ],
      [
       116.35268904,
       39.97170671
      ],
      [
       116.35268904,
       39.97170636
      ],
      [
       116.3526896,
       39.97163421
      ],
      [
       116.35269005,
       39.97156224
      ],
      [
       116.3526905,
       39.97148976
      ],
      [
       116.3526905,
       39.97148941
      ],
      [
       116.35269106,
       39.97141726
      ],
      [
       116.35269151,
       39.97134529
      ],
      [
       116.35269196,
       39.97127281
      ],
      [
       116.35269197,
       39.97127246
      ],
      [
       116.35269253,
       39.97120031
      ],
      [
       116.35269298,
       39.97112817
      ],
      [
       116.35269298,
       39.97112782
      ],
      [
       116.35269354,
       39.97105568
      ],
      [
       116.35269399,
       39.97098371
      ],
      [
       116.35269444,
       39.97091122
      ],
      [
       116.35269444,
       39.97091087
      ],
      [
       116.352695,
       39.97083873
      ],
      [
       116.35269545,
       39.97076679
      ],
      [
       116.35269589,
       39.9706943
      ],
      [
       116.35269589,
       39.97069389
      ],
      [
       116.35269646,
       39.97062175
      ],
      [
       116.35269691,
       39.97054975
      ],
      [
       116.35269735,
       39.97047726
      ],
      [
       116.35269736,
       39.97047685
      ],
      [
       116.35269793,
       39.97040471
      ],
      [
       116.35269837,
       39.9703328
      ],
      [
       116.35269882,
       39.97026031
      ],
      [
       116.35269882,
       39.9702599
      ],
      [
       116.35269939,
       39.97018779
      ],
      [
       116.3526997,
       39.97013596
      ],
      [
       116.35153575,
       39.97012946
      ],
      [
       116.3515315,
       39.97015331
      ],
      [
       116.35151862,
       39.97022532
      ],
      [
       116.35150578,
       39.97029713
      ],
      [
       116.35149294,
       39.97036906
      ],
      [
       116.35148007,
       39.97044102
      ],
      [
       116.35146723,
       39.97051292
      ],
      [
       116.35145435,
       39.97058494
      ],
      [
       116.35144151,
       39.97065677
      ],
      [
       116.35142862,
       39.97072892
      ],
      [
       116.35142855,
       39.97072931
      ],
      [
       116.35141562,
       39.97080098
      ],
      [
       116.35140284,
       39.97087254
      ],
      [
       116.35138998,
       39.97094452
      ],
      [
       116.35137712,
       39.97101639
      ],
      [
       116.35136429,
       39.97108829
      ],
      [
       116.35135141,
       39.97116025
      ],
      [
       116.35133858,
       39.97123215
      ],
      [
       116.3513257,
       39.97130417
      ],
      [
       116.35131286,
       39.97137597
      ],
      [
       116.35130002,
       39.9714479
      ],
      [
       116.35128715,
       39.97151987
      ],
      [
       116.35127428,
       39.97159198
      ],
      [
       116.3512742,
       39.9715924
      ],
      [
       116.35126126,
       39.97166415
      ],
      [
       116.35125379,
       39.97170589
      ],
      [
       116.35132482,
       39.97170806
      ]
     ]
    ]
   }
  },
  {
   "type": "Feature",
   "id": "BD-157",
   "properties": {
    "id": "BD-157",
    "layer": "BUILDING_FOOTPRINT",
    "building_type": "residential",
    "land_use_code": "0701",
    "renewal_action": "new_build",
    "floors_above_ground": null,
    "height_m": null,
    "note_zh": "体量与高度为概念示意；官方控规强度条件未发布，不作容积率或高度结论。",
    "source_type": "agent_generated_design",
    "confidence": "low",
    "geometry_role": "design_proposal",
    "official_boundary": false,
    "boundary_precision": "provisional_rough"
   },
   "geometry": {
    "type": "Polygon",
    "coordinates": [
     [
      [
       116.35270028,
       39.97004331
      ],
      [
       116.35270028,
       39.97004294
      ],
      [
       116.35270085,
       39.96997084
      ],
      [
       116.35270129,
       39.96989893
      ],
      [
       116.35270174,
       39.96982638
      ],
      [
       116.35270174,
       39.96982603
      ],
      [
       116.3527023,
       39.96975389
      ],
      [
       116.35270275,
       39.96968192
      ],
      [
       116.3527032,
       39.96960943
      ],
      [
       116.35270321,
       39.96960908
      ],
      [
       116.35270376,
       39.96953694
      ],
      [
       116.35270421,
       39.9694648
      ],
      [
       116.35270422,
       39.96946445
      ],
      [
       116.35270478,
       39.96939232
      ],
      [
       116.35270522,
       39.96932025
      ],
      [
       116.35270568,
       39.96924776
      ],
      [
       116.35270568,
       39.96924741
      ],
      [
       116.35270624,
       39.96917527
      ],
      [
       116.35270669,
       39.9691033
      ],
      [
       116.35270714,
       39.96903081
      ],
      [
       116.35270714,
       39.96903046
      ],
      [
       116.3527077,
       39.96895832
      ],
      [
       116.35270815,
       39.96888635
      ],
      [
       116.3527086,
       39.96881386
      ],
      [
       116.3527086,
       39.96881351
      ],
      [
       116.35270916,
       39.96874137
      ],
      [
       116.35270961,
       39.9686694
      ],
      [
       116.35271006,
       39.96859691
      ],
      [
       116.35271007,
       39.96859656
      ],
      [
       116.35271063,
       39.96852442
      ],
      [
       116.35271107,
       39.96845248
      ],
      [
       116.35271152,
       39.96837999
      ],
      [
       116.35271152,
       39.96837958
      ],
      [
       116.35271209,
       39.96830744
      ],
      [
       116.35271254,
       39.96823553
      ],
      [
       116.35271298,
       39.96816304
      ],
      [
       116.35271298,
       39.96816263
      ],
      [
       116.35271307,
       39.96815116
      ],
      [
       116.3527006,
       39.96815078
      ],
      [
       116.35260694,
       39.96814791
      ],
      [
       116.35251338,
       39.96814505
      ],
      [
       116.35241972,
       39.96814218
      ],
      [
       116.35232589,
       39.96813931
      ],
      [
       116.35232537,
       39.9681393
      ],
      [
       116.35223202,
       39.96813634
      ],
      [
       116.35213893,
       39.9681335
      ],
      [
       116.35204532,
       39.96813064
      ],
      [
       116.35195166,
       39.96812777
      ],
      [
       116.35189403,
       39.96812601
      ],
      [
       116.35189152,
       39.96813993
      ],
      [
       116.35187872,
       39.9682115
      ],
      [
       116.35186589,
       39.9682833
      ],
      [
       116.35185305,
       39.96835523
      ],
      [
       116.35184018,
       39.9684272
      ],
      [
       116.35182733,
       39.96849915
      ],
      [
       116.35181447,
       39.96857108
      ],
      [
       116.35180163,
       39.96864296
      ],
      [
       116.35178877,
       39.96871491
      ],
      [
       116.35177592,
       39.96878678
      ],
      [
       116.35176308,
       39.96885871
      ],
      [
       116.35175016,
       39.96893093
      ],
      [
       116.3517501,
       39.96893126
      ],
      [
       116.35173718,
       39.9690029
      ],
      [
       116.35172441,
       39.96907446
      ],
      [
       116.35171154,
       39.96914642
      ],
      [
       116.35169869,
       39.96921838
      ],
      [
       116.35168583,
       39.96929031
      ],
      [
       116.35167297,
       39.96936218
      ],
      [
       116.35166014,
       39.96943408
      ],
      [
       116.35164728,
       39.96950604
      ],
      [
       116.35163442,
       39.969578
      ],
      [
       116.35162156,
       39.96964992
      ],
      [
       116.35160872,
       39.96972179
      ],
      [
       116.35159583,
       39.96979394
      ],
      [
       116.35159576,
       39.96979433
      ],
      [
       116.35158282,
       39.96986605
      ],
      [
       116.35157004,
       39.96993754
      ],
      [
       116.35155719,
       39.9700095
      ],
      [
       116.35154861,
       39.97005748
      ],
      [
       116.35270015,
       39.97006391
      ],
      [
       116.35270028,
       39.97004331
      ]
     ]
    ]
   }
  },
  {
   "type": "Feature",
   "id": "BD-158",
   "properties": {
    "id": "BD-158",
    "layer": "BUILDING_FOOTPRINT",
    "building_type": "community_service",
    "land_use_code": "0702",
    "renewal_action": "new_build",
    "floors_above_ground": null,
    "height_m": null,
    "note_zh": "体量与高度为概念示意；官方控规强度条件未发布，不作容积率或高度结论。",
    "source_type": "agent_generated_design",
    "confidence": "low",
    "geometry_role": "design_proposal",
    "official_boundary": false,
    "boundary_precision": "provisional_rough"
   },
   "geometry": {
    "type": "Polygon",
    "coordinates": [
     [
      [
       116.35191103,
       39.96683399
      ],
      [
       116.3520046,
       39.96683685
      ],
      [
       116.35209824,
       39.96683972
      ],
      [
       116.35219182,
       39.96684258
      ],
      [
       116.35228564,
       39.96684545
      ],
      [
       116.35228593,
       39.96684546
      ],
      [
       116.35237939,
       39.96684841
      ],
      [
       116.35247268,
       39.96685127
      ],
      [
       116.35256626,
       39.96685413
      ],
      [
       116.3526599,
       39.966857
      ],
      [
       116.35275348,
       39.96685986
      ],
      [
       116.35284709,
       39.96686272
      ],
      [
       116.35294073,
       39.96686559
      ],
      [
       116.35296666,
       39.96686638
      ],
      [
       116.35296679,
       39.96684506
      ],
      [
       116.35296679,
       39.96684483
      ],
      [
       116.35296735,
       39.96677264
      ],
      [
       116.3529678,
       39.96670055
      ],
      [
       116.35296825,
       39.96662803
      ],
      [
       116.35296826,
       39.96662779
      ],
      [
       116.35296882,
       39.9665556
      ],
      [
       116.35296926,
       39.96648353
      ],
      [
       116.35296971,
       39.9664111
      ],
      [
       116.35296971,
       39.96641082
      ],
      [
       116.35297028,
       39.96633862
      ],
      [
       116.35297073,
       39.96626644
      ],
      [
       116.35297073,
       39.96626621
      ],
      [
       116.35297129,
       39.96619401
      ],
      [
       116.35297174,
       39.96612194
      ],
      [
       116.35297218,
       39.96604952
      ],
      [
       116.35297218,
       39.96604924
      ],
      [
       116.35297275,
       39.96597704
      ],
      [
       116.3529732,
       39.96590499
      ],
      [
       116.35297364,
       39.96583257
      ],
      [
       116.35297364,
       39.96583229
      ],
      [
       116.35297421,
       39.96576011
      ],
      [
       116.35297465,
       39.96568806
      ],
      [
       116.35297498,
       39.96563528
      ],
      [
       116.35209312,
       39.96563035
      ],
      [
       116.35208631,
       39.96566845
      ],
      [
       116.35207347,
       39.96574039
      ],
      [
       116.35206059,
       39.96581237
      ],
      [
       116.35204775,
       39.9658842
      ],
      [
       116.35203491,
       39.96595614
      ],
      [
       116.35202205,
       39.96602809
      ],
      [
       116.35200919,
       39.96610005
      ],
      [
       116.35199634,
       39.96617196
      ],
      [
       116.35198347,
       39.96624396
      ],
      [
       116.35198343,
       39.96624417
      ],
      [
       116.35197048,
       39.96631605
      ],
      [
       116.35195768,
       39.96638768
      ],
      [
       116.35194483,
       39.96645962
      ],
      [
       116.35193196,
       39.9665316
      ],
      [
       116.35191912,
       39.96660343
      ],
      [
       116.35190627,
       39.96667537
      ],
      [
       116.35189342,
       39.96674732
      ],
      [
       116.35188056,
       39.96681928
      ],
      [
       116.35187811,
       39.96683298
      ],
      [
       116.35191103,
       39.96683399
      ]
     ]
    ]
   }
  },
  {
   "type": "Feature",
   "id": "BD-159",
   "properties": {
    "id": "BD-159",
    "layer": "BUILDING_FOOTPRINT",
    "building_type": "community_service",
    "land_use_code": "0702",
    "renewal_action": "new_build",
    "floors_above_ground": null,
    "height_m": null,
    "note_zh": "体量与高度为概念示意；官方控规强度条件未发布，不作容积率或高度结论。",
    "source_type": "agent_generated_design",
    "confidence": "low",
    "geometry_role": "design_proposal",
    "official_boundary": false,
    "boundary_precision": "provisional_rough"
   },
   "geometry": {
    "type": "Polygon",
    "coordinates": [
     [
      [
       116.35297567,
       39.96554316
      ],
      [
       116.35297611,
       39.96547103
      ],
      [
       116.35297656,
       39.96539855
      ],
      [
       116.35297657,
       39.96539832
      ],
      [
       116.35297713,
       39.96532612
      ],
      [
       116.35297757,
       39.96525403
      ],
      [
       116.35297803,
       39.9651816
      ],
      [
       116.35297803,
       39.96518137
      ],
      [
       116.35297859,
       39.96510917
      ],
      [
       116.35297904,
       39.96503708
      ],
      [
       116.35297949,
       39.96496465
      ],
      [
       116.35297949,
       39.96496442
      ],
      [
       116.35298005,
       39.96489222
      ],
      [
       116.3529805,
       39.96482013
      ],
      [
       116.35298095,
       39.9647477
      ],
      [
       116.35298095,
       39.96474747
      ],
      [
       116.35298151,
       39.96467527
      ],
      [
       116.35298196,
       39.96460306
      ],
      [
       116.35298196,
       39.96460283
      ],
      [
       116.35298252,
       39.96453064
      ],
      [
       116.35298297,
       39.96445857
      ],
      [
       116.35298341,
       39.96438614
      ],
      [
       116.35298341,
       39.96438586
      ],
      [
       116.35298398,
       39.96431367
      ],
      [
       116.35298443,
       39.96424153
      ],
      [
       116.35298487,
       39.9641691
      ],
      [
       116.35298488,
       39.96416882
      ],
      [
       116.35298544,
       39.96409663
      ],
      [
       116.35298546,
       39.96409472
      ],
      [
       116.35294969,
       39.96409392
      ],
      [
       116.35285509,
       39.96409177
      ],
      [
       116.35276035,
       39.96408972
      ],
      [
       116.35276004,
       39.96408971
      ],
      [
       116.35266487,
       39.96408756
      ],
      [
       116.35257027,
       39.96408541
      ],
      [
       116.35247552,
       39.96408336
      ],
      [
       116.35247517,
       39.96408335
      ],
      [
       116.35238001,
       39.96408118
      ],
      [
       116.35237021,
       39.96408096
      ],
      [
       116.35236928,
       39.96408617
      ],
      [
       116.35235641,
       39.96415813
      ],
      [
       116.35234357,
       39.96422999
      ],
      [
       116.35233073,
       39.96430193
      ],
      [
       116.35231787,
       39.96437387
      ],
      [
       116.35230499,
       39.96444597
      ],
      [
       116.35230494,
       39.96444623
      ],
      [
       116.35229199,
       39.964518
      ],
      [
       116.35227919,
       39.9645896
      ],
      [
       116.35226635,
       39.96466154
      ],
      [
       116.35225349,
       39.96473347
      ],
      [
       116.35224065,
       39.96480541
      ],
      [
       116.35222779,
       39.96487736
      ],
      [
       116.35221493,
       39.96494924
      ],
      [
       116.35220209,
       39.96502116
      ],
      [
       116.35218924,
       39.96509308
      ],
      [
       116.35217639,
       39.96516502
      ],
      [
       116.35216353,
       39.96523698
      ],
      [
       116.35215067,
       39.96530886
      ],
      [
       116.35213781,
       39.96538092
      ],
      [
       116.35213776,
       39.9653812
      ],
      [
       116.35212481,
       39.96545298
      ],
      [
       116.35211201,
       39.96552459
      ],
      [
       116.35210598,
       39.96555838
      ],
      [
       116.35297552,
       39.96556323
      ],
      [
       116.35297567,
       39.96554316
      ]
     ]
    ]
   }
  },
  {
   "type": "Feature",
   "id": "BD-160",
   "properties": {
    "id": "BD-160",
    "layer": "BUILDING_FOOTPRINT",
    "building_type": "community_service",
    "land_use_code": "0702",
    "renewal_action": "new_build",
    "floors_above_ground": null,
    "height_m": null,
    "note_zh": "体量与高度为概念示意；官方控规强度条件未发布，不作容积率或高度结论。",
    "source_type": "agent_generated_design",
    "confidence": "low",
    "geometry_role": "design_proposal",
    "official_boundary": false,
    "boundary_precision": "provisional_rough"
   },
   "geometry": {
    "type": "Polygon",
    "coordinates": [
     [
      [
       116.35227495,
       39.96314017
      ],
      [
       116.35236411,
       39.96314212
      ],
      [
       116.35236429,
       39.96314212
      ],
      [
       116.35245805,
       39.96314427
      ],
      [
       116.35255169,
       39.96314632
      ],
      [
       116.35255187,
       39.96314632
      ],
      [
       116.35264562,
       39.96314847
      ],
      [
       116.35273938,
       39.96315052
      ],
      [
       116.35273956,
       39.96315052
      ],
      [
       116.3528332,
       39.96315267
      ],
      [
       116.35292687,
       39.96315471
      ],
      [
       116.35302071,
       39.96315678
      ],
      [
       116.35302085,
       39.96315678
      ],
      [
       116.35311462,
       39.96315892
      ],
      [
       116.35320828,
       39.96316098
      ],
      [
       116.35320842,
       39.96316098
      ],
      [
       116.35325269,
       39.96316199
      ],
      [
       116.35325272,
       39.96315767
      ],
      [
       116.35325272,
       39.96315755
      ],
      [
       116.35325328,
       39.96308529
      ],
      [
       116.35325373,
       39.963013
      ],
      [
       116.35325418,
       39.96294063
      ],
      [
       116.35325418,
       39.96294051
      ],
      [
       116.35325474,
       39.96286825
      ],
      [
       116.35325519,
       39.96279605
      ],
      [
       116.35325564,
       39.96272368
      ],
      [
       116.35325564,
       39.96272356
      ],
      [
       116.35325585,
       39.9626976
      ],
      [
       116.35322301,
       39.9626966
      ],
      [
       116.35312932,
       39.96269374
      ],
      [
       116.35312914,
       39.96269373
      ],
      [
       116.35303563,
       39.96269077
      ],
      [
       116.35294221,
       39.96268792
      ],
      [
       116.35284858,
       39.96268505
      ],
      [
       116.352755,
       39.96268219
      ],
      [
       116.35266139,
       39.96267933
      ],
      [
       116.35256777,
       39.96267646
      ],
      [
       116.35247418,
       39.9626736
      ],
      [
       116.35238047,
       39.96267073
      ],
      [
       116.35238033,
       39.96267072
      ],
      [
       116.35235907,
       39.96267005
      ],
      [
       116.35235175,
       39.96271098
      ],
      [
       116.35235173,
       39.9627111
      ],
      [
       116.35233879,
       39.96278292
      ],
      [
       116.35232595,
       39.96285477
      ],
      [
       116.3523131,
       39.96292666
      ],
      [
       116.35230025,
       39.96299862
      ],
      [
       116.3522874,
       39.96307054
      ],
      [
       116.35227495,
       39.96314017
      ]
     ]
    ]
   }
  },
  {
   "type": "Feature",
   "id": "BD-161",
   "properties": {
    "id": "BD-161",
    "layer": "BUILDING_FOOTPRINT",
    "building_type": "mobility_hub",
    "land_use_code": "0805",
    "renewal_action": "renovate",
    "floors_above_ground": null,
    "height_m": null,
    "note_zh": "体量与高度为概念示意；官方控规强度条件未发布，不作容积率或高度结论。",
    "source_type": "agent_generated_design",
    "confidence": "low",
    "geometry_role": "design_proposal",
    "official_boundary": false,
    "boundary_precision": "provisional_rough"
   },
   "geometry": {
    "type": "Polygon",
    "coordinates": [
     [
      [
       116.35259369,
       39.96197159
      ],
      [
       116.3526873,
       39.96197445
      ],
      [
       116.35278094,
       39.96197733
      ],
      [
       116.35278113,
       39.96197733
      ],
      [
       116.35287464,
       39.96198028
      ],
      [
       116.35296802,
       39.96198314
      ],
      [
       116.3530616,
       39.961986
      ],
      [
       116.3531552,
       39.96198886
      ],
      [
       116.35316225,
       39.96198908
      ],
      [
       116.3531623,
       39.96198058
      ],
      [
       116.3531623,
       39.96198041
      ],
      [
       116.35316287,
       39.96190764
      ],
      [
       116.35316332,
       39.96183496
      ],
      [
       116.35316377,
       39.96176201
      ],
      [
       116.35316377,
       39.96176184
      ],
      [
       116.35316434,
       39.96168896
      ],
      [
       116.3531648,
       39.96161629
      ],
      [
       116.35316525,
       39.96154335
      ],
      [
       116.35316525,
       39.96154318
      ],
      [
       116.35316582,
       39.96147041
      ],
      [
       116.35316627,
       39.96139772
      ],
      [
       116.35316672,
       39.96132478
      ],
      [
       116.35316672,
       39.96132461
      ],
      [
       116.35316729,
       39.96125184
      ],
      [
       116.35316774,
       39.96117915
      ],
      [
       116.3531682,
       39.96110611
      ],
      [
       116.3531682,
       39.96110597
      ],
      [
       116.35316876,
       39.96103318
      ],
      [
       116.35316922,
       39.96096048
      ],
      [
       116.35316965,
       39.96089221
      ],
      [
       116.35277661,
       39.96089002
      ],
      [
       116.35277069,
       39.96092313
      ],
      [
       116.35275783,
       39.96099517
      ],
      [
       116.3527578,
       39.96099535
      ],
      [
       116.35274485,
       39.96106718
      ],
      [
       116.35273203,
       39.9611389
      ],
      [
       116.35271917,
       39.96121087
      ],
      [
       116.35270632,
       39.96128277
      ],
      [
       116.35269347,
       39.96135464
      ],
      [
       116.35268063,
       39.96142659
      ],
      [
       116.35266777,
       39.9614985
      ],
      [
       116.35265493,
       39.96157045
      ],
      [
       116.35264207,
       39.96164239
      ],
      [
       116.35262923,
       39.96171425
      ],
      [
       116.35261638,
       39.9617862
      ],
      [
       116.35260351,
       39.96185821
      ],
      [
       116.35260348,
       39.96185836
      ],
      [
       116.35259053,
       39.96193027
      ],
      [
       116.3525832,
       39.96197127
      ],
      [
       116.35259369,
       39.96197159
      ]
     ]
    ]
   }
  },
  {
   "type": "Feature",
   "id": "BD-162",
   "properties": {
    "id": "BD-162",
    "layer": "BUILDING_FOOTPRINT",
    "building_type": "mobility_hub",
    "land_use_code": "0805",
    "renewal_action": "new_build",
    "floors_above_ground": null,
    "height_m": null,
    "note_zh": "体量与高度为概念示意；官方控规强度条件未发布，不作容积率或高度结论。",
    "source_type": "agent_generated_design",
    "confidence": "low",
    "geometry_role": "design_proposal",
    "official_boundary": false,
    "boundary_precision": "provisional_rough"
   },
   "geometry": {
    "type": "Polygon",
    "coordinates": [
     [
      [
       116.35317025,
       39.96081461
      ],
      [
       116.35317069,
       39.96074192
      ],
      [
       116.35317115,
       39.96066897
      ],
      [
       116.35317115,
       39.9606688
      ],
      [
       116.35317172,
       39.96059604
      ],
      [
       116.35317217,
       39.96052326
      ],
      [
       116.35317263,
       39.96045029
      ],
      [
       116.35317263,
       39.96045013
      ],
      [
       116.3531732,
       39.96037738
      ],
      [
       116.35317365,
       39.96030469
      ],
      [
       116.3531741,
       39.96023174
      ],
      [
       116.3531741,
       39.96023157
      ],
      [
       116.35317467,
       39.9601588
      ],
      [
       116.35317512,
       39.96008612
      ],
      [
       116.35317557,
       39.96001317
      ],
      [
       116.35317557,
       39.960013
      ],
      [
       116.35317614,
       39.95994014
      ],
      [
       116.35317659,
       39.95986746
      ],
      [
       116.35317705,
       39.95979449
      ],
      [
       116.35317705,
       39.95979433
      ],
      [
       116.35317762,
       39.95972157
      ],
      [
       116.35317807,
       39.95964888
      ],
      [
       116.35317852,
       39.95957594
      ],
      [
       116.35317852,
       39.95957577
      ],
      [
       116.35317909,
       39.959503
      ],
      [
       116.35317954,
       39.95943031
      ],
      [
       116.35317999,
       39.95935729
      ],
      [
       116.35317999,
       39.95935711
      ],
      [
       116.35318056,
       39.95928434
      ],
      [
       116.35318101,
       39.95921165
      ],
      [
       116.35318147,
       39.95913868
      ],
      [
       116.35318147,
       39.95913852
      ],
      [
       116.35318204,
       39.95906577
      ],
      [
       116.35318249,
       39.95899308
      ],
      [
       116.35318294,
       39.95892013
      ],
      [
       116.35318295,
       39.95891996
      ],
      [
       116.35318352,
       39.9588472
      ],
      [
       116.35318396,
       39.95877442
      ],
      [
       116.35318442,
       39.95870147
      ],
      [
       116.35318442,
       39.9587013
      ],
      [
       116.35318499,
       39.95862853
      ],
      [
       116.35318513,
       39.95860472
      ],
      [
       116.35318211,
       39.95862164
      ],
      [
       116.35316926,
       39.95869356
      ],
      [
       116.35315641,
       39.95876543
      ],
      [
       116.35314356,
       39.95883739
      ],
      [
       116.35313071,
       39.9589093
      ],
      [
       116.35311786,
       39.95898125
      ],
      [
       116.35310502,
       39.95905315
      ],
      [
       116.35309217,
       39.95912505
      ],
      [
       116.35307931,
       39.9591971
      ],
      [
       116.35307927,
       39.9591973
      ],
      [
       116.35306632,
       39.9592691
      ],
      [
       116.3530535,
       39.9593408
      ],
      [
       116.35304066,
       39.95941276
      ],
      [
       116.3530278,
       39.95948466
      ],
      [
       116.35301496,
       39.95955661
      ],
      [
       116.3530021,
       39.95962855
      ],
      [
       116.35298925,
       39.95970042
      ],
      [
       116.35297641,
       39.95977237
      ],
      [
       116.35296356,
       39.95984428
      ],
      [
       116.35295071,
       39.95991623
      ],
      [
       116.35293785,
       39.95998817
      ],
      [
       116.35292499,
       39.96006013
      ],
      [
       116.35292496,
       39.96006027
      ],
      [
       116.35291201,
       39.96013218
      ],
      [
       116.35289919,
       39.9602039
      ],
      [
       116.35288634,
       39.96027585
      ],
      [
       116.35287348,
       39.96034778
      ],
      [
       116.35286064,
       39.96041965
      ],
      [
       116.35284779,
       39.9604916
      ],
      [
       116.35283494,
       39.96056352
      ],
      [
       116.35282209,
       39.96063547
      ],
      [
       116.35280924,
       39.9607074
      ],
      [
       116.35279639,
       39.96077927
      ],
      [
       116.35278947,
       39.96081804
      ],
      [
       116.3531702,
       39.96082016
      ],
      [
       116.35317025,
       39.96081461
      ]
     ]
    ]
   }
  },
  {
   "type": "Feature",
   "id": "BD-163",
   "properties": {
    "id": "BD-163",
    "layer": "BUILDING_FOOTPRINT",
    "building_type": "mobility_hub",
    "land_use_code": "0805",
    "renewal_action": "new_build",
    "floors_above_ground": null,
    "height_m": null,
    "note_zh": "体量与高度为概念示意；官方控规强度条件未发布，不作容积率或高度结论。",
    "source_type": "agent_generated_design",
    "confidence": "low",
    "geometry_role": "design_proposal",
    "official_boundary": false,
    "boundary_precision": "provisional_rough"
   },
   "geometry": {
    "type": "Polygon",
    "coordinates": [
     [
      [
       116.35321015,
       39.95712822
      ],
      [
       116.35327347,
       39.95713017
      ],
      [
       116.35336711,
       39.95713303
      ],
      [
       116.35336719,
       39.95713303
      ],
      [
       116.35343177,
       39.95713507
      ],
      [
       116.35343209,
       39.95708477
      ],
      [
       116.35343209,
       39.95708471
      ],
      [
       116.35343265,
       39.95701243
      ],
      [
       116.3534331,
       39.95694005
      ],
      [
       116.3534331,
       39.95693999
      ],
      [
       116.35343366,
       39.95686771
      ],
      [
       116.35343411,
       39.95679545
      ],
      [
       116.35343455,
       39.9567231
      ],
      [
       116.35343455,
       39.95672304
      ],
      [
       116.35343512,
       39.95665075
      ],
      [
       116.35343557,
       39.9565785
      ],
      [
       116.35343601,
       39.95650615
      ],
      [
       116.35343601,
       39.95650609
      ],
      [
       116.35343658,
       39.9564338
      ],
      [
       116.35343702,
       39.95636155
      ],
      [
       116.35343747,
       39.9562892
      ],
      [
       116.35343747,
       39.95628914
      ],
      [
       116.35343803,
       39.95621685
      ],
      [
       116.35343848,
       39.95614459
      ],
      [
       116.35343893,
       39.95607225
      ],
      [
       116.35343893,
       39.95607219
      ],
      [
       116.35343949,
       39.9559999
      ],
      [
       116.35343994,
       39.95592764
      ],
      [
       116.35344039,
       39.9558553
      ],
      [
       116.35344039,
       39.95585524
      ],
      [
       116.35344051,
       39.95583937
      ],
      [
       116.35343616,
       39.95586376
      ],
      [
       116.35342331,
       39.95593566
      ],
      [
       116.35341046,
       39.95600754
      ],
      [
       116.35339761,
       39.95607951
      ],
      [
       116.35338477,
       39.9561514
      ],
      [
       116.35337192,
       39.95622338
      ],
      [
       116.35335907,
       39.95629528
      ],
      [
       116.35334622,
       39.95636716
      ],
      [
       116.35333337,
       39.95643913
      ],
      [
       116.35332052,
       39.95651103
      ],
      [
       116.35330755,
       39.95658306
      ],
      [
       116.35329471,
       39.95665489
      ],
      [
       116.35328186,
       39.95672678
      ],
      [
       116.35326901,
       39.95679875
      ],
      [
       116.35325616,
       39.95687065
      ],
      [
       116.35324331,
       39.95694261
      ],
      [
       116.35323047,
       39.9570145
      ],
      [
       116.35321762,
       39.9570864
      ],
      [
       116.35321015,
       39.95712822
      ]
     ]
    ]
   }
  },
  {
   "type": "Feature",
   "id": "BD-164",
   "properties": {
    "id": "BD-164",
    "layer": "BUILDING_FOOTPRINT",
    "building_type": "cultural",
    "land_use_code": "0803",
    "renewal_action": "new_build",
    "floors_above_ground": null,
    "height_m": null,
    "note_zh": "体量与高度为概念示意；官方控规强度条件未发布，不作容积率或高度结论。",
    "source_type": "agent_generated_design",
    "confidence": "low",
    "geometry_role": "design_proposal",
    "official_boundary": false,
    "boundary_precision": "provisional_rough"
   },
   "geometry": {
    "type": "Polygon",
    "coordinates": [
     [
      [
       116.34401969,
       39.98709958
      ],
      [
       116.34403046,
       39.9870999
      ],
      [
       116.34412474,
       39.98710279
      ],
      [
       116.34412481,
       39.98710279
      ],
      [
       116.34421899,
       39.98710575
      ],
      [
       116.34431313,
       39.98710861
      ],
      [
       116.34440736,
       39.98711149
      ],
      [
       116.34450162,
       39.98711436
      ],
      [
       116.34450171,
       39.98711437
      ],
      [
       116.34458244,
       39.98711691
      ],
      [
       116.3445844,
       39.98704487
      ],
      [
       116.34458627,
       39.98697187
      ],
      [
       116.34458627,
       39.98697181
      ],
      [
       116.34458825,
       39.98689866
      ],
      [
       116.34459024,
       39.98682553
      ],
      [
       116.34459223,
       39.98675251
      ],
      [
       116.34459421,
       39.98667939
      ],
      [
       116.3445962,
       39.98660643
      ],
      [
       116.34459807,
       39.98653334
      ],
      [
       116.34459807,
       39.98653328
      ],
      [
       116.34460006,
       39.98646013
      ],
      [
       116.34460204,
       39.9863871
      ],
      [
       116.34460403,
       39.98631398
      ],
      [
       116.34460601,
       39.98624086
      ],
      [
       116.34460725,
       39.98619553
      ],
      [
       116.34458414,
       39.98623104
      ],
      [
       116.34454221,
       39.98629569
      ],
      [
       116.34454216,
       39.98629577
      ],
      [
       116.34450008,
       39.98636039
      ],
      [
       116.34445807,
       39.98642501
      ],
      [
       116.34441613,
       39.98648969
      ],
      [
       116.34441608,
       39.98648976
      ],
      [
       116.34437401,
       39.98655439
      ],
      [
       116.34433198,
       39.98661904
      ],
      [
       116.34429006,
       39.98668361
      ],
      [
       116.34424795,
       39.98674837
      ],
      [
       116.34420591,
       39.98681294
      ],
      [
       116.34416399,
       39.98687758
      ],
      [
       116.34416396,
       39.98687764
      ],
      [
       116.34412189,
       39.98694234
      ],
      [
       116.34407997,
       39.98700691
      ],
      [
       116.34403786,
       39.98707167
      ],
      [
       116.34401969,
       39.98709958
      ]
     ]
    ]
   }
  },
  {
   "type": "Feature",
   "id": "BD-165",
   "properties": {
    "id": "BD-165",
    "layer": "BUILDING_FOOTPRINT",
    "building_type": "cultural",
    "land_use_code": "0803",
    "renewal_action": "new_build",
    "floors_above_ground": null,
    "height_m": null,
    "note_zh": "体量与高度为概念示意；官方控规强度条件未发布，不作容积率或高度结论。",
    "source_type": "agent_generated_design",
    "confidence": "low",
    "geometry_role": "design_proposal",
    "official_boundary": false,
    "boundary_precision": "provisional_rough"
   },
   "geometry": {
    "type": "Polygon",
    "coordinates": [
     [
      [
       116.3426665,
       39.9898028
      ],
      [
       116.3426668,
       39.98980281
      ],
      [
       116.34276112,
       39.98980496
      ],
      [
       116.34285532,
       39.98980702
      ],
      [
       116.34285562,
       39.98980703
      ],
      [
       116.34294997,
       39.98980918
      ],
      [
       116.34304418,
       39.98981125
      ],
      [
       116.34304442,
       39.98981126
      ],
      [
       116.3431389,
       39.98981341
      ],
      [
       116.34323314,
       39.98981556
      ],
      [
       116.34332734,
       39.98981763
      ],
      [
       116.34332758,
       39.98981764
      ],
      [
       116.34342193,
       39.98981978
      ],
      [
       116.34351616,
       39.98982185
      ],
      [
       116.3435164,
       39.98982186
      ],
      [
       116.34361075,
       39.989824
      ],
      [
       116.34370499,
       39.98982607
      ],
      [
       116.34370523,
       39.98982608
      ],
      [
       116.34379945,
       39.98982822
      ],
      [
       116.34389381,
       39.98983029
      ],
      [
       116.3438941,
       39.9898303
      ],
      [
       116.34398855,
       39.98983246
      ],
      [
       116.34408274,
       39.9898346
      ],
      [
       116.34417698,
       39.98983667
      ],
      [
       116.34417722,
       39.98983668
      ],
      [
       116.34420024,
       39.9898372
      ],
      [
       116.34420074,
       39.9898174
      ],
      [
       116.34420075,
       39.9898172
      ],
      [
       116.34420273,
       39.98974399
      ],
      [
       116.34420472,
       39.98967093
      ],
      [
       116.3442067,
       39.98959784
      ],
      [
       116.34420869,
       39.98952468
      ],
      [
       116.34421068,
       39.98945187
      ],
      [
       116.34421255,
       39.98937887
      ],
      [
       116.34421255,
       39.98937868
      ],
      [
       116.34421454,
       39.98930546
      ],
      [
       116.34421653,
       39.98923239
      ],
      [
       116.34421852,
       39.98915928
      ],
      [
       116.3442205,
       39.98908627
      ],
      [
       116.34422114,
       39.98906265
      ],
      [
       116.34309321,
       39.98905626
      ],
      [
       116.34305348,
       39.98911745
      ],
      [
       116.34301128,
       39.98918234
      ],
      [
       116.34296928,
       39.98924684
      ],
      [
       116.34292744,
       39.98931137
      ],
      [
       116.34292732,
       39.98931156
      ],
      [
       116.34288519,
       39.98937634
      ],
      [
       116.34284319,
       39.98944085
      ],
      [
       116.34280132,
       39.98950541
      ],
      [
       116.34280117,
       39.98950565
      ],
      [
       116.34275907,
       39.98957031
      ],
      [
       116.34271716,
       39.98963476
      ],
      [
       116.34267525,
       39.98969941
      ],
      [
       116.34267507,
       39.98969968
      ],
      [
       116.34263298,
       39.98976432
      ],
      [
       116.34260877,
       39.98980154
      ],
      [
       116.3426665,
       39.9898028
      ]
     ]
    ]
   }
  },
  {
   "type": "Feature",
   "id": "BD-166",
   "properties": {
    "id": "BD-166",
    "layer": "BUILDING_FOOTPRINT",
    "building_type": "cultural",
    "land_use_code": "0803",
    "renewal_action": "renovate",
    "floors_above_ground": null,
    "height_m": null,
    "note_zh": "体量与高度为概念示意；官方控规强度条件未发布，不作容积率或高度结论。",
    "source_type": "agent_generated_design",
    "confidence": "low",
    "geometry_role": "design_proposal",
    "official_boundary": false,
    "boundary_precision": "provisional_rough"
   },
   "geometry": {
    "type": "Polygon",
    "coordinates": [
     [
      [
       116.34422447,
       39.98894024
      ],
      [
       116.34422633,
       39.98886733
      ],
      [
       116.34422634,
       39.9888671
      ],
      [
       116.34422833,
       39.98879386
      ],
      [
       116.34423032,
       39.98872084
      ],
      [
       116.3442323,
       39.98864775
      ],
      [
       116.34423429,
       39.98857459
      ],
      [
       116.34423628,
       39.98850178
      ],
      [
       116.34423814,
       39.98842878
      ],
      [
       116.34423815,
       39.98842859
      ],
      [
       116.34424013,
       39.98835537
      ],
      [
       116.34424212,
       39.98828231
      ],
      [
       116.3442441,
       39.98820922
      ],
      [
       116.34424609,
       39.98813615
      ],
      [
       116.34424808,
       39.98806306
      ],
      [
       116.34425006,
       39.98799015
      ],
      [
       116.34425193,
       39.98791721
      ],
      [
       116.34425193,
       39.987917
      ],
      [
       116.34425393,
       39.98784379
      ],
      [
       116.34425541,
       39.98778902
      ],
      [
       116.34419423,
       39.98778715
      ],
      [
       116.34409986,
       39.98778428
      ],
      [
       116.34409955,
       39.98778427
      ],
      [
       116.34400548,
       39.9877813
      ],
      [
       116.34392348,
       39.98777881
      ],
      [
       116.34389381,
       39.98782443
      ],
      [
       116.34385192,
       39.98788896
      ],
      [
       116.34380979,
       39.98795374
      ],
      [
       116.3437679,
       39.98801826
      ],
      [
       116.34372572,
       39.98808313
      ],
      [
       116.34368372,
       39.98814773
      ],
      [
       116.34364182,
       39.98821226
      ],
      [
       116.34359962,
       39.98827714
      ],
      [
       116.34355764,
       39.98834164
      ],
      [
       116.34351576,
       39.98840622
      ],
      [
       116.3435156,
       39.98840647
      ],
      [
       116.3434735,
       39.98847112
      ],
      [
       116.3434316,
       39.98853557
      ],
      [
       116.34338968,
       39.98860021
      ],
      [
       116.34338952,
       39.98860045
      ],
      [
       116.34334743,
       39.98866511
      ],
      [
       116.34330546,
       39.98872964
      ],
      [
       116.34326358,
       39.98879415
      ],
      [
       116.3432215,
       39.98885887
      ],
      [
       116.34317957,
       39.98892352
      ],
      [
       116.34317941,
       39.98892377
      ],
      [
       116.34313988,
       39.98898448
      ],
      [
       116.3442231,
       39.98899061
      ],
      [
       116.34422447,
       39.98894024
      ]
     ]
    ]
   }
  },
  {
   "type": "Feature",
   "id": "BD-167",
   "properties": {
    "id": "BD-167",
    "layer": "BUILDING_FOOTPRINT",
    "building_type": "ai_r_and_d",
    "land_use_code": "0802",
    "renewal_action": "new_build",
    "floors_above_ground": null,
    "height_m": null,
    "note_zh": "体量与高度为概念示意；官方控规强度条件未发布，不作容积率或高度结论。",
    "source_type": "agent_generated_design",
    "confidence": "low",
    "geometry_role": "design_proposal",
    "official_boundary": false,
    "boundary_precision": "provisional_rough"
   },
   "geometry": {
    "type": "Polygon",
    "coordinates": [
     [
      [
       116.34310588,
       40.01219543
      ],
      [
       116.34320019,
       40.0121983
      ],
      [
       116.34320034,
       40.0121983
      ],
      [
       116.34329453,
       40.01220127
      ],
      [
       116.34338864,
       40.01220414
      ],
      [
       116.34348299,
       40.01220702
      ],
      [
       116.34348311,
       40.01220702
      ],
      [
       116.3435773,
       40.01220998
      ],
      [
       116.34367144,
       40.01221286
      ],
      [
       116.34376568,
       40.01221574
      ],
      [
       116.34382406,
       40.01221751
      ],
      [
       116.34382418,
       40.01221292
      ],
      [
       116.34382616,
       40.01214079
      ],
      [
       116.34382814,
       40.01206867
      ],
      [
       116.34383,
       40.0119966
      ],
      [
       116.34383,
       40.0119965
      ],
      [
       116.34383199,
       40.01192432
      ],
      [
       116.34383396,
       40.0118522
      ],
      [
       116.34383582,
       40.01178013
      ],
      [
       116.34383582,
       40.01178002
      ],
      [
       116.34383781,
       40.01170775
      ],
      [
       116.34383978,
       40.01163573
      ],
      [
       116.34384164,
       40.01156357
      ],
      [
       116.34384164,
       40.01156346
      ],
      [
       116.34384363,
       40.01149127
      ],
      [
       116.34384561,
       40.01141915
      ],
      [
       116.34384758,
       40.01134704
      ],
      [
       116.34384944,
       40.01127497
      ],
      [
       116.34384945,
       40.01127486
      ],
      [
       116.34385143,
       40.01120259
      ],
      [
       116.3438534,
       40.01113056
      ],
      [
       116.34385526,
       40.01105841
      ],
      [
       116.34385527,
       40.0110583
      ],
      [
       116.34385725,
       40.01098611
      ],
      [
       116.34385779,
       40.01096635
      ],
      [
       116.34332787,
       40.01096335
      ],
      [
       116.34332488,
       40.01097655
      ],
      [
       116.34330875,
       40.01104769
      ],
      [
       116.34329274,
       40.01111887
      ],
      [
       116.34329272,
       40.01111896
      ],
      [
       116.34327656,
       40.01119033
      ],
      [
       116.34326042,
       40.01126159
      ],
      [
       116.3432443,
       40.01133272
      ],
      [
       116.34322828,
       40.01140391
      ],
      [
       116.34322826,
       40.01140401
      ],
      [
       116.34321211,
       40.0114753
      ],
      [
       116.34319596,
       40.01154653
      ],
      [
       116.34317985,
       40.01161774
      ],
      [
       116.34316382,
       40.01168895
      ],
      [
       116.3431638,
       40.01168905
      ],
      [
       116.34314765,
       40.01176034
      ],
      [
       116.34313151,
       40.01183157
      ],
      [
       116.34311538,
       40.01190271
      ],
      [
       116.34309938,
       40.01197389
      ],
      [
       116.34309936,
       40.01197398
      ],
      [
       116.34308319,
       40.01204535
      ],
      [
       116.34306705,
       40.01211661
      ],
      [
       116.34305093,
       40.01218775
      ],
      [
       116.34304959,
       40.01219371
      ],
      [
       116.34310588,
       40.01219543
      ]
     ]
    ]
   }
  },
  {
   "type": "Feature",
   "id": "BD-168",
   "properties": {
    "id": "BD-168",
    "layer": "BUILDING_FOOTPRINT",
    "building_type": "ai_r_and_d",
    "land_use_code": "0802",
    "renewal_action": "new_build",
    "floors_above_ground": null,
    "height_m": null,
    "note_zh": "体量与高度为概念示意；官方控规强度条件未发布，不作容积率或高度结论。",
    "source_type": "agent_generated_design",
    "confidence": "low",
    "geometry_role": "design_proposal",
    "official_boundary": false,
    "boundary_precision": "provisional_rough"
   },
   "geometry": {
    "type": "Polygon",
    "coordinates": [
     [
      [
       116.34386121,
       40.01084187
      ],
      [
       116.34386306,
       40.0107698
      ],
      [
       116.34386307,
       40.01076969
      ],
      [
       116.34386505,
       40.01069743
      ],
      [
       116.34386703,
       40.0106254
      ],
      [
       116.34386889,
       40.01055324
      ],
      [
       116.34386889,
       40.01055313
      ],
      [
       116.34387087,
       40.01048094
      ],
      [
       116.34387285,
       40.01040883
      ],
      [
       116.34387483,
       40.01033671
      ],
      [
       116.34387669,
       40.01026464
      ],
      [
       116.34387669,
       40.01026453
      ],
      [
       116.34387867,
       40.01019226
      ],
      [
       116.34388065,
       40.01012024
      ],
      [
       116.34388251,
       40.01004808
      ],
      [
       116.34388251,
       40.01004797
      ],
      [
       116.34388449,
       40.00997578
      ],
      [
       116.34388647,
       40.00990366
      ],
      [
       116.34388845,
       40.00983154
      ],
      [
       116.34389031,
       40.00975948
      ],
      [
       116.34389031,
       40.00975937
      ],
      [
       116.34389229,
       40.0096871
      ],
      [
       116.34389427,
       40.00961507
      ],
      [
       116.34389613,
       40.00954291
      ],
      [
       116.34389613,
       40.0095428
      ],
      [
       116.34389811,
       40.00947062
      ],
      [
       116.34390009,
       40.0093985
      ],
      [
       116.34390207,
       40.00932638
      ],
      [
       116.34390393,
       40.00925431
      ],
      [
       116.34390393,
       40.0092542
      ],
      [
       116.34390591,
       40.00918194
      ],
      [
       116.34390789,
       40.00910991
      ],
      [
       116.34390975,
       40.00903784
      ],
      [
       116.34390975,
       40.00903773
      ],
      [
       116.34391173,
       40.00896546
      ],
      [
       116.34391371,
       40.00889343
      ],
      [
       116.34391557,
       40.00882128
      ],
      [
       116.34391557,
       40.00882117
      ],
      [
       116.34391756,
       40.00874899
      ],
      [
       116.34391892,
       40.00869913
      ],
      [
       116.34384471,
       40.0086974
      ],
      [
       116.34384031,
       40.0086973
      ],
      [
       116.34382437,
       40.00876766
      ],
      [
       116.34380835,
       40.00883885
      ],
      [
       116.34380833,
       40.00883895
      ],
      [
       116.34379218,
       40.00891023
      ],
      [
       116.34377605,
       40.00898145
      ],
      [
       116.34375993,
       40.00905269
      ],
      [
       116.3437439,
       40.00912389
      ],
      [
       116.34374388,
       40.00912398
      ],
      [
       116.34372773,
       40.00919527
      ],
      [
       116.34371159,
       40.00926651
      ],
      [
       116.34369547,
       40.00933764
      ],
      [
       116.34367947,
       40.00940879
      ],
      [
       116.34366329,
       40.00948027
      ],
      [
       116.34364714,
       40.00955154
      ],
      [
       116.34363102,
       40.00962268
      ],
      [
       116.34361501,
       40.00969386
      ],
      [
       116.34361499,
       40.00969396
      ],
      [
       116.34359883,
       40.00976526
      ],
      [
       116.34358269,
       40.00983648
      ],
      [
       116.34356657,
       40.0099077
      ],
      [
       116.34355055,
       40.00997891
      ],
      [
       116.34355053,
       40.00997901
      ],
      [
       116.34353437,
       40.01005029
      ],
      [
       116.34351824,
       40.01012153
      ],
      [
       116.34350212,
       40.01019267
      ],
      [
       116.34348611,
       40.01026381
      ],
      [
       116.34346993,
       40.01033529
      ],
      [
       116.34345379,
       40.01040657
      ],
      [
       116.34343766,
       40.0104777
      ],
      [
       116.34342165,
       40.01054888
      ],
      [
       116.34342163,
       40.010549
      ],
      [
       116.34340546,
       40.01062029
      ],
      [
       116.34338933,
       40.01069149
      ],
      [
       116.34337321,
       40.01076272
      ],
      [
       116.34335719,
       40.01083393
      ],
      [
       116.34335717,
       40.01083403
      ],
      [
       116.34334417,
       40.01089139
      ],
      [
       116.34385977,
       40.01089431
      ],
      [
       116.34386121,
       40.01084187
      ]
     ]
    ]
   }
  },
  {
   "type": "Feature",
   "id": "BD-169",
   "properties": {
    "id": "BD-169",
    "layer": "BUILDING_FOOTPRINT",
    "building_type": "ai_r_and_d",
    "land_use_code": "0802",
    "renewal_action": "new_build",
    "floors_above_ground": null,
    "height_m": null,
    "note_zh": "体量与高度为概念示意；官方控规强度条件未发布，不作容积率或高度结论。",
    "source_type": "agent_generated_design",
    "confidence": "low",
    "geometry_role": "design_proposal",
    "official_boundary": false,
    "boundary_precision": "provisional_rough"
   },
   "geometry": {
    "type": "Polygon",
    "coordinates": [
     [
      [
       116.34413452,
       40.00735663
      ],
      [
       116.34413543,
       40.00732339
      ],
      [
       116.34413741,
       40.0072509
      ],
      [
       116.34413939,
       40.00717844
      ],
      [
       116.34414126,
       40.00710596
      ],
      [
       116.34414126,
       40.00710594
      ],
      [
       116.34414324,
       40.00703344
      ],
      [
       116.34414522,
       40.00696095
      ],
      [
       116.3441472,
       40.00688846
      ],
      [
       116.34414919,
       40.006816
      ],
      [
       116.34415105,
       40.00674352
      ],
      [
       116.34415105,
       40.0067435
      ],
      [
       116.34415303,
       40.006671
      ],
      [
       116.34415502,
       40.00659851
      ],
      [
       116.344157,
       40.00652604
      ],
      [
       116.344158,
       40.00648702
      ],
      [
       116.34414827,
       40.00652988
      ],
      [
       116.34413202,
       40.00660199
      ],
      [
       116.34411574,
       40.00667414
      ],
      [
       116.34411574,
       40.00667416
      ],
      [
       116.34409935,
       40.00674637
      ],
      [
       116.34408309,
       40.0068185
      ],
      [
       116.34408309,
       40.00681852
      ],
      [
       116.3440667,
       40.00689065
      ],
      [
       116.34405045,
       40.00696286
      ],
      [
       116.34405044,
       40.00696288
      ],
      [
       116.34403405,
       40.00703501
      ],
      [
       116.3440178,
       40.00710713
      ],
      [
       116.34400153,
       40.00717936
      ],
      [
       116.34400152,
       40.00717938
      ],
      [
       116.34398513,
       40.00725151
      ],
      [
       116.34396888,
       40.00732364
      ],
      [
       116.34396887,
       40.00732366
      ],
      [
       116.3439626,
       40.0073513
      ],
      [
       116.34398168,
       40.00735188
      ],
      [
       116.34398171,
       40.00735188
      ],
      [
       116.34407594,
       40.00735485
      ],
      [
       116.34413452,
       40.00735663
      ]
     ]
    ]
   }
  },
  {
   "type": "Feature",
   "id": "BD-170",
   "properties": {
    "id": "BD-170",
    "layer": "BUILDING_FOOTPRINT",
    "building_type": "ai_r_and_d",
    "land_use_code": "0802",
    "renewal_action": "new_build",
    "floors_above_ground": null,
    "height_m": null,
    "note_zh": "体量与高度为概念示意；官方控规强度条件未发布，不作容积率或高度结论。",
    "source_type": "agent_generated_design",
    "confidence": "low",
    "geometry_role": "design_proposal",
    "official_boundary": false,
    "boundary_precision": "provisional_rough"
   },
   "geometry": {
    "type": "Polygon",
    "coordinates": [
     [
      [
       116.34392491,
       40.00768956
      ],
      [
       116.34390865,
       40.00776166
      ],
      [
       116.34389237,
       40.0078339
      ],
      [
       116.34389236,
       40.00783393
      ],
      [
       116.34387599,
       40.00790606
      ],
      [
       116.34385972,
       40.00797816
      ],
      [
       116.34384334,
       40.00805041
      ],
      [
       116.34382707,
       40.00812255
      ],
      [
       116.34382706,
       40.00812258
      ],
      [
       116.34382604,
       40.00812707
      ],
      [
       116.34384094,
       40.00812741
      ],
      [
       116.34394499,
       40.00812972
      ],
      [
       116.34404921,
       40.00813202
      ],
      [
       116.34404926,
       40.00813202
      ],
      [
       116.34407535,
       40.00813262
      ],
      [
       116.34407569,
       40.00812014
      ],
      [
       116.34407767,
       40.00804769
      ],
      [
       116.34407954,
       40.00797521
      ],
      [
       116.34407954,
       40.00797518
      ],
      [
       116.34408152,
       40.00790267
      ],
      [
       116.3440835,
       40.00783019
      ],
      [
       116.34408548,
       40.00775774
      ],
      [
       116.34408735,
       40.00768526
      ],
      [
       116.34408735,
       40.00768523
      ],
      [
       116.34408752,
       40.00767911
      ],
      [
       116.34406977,
       40.00767857
      ],
      [
       116.34397551,
       40.00767569
      ],
      [
       116.34392838,
       40.00767425
      ],
      [
       116.34392491,
       40.00768956
      ]
     ]
    ]
   }
  },
  {
   "type": "Feature",
   "id": "BD-171",
   "properties": {
    "id": "BD-171",
    "layer": "BUILDING_FOOTPRINT",
    "building_type": "education",
    "land_use_code": "0804",
    "renewal_action": "renovate",
    "floors_above_ground": null,
    "height_m": null,
    "note_zh": "体量与高度为概念示意；官方控规强度条件未发布，不作容积率或高度结论。",
    "source_type": "agent_generated_design",
    "confidence": "low",
    "geometry_role": "design_proposal",
    "official_boundary": false,
    "boundary_precision": "provisional_rough"
   },
   "geometry": {
    "type": "Polygon",
    "coordinates": [
     [
      [
       116.34817345,
       39.98058618
      ],
      [
       116.34817451,
       39.98058029
      ],
      [
       116.34818774,
       39.98050598
      ],
      [
       116.34818775,
       39.98050596
      ],
      [
       116.34820109,
       39.98043166
      ],
      [
       116.34821432,
       39.98035744
      ],
      [
       116.34821433,
       39.98035741
      ],
      [
       116.34822767,
       39.98028311
      ],
      [
       116.3482409,
       39.98020881
      ],
      [
       116.34824091,
       39.98020879
      ],
      [
       116.34825425,
       39.98013448
      ],
      [
       116.34826748,
       39.98006027
      ],
      [
       116.34826749,
       39.98006024
      ],
      [
       116.34828083,
       39.97998594
      ],
      [
       116.34829406,
       39.97991163
      ],
      [
       116.34829407,
       39.9799116
      ],
      [
       116.34830741,
       39.97983739
      ],
      [
       116.34832065,
       39.97976309
      ],
      [
       116.34832066,
       39.97976306
      ],
      [
       116.348334,
       39.97968877
      ],
      [
       116.34834723,
       39.97961456
      ],
      [
       116.3483513,
       39.97959186
      ],
      [
       116.34830381,
       39.97962541
      ],
      [
       116.34830378,
       39.97962543
      ],
      [
       116.34821903,
       39.97968513
      ],
      [
       116.3481541,
       39.97973086
      ],
      [
       116.34815527,
       39.9797837
      ],
      [
       116.34815691,
       39.9798572
      ],
      [
       116.34815856,
       39.97993067
      ],
      [
       116.34816032,
       39.98000416
      ],
      [
       116.34816032,
       39.98000419
      ],
      [
       116.34816196,
       39.98007761
      ],
      [
       116.3481636,
       39.9801511
      ],
      [
       116.34816525,
       39.9802246
      ],
      [
       116.34816689,
       39.9802981
      ],
      [
       116.34816853,
       39.9803716
      ],
      [
       116.34817017,
       39.98044507
      ],
      [
       116.34817193,
       39.98051856
      ],
      [
       116.34817193,
       39.98051858
      ],
      [
       116.34817345,
       39.98058618
      ]
     ]
    ]
   }
  },
  {
   "type": "Feature",
   "id": "BD-172",
   "properties": {
    "id": "BD-172",
    "layer": "BUILDING_FOOTPRINT",
    "building_type": "residential",
    "land_use_code": "0701",
    "renewal_action": "new_build",
    "floors_above_ground": null,
    "height_m": null,
    "note_zh": "体量与高度为概念示意；官方控规强度条件未发布，不作容积率或高度结论。",
    "source_type": "agent_generated_design",
    "confidence": "low",
    "geometry_role": "design_proposal",
    "official_boundary": false,
    "boundary_precision": "provisional_rough"
   },
   "geometry": {
    "type": "Polygon",
    "coordinates": [
     [
      [
       116.34808807,
       39.97271108
      ],
      [
       116.34808859,
       39.97273411
      ],
      [
       116.34808859,
       39.97273418
      ],
      [
       116.34809012,
       39.97280683
      ],
      [
       116.34809177,
       39.97287944
      ],
      [
       116.34809343,
       39.97295213
      ],
      [
       116.34809508,
       39.97302483
      ],
      [
       116.34809673,
       39.97309752
      ],
      [
       116.34809838,
       39.97317021
      ],
      [
       116.34810003,
       39.9732429
      ],
      [
       116.34810168,
       39.97331558
      ],
      [
       116.34810333,
       39.97338827
      ],
      [
       116.34810498,
       39.97346096
      ],
      [
       116.34810663,
       39.97353369
      ],
      [
       116.34810664,
       39.97353376
      ],
      [
       116.34810816,
       39.97360641
      ],
      [
       116.34810981,
       39.97367903
      ],
      [
       116.34811146,
       39.97375172
      ],
      [
       116.34811311,
       39.97382441
      ],
      [
       116.34811476,
       39.97389709
      ],
      [
       116.34811641,
       39.97396978
      ],
      [
       116.34811806,
       39.97404247
      ],
      [
       116.34811971,
       39.97411516
      ],
      [
       116.34812136,
       39.97418784
      ],
      [
       116.34812302,
       39.97426053
      ],
      [
       116.34812468,
       39.97433327
      ],
      [
       116.34812468,
       39.97433334
      ],
      [
       116.34812621,
       39.97440598
      ],
      [
       116.34812785,
       39.9744786
      ],
      [
       116.3481295,
       39.97455129
      ],
      [
       116.34813116,
       39.97462398
      ],
      [
       116.34813281,
       39.97469667
      ],
      [
       116.34813446,
       39.97476936
      ],
      [
       116.34813611,
       39.97484205
      ],
      [
       116.34813776,
       39.97491474
      ],
      [
       116.34813941,
       39.97498743
      ],
      [
       116.34814106,
       39.97506011
      ],
      [
       116.34814271,
       39.9751328
      ],
      [
       116.34814436,
       39.97520552
      ],
      [
       116.34814436,
       39.97520559
      ],
      [
       116.3481459,
       39.97527825
      ],
      [
       116.34814755,
       39.97535087
      ],
      [
       116.3481492,
       39.97542356
      ],
      [
       116.34815085,
       39.97549625
      ],
      [
       116.3481525,
       39.97556893
      ],
      [
       116.34815415,
       39.97564162
      ],
      [
       116.3481558,
       39.97571431
      ],
      [
       116.34815745,
       39.975787
      ],
      [
       116.3481591,
       39.97585969
      ],
      [
       116.34816075,
       39.97593238
      ],
      [
       116.3481624,
       39.9760051
      ],
      [
       116.3481624,
       39.97600517
      ],
      [
       116.34816394,
       39.97607783
      ],
      [
       116.34816559,
       39.97615044
      ],
      [
       116.34816724,
       39.97622313
      ],
      [
       116.34816889,
       39.97629582
      ],
      [
       116.34817054,
       39.97636851
      ],
      [
       116.34817219,
       39.9764412
      ],
      [
       116.34817384,
       39.97651389
      ],
      [
       116.34817549,
       39.97658658
      ],
      [
       116.34817714,
       39.97665927
      ],
      [
       116.34817879,
       39.97673204
      ],
      [
       116.34818044,
       39.97680477
      ],
      [
       116.34818044,
       39.97680484
      ],
      [
       116.34818197,
       39.97687749
      ],
      [
       116.34818362,
       39.97695011
      ],
      [
       116.34818527,
       39.9770228
      ],
      [
       116.34818692,
       39.97709549
      ],
      [
       116.34818763,
       39.97712666
      ],
      [
       116.3482458,
       39.97712844
      ],
      [
       116.34827718,
       39.97712939
      ],
      [
       116.34827734,
       39.97710464
      ],
      [
       116.34827734,
       39.97710456
      ],
      [
       116.34827792,
       39.97703174
      ],
      [
       116.34827838,
       39.97695896
      ],
      [
       116.34827883,
       39.97688607
      ],
      [
       116.34827883,
       39.97688599
      ],
      [
       116.34827941,
       39.97681317
      ],
      [
       116.34827987,
       39.97674039
      ],
      [
       116.34828032,
       39.9766675
      ],
      [
       116.34828032,
       39.97666742
      ],
      [
       116.3482809,
       39.9765946
      ],
      [
       116.34828136,
       39.97652173
      ],
      [
       116.34828181,
       39.97644884
      ],
      [
       116.34828181,
       39.97644876
      ],
      [
       116.34828239,
       39.97637594
      ],
      [
       116.34828285,
       39.97630315
      ],
      [
       116.34828331,
       39.97623027
      ],
      [
       116.34828331,
       39.9762302
      ],
      [
       116.34828388,
       39.97615737
      ],
      [
       116.34828434,
       39.97608458
      ],
      [
       116.3482848,
       39.9760117
      ],
      [
       116.3482848,
       39.97601163
      ],
      [
       116.34828537,
       39.97593871
      ],
      [
       116.34828583,
       39.97586592
      ],
      [
       116.34828629,
       39.97579304
      ],
      [
       116.34828629,
       39.97579297
      ],
      [
       116.34828686,
       39.97572014
      ],
      [
       116.34828732,
       39.97564735
      ],
      [
       116.34828778,
       39.97557446
      ],
      [
       116.34828778,
       39.97557439
      ],
      [
       116.34828835,
       39.97550157
      ],
      [
       116.34828881,
       39.97542878
      ],
      [
       116.34828927,
       39.9753558
      ],
      [
       116.34828927,
       39.97535573
      ],
      [
       116.34828984,
       39.97528291
      ],
      [
       116.3482903,
       39.97521012
      ],
      [
       116.34829076,
       39.97513723
      ],
      [
       116.34829076,
       39.97513716
      ],
      [
       116.34829133,
       39.97506434
      ],
      [
       116.34829179,
       39.97499155
      ],
      [
       116.34829225,
       39.97491866
      ],
      [
       116.34829225,
       39.97491859
      ],
      [
       116.34829282,
       39.97484577
      ],
      [
       116.34829328,
       39.97477289
      ],
      [
       116.34829374,
       39.9747
      ],
      [
       116.34829374,
       39.97469992
      ],
      [
       116.34829432,
       39.97462711
      ],
      [
       116.34829477,
       39.97455433
      ],
      [
       116.34829523,
       39.97448143
      ],
      [
       116.34829523,
       39.97448135
      ],
      [
       116.34829581,
       39.97440854
      ],
      [
       116.34829626,
       39.97433576
      ],
      [
       116.34829672,
       39.97426286
      ],
      [
       116.34829673,
       39.97426278
      ],
      [
       116.3482973,
       39.97418988
      ],
      [
       116.34829775,
       39.9741171
      ],
      [
       116.34829822,
       39.9740442
      ],
      [
       116.34829822,
       39.97404412
      ],
      [
       116.3482988,
       39.9739713
      ],
      [
       116.34829925,
       39.97389853
      ],
      [
       116.34829971,
       39.97382563
      ],
      [
       116.34829971,
       39.97382555
      ],
      [
       116.34830029,
       39.97375273
      ],
      [
       116.34830075,
       39.97367996
      ],
      [
       116.3483012,
       39.97360697
      ],
      [
       116.3483012,
       39.97360689
      ],
      [
       116.34830178,
       39.97353407
      ],
      [
       116.34830224,
       39.9734613
      ],
      [
       116.34830269,
       39.9733884
      ],
      [
       116.34830269,
       39.97338832
      ],
      [
       116.34830327,
       39.9733155
      ],
      [
       116.34830373,
       39.97324273
      ],
      [
       116.34830418,
       39.97316983
      ],
      [
       116.34830418,
       39.97316975
      ],
      [
       116.34830476,
       39.97309693
      ],
      [
       116.34830522,
       39.97302406
      ],
      [
       116.34830568,
       39.97295117
      ],
      [
       116.34830568,
       39.9729511
      ],
      [
       116.34830625,
       39.97287827
      ],
      [
       116.34830671,
       39.97280548
      ],
      [
       116.34830717,
       39.9727326
      ],
      [
       116.34830717,
       39.97273253
      ],
      [
       116.3483073,
       39.972716
      ],
      [
       116.34821617,
       39.97271394
      ],
      [
       116.34812052,
       39.97271179
      ],
      [
       116.34808807,
       39.97271108
      ]
     ]
    ]
   }
  },
  {
   "type": "Feature",
   "id": "BD-173",
   "properties": {
    "id": "BD-173",
    "layer": "BUILDING_FOOTPRINT",
    "building_type": "residential",
    "land_use_code": "0701",
    "renewal_action": "new_build",
    "floors_above_ground": null,
    "height_m": null,
    "note_zh": "体量与高度为概念示意；官方控规强度条件未发布，不作容积率或高度结论。",
    "source_type": "agent_generated_design",
    "confidence": "low",
    "geometry_role": "design_proposal",
    "official_boundary": false,
    "boundary_precision": "provisional_rough"
   },
   "geometry": {
    "type": "Polygon",
    "coordinates": [
     [
      [
       116.34900151,
       39.97537743
      ],
      [
       116.34900643,
       39.97534989
      ],
      [
       116.34901929,
       39.97527786
      ],
      [
       116.3490193,
       39.97527779
      ],
      [
       116.34903227,
       39.97520576
      ],
      [
       116.34904512,
       39.97513378
      ],
      [
       116.34905797,
       39.97506172
      ],
      [
       116.34907084,
       39.97498967
      ],
      [
       116.34907085,
       39.9749896
      ],
      [
       116.34908382,
       39.97491759
      ],
      [
       116.34909666,
       39.97484561
      ],
      [
       116.34910952,
       39.97477361
      ],
      [
       116.34912239,
       39.97470152
      ],
      [
       116.3491224,
       39.97470145
      ],
      [
       116.34913536,
       39.97462942
      ],
      [
       116.34914821,
       39.97455742
      ],
      [
       116.34916107,
       39.97448544
      ],
      [
       116.34917394,
       39.97441334
      ],
      [
       116.34917395,
       39.97441327
      ],
      [
       116.34918691,
       39.97434123
      ],
      [
       116.34919976,
       39.97426924
      ],
      [
       116.34921262,
       39.97419722
      ],
      [
       116.34921263,
       39.97419715
      ],
      [
       116.34922561,
       39.97412512
      ],
      [
       116.34923845,
       39.97405314
      ],
      [
       116.3492513,
       39.97398108
      ],
      [
       116.34926417,
       39.97390903
      ],
      [
       116.34926418,
       39.97390897
      ],
      [
       116.34927715,
       39.97383695
      ],
      [
       116.34928999,
       39.97376496
      ],
      [
       116.34930285,
       39.97369289
      ],
      [
       116.34931572,
       39.97362089
      ],
      [
       116.3493287,
       39.97354878
      ],
      [
       116.34934154,
       39.97347678
      ],
      [
       116.34935439,
       39.97340479
      ],
      [
       116.34936726,
       39.9733327
      ],
      [
       116.34936727,
       39.97333262
      ],
      [
       116.34938025,
       39.9732606
      ],
      [
       116.34939308,
       39.97318861
      ],
      [
       116.34940595,
       39.97311661
      ],
      [
       116.34941881,
       39.97304452
      ],
      [
       116.34941882,
       39.97304445
      ],
      [
       116.34943179,
       39.97297241
      ],
      [
       116.34944463,
       39.97290042
      ],
      [
       116.34945749,
       39.97282844
      ],
      [
       116.34947035,
       39.97275634
      ],
      [
       116.34947036,
       39.97275627
      ],
      [
       116.34947147,
       39.97275014
      ],
      [
       116.34946073,
       39.9727499
      ],
      [
       116.349365,
       39.97274774
      ],
      [
       116.34926928,
       39.97274559
      ],
      [
       116.34917362,
       39.97274343
      ],
      [
       116.34907783,
       39.97274136
      ],
      [
       116.34907773,
       39.97274136
      ],
      [
       116.34901948,
       39.97274005
      ],
      [
       116.34901944,
       39.97274608
      ],
      [
       116.34901944,
       39.97274616
      ],
      [
       116.34901886,
       39.97281897
      ],
      [
       116.34901841,
       39.97289173
      ],
      [
       116.34901795,
       39.97296465
      ],
      [
       116.34901795,
       39.97296472
      ],
      [
       116.34901737,
       39.97303763
      ],
      [
       116.34901692,
       39.97311039
      ],
      [
       116.34901646,
       39.9731833
      ],
      [
       116.34901646,
       39.97318338
      ],
      [
       116.34901589,
       39.9732562
      ],
      [
       116.34901543,
       39.97332899
      ],
      [
       116.34901497,
       39.97340187
      ],
      [
       116.34901497,
       39.97340195
      ],
      [
       116.3490144,
       39.97347477
      ],
      [
       116.34901394,
       39.97354756
      ],
      [
       116.34901348,
       39.97362053
      ],
      [
       116.34901348,
       39.97362061
      ],
      [
       116.34901291,
       39.97369343
      ],
      [
       116.34901245,
       39.97376622
      ],
      [
       116.34901199,
       39.9738391
      ],
      [
       116.34901199,
       39.97383918
      ],
      [
       116.34901142,
       39.973912
      ],
      [
       116.34901097,
       39.97398479
      ],
      [
       116.34901051,
       39.97405767
      ],
      [
       116.3490105,
       39.97405775
      ],
      [
       116.34900994,
       39.97413057
      ],
      [
       116.34900948,
       39.97420345
      ],
      [
       116.34900902,
       39.97427633
      ],
      [
       116.34900902,
       39.97427641
      ],
      [
       116.34900845,
       39.97434923
      ],
      [
       116.34900799,
       39.97442202
      ],
      [
       116.34900753,
       39.97449491
      ],
      [
       116.34900753,
       39.97449499
      ],
      [
       116.34900696,
       39.9745678
      ],
      [
       116.3490065,
       39.97464058
      ],
      [
       116.34900605,
       39.97471348
      ],
      [
       116.34900605,
       39.97471356
      ],
      [
       116.34900547,
       39.97478647
      ],
      [
       116.34900501,
       39.97485924
      ],
      [
       116.34900456,
       39.97493214
      ],
      [
       116.34900456,
       39.97493222
      ],
      [
       116.34900398,
       39.97500504
      ],
      [
       116.34900352,
       39.97507781
      ],
      [
       116.34900307,
       39.97515071
      ],
      [
       116.34900307,
       39.97515079
      ],
      [
       116.34900249,
       39.97522361
      ],
      [
       116.34900203,
       39.97529638
      ],
      [
       116.34900158,
       39.97536937
      ],
      [
       116.34900158,
       39.97536945
      ],
      [
       116.34900151,
       39.97537743
      ]
     ]
    ]
   }
  },
  {
   "type": "Feature",
   "id": "BD-174",
   "properties": {
    "id": "BD-174",
    "layer": "BUILDING_FOOTPRINT",
    "building_type": "education",
    "land_use_code": "0804",
    "renewal_action": "new_build",
    "floors_above_ground": null,
    "height_m": null,
    "note_zh": "体量与高度为概念示意；官方控规强度条件未发布，不作容积率或高度结论。",
    "source_type": "agent_generated_design",
    "confidence": "low",
    "geometry_role": "design_proposal",
    "official_boundary": false,
    "boundary_precision": "provisional_rough"
   },
   "geometry": {
    "type": "Polygon",
    "coordinates": [
     [
      [
       116.34815306,
       39.97755964
      ],
      [
       116.34815409,
       39.97760493
      ],
      [
       116.34815409,
       39.97760498
      ],
      [
       116.34815562,
       39.97767765
      ],
      [
       116.34815727,
       39.97775029
      ],
      [
       116.34815892,
       39.97782297
      ],
      [
       116.34816057,
       39.97789566
      ],
      [
       116.34816222,
       39.97796835
      ],
      [
       116.34816387,
       39.97804104
      ],
      [
       116.34816552,
       39.97811372
      ],
      [
       116.34816718,
       39.97818641
      ],
      [
       116.34816883,
       39.97825911
      ],
      [
       116.34817048,
       39.9783318
      ],
      [
       116.34817213,
       39.9784045
      ],
      [
       116.34817214,
       39.97840455
      ],
      [
       116.34817366,
       39.97847722
      ],
      [
       116.34817465,
       39.97852067
      ],
      [
       116.34825378,
       39.97846068
      ],
      [
       116.3482784,
       39.97844993
      ],
      [
       116.3483126,
       39.97844308
      ],
      [
       116.34831271,
       39.97842506
      ],
      [
       116.34831271,
       39.97842502
      ],
      [
       116.34831327,
       39.97835272
      ],
      [
       116.34831373,
       39.97828045
      ],
      [
       116.34831418,
       39.97820812
      ],
      [
       116.34831418,
       39.97820806
      ],
      [
       116.34831475,
       39.97813577
      ],
      [
       116.3483152,
       39.9780635
      ],
      [
       116.34831566,
       39.97799116
      ],
      [
       116.34831566,
       39.97799111
      ],
      [
       116.34831623,
       39.97791882
      ],
      [
       116.34831668,
       39.97784655
      ],
      [
       116.34831713,
       39.97777413
      ],
      [
       116.34831713,
       39.97777407
      ],
      [
       116.3483177,
       39.97770178
      ],
      [
       116.34831815,
       39.9776295
      ],
      [
       116.34831815,
       39.97762944
      ],
      [
       116.34831866,
       39.97756476
      ],
      [
       116.34823398,
       39.97756218
      ],
      [
       116.34823392,
       39.97756218
      ],
      [
       116.34815306,
       39.97755964
      ]
     ]
    ]
   }
  },
  {
   "type": "Feature",
   "id": "BD-175",
   "properties": {
    "id": "BD-175",
    "layer": "BUILDING_FOOTPRINT",
    "building_type": "residential",
    "land_use_code": "0701",
    "renewal_action": "new_build",
    "floors_above_ground": null,
    "height_m": null,
    "note_zh": "体量与高度为概念示意；官方控规强度条件未发布，不作容积率或高度结论。",
    "source_type": "agent_generated_design",
    "confidence": "low",
    "geometry_role": "design_proposal",
    "official_boundary": false,
    "boundary_precision": "provisional_rough"
   },
   "geometry": {
    "type": "Polygon",
    "coordinates": [
     [
      [
       116.35025533,
       39.97683395
      ],
      [
       116.35034853,
       39.97683681
      ],
      [
       116.35044211,
       39.97683967
      ],
      [
       116.3505358,
       39.97684254
      ],
      [
       116.35062645,
       39.97684531
      ],
      [
       116.35067749,
       39.97680936
      ],
      [
       116.35074692,
       39.97676036
      ],
      [
       116.35081691,
       39.97671107
      ],
      [
       116.35088655,
       39.97666193
      ],
      [
       116.35088695,
       39.97666164
      ],
      [
       116.35095673,
       39.97661258
      ],
      [
       116.35102609,
       39.97656373
      ],
      [
       116.35109552,
       39.97651473
      ],
      [
       116.35116551,
       39.97646543
      ],
      [
       116.35123498,
       39.97641642
      ],
      [
       116.35130492,
       39.97636715
      ],
      [
       116.3513744,
       39.97631813
      ],
      [
       116.35144432,
       39.97626888
      ],
      [
       116.35151398,
       39.97621972
      ],
      [
       116.3515144,
       39.97621942
      ],
      [
       116.35158414,
       39.9761704
      ],
      [
       116.3516535,
       39.97612153
      ],
      [
       116.35172299,
       39.9760725
      ],
      [
       116.35173732,
       39.97606241
      ],
      [
       116.3516275,
       39.97597655
      ],
      [
       116.35155301,
       39.9759184
      ],
      [
       116.35147825,
       39.97586014
      ],
      [
       116.35140306,
       39.97580144
      ],
      [
       116.35127144,
       39.97569868
      ],
      [
       116.35119157,
       39.97559047
      ],
      [
       116.35114431,
       39.97545086
      ],
      [
       116.35111738,
       39.97537132
      ],
      [
       116.3511173,
       39.97537107
      ],
      [
       116.35109057,
       39.97529177
      ],
      [
       116.35106379,
       39.97521261
      ],
      [
       116.3510165,
       39.97507293
      ],
      [
       116.35101768,
       39.97494829
      ],
      [
       116.35106761,
       39.97480913
      ],
      [
       116.35107801,
       39.97478016
      ],
      [
       116.35055502,
       39.97477723
      ],
      [
       116.3505542,
       39.97478183
      ],
      [
       116.35055415,
       39.9747821
      ],
      [
       116.35054132,
       39.9748535
      ],
      [
       116.35052861,
       39.97492482
      ],
      [
       116.35052856,
       39.9749251
      ],
      [
       116.35051574,
       39.97499645
      ],
      [
       116.35050304,
       39.97506781
      ],
      [
       116.35050298,
       39.97506811
      ],
      [
       116.35049015,
       39.97513954
      ],
      [
       116.35047745,
       39.97521075
      ],
      [
       116.35046457,
       39.97528245
      ],
      [
       116.35045186,
       39.97535386
      ],
      [
       116.3504518,
       39.97535421
      ],
      [
       116.35043897,
       39.97542547
      ],
      [
       116.35042628,
       39.97549679
      ],
      [
       116.35042623,
       39.97549709
      ],
      [
       116.35041339,
       39.97556852
      ],
      [
       116.3504007,
       39.97563973
      ],
      [
       116.35038782,
       39.97571143
      ],
      [
       116.35037514,
       39.97578266
      ],
      [
       116.35036238,
       39.97585423
      ],
      [
       116.35034949,
       39.97592594
      ],
      [
       116.35033678,
       39.97599734
      ],
      [
       116.35033673,
       39.97599761
      ],
      [
       116.3503239,
       39.97606901
      ],
      [
       116.35031119,
       39.97614033
      ],
      [
       116.35031114,
       39.97614061
      ],
      [
       116.35029832,
       39.97621196
      ],
      [
       116.35028561,
       39.97628334
      ],
      [
       116.35028555,
       39.97628368
      ],
      [
       116.35027273,
       39.97635496
      ],
      [
       116.35026002,
       39.97642631
      ],
      [
       116.35025997,
       39.97642659
      ],
      [
       116.35024714,
       39.97649802
      ],
      [
       116.35023444,
       39.97656923
      ],
      [
       116.35022156,
       39.97664091
      ],
      [
       116.35020886,
       39.97671233
      ],
      [
       116.35020879,
       39.9767127
      ],
      [
       116.35019596,
       39.97678394
      ],
      [
       116.35018745,
       39.9768318
      ],
      [
       116.35025533,
       39.97683395
      ]
     ]
    ]
   }
  },
  {
   "type": "Feature",
   "id": "BD-176",
   "properties": {
    "id": "BD-176",
    "layer": "BUILDING_FOOTPRINT",
    "building_type": "residential",
    "land_use_code": "0701",
    "renewal_action": "renovate",
    "floors_above_ground": null,
    "height_m": null,
    "note_zh": "体量与高度为概念示意；官方控规强度条件未发布，不作容积率或高度结论。",
    "source_type": "agent_generated_design",
    "confidence": "low",
    "geometry_role": "design_proposal",
    "official_boundary": false,
    "boundary_precision": "provisional_rough"
   },
   "geometry": {
    "type": "Polygon",
    "coordinates": [
     [
      [
       116.35112411,
       39.97465131
      ],
      [
       116.3511242,
       39.97465107
      ],
      [
       116.35115261,
       39.97457187
      ],
      [
       116.35120246,
       39.97443287
      ],
      [
       116.35128422,
       39.97432566
      ],
      [
       116.35141764,
       39.97422435
      ],
      [
       116.35149387,
       39.97416653
      ],
      [
       116.35157011,
       39.97410882
      ],
      [
       116.35164585,
       39.97405138
      ],
      [
       116.35177943,
       39.97395011
      ],
      [
       116.35192009,
       39.97388866
      ],
      [
       116.35210156,
       39.9738523
      ],
      [
       116.35220476,
       39.97383162
      ],
      [
       116.35230796,
       39.97381094
      ],
      [
       116.35241125,
       39.97379025
      ],
      [
       116.35252872,
       39.97376682
      ],
      [
       116.35253719,
       39.97374311
      ],
      [
       116.35253733,
       39.97374272
      ],
      [
       116.35256551,
       39.97366435
      ],
      [
       116.35259359,
       39.97358579
      ],
      [
       116.35259372,
       39.97358543
      ],
      [
       116.35264354,
       39.97344688
      ],
      [
       116.35272523,
       39.97333983
      ],
      [
       116.35282674,
       39.97326275
      ],
      [
       116.35282685,
       39.97324821
      ],
      [
       116.3528273,
       39.97317565
      ],
      [
       116.35282731,
       39.97317322
      ],
      [
       116.35276727,
       39.97317186
      ],
      [
       116.35267254,
       39.97316981
      ],
      [
       116.35267217,
       39.9731698
      ],
      [
       116.35257695,
       39.97316764
      ],
      [
       116.3524824,
       39.9731655
      ],
      [
       116.35238766,
       39.97316344
      ],
      [
       116.35238725,
       39.97316344
      ],
      [
       116.35229205,
       39.97316127
      ],
      [
       116.35219755,
       39.97315913
      ],
      [
       116.35210283,
       39.97315708
      ],
      [
       116.35210246,
       39.97315707
      ],
      [
       116.35200724,
       39.97315491
      ],
      [
       116.3519127,
       39.97315277
      ],
      [
       116.35181784,
       39.97315071
      ],
      [
       116.35181741,
       39.97315071
      ],
      [
       116.35172233,
       39.97314854
      ],
      [
       116.35162785,
       39.9731464
      ],
      [
       116.35153301,
       39.97314435
      ],
      [
       116.35153263,
       39.97314434
      ],
      [
       116.35143751,
       39.97314218
      ],
      [
       116.35134283,
       39.97314003
      ],
      [
       116.35124814,
       39.97313798
      ],
      [
       116.35124776,
       39.97313797
      ],
      [
       116.35115267,
       39.97313581
      ],
      [
       116.35105798,
       39.97313367
      ],
      [
       116.35096323,
       39.9731316
      ],
      [
       116.35096289,
       39.9731316
      ],
      [
       116.35086781,
       39.97312944
      ],
      [
       116.35084973,
       39.97312903
      ],
      [
       116.35084822,
       39.97313745
      ],
      [
       116.35083552,
       39.97320883
      ],
      [
       116.35083547,
       39.97320912
      ],
      [
       116.35082263,
       39.97328056
      ],
      [
       116.35080991,
       39.97335189
      ],
      [
       116.35080987,
       39.97335212
      ],
      [
       116.35079705,
       39.97342346
      ],
      [
       116.35078438,
       39.97349469
      ],
      [
       116.3507716,
       39.97356638
      ],
      [
       116.35077155,
       39.97356661
      ],
      [
       116.35075874,
       39.97363795
      ],
      [
       116.35074603,
       39.97370935
      ],
      [
       116.35074597,
       39.97370969
      ],
      [
       116.35073315,
       39.97378098
      ],
      [
       116.35072044,
       39.97385234
      ],
      [
       116.35072039,
       39.97385261
      ],
      [
       116.35070756,
       39.97392401
      ],
      [
       116.35069486,
       39.97399532
      ],
      [
       116.35069481,
       39.97399558
      ],
      [
       116.35068199,
       39.97406697
      ],
      [
       116.35066927,
       39.97413835
      ],
      [
       116.35066922,
       39.97413862
      ],
      [
       116.3506564,
       39.97421003
      ],
      [
       116.35064369,
       39.97428135
      ],
      [
       116.35064364,
       39.97428163
      ],
      [
       116.35063081,
       39.97435299
      ],
      [
       116.35061811,
       39.97442435
      ],
      [
       116.35061805,
       39.97442469
      ],
      [
       116.35060522,
       39.97449598
      ],
      [
       116.35059254,
       39.97456718
      ],
      [
       116.35057979,
       39.97463884
      ],
      [
       116.35057973,
       39.97463918
      ],
      [
       116.35056784,
       39.97470525
      ],
      [
       116.35110377,
       39.97470825
      ],
      [
       116.35112411,
       39.97465131
      ]
     ]
    ]
   }
  },
  {
   "type": "Feature",
   "id": "BD-177",
   "properties": {
    "id": "BD-177",
    "layer": "BUILDING_FOOTPRINT",
    "building_type": "education",
    "land_use_code": "0804",
    "renewal_action": "new_build",
    "floors_above_ground": null,
    "height_m": null,
    "note_zh": "体量与高度为概念示意；官方控规强度条件未发布，不作容积率或高度结论。",
    "source_type": "agent_generated_design",
    "confidence": "low",
    "geometry_role": "design_proposal",
    "official_boundary": false,
    "boundary_precision": "provisional_rough"
   },
   "geometry": {
    "type": "Polygon",
    "coordinates": [
     [
      [
       116.34946705,
       39.9781612
      ],
      [
       116.34953646,
       39.97811232
      ],
      [
       116.34960618,
       39.97806321
      ],
      [
       116.34967578,
       39.9780141
      ],
      [
       116.34974561,
       39.97796492
      ],
      [
       116.34981521,
       39.97791581
      ],
      [
       116.34988502,
       39.97786664
      ],
      [
       116.34995462,
       39.97781753
      ],
      [
       116.35002449,
       39.97776832
      ],
      [
       116.35009414,
       39.97771927
      ],
      [
       116.3501639,
       39.97767013
      ],
      [
       116.3501996,
       39.97764498
      ],
      [
       116.35012979,
       39.97764284
      ],
      [
       116.35003617,
       39.97763998
      ],
      [
       116.34994253,
       39.97763711
      ],
      [
       116.34984891,
       39.97763424
      ],
      [
       116.34975525,
       39.97763137
      ],
      [
       116.34975516,
       39.97763137
      ],
      [
       116.34966156,
       39.97762841
      ],
      [
       116.34956816,
       39.97762555
      ],
      [
       116.3495629,
       39.97762538
      ],
      [
       116.34955609,
       39.97766326
      ],
      [
       116.34954336,
       39.97773475
      ],
      [
       116.34954335,
       39.97773481
      ],
      [
       116.3495305,
       39.97780631
      ],
      [
       116.34951777,
       39.97787781
      ],
      [
       116.34951776,
       39.97787788
      ],
      [
       116.34950491,
       39.97794927
      ],
      [
       116.3494922,
       39.97802073
      ],
      [
       116.34947945,
       39.9780923
      ],
      [
       116.34947944,
       39.97809237
      ],
      [
       116.34946705,
       39.9781612
      ]
     ]
    ]
   }
  },
  {
   "type": "Feature",
   "id": "BD-178",
   "properties": {
    "id": "BD-178",
    "layer": "BUILDING_FOOTPRINT",
    "building_type": "community_service",
    "land_use_code": "0806",
    "renewal_action": "new_build",
    "floors_above_ground": null,
    "height_m": null,
    "note_zh": "体量与高度为概念示意；官方控规强度条件未发布，不作容积率或高度结论。",
    "source_type": "agent_generated_design",
    "confidence": "low",
    "geometry_role": "design_proposal",
    "official_boundary": false,
    "boundary_precision": "provisional_rough"
   },
   "geometry": {
    "type": "Polygon",
    "coordinates": [
     [
      [
       116.34800802,
       39.96762195
      ],
      [
       116.34800967,
       39.9676941
      ],
      [
       116.34801133,
       39.96776633
      ],
      [
       116.34801298,
       39.96783858
      ],
      [
       116.34801464,
       39.96791085
      ],
      [
       116.34801465,
       39.96791095
      ],
      [
       116.34801618,
       39.96798323
      ],
      [
       116.34801783,
       39.96805537
      ],
      [
       116.34801948,
       39.96812762
      ],
      [
       116.34802115,
       39.9681999
      ],
      [
       116.34802115,
       39.9682
      ],
      [
       116.34802268,
       39.96827219
      ],
      [
       116.34802433,
       39.96834432
      ],
      [
       116.34802598,
       39.96841657
      ],
      [
       116.34802764,
       39.9684888
      ],
      [
       116.3480293,
       39.9685611
      ],
      [
       116.3480293,
       39.96856118
      ],
      [
       116.34803084,
       39.96863338
      ],
      [
       116.34803249,
       39.96870553
      ],
      [
       116.34803415,
       39.96877784
      ],
      [
       116.3480358,
       39.96885009
      ],
      [
       116.34803746,
       39.96892237
      ],
      [
       116.34803746,
       39.96892247
      ],
      [
       116.34803899,
       39.96899466
      ],
      [
       116.34804065,
       39.9690668
      ],
      [
       116.3480423,
       39.96913905
      ],
      [
       116.34804396,
       39.96921128
      ],
      [
       116.34804561,
       39.96928357
      ],
      [
       116.34804561,
       39.96928365
      ],
      [
       116.34804715,
       39.96935585
      ],
      [
       116.3480488,
       39.969428
      ],
      [
       116.34805046,
       39.96950023
      ],
      [
       116.34805147,
       39.96954442
      ],
      [
       116.34829407,
       39.96954578
      ],
      [
       116.34829417,
       39.96953082
      ],
      [
       116.34829417,
       39.96953072
      ],
      [
       116.34829474,
       39.96945845
      ],
      [
       116.34829519,
       39.96938622
      ],
      [
       116.34829564,
       39.96931387
      ],
      [
       116.34829564,
       39.96931378
      ],
      [
       116.34829621,
       39.9692414
      ],
      [
       116.34829667,
       39.96916917
      ],
      [
       116.34829712,
       39.96909683
      ],
      [
       116.34829712,
       39.96909673
      ],
      [
       116.34829769,
       39.96902446
      ],
      [
       116.34829814,
       39.96895223
      ],
      [
       116.34829859,
       39.96887988
      ],
      [
       116.34829859,
       39.96887978
      ],
      [
       116.34829916,
       39.9688075
      ],
      [
       116.34829962,
       39.96873527
      ],
      [
       116.34830007,
       39.96866293
      ],
      [
       116.34830007,
       39.96866283
      ],
      [
       116.34830064,
       39.96859056
      ],
      [
       116.34830109,
       39.9685183
      ],
      [
       116.34830109,
       39.9685182
      ],
      [
       116.34830166,
       39.96844593
      ],
      [
       116.34830211,
       39.9683737
      ],
      [
       116.34830256,
       39.96830135
      ],
      [
       116.34830256,
       39.96830125
      ],
      [
       116.34830313,
       39.96822897
      ],
      [
       116.34830359,
       39.96815674
      ],
      [
       116.34830404,
       39.9680844
      ],
      [
       116.34830404,
       39.96808431
      ],
      [
       116.34830461,
       39.96801194
      ],
      [
       116.34830506,
       39.96793971
      ],
      [
       116.34830551,
       39.96786736
      ],
      [
       116.34830551,
       39.96786726
      ],
      [
       116.34830608,
       39.96779498
      ],
      [
       116.34830654,
       39.96772275
      ],
      [
       116.34830699,
       39.96765041
      ],
      [
       116.34830699,
       39.96765031
      ],
      [
       116.34830756,
       39.96757804
      ],
      [
       116.3483076,
       39.96757218
      ],
      [
       116.34829929,
       39.96757192
      ],
      [
       116.34820523,
       39.96756905
      ],
      [
       116.34811103,
       39.96756618
      ],
      [
       116.34801677,
       39.96756331
      ],
      [
       116.34801666,
       39.96756331
      ],
      [
       116.34800677,
       39.967563
      ],
      [
       116.34800802,
       39.96762195
      ]
     ]
    ]
   }
  },
  {
   "type": "Feature",
   "id": "BD-179",
   "properties": {
    "id": "BD-179",
    "layer": "BUILDING_FOOTPRINT",
    "building_type": "community_service",
    "land_use_code": "0806",
    "renewal_action": "new_build",
    "floors_above_ground": null,
    "height_m": null,
    "note_zh": "体量与高度为概念示意；官方控规强度条件未发布，不作容积率或高度结论。",
    "source_type": "agent_generated_design",
    "confidence": "low",
    "geometry_role": "design_proposal",
    "official_boundary": false,
    "boundary_precision": "provisional_rough"
   },
   "geometry": {
    "type": "Polygon",
    "coordinates": [
     [
      [
       116.34805365,
       39.9696449
      ],
      [
       116.3480553,
       39.96971704
      ],
      [
       116.34805696,
       39.96978927
      ],
      [
       116.34805861,
       39.96986152
      ],
      [
       116.34806027,
       39.9699338
      ],
      [
       116.34806027,
       39.96993389
      ],
      [
       116.34806181,
       39.97000609
      ],
      [
       116.34806346,
       39.97007825
      ],
      [
       116.34806511,
       39.97015048
      ],
      [
       116.34806677,
       39.9702227
      ],
      [
       116.34806842,
       39.970295
      ],
      [
       116.34806842,
       39.97029508
      ],
      [
       116.34806996,
       39.97036728
      ],
      [
       116.34807161,
       39.97043952
      ],
      [
       116.34807327,
       39.97051175
      ],
      [
       116.34807492,
       39.970584
      ],
      [
       116.34807658,
       39.97065627
      ],
      [
       116.34807658,
       39.97065636
      ],
      [
       116.34807812,
       39.97072856
      ],
      [
       116.34807977,
       39.97080072
      ],
      [
       116.34808142,
       39.97087295
      ],
      [
       116.34808308,
       39.97094523
      ],
      [
       116.34808308,
       39.97094532
      ],
      [
       116.34808462,
       39.97101752
      ],
      [
       116.34808627,
       39.97108966
      ],
      [
       116.34808793,
       39.97116189
      ],
      [
       116.34808958,
       39.97123424
      ],
      [
       116.34809084,
       39.97128941
      ],
      [
       116.3481169,
       39.97136648
      ],
      [
       116.34815156,
       39.97146911
      ],
      [
       116.34815119,
       39.97150692
      ],
      [
       116.3481146,
       39.971609
      ],
      [
       116.34809905,
       39.97165239
      ],
      [
       116.34809939,
       39.97166771
      ],
      [
       116.3480994,
       39.97166779
      ],
      [
       116.34810094,
       39.97173999
      ],
      [
       116.34810258,
       39.97181214
      ],
      [
       116.34810424,
       39.97188437
      ],
      [
       116.34810589,
       39.97195662
      ],
      [
       116.34810756,
       39.97202898
      ],
      [
       116.34810756,
       39.97202908
      ],
      [
       116.34810806,
       39.97205274
      ],
      [
       116.34818744,
       39.97205517
      ],
      [
       116.34827694,
       39.97205789
      ],
      [
       116.34827737,
       39.97198974
      ],
      [
       116.34827737,
       39.97198966
      ],
      [
       116.34827794,
       39.97191739
      ],
      [
       116.34827839,
       39.97184517
      ],
      [
       116.34827884,
       39.97177281
      ],
      [
       116.34827884,
       39.97177271
      ],
      [
       116.34827941,
       39.97170043
      ],
      [
       116.34827987,
       39.97162808
      ],
      [
       116.34827987,
       39.971628
      ],
      [
       116.34828043,
       39.97155572
      ],
      [
       116.34828089,
       39.97148348
      ],
      [
       116.34828134,
       39.97141114
      ],
      [
       116.34828134,
       39.97141104
      ],
      [
       116.34828191,
       39.97133877
      ],
      [
       116.34828236,
       39.97126654
      ],
      [
       116.34828281,
       39.97119419
      ],
      [
       116.34828281,
       39.97119409
      ],
      [
       116.34828338,
       39.97112181
      ],
      [
       116.34828384,
       39.97104958
      ],
      [
       116.34828429,
       39.97097724
      ],
      [
       116.34828429,
       39.97097714
      ],
      [
       116.34828486,
       39.97090487
      ],
      [
       116.34828531,
       39.97083265
      ],
      [
       116.34828576,
       39.97076029
      ],
      [
       116.34828576,
       39.97076019
      ],
      [
       116.34828633,
       39.97068791
      ],
      [
       116.34828679,
       39.97061569
      ],
      [
       116.34828724,
       39.97054334
      ],
      [
       116.34828724,
       39.97054325
      ],
      [
       116.34828781,
       39.97047088
      ],
      [
       116.34828826,
       39.97039866
      ],
      [
       116.34828871,
       39.9703263
      ],
      [
       116.34828871,
       39.9703262
      ],
      [
       116.34828928,
       39.97025392
      ],
      [
       116.34828974,
       39.9701817
      ],
      [
       116.34829019,
       39.97010935
      ],
      [
       116.34829019,
       39.97010925
      ],
      [
       116.34829076,
       39.97003698
      ],
      [
       116.34829121,
       39.96996472
      ],
      [
       116.34829122,
       39.96996462
      ],
      [
       116.34829178,
       39.96989235
      ],
      [
       116.34829223,
       39.96982012
      ],
      [
       116.34829268,
       39.96974777
      ],
      [
       116.34829269,
       39.96974767
      ],
      [
       116.34829326,
       39.96967539
      ],
      [
       116.34829362,
       39.96961783
      ],
      [
       116.34805305,
       39.96961647
      ],
      [
       116.34805365,
       39.9696449
      ]
     ]
    ]
   }
  },
  {
   "type": "Feature",
   "id": "BD-180",
   "properties": {
    "id": "BD-180",
    "layer": "BUILDING_FOOTPRINT",
    "building_type": "community_service",
    "land_use_code": "0806",
    "renewal_action": "new_build",
    "floors_above_ground": null,
    "height_m": null,
    "note_zh": "体量与高度为概念示意；官方控规强度条件未发布，不作容积率或高度结论。",
    "source_type": "agent_generated_design",
    "confidence": "low",
    "geometry_role": "design_proposal",
    "official_boundary": false,
    "boundary_precision": "provisional_rough"
   },
   "geometry": {
    "type": "Polygon",
    "coordinates": [
     [
      [
       116.34795641,
       39.96375477
      ],
      [
       116.34795727,
       39.96379234
      ],
      [
       116.34795727,
       39.96379244
      ],
      [
       116.34795881,
       39.96386463
      ],
      [
       116.34796046,
       39.96393677
      ],
      [
       116.34796212,
       39.96400909
      ],
      [
       116.34796377,
       39.96408138
      ],
      [
       116.34796378,
       39.96408148
      ],
      [
       116.34796531,
       39.96415367
      ],
      [
       116.34796696,
       39.96422581
      ],
      [
       116.34796862,
       39.96429804
      ],
      [
       116.34797027,
       39.96437029
      ],
      [
       116.34797193,
       39.96444258
      ],
      [
       116.34797194,
       39.96444269
      ],
      [
       116.34797347,
       39.96451486
      ],
      [
       116.34797512,
       39.96458699
      ],
      [
       116.34797677,
       39.96465924
      ],
      [
       116.34797843,
       39.96473147
      ],
      [
       116.34798009,
       39.96480387
      ],
      [
       116.34798009,
       39.96480397
      ],
      [
       116.34798163,
       39.96487615
      ],
      [
       116.34798327,
       39.96494828
      ],
      [
       116.34798493,
       39.96502051
      ],
      [
       116.34798658,
       39.96509276
      ],
      [
       116.34798825,
       39.96516505
      ],
      [
       116.34798825,
       39.96516516
      ],
      [
       116.34798978,
       39.96523734
      ],
      [
       116.34799144,
       39.96530947
      ],
      [
       116.34799309,
       39.96538172
      ],
      [
       116.34799475,
       39.96545401
      ],
      [
       116.34799475,
       39.96545412
      ],
      [
       116.34799628,
       39.9655263
      ],
      [
       116.34799794,
       39.96559851
      ],
      [
       116.34799959,
       39.96567076
      ],
      [
       116.34800125,
       39.96574299
      ],
      [
       116.3480029,
       39.96581529
      ],
      [
       116.3480029,
       39.96581539
      ],
      [
       116.34800444,
       39.96588758
      ],
      [
       116.34800609,
       39.9659597
      ],
      [
       116.34800775,
       39.96603194
      ],
      [
       116.3480094,
       39.96610419
      ],
      [
       116.34801106,
       39.96617648
      ],
      [
       116.34801106,
       39.96617659
      ],
      [
       116.34801259,
       39.96624877
      ],
      [
       116.34801425,
       39.9663209
      ],
      [
       116.3480159,
       39.96639324
      ],
      [
       116.34801756,
       39.96646546
      ],
      [
       116.34801921,
       39.96653776
      ],
      [
       116.34801921,
       39.96653786
      ],
      [
       116.34802075,
       39.96661005
      ],
      [
       116.3480224,
       39.96668219
      ],
      [
       116.34802406,
       39.96675442
      ],
      [
       116.34802571,
       39.96682672
      ],
      [
       116.34802571,
       39.96682682
      ],
      [
       116.34802725,
       39.966899
      ],
      [
       116.34802824,
       39.96694216
      ],
      [
       116.34803518,
       39.96694237
      ],
      [
       116.34803532,
       39.96694237
      ],
      [
       116.34812946,
       39.96694533
      ],
      [
       116.34822352,
       39.96694821
      ],
      [
       116.34827623,
       39.96694981
      ],
      [
       116.34827649,
       39.96690997
      ],
      [
       116.34827649,
       39.96690987
      ],
      [
       116.34827706,
       39.96683761
      ],
      [
       116.34827751,
       39.96676536
      ],
      [
       116.34827751,
       39.96676525
      ],
      [
       116.34827808,
       39.96669298
      ],
      [
       116.34827853,
       39.96662077
      ],
      [
       116.34827898,
       39.96654832
      ],
      [
       116.34827898,
       39.96654821
      ],
      [
       116.34827955,
       39.96647594
      ],
      [
       116.34828,
       39.96640373
      ],
      [
       116.34828046,
       39.96633135
      ],
      [
       116.34828046,
       39.96633125
      ],
      [
       116.34828103,
       39.96625899
      ],
      [
       116.34828148,
       39.96618678
      ],
      [
       116.34828193,
       39.96611442
      ],
      [
       116.34828193,
       39.96611431
      ],
      [
       116.3482825,
       39.96604204
      ],
      [
       116.34828295,
       39.96596983
      ],
      [
       116.34828341,
       39.96589746
      ],
      [
       116.34828341,
       39.96589737
      ],
      [
       116.34828397,
       39.96582509
      ],
      [
       116.34828443,
       39.96575287
      ],
      [
       116.34828488,
       39.96568052
      ],
      [
       116.34828488,
       39.96568041
      ],
      [
       116.34828545,
       39.96560814
      ],
      [
       116.3482859,
       39.96553593
      ],
      [
       116.34828635,
       39.96546357
      ],
      [
       116.34828635,
       39.96546346
      ],
      [
       116.34828692,
       39.96539109
      ],
      [
       116.34828738,
       39.96531888
      ],
      [
       116.34828783,
       39.96524653
      ],
      [
       116.34828783,
       39.96524642
      ],
      [
       116.3482884,
       39.96517415
      ],
      [
       116.34828885,
       39.96510189
      ],
      [
       116.34828885,
       39.96510178
      ],
      [
       116.34828942,
       39.96502952
      ],
      [
       116.34828987,
       39.96495731
      ],
      [
       116.34829032,
       39.96488494
      ],
      [
       116.34829032,
       39.96488483
      ],
      [
       116.34829089,
       39.96481256
      ],
      [
       116.34829135,
       39.96474035
      ],
      [
       116.3482918,
       39.96466799
      ],
      [
       116.34829181,
       39.96466788
      ],
      [
       116.34829238,
       39.96459562
      ],
      [
       116.34829282,
       39.96452341
      ],
      [
       116.34829328,
       39.96445104
      ],
      [
       116.34829328,
       39.96445093
      ],
      [
       116.34829385,
       39.96437867
      ],
      [
       116.3482943,
       39.96430646
      ],
      [
       116.34829476,
       39.96423407
      ],
      [
       116.34829476,
       39.96423397
      ],
      [
       116.34829533,
       39.96416163
      ],
      [
       116.34829578,
       39.96408942
      ],
      [
       116.34829623,
       39.96401705
      ],
      [
       116.34829623,
       39.96401694
      ],
      [
       116.3482968,
       39.96394468
      ],
      [
       116.34829725,
       39.96387247
      ],
      [
       116.34829771,
       39.96380009
      ],
      [
       116.34829771,
       39.9638
      ],
      [
       116.348298,
       39.96376244
      ],
      [
       116.34829642,
       39.96376241
      ],
      [
       116.34829628,
       39.96376241
      ],
      [
       116.34820086,
       39.96376024
      ],
      [
       116.34810539,
       39.96375809
      ],
      [
       116.34801001,
       39.96375594
      ],
      [
       116.34795641,
       39.96375477
      ]
     ]
    ]
   }
  },
  {
   "type": "Feature",
   "id": "BD-181",
   "properties": {
    "id": "BD-181",
    "layer": "BUILDING_FOOTPRINT",
    "building_type": "residential",
    "land_use_code": "0701",
    "renewal_action": "renovate",
    "floors_above_ground": null,
    "height_m": null,
    "note_zh": "体量与高度为概念示意；官方控规强度条件未发布，不作容积率或高度结论。",
    "source_type": "agent_generated_design",
    "confidence": "low",
    "geometry_role": "design_proposal",
    "official_boundary": false,
    "boundary_precision": "provisional_rough"
   },
   "geometry": {
    "type": "Polygon",
    "coordinates": [
     [
      [
       116.34949728,
       39.96410489
      ],
      [
       116.34949682,
       39.96417704
      ],
      [
       116.34949637,
       39.96424948
      ],
      [
       116.34949637,
       39.96424977
      ],
      [
       116.3494958,
       39.96432194
      ],
      [
       116.34949535,
       39.96439397
      ],
      [
       116.3494949,
       39.96446643
      ],
      [
       116.3494949,
       39.96446672
      ],
      [
       116.34949433,
       39.96453889
      ],
      [
       116.34949388,
       39.96461092
      ],
      [
       116.34949342,
       39.96468341
      ],
      [
       116.34949342,
       39.96468365
      ],
      [
       116.34949286,
       39.96475584
      ],
      [
       116.3494924,
       39.96482804
      ],
      [
       116.3494924,
       39.96482828
      ],
      [
       116.34949184,
       39.96490048
      ],
      [
       116.34949139,
       39.96497252
      ],
      [
       116.34949094,
       39.96504496
      ],
      [
       116.34949093,
       39.96504525
      ],
      [
       116.34949037,
       39.96511743
      ],
      [
       116.34948992,
       39.96518945
      ],
      [
       116.34948957,
       39.96524616
      ],
      [
       116.35038972,
       39.96525121
      ],
      [
       116.35038978,
       39.9652509
      ],
      [
       116.35040264,
       39.96517895
      ],
      [
       116.35041549,
       39.96510699
      ],
      [
       116.35042838,
       39.96503493
      ],
      [
       116.35042843,
       39.96503466
      ],
      [
       116.35044136,
       39.96496295
      ],
      [
       116.35045416,
       39.96489128
      ],
      [
       116.35046702,
       39.96481933
      ],
      [
       116.35047988,
       39.96474737
      ],
      [
       116.35049273,
       39.96467546
      ],
      [
       116.35050558,
       39.9646036
      ],
      [
       116.35051842,
       39.96453167
      ],
      [
       116.35053129,
       39.96445972
      ],
      [
       116.35054413,
       39.9643878
      ],
      [
       116.350557,
       39.96431584
      ],
      [
       116.35056984,
       39.96424397
      ],
      [
       116.3505827,
       39.96417201
      ],
      [
       116.35059558,
       39.96409997
      ],
      [
       116.35059562,
       39.96409972
      ],
      [
       116.35059732,
       39.96409032
      ],
      [
       116.3505764,
       39.96408985
      ],
      [
       116.35048106,
       39.9640877
      ],
      [
       116.35038555,
       39.96408554
      ],
      [
       116.35029042,
       39.9640834
      ],
      [
       116.35019518,
       39.96408133
      ],
      [
       116.35019484,
       39.96408132
      ],
      [
       116.35009921,
       39.96407916
      ],
      [
       116.35000377,
       39.96407701
      ],
      [
       116.34990867,
       39.96407485
      ],
      [
       116.34981339,
       39.96407279
      ],
      [
       116.34981307,
       39.96407278
      ],
      [
       116.34971743,
       39.96407063
      ],
      [
       116.34962197,
       39.96406847
      ],
      [
       116.3495269,
       39.96406632
      ],
      [
       116.34949758,
       39.96406568
      ],
      [
       116.34949728,
       39.96410489
      ]
     ]
    ]
   }
  },
  {
   "type": "Feature",
   "id": "BD-182",
   "properties": {
    "id": "BD-182",
    "layer": "BUILDING_FOOTPRINT",
    "building_type": "residential",
    "land_use_code": "0701",
    "renewal_action": "new_build",
    "floors_above_ground": null,
    "height_m": null,
    "note_zh": "体量与高度为概念示意；官方控规强度条件未发布，不作容积率或高度结论。",
    "source_type": "agent_generated_design",
    "confidence": "low",
    "geometry_role": "design_proposal",
    "official_boundary": false,
    "boundary_precision": "provisional_rough"
   },
   "geometry": {
    "type": "Polygon",
    "coordinates": [
     [
      [
       116.3494889,
       39.96533437
      ],
      [
       116.34948845,
       39.96540649
      ],
      [
       116.34948799,
       39.96547898
      ],
      [
       116.34948799,
       39.96547922
      ],
      [
       116.34948743,
       39.96555142
      ],
      [
       116.34948697,
       39.96562346
      ],
      [
       116.34948652,
       39.9656959
      ],
      [
       116.34948652,
       39.96569619
      ],
      [
       116.34948595,
       39.96576837
      ],
      [
       116.3494855,
       39.96584039
      ],
      [
       116.34948505,
       39.96591285
      ],
      [
       116.34948505,
       39.96591314
      ],
      [
       116.34948448,
       39.96598532
      ],
      [
       116.34948403,
       39.96605734
      ],
      [
       116.34948358,
       39.9661298
      ],
      [
       116.34948358,
       39.96613009
      ],
      [
       116.34948301,
       39.96620227
      ],
      [
       116.34948257,
       39.96627443
      ],
      [
       116.34948256,
       39.96627472
      ],
      [
       116.349482,
       39.96634692
      ],
      [
       116.34948154,
       39.96641895
      ],
      [
       116.34948109,
       39.96649138
      ],
      [
       116.34948109,
       39.96649167
      ],
      [
       116.34948052,
       39.96656384
      ],
      [
       116.34948007,
       39.96663597
      ],
      [
       116.34947962,
       39.96670842
      ],
      [
       116.34947962,
       39.96670871
      ],
      [
       116.3494796,
       39.96671029
      ],
      [
       116.34947987,
       39.9667103
      ],
      [
       116.34957356,
       39.96671317
      ],
      [
       116.34966713,
       39.96671604
      ],
      [
       116.3497607,
       39.9667189
      ],
      [
       116.34985439,
       39.96672177
      ],
      [
       116.34994796,
       39.96672464
      ],
      [
       116.35004173,
       39.96672751
      ],
      [
       116.35004213,
       39.96672752
      ],
      [
       116.35012522,
       39.96673015
      ],
      [
       116.35013265,
       39.96668899
      ],
      [
       116.35014545,
       39.96661741
      ],
      [
       116.35015829,
       39.9665455
      ],
      [
       116.35017115,
       39.96647356
      ],
      [
       116.35018401,
       39.96640159
      ],
      [
       116.35019687,
       39.96632967
      ],
      [
       116.35020972,
       39.9662578
      ],
      [
       116.35022257,
       39.96618584
      ],
      [
       116.35023542,
       39.96611395
      ],
      [
       116.35024827,
       39.96604202
      ],
      [
       116.35026115,
       39.96597004
      ],
      [
       116.35027401,
       39.96589805
      ],
      [
       116.35027406,
       39.96589781
      ],
      [
       116.35028701,
       39.96582595
      ],
      [
       116.35029981,
       39.96575434
      ],
      [
       116.35031265,
       39.96568241
      ],
      [
       116.35032553,
       39.96561041
      ],
      [
       116.35033837,
       39.96553859
      ],
      [
       116.35035121,
       39.96546666
      ],
      [
       116.35036409,
       39.96539467
      ],
      [
       116.35037687,
       39.96532318
      ],
      [
       116.34948902,
       39.96531821
      ],
      [
       116.3494889,
       39.96533437
      ]
     ]
    ]
   }
  },
  {
   "type": "Feature",
   "id": "BD-183",
   "properties": {
    "id": "BD-183",
    "layer": "BUILDING_FOOTPRINT",
    "building_type": "community_service",
    "land_use_code": "0806",
    "renewal_action": "new_build",
    "floors_above_ground": null,
    "height_m": null,
    "note_zh": "体量与高度为概念示意；官方控规强度条件未发布，不作容积率或高度结论。",
    "source_type": "agent_generated_design",
    "confidence": "low",
    "geometry_role": "design_proposal",
    "official_boundary": false,
    "boundary_precision": "provisional_rough"
   },
   "geometry": {
    "type": "Polygon",
    "coordinates": [
     [
      [
       116.34926587,
       39.96780938
      ],
      [
       116.34926542,
       39.96788179
      ],
      [
       116.34926541,
       39.96788198
      ],
      [
       116.34926485,
       39.9679542
      ],
      [
       116.3492644,
       39.96802642
      ],
      [
       116.3492644,
       39.96802661
      ],
      [
       116.34926383,
       39.96809892
      ],
      [
       116.34926338,
       39.96817105
      ],
      [
       116.34926292,
       39.96824349
      ],
      [
       116.34926292,
       39.96824366
      ],
      [
       116.34926235,
       39.96831588
      ],
      [
       116.3492619,
       39.968388
      ],
      [
       116.34926145,
       39.96846041
      ],
      [
       116.34926145,
       39.9684606
      ],
      [
       116.34926088,
       39.96853283
      ],
      [
       116.34926043,
       39.96860495
      ],
      [
       116.34925998,
       39.96867736
      ],
      [
       116.34925998,
       39.96867755
      ],
      [
       116.34925941,
       39.96874978
      ],
      [
       116.34925896,
       39.9688219
      ],
      [
       116.3492585,
       39.96889433
      ],
      [
       116.3492585,
       39.96889448
      ],
      [
       116.34925794,
       39.96896673
      ],
      [
       116.34925748,
       39.96903887
      ],
      [
       116.34925703,
       39.96911126
      ],
      [
       116.34925703,
       39.96911145
      ],
      [
       116.34925646,
       39.96918368
      ],
      [
       116.34925601,
       39.96925589
      ],
      [
       116.34925556,
       39.9693283
      ],
      [
       116.34925556,
       39.96932849
      ],
      [
       116.34925551,
       39.96933486
      ],
      [
       116.34986699,
       39.96933829
      ],
      [
       116.34987381,
       39.96930012
      ],
      [
       116.34988666,
       39.96922823
      ],
      [
       116.34989952,
       39.96915626
      ],
      [
       116.34991237,
       39.96908436
      ],
      [
       116.34992522,
       39.96901248
      ],
      [
       116.34993808,
       39.96894051
      ],
      [
       116.34995093,
       39.96886861
      ],
      [
       116.34996379,
       39.96879664
      ],
      [
       116.34997664,
       39.96872474
      ],
      [
       116.34998949,
       39.96865286
      ],
      [
       116.35000237,
       39.9685808
      ],
      [
       116.3500024,
       39.96858061
      ],
      [
       116.35001535,
       39.96850884
      ],
      [
       116.35002817,
       39.96843706
      ],
      [
       116.35004104,
       39.96836511
      ],
      [
       116.35005388,
       39.96829325
      ],
      [
       116.35006674,
       39.96822128
      ],
      [
       116.35007959,
       39.9681494
      ],
      [
       116.35009244,
       39.96807744
      ],
      [
       116.35010531,
       39.9680055
      ],
      [
       116.35011815,
       39.96793365
      ],
      [
       116.350131,
       39.96786169
      ],
      [
       116.35014387,
       39.96778977
      ],
      [
       116.3501467,
       39.96777391
      ],
      [
       116.35009497,
       39.96777233
      ],
      [
       116.35009471,
       39.96777232
      ],
      [
       116.35000123,
       39.96776937
      ],
      [
       116.34990788,
       39.96776652
      ],
      [
       116.34981422,
       39.96776365
      ],
      [
       116.34972063,
       39.96776078
      ],
      [
       116.34962704,
       39.96775792
      ],
      [
       116.34953338,
       39.96775505
      ],
      [
       116.34943977,
       39.96775218
      ],
      [
       116.34934619,
       39.96774931
      ],
      [
       116.34926625,
       39.96774686
      ],
      [
       116.34926587,
       39.96780938
      ]
     ]
    ]
   }
  },
  {
   "type": "Feature",
   "id": "BD-184",
   "properties": {
    "id": "BD-184",
    "layer": "BUILDING_FOOTPRINT",
    "building_type": "community_service",
    "land_use_code": "0806",
    "renewal_action": "new_build",
    "floors_above_ground": null,
    "height_m": null,
    "note_zh": "体量与高度为概念示意；官方控规强度条件未发布，不作容积率或高度结论。",
    "source_type": "agent_generated_design",
    "confidence": "low",
    "geometry_role": "design_proposal",
    "official_boundary": false,
    "boundary_precision": "provisional_rough"
   },
   "geometry": {
    "type": "Polygon",
    "coordinates": [
     [
      [
       116.34925455,
       39.96947284
      ],
      [
       116.34925408,
       39.96954528
      ],
      [
       116.34925408,
       39.96954545
      ],
      [
       116.34925351,
       39.96961767
      ],
      [
       116.34925307,
       39.96968988
      ],
      [
       116.34925306,
       39.96969007
      ],
      [
       116.3492525,
       39.9697623
      ],
      [
       116.34925205,
       39.96983443
      ],
      [
       116.3492516,
       39.96990683
      ],
      [
       116.3492516,
       39.96990702
      ],
      [
       116.34925103,
       39.96997925
      ],
      [
       116.34925058,
       39.97005138
      ],
      [
       116.34925013,
       39.97012378
      ],
      [
       116.34925013,
       39.97012397
      ],
      [
       116.34924956,
       39.9701962
      ],
      [
       116.34924911,
       39.97026833
      ],
      [
       116.34924865,
       39.97034076
      ],
      [
       116.34924865,
       39.97034093
      ],
      [
       116.34924808,
       39.97041314
      ],
      [
       116.34924763,
       39.97048537
      ],
      [
       116.34924718,
       39.97055777
      ],
      [
       116.34924718,
       39.97055796
      ],
      [
       116.34924661,
       39.97063019
      ],
      [
       116.34924616,
       39.97070231
      ],
      [
       116.34924571,
       39.97077472
      ],
      [
       116.34924571,
       39.97077491
      ],
      [
       116.34924514,
       39.97084715
      ],
      [
       116.34924468,
       39.97091928
      ],
      [
       116.34924423,
       39.97099167
      ],
      [
       116.34924423,
       39.97099186
      ],
      [
       116.34924366,
       39.97106409
      ],
      [
       116.34924321,
       39.9711363
      ],
      [
       116.34924321,
       39.97113649
      ],
      [
       116.34924264,
       39.97120872
      ],
      [
       116.3492422,
       39.97128085
      ],
      [
       116.34924174,
       39.97135325
      ],
      [
       116.34924174,
       39.97135344
      ],
      [
       116.34924117,
       39.97142567
      ],
      [
       116.34924073,
       39.9714978
      ],
      [
       116.34924027,
       39.97157023
      ],
      [
       116.34924026,
       39.9715704
      ],
      [
       116.3492397,
       39.97164261
      ],
      [
       116.34923925,
       39.97171484
      ],
      [
       116.3492388,
       39.97178724
      ],
      [
       116.3492388,
       39.97178743
      ],
      [
       116.34923823,
       39.97185966
      ],
      [
       116.34923778,
       39.97193179
      ],
      [
       116.34923771,
       39.9719423
      ],
      [
       116.34925005,
       39.97194268
      ],
      [
       116.34925028,
       39.97194269
      ],
      [
       116.34934377,
       39.97194564
      ],
      [
       116.3494003,
       39.97194738
      ],
      [
       116.34941067,
       39.97188932
      ],
      [
       116.34942353,
       39.97181741
      ],
      [
       116.34943638,
       39.97174554
      ],
      [
       116.34944923,
       39.97167357
      ],
      [
       116.3494621,
       39.97160167
      ],
      [
       116.34947494,
       39.97152974
      ],
      [
       116.34948781,
       39.97145778
      ],
      [
       116.34950066,
       39.97138592
      ],
      [
       116.34951352,
       39.97131395
      ],
      [
       116.34952638,
       39.97124197
      ],
      [
       116.34952641,
       39.97124181
      ],
      [
       116.34953937,
       39.9711699
      ],
      [
       116.3495522,
       39.97109817
      ],
      [
       116.34956505,
       39.97102631
      ],
      [
       116.34957791,
       39.97095433
      ],
      [
       116.34959076,
       39.97088244
      ],
      [
       116.34960362,
       39.97081047
      ],
      [
       116.34961647,
       39.97073857
      ],
      [
       116.34962933,
       39.97066669
      ],
      [
       116.34964217,
       39.97059475
      ],
      [
       116.34965504,
       39.97052282
      ],
      [
       116.34966789,
       39.97045089
      ],
      [
       116.34968077,
       39.97037884
      ],
      [
       116.3496808,
       39.97037868
      ],
      [
       116.34969375,
       39.97030691
      ],
      [
       116.34970657,
       39.97023513
      ],
      [
       116.34971943,
       39.97016321
      ],
      [
       116.34973228,
       39.97009127
      ],
      [
       116.34974515,
       39.97001932
      ],
      [
       116.349758,
       39.96994746
      ],
      [
       116.34977085,
       39.96987549
      ],
      [
       116.3497837,
       39.96980361
      ],
      [
       116.34979655,
       39.96973166
      ],
      [
       116.34980942,
       39.96965971
      ],
      [
       116.34982227,
       39.96958784
      ],
      [
       116.34983514,
       39.96951578
      ],
      [
       116.34983518,
       39.96951559
      ],
      [
       116.34984813,
       39.96944379
      ],
      [
       116.34985413,
       39.96941026
      ],
      [
       116.34925496,
       39.9694069
      ],
      [
       116.34925455,
       39.96947284
      ]
     ]
    ]
   }
  },
  {
   "type": "Feature",
   "id": "BD-185",
   "properties": {
    "id": "BD-185",
    "layer": "BUILDING_FOOTPRINT",
    "building_type": "residential",
    "land_use_code": "0701",
    "renewal_action": "new_build",
    "floors_above_ground": null,
    "height_m": null,
    "note_zh": "体量与高度为概念示意；官方控规强度条件未发布，不作容积率或高度结论。",
    "source_type": "agent_generated_design",
    "confidence": "low",
    "geometry_role": "design_proposal",
    "official_boundary": false,
    "boundary_precision": "provisional_rough"
   },
   "geometry": {
    "type": "Polygon",
    "coordinates": [
     [
      [
       116.34791186,
       39.96249435
      ],
      [
       116.34791222,
       39.96251086
      ],
      [
       116.34791386,
       39.96258301
      ],
      [
       116.34791551,
       39.96265524
      ],
      [
       116.34791717,
       39.96272747
      ],
      [
       116.34791883,
       39.96279987
      ],
      [
       116.34791883,
       39.96279996
      ],
      [
       116.34792037,
       39.96287214
      ],
      [
       116.34792202,
       39.96294428
      ],
      [
       116.34792368,
       39.96301651
      ],
      [
       116.34792517,
       39.96308179
      ],
      [
       116.34801264,
       39.96308379
      ],
      [
       116.3481073,
       39.96308594
      ],
      [
       116.34820203,
       39.963088
      ],
      [
       116.34820215,
       39.96308801
      ],
      [
       116.34829673,
       39.96309016
      ],
      [
       116.34831866,
       39.96309063
      ],
      [
       116.34831874,
       39.96307704
      ],
      [
       116.34831919,
       39.96300468
      ],
      [
       116.3483192,
       39.96300458
      ],
      [
       116.34831977,
       39.96293223
      ],
      [
       116.34832021,
       39.96286001
      ],
      [
       116.34832067,
       39.96278764
      ],
      [
       116.34832067,
       39.96278754
      ],
      [
       116.34832124,
       39.96271527
      ],
      [
       116.3483217,
       39.96264305
      ],
      [
       116.34832215,
       39.96257069
      ],
      [
       116.34832215,
       39.96257059
      ],
      [
       116.34832265,
       39.96250696
      ],
      [
       116.34823912,
       39.96250442
      ],
      [
       116.34814493,
       39.96250155
      ],
      [
       116.34805067,
       39.96249867
      ],
      [
       116.34805053,
       39.96249867
      ],
      [
       116.34795641,
       39.9624957
      ],
      [
       116.34791186,
       39.96249435
      ]
     ]
    ]
   }
  },
  {
   "type": "Feature",
   "id": "BD-186",
   "properties": {
    "id": "BD-186",
    "layer": "BUILDING_FOOTPRINT",
    "building_type": "residential",
    "land_use_code": "0701",
    "renewal_action": "renovate",
    "floors_above_ground": null,
    "height_m": null,
    "note_zh": "体量与高度为概念示意；官方控规强度条件未发布，不作容积率或高度结论。",
    "source_type": "agent_generated_design",
    "confidence": "low",
    "geometry_role": "design_proposal",
    "official_boundary": false,
    "boundary_precision": "provisional_rough"
   },
   "geometry": {
    "type": "Polygon",
    "coordinates": [
     [
      [
       116.34788639,
       39.95752458
      ],
      [
       116.34788804,
       39.95759684
      ],
      [
       116.34788969,
       39.95766915
      ],
      [
       116.3478897,
       39.95766928
      ],
      [
       116.34789124,
       39.95774145
      ],
      [
       116.34789288,
       39.95781354
      ],
      [
       116.34789454,
       39.95788577
      ],
      [
       116.34789619,
       39.95795819
      ],
      [
       116.3478962,
       39.95795832
      ],
      [
       116.34789774,
       39.95803049
      ],
      [
       116.34789938,
       39.95810259
      ],
      [
       116.34790104,
       39.95817482
      ],
      [
       116.34790269,
       39.95824707
      ],
      [
       116.34790436,
       39.95831937
      ],
      [
       116.34790436,
       39.95831953
      ],
      [
       116.34790589,
       39.95839168
      ],
      [
       116.34790754,
       39.95846377
      ],
      [
       116.3479092,
       39.95853602
      ],
      [
       116.34791086,
       39.95860825
      ],
      [
       116.34791251,
       39.95868058
      ],
      [
       116.34791251,
       39.95868071
      ],
      [
       116.34791405,
       39.95875297
      ],
      [
       116.3479157,
       39.95882507
      ],
      [
       116.34791735,
       39.9588973
      ],
      [
       116.34791901,
       39.95896953
      ],
      [
       116.34792066,
       39.95904186
      ],
      [
       116.34792066,
       39.95904199
      ],
      [
       116.3479222,
       39.95911416
      ],
      [
       116.34792385,
       39.95918626
      ],
      [
       116.34792551,
       39.95925849
      ],
      [
       116.34792716,
       39.95933082
      ],
      [
       116.34792716,
       39.95933095
      ],
      [
       116.3479287,
       39.95940311
      ],
      [
       116.34793035,
       39.95947521
      ],
      [
       116.34793136,
       39.95951906
      ],
      [
       116.34825639,
       39.95952089
      ],
      [
       116.34825655,
       39.95949586
      ],
      [
       116.34825655,
       39.95949571
      ],
      [
       116.34825713,
       39.95942292
      ],
      [
       116.34825758,
       39.95935022
      ],
      [
       116.34825804,
       39.95927727
      ],
      [
       116.34825804,
       39.95927713
      ],
      [
       116.34825862,
       39.95920426
      ],
      [
       116.34825907,
       39.95913156
      ],
      [
       116.34825953,
       39.95905861
      ],
      [
       116.34825953,
       39.95905847
      ],
      [
       116.34826011,
       39.95898569
      ],
      [
       116.34826056,
       39.95891299
      ],
      [
       116.34826102,
       39.95884003
      ],
      [
       116.34826102,
       39.95883989
      ],
      [
       116.3482616,
       39.95876712
      ],
      [
       116.34826205,
       39.95869442
      ],
      [
       116.34826251,
       39.95862138
      ],
      [
       116.34826251,
       39.95862125
      ],
      [
       116.34826308,
       39.95854846
      ],
      [
       116.34826354,
       39.95847573
      ],
      [
       116.348264,
       39.95840281
      ],
      [
       116.348264,
       39.95840268
      ],
      [
       116.34826457,
       39.95832989
      ],
      [
       116.34826503,
       39.95825716
      ],
      [
       116.34826549,
       39.95818424
      ],
      [
       116.3482655,
       39.95818411
      ],
      [
       116.34826607,
       39.95811131
      ],
      [
       116.34826652,
       39.95803851
      ],
      [
       116.34826699,
       39.95796558
      ],
      [
       116.34826699,
       39.95796545
      ],
      [
       116.34826756,
       39.95789265
      ],
      [
       116.34826802,
       39.95781993
      ],
      [
       116.34826848,
       39.95774701
      ],
      [
       116.34826848,
       39.95774688
      ],
      [
       116.34826905,
       39.95767408
      ],
      [
       116.34826951,
       39.95760135
      ],
      [
       116.34826997,
       39.95752844
      ],
      [
       116.34826997,
       39.95752831
      ],
      [
       116.34826998,
       39.95752737
      ],
      [
       116.34826993,
       39.95752737
      ],
      [
       116.34817593,
       39.95752451
      ],
      [
       116.34808166,
       39.95752163
      ],
      [
       116.34808148,
       39.95752163
      ],
      [
       116.34798738,
       39.95751867
      ],
      [
       116.34789338,
       39.95751581
      ],
      [
       116.34788618,
       39.95751559
      ],
      [
       116.34788639,
       39.95752458
      ]
     ]
    ]
   }
  },
  {
   "type": "Feature",
   "id": "BD-187",
   "properties": {
    "id": "BD-187",
    "layer": "BUILDING_FOOTPRINT",
    "building_type": "residential",
    "land_use_code": "0701",
    "renewal_action": "new_build",
    "floors_above_ground": null,
    "height_m": null,
    "note_zh": "体量与高度为概念示意；官方控规强度条件未发布，不作容积率或高度结论。",
    "source_type": "agent_generated_design",
    "confidence": "low",
    "geometry_role": "design_proposal",
    "official_boundary": false,
    "boundary_precision": "provisional_rough"
   },
   "geometry": {
    "type": "Polygon",
    "coordinates": [
     [
      [
       116.34793366,
       39.95961978
      ],
      [
       116.34793532,
       39.95969208
      ],
      [
       116.34793533,
       39.95969224
      ],
      [
       116.34793685,
       39.9597644
      ],
      [
       116.34793851,
       39.95983648
      ],
      [
       116.34794016,
       39.95990873
      ],
      [
       116.34794182,
       39.95998096
      ],
      [
       116.34794347,
       39.96005329
      ],
      [
       116.34794348,
       39.96005342
      ],
      [
       116.34794502,
       39.96012559
      ],
      [
       116.34794666,
       39.96019769
      ],
      [
       116.34794832,
       39.96026992
      ],
      [
       116.34794997,
       39.96034218
      ],
      [
       116.34795163,
       39.96041457
      ],
      [
       116.34795163,
       39.9604147
      ],
      [
       116.34795317,
       39.96048687
      ],
      [
       116.34795481,
       39.96055897
      ],
      [
       116.34795647,
       39.9606312
      ],
      [
       116.34795813,
       39.96070353
      ],
      [
       116.34795813,
       39.96070366
      ],
      [
       116.34795967,
       39.96077583
      ],
      [
       116.34796132,
       39.96084792
      ],
      [
       116.34796298,
       39.96092015
      ],
      [
       116.34796463,
       39.9609924
      ],
      [
       116.34796629,
       39.9610647
      ],
      [
       116.34796629,
       39.96106486
      ],
      [
       116.34796782,
       39.96113702
      ],
      [
       116.34796948,
       39.9612092
      ],
      [
       116.34797113,
       39.96128145
      ],
      [
       116.34797279,
       39.96135367
      ],
      [
       116.34797444,
       39.961426
      ],
      [
       116.34797444,
       39.96142613
      ],
      [
       116.34797598,
       39.9614983
      ],
      [
       116.34797763,
       39.9615704
      ],
      [
       116.34797929,
       39.96164263
      ],
      [
       116.34798094,
       39.96171489
      ],
      [
       116.34798259,
       39.9617872
      ],
      [
       116.34798259,
       39.96178733
      ],
      [
       116.34798413,
       39.96185948
      ],
      [
       116.34798456,
       39.96187796
      ],
      [
       116.34807215,
       39.96188063
      ],
      [
       116.34816641,
       39.96188351
      ],
      [
       116.34816659,
       39.96188351
      ],
      [
       116.34824025,
       39.96188583
      ],
      [
       116.34824062,
       39.96182763
      ],
      [
       116.34824062,
       39.9618275
      ],
      [
       116.34824119,
       39.96175471
      ],
      [
       116.34824165,
       39.96168198
      ],
      [
       116.34824211,
       39.96160906
      ],
      [
       116.34824211,
       39.96160893
      ],
      [
       116.34824268,
       39.96153604
      ],
      [
       116.34824314,
       39.96146332
      ],
      [
       116.3482436,
       39.9613904
      ],
      [
       116.3482436,
       39.96139027
      ],
      [
       116.34824417,
       39.96131747
      ],
      [
       116.34824463,
       39.96124475
      ],
      [
       116.34824509,
       39.96117183
      ],
      [
       116.34824509,
       39.9611717
      ],
      [
       116.34824566,
       39.9610989
      ],
      [
       116.34824612,
       39.96102619
      ],
      [
       116.34824658,
       39.96095317
      ],
      [
       116.34824658,
       39.96095304
      ],
      [
       116.34824715,
       39.96088024
      ],
      [
       116.34824761,
       39.96080753
      ],
      [
       116.34824806,
       39.96073461
      ],
      [
       116.34824806,
       39.96073446
      ],
      [
       116.34824864,
       39.96066166
      ],
      [
       116.3482491,
       39.96058896
      ],
      [
       116.34824955,
       39.96051604
      ],
      [
       116.34824956,
       39.96051589
      ],
      [
       116.34825014,
       39.96044309
      ],
      [
       116.34825059,
       39.9603703
      ],
      [
       116.34825105,
       39.96029738
      ],
      [
       116.34825105,
       39.96029723
      ],
      [
       116.34825163,
       39.96022443
      ],
      [
       116.34825209,
       39.96015165
      ],
      [
       116.34825209,
       39.96015152
      ],
      [
       116.34825266,
       39.96007872
      ],
      [
       116.34825312,
       39.96000602
      ],
      [
       116.34825357,
       39.95993309
      ],
      [
       116.34825357,
       39.95993294
      ],
      [
       116.34825415,
       39.95986014
      ],
      [
       116.34825461,
       39.95978736
      ],
      [
       116.34825506,
       39.95971443
      ],
      [
       116.34825506,
       39.95971428
      ],
      [
       116.34825564,
       39.95964148
      ],
      [
       116.34825595,
       39.95959294
      ],
      [
       116.34793301,
       39.95959112
      ],
      [
       116.34793366,
       39.95961978
      ]
     ]
    ]
   }
  },
  {
   "type": "Feature",
   "id": "BD-188",
   "properties": {
    "id": "BD-188",
    "layer": "BUILDING_FOOTPRINT",
    "building_type": "residential",
    "land_use_code": "0701",
    "renewal_action": "new_build",
    "floors_above_ground": null,
    "height_m": null,
    "note_zh": "体量与高度为概念示意；官方控规强度条件未发布，不作容积率或高度结论。",
    "source_type": "agent_generated_design",
    "confidence": "low",
    "geometry_role": "design_proposal",
    "official_boundary": false,
    "boundary_precision": "provisional_rough"
   },
   "geometry": {
    "type": "Polygon",
    "coordinates": [
     [
      [
       116.34784042,
       39.95481064
      ],
      [
       116.34784135,
       39.95485128
      ],
      [
       116.34784301,
       39.95492359
      ],
      [
       116.34784301,
       39.95492375
      ],
      [
       116.34784454,
       39.95499591
      ],
      [
       116.3478462,
       39.95506799
      ],
      [
       116.34784785,
       39.95514024
      ],
      [
       116.34784951,
       39.95521255
      ],
      [
       116.34784952,
       39.95521271
      ],
      [
       116.34785104,
       39.95528486
      ],
      [
       116.3478527,
       39.95535694
      ],
      [
       116.34785435,
       39.9554292
      ],
      [
       116.347856,
       39.95550143
      ],
      [
       116.34785766,
       39.95557383
      ],
      [
       116.34785767,
       39.95557398
      ],
      [
       116.34785921,
       39.95564615
      ],
      [
       116.34786085,
       39.95571825
      ],
      [
       116.3478625,
       39.95579047
      ],
      [
       116.34786416,
       39.9558627
      ],
      [
       116.34786582,
       39.95593503
      ],
      [
       116.34786582,
       39.95593517
      ],
      [
       116.34786736,
       39.95600734
      ],
      [
       116.347869,
       39.95607943
      ],
      [
       116.34787066,
       39.95615166
      ],
      [
       116.34787232,
       39.95622392
      ],
      [
       116.34787397,
       39.95629622
      ],
      [
       116.34787397,
       39.95629637
      ],
      [
       116.34787551,
       39.95636861
      ],
      [
       116.34787717,
       39.9564407
      ],
      [
       116.34787882,
       39.95651296
      ],
      [
       116.34788047,
       39.95658527
      ],
      [
       116.34788047,
       39.95658541
      ],
      [
       116.34788201,
       39.95665758
      ],
      [
       116.34788366,
       39.95672967
      ],
      [
       116.34788532,
       39.95680189
      ],
      [
       116.3478857,
       39.95681851
      ],
      [
       116.34791899,
       39.95681956
      ],
      [
       116.34801298,
       39.95682242
      ],
      [
       116.34810726,
       39.9568253
      ],
      [
       116.34810745,
       39.9568253
      ],
      [
       116.34820154,
       39.95682826
      ],
      [
       116.3482595,
       39.95683002
      ],
      [
       116.34825978,
       39.95678613
      ],
      [
       116.34825978,
       39.95678598
      ],
      [
       116.34826035,
       39.95671373
      ],
      [
       116.3482608,
       39.95664156
      ],
      [
       116.34826125,
       39.95656918
      ],
      [
       116.34826125,
       39.95656903
      ],
      [
       116.34826182,
       39.95649678
      ],
      [
       116.34826227,
       39.95642461
      ],
      [
       116.34826273,
       39.95635221
      ],
      [
       116.34826273,
       39.95635207
      ],
      [
       116.3482633,
       39.95627983
      ],
      [
       116.34826375,
       39.95620766
      ],
      [
       116.3482642,
       39.95613528
      ],
      [
       116.3482642,
       39.95613513
      ],
      [
       116.34826477,
       39.95606288
      ],
      [
       116.34826522,
       39.95599064
      ],
      [
       116.34826522,
       39.95599049
      ],
      [
       116.34826579,
       39.95591825
      ],
      [
       116.34826624,
       39.95584608
      ],
      [
       116.34826669,
       39.95577369
      ],
      [
       116.34826669,
       39.95577354
      ],
      [
       116.34826726,
       39.95570129
      ],
      [
       116.34826772,
       39.95562903
      ],
      [
       116.34826817,
       39.95555665
      ],
      [
       116.34826817,
       39.9555565
      ],
      [
       116.34826874,
       39.95548426
      ],
      [
       116.34826919,
       39.95541209
      ],
      [
       116.34826964,
       39.9553397
      ],
      [
       116.34826965,
       39.95533955
      ],
      [
       116.34827022,
       39.95526731
      ],
      [
       116.34827066,
       39.95519514
      ],
      [
       116.34827112,
       39.95512275
      ],
      [
       116.34827112,
       39.9551226
      ],
      [
       116.34827169,
       39.95505035
      ],
      [
       116.34827215,
       39.95497818
      ],
      [
       116.3482726,
       39.9549058
      ],
      [
       116.3482726,
       39.95490565
      ],
      [
       116.34827317,
       39.95483341
      ],
      [
       116.34827325,
       39.95482033
      ],
      [
       116.34826726,
       39.95482019
      ],
      [
       116.34826707,
       39.95482019
      ],
      [
       116.34817346,
       39.95481804
      ],
      [
       116.34807996,
       39.954816
      ],
      [
       116.34807976,
       39.95481599
      ],
      [
       116.34798612,
       39.95481384
      ],
      [
       116.34789271,
       39.95481179
      ],
      [
       116.34784042,
       39.95481064
      ]
     ]
    ]
   }
  },
  {
   "type": "Feature",
   "id": "BD-189",
   "properties": {
    "id": "BD-189",
    "layer": "BUILDING_FOOTPRINT",
    "building_type": "mobility_hub",
    "land_use_code": "0805",
    "renewal_action": "new_build",
    "floors_above_ground": null,
    "height_m": null,
    "note_zh": "体量与高度为概念示意；官方控规强度条件未发布，不作容积率或高度结论。",
    "source_type": "agent_generated_design",
    "confidence": "low",
    "geometry_role": "design_proposal",
    "official_boundary": false,
    "boundary_precision": "provisional_rough"
   },
   "geometry": {
    "type": "Polygon",
    "coordinates": [
     [
      [
       116.34988846,
       39.95535677
      ],
      [
       116.34988846,
       39.95535715
      ],
      [
       116.3498879,
       39.95542927
      ],
      [
       116.34988745,
       39.95550118
      ],
      [
       116.349887,
       39.95557369
      ],
      [
       116.34988699,
       39.95557413
      ],
      [
       116.34988643,
       39.95564622
      ],
      [
       116.34988598,
       39.9557184
      ],
      [
       116.34988597,
       39.95571885
      ],
      [
       116.34988541,
       39.95579095
      ],
      [
       116.34988509,
       39.9558418
      ],
      [
       116.35173576,
       39.95585216
      ],
      [
       116.35174277,
       39.95581286
      ],
      [
       116.35175564,
       39.95574089
      ],
      [
       116.35176847,
       39.95566906
      ],
      [
       116.35178132,
       39.95559711
      ],
      [
       116.35179418,
       39.95552516
      ],
      [
       116.35180702,
       39.95545324
      ],
      [
       116.35181989,
       39.95538124
      ],
      [
       116.35182273,
       39.95536539
      ],
      [
       116.35180949,
       39.9553651
      ],
      [
       116.35171549,
       39.95536303
      ],
      [
       116.351715,
       39.95536302
      ],
      [
       116.35162154,
       39.95536088
      ],
      [
       116.35152806,
       39.95535883
      ],
      [
       116.35152754,
       39.95535882
      ],
      [
       116.3514342,
       39.95535668
      ],
      [
       116.35134075,
       39.95535463
      ],
      [
       116.35134023,
       39.95535462
      ],
      [
       116.35124689,
       39.95535248
      ],
      [
       116.35115374,
       39.95535044
      ],
      [
       116.35105988,
       39.95534838
      ],
      [
       116.35105927,
       39.95534837
      ],
      [
       116.35096585,
       39.95534622
      ],
      [
       116.35087256,
       39.95534418
      ],
      [
       116.35087195,
       39.95534417
      ],
      [
       116.35077849,
       39.95534202
      ],
      [
       116.35068507,
       39.95533997
      ],
      [
       116.35068455,
       39.95533996
      ],
      [
       116.35059121,
       39.95533782
      ],
      [
       116.35049806,
       39.95533578
      ],
      [
       116.3504042,
       39.95533372
      ],
      [
       116.35040358,
       39.95533371
      ],
      [
       116.35031018,
       39.95533156
      ],
      [
       116.35021688,
       39.95532952
      ],
      [
       116.35021627,
       39.95532951
      ],
      [
       116.3501228,
       39.95532736
      ],
      [
       116.35002951,
       39.95532531
      ],
      [
       116.35002902,
       39.9553253
      ],
      [
       116.34993556,
       39.95532316
      ],
      [
       116.34988868,
       39.95532213
      ],
      [
       116.34988846,
       39.95535677
      ]
     ]
    ]
   }
  },
  {
   "type": "Feature",
   "id": "BD-190",
   "properties": {
    "id": "BD-190",
    "layer": "BUILDING_FOOTPRINT",
    "building_type": "mobility_hub",
    "land_use_code": "0805",
    "renewal_action": "new_build",
    "floors_above_ground": null,
    "height_m": null,
    "note_zh": "体量与高度为概念示意；官方控规强度条件未发布，不作容积率或高度结论。",
    "source_type": "agent_generated_design",
    "confidence": "low",
    "geometry_role": "design_proposal",
    "official_boundary": false,
    "boundary_precision": "provisional_rough"
   },
   "geometry": {
    "type": "Polygon",
    "coordinates": [
     [
      [
       116.34988451,
       39.95593535
      ],
      [
       116.34988451,
       39.9559358
      ],
      [
       116.34988394,
       39.9560079
      ],
      [
       116.34988349,
       39.95607976
      ],
      [
       116.34988304,
       39.9561523
      ],
      [
       116.34988304,
       39.95615275
      ],
      [
       116.34988247,
       39.95622485
      ],
      [
       116.34988203,
       39.95629671
      ],
      [
       116.34988157,
       39.95636929
      ],
      [
       116.34988156,
       39.95636967
      ],
      [
       116.34988122,
       39.956414
      ],
      [
       116.34993579,
       39.95641567
      ],
      [
       116.35002946,
       39.95641855
      ],
      [
       116.35012299,
       39.95642141
      ],
      [
       116.35021653,
       39.95642427
      ],
      [
       116.35031054,
       39.95642715
      ],
      [
       116.35031111,
       39.95642717
      ],
      [
       116.35040435,
       39.95643012
      ],
      [
       116.35049732,
       39.95643296
      ],
      [
       116.35059098,
       39.95643583
      ],
      [
       116.35068451,
       39.95643869
      ],
      [
       116.35077824,
       39.95644157
      ],
      [
       116.35087177,
       39.95644443
      ],
      [
       116.3509653,
       39.95644729
      ],
      [
       116.35105928,
       39.95645017
      ],
      [
       116.35105978,
       39.95645019
      ],
      [
       116.35115313,
       39.95645313
      ],
      [
       116.35124618,
       39.95645598
      ],
      [
       116.35133962,
       39.95645884
      ],
      [
       116.35143323,
       39.95646171
      ],
      [
       116.35152677,
       39.95646457
      ],
      [
       116.35162042,
       39.95646744
      ],
      [
       116.35162568,
       39.9564676
      ],
      [
       116.35162703,
       39.9564601
      ],
      [
       116.35163987,
       39.95638826
      ],
      [
       116.35165271,
       39.95631634
      ],
      [
       116.35166555,
       39.95624443
      ],
      [
       116.35167844,
       39.95617223
      ],
      [
       116.35167853,
       39.95617174
      ],
      [
       116.35169147,
       39.95610003
      ],
      [
       116.35170423,
       39.95602865
      ],
      [
       116.35171707,
       39.95595673
      ],
      [
       116.3517229,
       39.95592414
      ],
      [
       116.34988464,
       39.95591385
      ],
      [
       116.34988451,
       39.95593535
      ]
     ]
    ]
   }
  },
  {
   "type": "Feature",
   "id": "BD-191",
   "properties": {
    "id": "BD-191",
    "layer": "BUILDING_FOOTPRINT",
    "building_type": "residential",
    "land_use_code": "0701",
    "renewal_action": "renovate",
    "floors_above_ground": null,
    "height_m": null,
    "note_zh": "体量与高度为概念示意；官方控规强度条件未发布，不作容积率或高度结论。",
    "source_type": "agent_generated_design",
    "confidence": "low",
    "geometry_role": "design_proposal",
    "official_boundary": false,
    "boundary_precision": "provisional_rough"
   },
   "geometry": {
    "type": "Polygon",
    "coordinates": [
     [
      [
       116.34979896,
       39.95805497
      ],
      [
       116.3497985,
       39.95812811
      ],
      [
       116.3497985,
       39.95812849
      ],
      [
       116.34979793,
       39.95820115
      ],
      [
       116.34979747,
       39.9582736
      ],
      [
       116.34979702,
       39.95834665
      ],
      [
       116.34979702,
       39.95834709
      ],
      [
       116.34979644,
       39.95841972
      ],
      [
       116.349796,
       39.95849214
      ],
      [
       116.34979554,
       39.95856525
      ],
      [
       116.34979553,
       39.95856563
      ],
      [
       116.34979497,
       39.95863829
      ],
      [
       116.34979451,
       39.95871086
      ],
      [
       116.34979405,
       39.95878391
      ],
      [
       116.34979405,
       39.95878429
      ],
      [
       116.34979348,
       39.95885696
      ],
      [
       116.34979302,
       39.95892943
      ],
      [
       116.34979256,
       39.95900248
      ],
      [
       116.34979256,
       39.95900286
      ],
      [
       116.34979199,
       39.95907553
      ],
      [
       116.34979153,
       39.95914797
      ],
      [
       116.34979108,
       39.95922102
      ],
      [
       116.34979108,
       39.95922146
      ],
      [
       116.3497905,
       39.95929422
      ],
      [
       116.34979005,
       39.95936664
      ],
      [
       116.3497896,
       39.95943968
      ],
      [
       116.34978959,
       39.95944012
      ],
      [
       116.34978902,
       39.95951276
      ],
      [
       116.34978857,
       39.95958518
      ],
      [
       116.34978847,
       39.95960075
      ],
      [
       116.35113592,
       39.9596083
      ],
      [
       116.3511445,
       39.9595603
      ],
      [
       116.35115735,
       39.95948837
      ],
      [
       116.35117022,
       39.95941638
      ],
      [
       116.35118306,
       39.95934454
      ],
      [
       116.3511959,
       39.95927262
      ],
      [
       116.35120876,
       39.95920068
      ],
      [
       116.3512216,
       39.95912875
      ],
      [
       116.35123447,
       39.95905676
      ],
      [
       116.35124731,
       39.95898493
      ],
      [
       116.35126015,
       39.958913
      ],
      [
       116.35127306,
       39.9588408
      ],
      [
       116.35127313,
       39.95884039
      ],
      [
       116.35128606,
       39.95876877
      ],
      [
       116.35129883,
       39.95869725
      ],
      [
       116.35131169,
       39.9586253
      ],
      [
       116.35132453,
       39.95855338
      ],
      [
       116.3513374,
       39.95848139
      ],
      [
       116.35135024,
       39.95840956
      ],
      [
       116.35136308,
       39.95833763
      ],
      [
       116.35137594,
       39.95826569
      ],
      [
       116.35138878,
       39.95819377
      ],
      [
       116.35140165,
       39.95812177
      ],
      [
       116.35141449,
       39.95804993
      ],
      [
       116.35141502,
       39.95804698
      ],
      [
       116.3513614,
       39.95804528
      ],
      [
       116.35126838,
       39.95804243
      ],
      [
       116.35117484,
       39.95803957
      ],
      [
       116.35108119,
       39.9580367
      ],
      [
       116.35098765,
       39.95803384
      ],
      [
       116.35089399,
       39.95803097
      ],
      [
       116.35080046,
       39.95802811
      ],
      [
       116.35070651,
       39.95802523
      ],
      [
       116.35070604,
       39.95802522
      ],
      [
       116.35061268,
       39.95802228
      ],
      [
       116.35051954,
       39.95801942
      ],
      [
       116.35042601,
       39.95801655
      ],
      [
       116.35033247,
       39.95801369
      ],
      [
       116.35023891,
       39.95801082
      ],
      [
       116.35014539,
       39.95800796
      ],
      [
       116.35005168,
       39.95800509
      ],
      [
       116.34995785,
       39.95800221
      ],
      [
       116.34995738,
       39.9580022
      ],
      [
       116.34986402,
       39.95799926
      ],
      [
       116.34979932,
       39.95799727
      ],
      [
       116.34979896,
       39.95805497
      ]
     ]
    ]
   }
  },
  {
   "type": "Feature",
   "id": "BD-192",
   "properties": {
    "id": "BD-192",
    "layer": "BUILDING_FOOTPRINT",
    "building_type": "residential",
    "land_use_code": "0701",
    "renewal_action": "new_build",
    "floors_above_ground": null,
    "height_m": null,
    "note_zh": "体量与高度为概念示意；官方控规强度条件未发布，不作容积率或高度结论。",
    "source_type": "agent_generated_design",
    "confidence": "low",
    "geometry_role": "design_proposal",
    "official_boundary": false,
    "boundary_precision": "provisional_rough"
   },
   "geometry": {
    "type": "Polygon",
    "coordinates": [
     [
      [
       116.34978753,
       39.95973133
      ],
      [
       116.34978708,
       39.95980375
      ],
      [
       116.34978662,
       39.95987695
      ],
      [
       116.34978662,
       39.95987733
      ],
      [
       116.34978605,
       39.95994999
      ],
      [
       116.34978559,
       39.96002247
      ],
      [
       116.34978513,
       39.96009552
      ],
      [
       116.34978513,
       39.9600959
      ],
      [
       116.34978456,
       39.96016856
      ],
      [
       116.34978411,
       39.96024104
      ],
      [
       116.34978365,
       39.96031409
      ],
      [
       116.34978364,
       39.96031447
      ],
      [
       116.34978308,
       39.96038713
      ],
      [
       116.34978262,
       39.96045967
      ],
      [
       116.34978217,
       39.96053272
      ],
      [
       116.34978217,
       39.96053316
      ],
      [
       116.34978159,
       39.96060584
      ],
      [
       116.34978113,
       39.96067824
      ],
      [
       116.34978068,
       39.96075129
      ],
      [
       116.34978068,
       39.96075173
      ],
      [
       116.3497801,
       39.96082437
      ],
      [
       116.34977966,
       39.96089678
      ],
      [
       116.34977919,
       39.96096989
      ],
      [
       116.34977919,
       39.96097027
      ],
      [
       116.34977862,
       39.96104303
      ],
      [
       116.34977817,
       39.9611155
      ],
      [
       116.34977771,
       39.96118855
      ],
      [
       116.3497777,
       39.96118893
      ],
      [
       116.34977714,
       39.9612616
      ],
      [
       116.34977668,
       39.96133408
      ],
      [
       116.34977622,
       39.96140712
      ],
      [
       116.34977622,
       39.9614075
      ],
      [
       116.34977565,
       39.96148017
      ],
      [
       116.34977546,
       39.96151016
      ],
      [
       116.34980572,
       39.96151111
      ],
      [
       116.34989873,
       39.96151396
      ],
      [
       116.34999241,
       39.96151683
      ],
      [
       116.35008586,
       39.96151969
      ],
      [
       116.35017954,
       39.96152256
      ],
      [
       116.35027309,
       39.96152543
      ],
      [
       116.35036663,
       39.96152829
      ],
      [
       116.35046061,
       39.96153117
      ],
      [
       116.35046114,
       39.96153118
      ],
      [
       116.35055443,
       39.96153413
      ],
      [
       116.35064744,
       39.96153698
      ],
      [
       116.35074111,
       39.96153985
      ],
      [
       116.35079016,
       39.96154135
      ],
      [
       116.3507972,
       39.96150194
      ],
      [
       116.35079727,
       39.96150156
      ],
      [
       116.3508102,
       39.96142985
      ],
      [
       116.35082298,
       39.96135835
      ],
      [
       116.35083584,
       39.96128639
      ],
      [
       116.35084869,
       39.96121446
      ],
      [
       116.35086153,
       39.96114263
      ],
      [
       116.35087438,
       39.96107071
      ],
      [
       116.35088724,
       39.96099876
      ],
      [
       116.35090008,
       39.96092683
      ],
      [
       116.35091295,
       39.96085485
      ],
      [
       116.35092579,
       39.96078301
      ],
      [
       116.35093863,
       39.96071108
      ],
      [
       116.35095152,
       39.96063903
      ],
      [
       116.35096453,
       39.9605668
      ],
      [
       116.35097732,
       39.96049523
      ],
      [
       116.35099017,
       39.96042336
      ],
      [
       116.35100303,
       39.96035141
      ],
      [
       116.35101588,
       39.96027953
      ],
      [
       116.35102872,
       39.96020761
      ],
      [
       116.35104159,
       39.96013561
      ],
      [
       116.35105443,
       39.96006378
      ],
      [
       116.35106727,
       39.95999185
      ],
      [
       116.35108013,
       39.9599199
      ],
      [
       116.35109297,
       39.95984798
      ],
      [
       116.35110584,
       39.959776
      ],
      [
       116.35111872,
       39.95970393
      ],
      [
       116.35111879,
       39.95970357
      ],
      [
       116.35112299,
       39.95968027
      ],
      [
       116.34978799,
       39.95967279
      ],
      [
       116.34978753,
       39.95973133
      ]
     ]
    ]
   }
  },
  {
   "type": "Feature",
   "id": "BD-193",
   "properties": {
    "id": "BD-193",
    "layer": "BUILDING_FOOTPRINT",
    "building_type": "residential",
    "land_use_code": "0701",
    "renewal_action": "new_build",
    "floors_above_ground": null,
    "height_m": null,
    "note_zh": "体量与高度为概念示意；官方控规强度条件未发布，不作容积率或高度结论。",
    "source_type": "agent_generated_design",
    "confidence": "low",
    "geometry_role": "design_proposal",
    "official_boundary": false,
    "boundary_precision": "provisional_rough"
   },
   "geometry": {
    "type": "Polygon",
    "coordinates": [
     [
      [
       116.34924871,
       39.96301972
      ],
      [
       116.34934245,
       39.96302185
      ],
      [
       116.349437,
       39.96302391
      ],
      [
       116.3494372,
       39.96302391
      ],
      [
       116.34953208,
       39.96302607
      ],
      [
       116.34962668,
       39.96302822
      ],
      [
       116.34972123,
       39.96303028
      ],
      [
       116.34972143,
       39.96303028
      ],
      [
       116.34981631,
       39.96303244
      ],
      [
       116.34991089,
       39.96303458
      ],
      [
       116.35000548,
       39.96303664
      ],
      [
       116.35000569,
       39.96303665
      ],
      [
       116.35010036,
       39.9630388
      ],
      [
       116.35019503,
       39.96304086
      ],
      [
       116.35019524,
       39.96304087
      ],
      [
       116.35028999,
       39.96304302
      ],
      [
       116.35038459,
       39.96304516
      ],
      [
       116.35047929,
       39.96304723
      ],
      [
       116.35047948,
       39.96304724
      ],
      [
       116.35057422,
       39.96304939
      ],
      [
       116.3506688,
       39.96305153
      ],
      [
       116.35076349,
       39.96305359
      ],
      [
       116.3507637,
       39.9630536
      ],
      [
       116.35085825,
       39.96305574
      ],
      [
       116.35095295,
       39.9630578
      ],
      [
       116.35095317,
       39.96305781
      ],
      [
       116.35104013,
       39.96305979
      ],
      [
       116.35105174,
       39.96299478
      ],
      [
       116.3510646,
       39.96292285
      ],
      [
       116.35107744,
       39.96285098
      ],
      [
       116.35109029,
       39.96277903
      ],
      [
       116.35110315,
       39.9627071
      ],
      [
       116.35110721,
       39.96268436
      ],
      [
       116.3510675,
       39.96268314
      ],
      [
       116.35097392,
       39.96268028
      ],
      [
       116.35088017,
       39.96267741
      ],
      [
       116.35087996,
       39.9626774
      ],
      [
       116.35078649,
       39.96267445
      ],
      [
       116.3506931,
       39.96267159
      ],
      [
       116.35059948,
       39.96266872
      ],
      [
       116.3505059,
       39.96266586
      ],
      [
       116.35041238,
       39.96266299
      ],
      [
       116.35031881,
       39.96266013
      ],
      [
       116.35022516,
       39.96265726
      ],
      [
       116.35013147,
       39.96265439
      ],
      [
       116.35013129,
       39.96265438
      ],
      [
       116.35003777,
       39.96265144
      ],
      [
       116.34994435,
       39.96264857
      ],
      [
       116.34985077,
       39.9626457
      ],
      [
       116.34975718,
       39.96264284
      ],
      [
       116.34966354,
       39.96263997
      ],
      [
       116.34956995,
       39.9626371
      ],
      [
       116.34947637,
       39.96263424
      ],
      [
       116.34938273,
       39.96263137
      ],
      [
       116.34928903,
       39.9626285
      ],
      [
       116.34928885,
       39.96262849
      ],
      [
       116.34925132,
       39.96262731
      ],
      [
       116.34925108,
       39.96265741
      ],
      [
       116.34925063,
       39.96272957
      ],
      [
       116.34925018,
       39.96280196
      ],
      [
       116.34925018,
       39.96280212
      ],
      [
       116.34924961,
       39.96287436
      ],
      [
       116.34924916,
       39.96294652
      ],
      [
       116.34924871,
       39.963019
      ],
      [
       116.34924871,
       39.96301916
      ],
      [
       116.34924871,
       39.96301972
      ]
     ]
    ]
   }
  },
  {
   "type": "Feature",
   "id": "BD-194",
   "properties": {
    "id": "BD-194",
    "layer": "BUILDING_FOOTPRINT",
    "building_type": "residential",
    "land_use_code": "0701",
    "renewal_action": "new_build",
    "floors_above_ground": null,
    "height_m": null,
    "note_zh": "体量与高度为概念示意；官方控规强度条件未发布，不作容积率或高度结论。",
    "source_type": "agent_generated_design",
    "confidence": "low",
    "geometry_role": "design_proposal",
    "official_boundary": false,
    "boundary_precision": "provisional_rough"
   },
   "geometry": {
    "type": "Polygon",
    "coordinates": [
     [
      [
       116.34779503,
       39.95252071
      ],
      [
       116.34779588,
       39.95255802
      ],
      [
       116.34779588,
       39.95255816
      ],
      [
       116.34779742,
       39.95263033
      ],
      [
       116.34779907,
       39.95270242
      ],
      [
       116.34780073,
       39.95277474
      ],
      [
       116.34780238,
       39.95284699
      ],
      [
       116.34780404,
       39.95291929
      ],
      [
       116.34780404,
       39.95291945
      ],
      [
       116.34780557,
       39.95299161
      ],
      [
       116.34780723,
       39.95306368
      ],
      [
       116.34780888,
       39.95313595
      ],
      [
       116.34781053,
       39.95320826
      ],
      [
       116.34781053,
       39.9532084
      ],
      [
       116.34781207,
       39.95328056
      ],
      [
       116.34781373,
       39.95335264
      ],
      [
       116.34781538,
       39.9534249
      ],
      [
       116.34781703,
       39.95349713
      ],
      [
       116.34781869,
       39.95356953
      ],
      [
       116.3478187,
       39.9535697
      ],
      [
       116.34782022,
       39.95364185
      ],
      [
       116.34782188,
       39.95371392
      ],
      [
       116.34782353,
       39.95378618
      ],
      [
       116.34782519,
       39.9538584
      ],
      [
       116.34782684,
       39.95393074
      ],
      [
       116.34782685,
       39.95393088
      ],
      [
       116.34782808,
       39.95398884
      ],
      [
       116.34790783,
       39.95399065
      ],
      [
       116.34800253,
       39.9539928
      ],
      [
       116.34809732,
       39.95399486
      ],
      [
       116.34809749,
       39.95399487
      ],
      [
       116.34819247,
       39.95399702
      ],
      [
       116.34827262,
       39.95399884
      ],
      [
       116.34827282,
       39.95396565
      ],
      [
       116.34827327,
       39.95389325
      ],
      [
       116.34827327,
       39.9538931
      ],
      [
       116.34827384,
       39.95382086
      ],
      [
       116.34827429,
       39.95374869
      ],
      [
       116.34827475,
       39.95367629
      ],
      [
       116.34827476,
       39.95367616
      ],
      [
       116.34827532,
       39.95360391
      ],
      [
       116.34827577,
       39.95353173
      ],
      [
       116.34827623,
       39.95345935
      ],
      [
       116.34827623,
       39.9534592
      ],
      [
       116.3482768,
       39.95338696
      ],
      [
       116.34827725,
       39.95331479
      ],
      [
       116.3482777,
       39.95324232
      ],
      [
       116.3482777,
       39.95324216
      ],
      [
       116.34827827,
       39.95316992
      ],
      [
       116.34827872,
       39.95309775
      ],
      [
       116.34827918,
       39.95302535
      ],
      [
       116.34827918,
       39.95302522
      ],
      [
       116.34827974,
       39.95295297
      ],
      [
       116.3482802,
       39.9528807
      ],
      [
       116.3482802,
       39.95288056
      ],
      [
       116.34828077,
       39.95280834
      ],
      [
       116.34828122,
       39.95273617
      ],
      [
       116.34828167,
       39.95266377
      ],
      [
       116.34828167,
       39.95266362
      ],
      [
       116.34828224,
       39.95259139
      ],
      [
       116.34828259,
       39.95253576
      ],
      [
       116.34820917,
       39.95253352
      ],
      [
       116.34820895,
       39.95253351
      ],
      [
       116.34811489,
       39.95253055
      ],
      [
       116.34802093,
       39.95252768
      ],
      [
       116.34792666,
       39.95252481
      ],
      [
       116.34792646,
       39.95252481
      ],
      [
       116.34783238,
       39.95252185
      ],
      [
       116.34779503,
       39.95252071
      ]
     ]
    ]
   }
  },
  {
   "type": "Feature",
   "id": "BD-195",
   "properties": {
    "id": "BD-195",
    "layer": "BUILDING_FOOTPRINT",
    "building_type": "office",
    "land_use_code": "0902",
    "renewal_action": "new_build",
    "floors_above_ground": null,
    "height_m": null,
    "note_zh": "体量与高度为概念示意；官方控规强度条件未发布，不作容积率或高度结论。",
    "source_type": "agent_generated_design",
    "confidence": "low",
    "geometry_role": "design_proposal",
    "official_boundary": false,
    "boundary_precision": "provisional_rough"
   },
   "geometry": {
    "type": "Polygon",
    "coordinates": [
     [
      [
       116.34763762,
       39.9474291
      ],
      [
       116.34763763,
       39.94742922
      ],
      [
       116.34763916,
       39.9475014
      ],
      [
       116.34764081,
       39.94757351
      ],
      [
       116.34764246,
       39.94764574
      ],
      [
       116.34764412,
       39.94771804
      ],
      [
       116.34764413,
       39.94771819
      ],
      [
       116.34764566,
       39.94779036
      ],
      [
       116.34764731,
       39.94786245
      ],
      [
       116.34764896,
       39.9479348
      ],
      [
       116.34765061,
       39.94800702
      ],
      [
       116.34765227,
       39.94807932
      ],
      [
       116.34765228,
       39.94807945
      ],
      [
       116.34765382,
       39.94815164
      ],
      [
       116.34765546,
       39.94822375
      ],
      [
       116.34765711,
       39.94829598
      ],
      [
       116.34765877,
       39.94836821
      ],
      [
       116.34766043,
       39.94844054
      ],
      [
       116.34766043,
       39.94844066
      ],
      [
       116.34766197,
       39.94851283
      ],
      [
       116.34766362,
       39.94858494
      ],
      [
       116.34766527,
       39.94865718
      ],
      [
       116.34766693,
       39.9487295
      ],
      [
       116.34766858,
       39.94880182
      ],
      [
       116.34766858,
       39.94880194
      ],
      [
       116.34767012,
       39.94887412
      ],
      [
       116.34767177,
       39.94894622
      ],
      [
       116.34767343,
       39.94901845
      ],
      [
       116.34767508,
       39.94909077
      ],
      [
       116.34767508,
       39.94909089
      ],
      [
       116.34767662,
       39.94916307
      ],
      [
       116.34767827,
       39.94923518
      ],
      [
       116.34767992,
       39.94930741
      ],
      [
       116.34768158,
       39.94937964
      ],
      [
       116.34768323,
       39.94945197
      ],
      [
       116.34768323,
       39.94945209
      ],
      [
       116.3476839,
       39.94948347
      ],
      [
       116.34834593,
       39.94948719
      ],
      [
       116.34834607,
       39.9494647
      ],
      [
       116.34834607,
       39.94946457
      ],
      [
       116.34834664,
       39.94939225
      ],
      [
       116.34834709,
       39.94932006
      ],
      [
       116.34834754,
       39.94924767
      ],
      [
       116.34834754,
       39.94924754
      ],
      [
       116.34834811,
       39.94917529
      ],
      [
       116.34834856,
       39.94910311
      ],
      [
       116.34834901,
       39.94903072
      ],
      [
       116.34834901,
       39.94903059
      ],
      [
       116.34834958,
       39.94895834
      ],
      [
       116.34835003,
       39.94888616
      ],
      [
       116.34835048,
       39.94881377
      ],
      [
       116.34835049,
       39.94881364
      ],
      [
       116.34835106,
       39.94874138
      ],
      [
       116.34835152,
       39.9486692
      ],
      [
       116.34835197,
       39.94859682
      ],
      [
       116.34835197,
       39.94859669
      ],
      [
       116.34835254,
       39.94852443
      ],
      [
       116.34835299,
       39.94845226
      ],
      [
       116.34835344,
       39.94837987
      ],
      [
       116.34835344,
       39.94837974
      ],
      [
       116.34835401,
       39.94830748
      ],
      [
       116.34835446,
       39.94823531
      ],
      [
       116.34835491,
       39.94816283
      ],
      [
       116.34835491,
       39.9481627
      ],
      [
       116.34835548,
       39.94809044
      ],
      [
       116.34835593,
       39.9480182
      ],
      [
       116.34835593,
       39.94801807
      ],
      [
       116.3483565,
       39.94794581
      ],
      [
       116.34835695,
       39.94787363
      ],
      [
       116.34835741,
       39.94780123
      ],
      [
       116.34835741,
       39.94780111
      ],
      [
       116.34835798,
       39.94772886
      ],
      [
       116.34835843,
       39.94765668
      ],
      [
       116.34835888,
       39.9475843
      ],
      [
       116.34835888,
       39.94758417
      ],
      [
       116.34835945,
       39.94751191
      ],
      [
       116.3483599,
       39.94743973
      ],
      [
       116.34835999,
       39.94742462
      ],
      [
       116.34833977,
       39.947424
      ],
      [
       116.34824552,
       39.94742113
      ],
      [
       116.34824535,
       39.94742112
      ],
      [
       116.34815126,
       39.94741816
      ],
      [
       116.34805726,
       39.9474153
      ],
      [
       116.34796299,
       39.94741242
      ],
      [
       116.34796284,
       39.94741241
      ],
      [
       116.34786876,
       39.94740945
      ],
      [
       116.34777476,
       39.94740659
      ],
      [
       116.34768059,
       39.94740372
      ],
      [
       116.34763701,
       39.94740239
      ],
      [
       116.34763762,
       39.9474291
      ]
     ]
    ]
   }
  },
  {
   "type": "Feature",
   "id": "BD-196",
   "properties": {
    "id": "BD-196",
    "layer": "BUILDING_FOOTPRINT",
    "building_type": "office",
    "land_use_code": "0902",
    "renewal_action": "renovate",
    "floors_above_ground": null,
    "height_m": null,
    "note_zh": "体量与高度为概念示意；官方控规强度条件未发布，不作容积率或高度结论。",
    "source_type": "agent_generated_design",
    "confidence": "low",
    "geometry_role": "design_proposal",
    "official_boundary": false,
    "boundary_precision": "provisional_rough"
   },
   "geometry": {
    "type": "Polygon",
    "coordinates": [
     [
      [
       116.34768642,
       39.94959646
      ],
      [
       116.34768808,
       39.94966868
      ],
      [
       116.34768973,
       39.94974094
      ],
      [
       116.34769138,
       39.94981325
      ],
      [
       116.34769138,
       39.94981337
      ],
      [
       116.34769292,
       39.94988555
      ],
      [
       116.34769457,
       39.94995765
      ],
      [
       116.34769623,
       39.95002988
      ],
      [
       116.34769788,
       39.95010213
      ],
      [
       116.34769954,
       39.95017442
      ],
      [
       116.34769955,
       39.95017457
      ],
      [
       116.34770108,
       39.95024674
      ],
      [
       116.34770273,
       39.95031883
      ],
      [
       116.34770438,
       39.95039119
      ],
      [
       116.34770603,
       39.95046349
      ],
      [
       116.34770604,
       39.95046361
      ],
      [
       116.34770758,
       39.95053579
      ],
      [
       116.34770922,
       39.95060789
      ],
      [
       116.34771088,
       39.95068012
      ],
      [
       116.34771253,
       39.95075236
      ],
      [
       116.3477142,
       39.95082466
      ],
      [
       116.3477142,
       39.95082481
      ],
      [
       116.34771573,
       39.95089698
      ],
      [
       116.34771738,
       39.95096907
      ],
      [
       116.34771904,
       39.95104133
      ],
      [
       116.34772069,
       39.95111357
      ],
      [
       116.34772235,
       39.95118596
      ],
      [
       116.34772235,
       39.9511861
      ],
      [
       116.34772388,
       39.95125826
      ],
      [
       116.34772554,
       39.95133035
      ],
      [
       116.34772719,
       39.9514026
      ],
      [
       116.34772885,
       39.95147483
      ],
      [
       116.3477305,
       39.95154716
      ],
      [
       116.3477305,
       39.95154728
      ],
      [
       116.34773204,
       39.95161946
      ],
      [
       116.34773369,
       39.95169156
      ],
      [
       116.34773529,
       39.95176116
      ],
      [
       116.34776368,
       39.95176202
      ],
      [
       116.34785794,
       39.95176489
      ],
      [
       116.34785811,
       39.9517649
      ],
      [
       116.34795222,
       39.95176786
      ],
      [
       116.34804622,
       39.95177073
      ],
      [
       116.34814046,
       39.9517736
      ],
      [
       116.34814063,
       39.95177361
      ],
      [
       116.34823472,
       39.95177657
      ],
      [
       116.34832873,
       39.95177943
      ],
      [
       116.3483303,
       39.95177948
      ],
      [
       116.3483303,
       39.95177901
      ],
      [
       116.34833076,
       39.9517066
      ],
      [
       116.34833076,
       39.95170648
      ],
      [
       116.34833133,
       39.95163424
      ],
      [
       116.34833178,
       39.95156206
      ],
      [
       116.34833223,
       39.95148967
      ],
      [
       116.34833224,
       39.95148954
      ],
      [
       116.3483328,
       39.95141729
      ],
      [
       116.34833325,
       39.95134511
      ],
      [
       116.34833371,
       39.95127272
      ],
      [
       116.34833371,
       39.95127259
      ],
      [
       116.34833428,
       39.95120034
      ],
      [
       116.34833473,
       39.95112809
      ],
      [
       116.34833473,
       39.95112796
      ],
      [
       116.3483353,
       39.9510557
      ],
      [
       116.34833575,
       39.95098353
      ],
      [
       116.34833621,
       39.95091112
      ],
      [
       116.34833621,
       39.950911
      ],
      [
       116.34833678,
       39.95083875
      ],
      [
       116.34833723,
       39.95076658
      ],
      [
       116.34833768,
       39.95069419
      ],
      [
       116.34833768,
       39.95069406
      ],
      [
       116.34833825,
       39.95062181
      ],
      [
       116.3483387,
       39.95054954
      ],
      [
       116.34833915,
       39.95047715
      ],
      [
       116.34833915,
       39.95047702
      ],
      [
       116.34833972,
       39.95040476
      ],
      [
       116.34834017,
       39.95033259
      ],
      [
       116.34834063,
       39.95026018
      ],
      [
       116.34834063,
       39.95026006
      ],
      [
       116.3483412,
       39.95018781
      ],
      [
       116.34834165,
       39.95011563
      ],
      [
       116.3483421,
       39.95004325
      ],
      [
       116.3483421,
       39.95004312
      ],
      [
       116.34834267,
       39.94997086
      ],
      [
       116.34834312,
       39.94989868
      ],
      [
       116.34834357,
       39.9498263
      ],
      [
       116.34834357,
       39.94982617
      ],
      [
       116.34834414,
       39.94975391
      ],
      [
       116.34834459,
       39.94968173
      ],
      [
       116.34834504,
       39.94960935
      ],
      [
       116.34834504,
       39.94960922
      ],
      [
       116.34834544,
       39.94955924
      ],
      [
       116.34768549,
       39.94955553
      ],
      [
       116.34768642,
       39.94959646
      ]
     ]
    ]
   }
  },
  {
   "type": "Feature",
   "id": "BD-197",
   "properties": {
    "id": "BD-197",
    "layer": "BUILDING_FOOTPRINT",
    "building_type": "office",
    "land_use_code": "0902",
    "renewal_action": "new_build",
    "floors_above_ground": null,
    "height_m": null,
    "note_zh": "体量与高度为概念示意；官方控规强度条件未发布，不作容积率或高度结论。",
    "source_type": "agent_generated_design",
    "confidence": "low",
    "geometry_role": "design_proposal",
    "official_boundary": false,
    "boundary_precision": "provisional_rough"
   },
   "geometry": {
    "type": "Polygon",
    "coordinates": [
     [
      [
       116.34754832,
       39.94572931
      ],
      [
       116.34754915,
       39.94576815
      ],
      [
       116.3475508,
       39.94584028
      ],
      [
       116.34755245,
       39.94591253
      ],
      [
       116.3475541,
       39.94598476
      ],
      [
       116.34755577,
       39.94605705
      ],
      [
       116.34755577,
       39.94605717
      ],
      [
       116.3475573,
       39.94612935
      ],
      [
       116.34755896,
       39.94620148
      ],
      [
       116.34756061,
       39.94627372
      ],
      [
       116.34756226,
       39.94634611
      ],
      [
       116.34756226,
       39.9463462
      ],
      [
       116.3475638,
       39.94641839
      ],
      [
       116.34756545,
       39.94649052
      ],
      [
       116.34756711,
       39.94656276
      ],
      [
       116.34756876,
       39.946635
      ],
      [
       116.34757042,
       39.94670729
      ],
      [
       116.34757042,
       39.94670741
      ],
      [
       116.34757195,
       39.94677959
      ],
      [
       116.34757211,
       39.94678676
      ],
      [
       116.34760743,
       39.94678783
      ],
      [
       116.34770167,
       39.94679071
      ],
      [
       116.34770181,
       39.94679071
      ],
      [
       116.3477959,
       39.94679367
      ],
      [
       116.34788993,
       39.94679653
      ],
      [
       116.3479841,
       39.9467994
      ],
      [
       116.34807835,
       39.94680228
      ],
      [
       116.34807849,
       39.94680228
      ],
      [
       116.3481727,
       39.94680525
      ],
      [
       116.34826672,
       39.94680811
      ],
      [
       116.34836096,
       39.94681099
      ],
      [
       116.3483611,
       39.94681099
      ],
      [
       116.34841507,
       39.94681269
      ],
      [
       116.34841541,
       39.94676996
      ],
      [
       116.34841586,
       39.94669721
      ],
      [
       116.34841632,
       39.94662428
      ],
      [
       116.34841632,
       39.94662417
      ],
      [
       116.3484169,
       39.9465513
      ],
      [
       116.34841735,
       39.94647855
      ],
      [
       116.34841781,
       39.94640562
      ],
      [
       116.34841781,
       39.94640553
      ],
      [
       116.34841838,
       39.94633273
      ],
      [
       116.34841884,
       39.94625996
      ],
      [
       116.3484193,
       39.94618705
      ],
      [
       116.3484193,
       39.94618696
      ],
      [
       116.34841987,
       39.94611415
      ],
      [
       116.34842033,
       39.94604139
      ],
      [
       116.34842079,
       39.9459684
      ],
      [
       116.34842079,
       39.9459683
      ],
      [
       116.34842136,
       39.94589549
      ],
      [
       116.34842182,
       39.94582273
      ],
      [
       116.34842227,
       39.94574983
      ],
      [
       116.34842228,
       39.94574972
      ],
      [
       116.34842228,
       39.94574889
      ],
      [
       116.34835145,
       39.94574727
      ],
      [
       116.34825746,
       39.94574521
      ],
      [
       116.34825732,
       39.94574521
      ],
      [
       116.34816345,
       39.94574306
      ],
      [
       116.34806946,
       39.945741
      ],
      [
       116.34806933,
       39.945741
      ],
      [
       116.34797534,
       39.94573885
      ],
      [
       116.34788135,
       39.94573679
      ],
      [
       116.34788121,
       39.94573679
      ],
      [
       116.34778734,
       39.94573464
      ],
      [
       116.34769336,
       39.94573258
      ],
      [
       116.34769323,
       39.94573258
      ],
      [
       116.34759923,
       39.94573043
      ],
      [
       116.34754832,
       39.94572931
      ]
     ]
    ]
   }
  },
  {
   "type": "Feature",
   "id": "BD-198",
   "properties": {
    "id": "BD-198",
    "layer": "BUILDING_FOOTPRINT",
    "building_type": "retail",
    "land_use_code": "0901",
    "renewal_action": "new_build",
    "floors_above_ground": null,
    "height_m": null,
    "note_zh": "体量与高度为概念示意；官方控规强度条件未发布，不作容积率或高度结论。",
    "source_type": "agent_generated_design",
    "confidence": "low",
    "geometry_role": "design_proposal",
    "official_boundary": false,
    "boundary_precision": "provisional_rough"
   },
   "geometry": {
    "type": "Polygon",
    "coordinates": [
     [
      [
       116.34939621,
       39.94590996
      ],
      [
       116.34939576,
       39.9459829
      ],
      [
       116.34939576,
       39.94598308
      ],
      [
       116.34939518,
       39.94605596
      ],
      [
       116.34939472,
       39.94612862
      ],
      [
       116.34939427,
       39.94620156
      ],
      [
       116.34939427,
       39.94620175
      ],
      [
       116.34939369,
       39.94627451
      ],
      [
       116.34939346,
       39.94631143
      ],
      [
       116.35326659,
       39.9463331
      ],
      [
       116.35326711,
       39.94626676
      ],
      [
       116.35326756,
       39.94619408
      ],
      [
       116.35326801,
       39.94612104
      ],
      [
       116.35326801,
       39.94612086
      ],
      [
       116.35326858,
       39.9460481
      ],
      [
       116.35326903,
       39.94597542
      ],
      [
       116.35326912,
       39.94596167
      ],
      [
       116.35323692,
       39.94596097
      ],
      [
       116.35323673,
       39.94596096
      ],
      [
       116.35314278,
       39.94595883
      ],
      [
       116.3530488,
       39.94595677
      ],
      [
       116.35304857,
       39.94595676
      ],
      [
       116.35295477,
       39.94595462
      ],
      [
       116.35286084,
       39.94595257
      ],
      [
       116.35286059,
       39.94595256
      ],
      [
       116.35276666,
       39.94595042
      ],
      [
       116.35267284,
       39.94594837
      ],
      [
       116.3526726,
       39.94594836
      ],
      [
       116.35257864,
       39.94594621
      ],
      [
       116.3524847,
       39.94594416
      ],
      [
       116.35248451,
       39.94594415
      ],
      [
       116.35239055,
       39.94594202
      ],
      [
       116.35229671,
       39.94593996
      ],
      [
       116.35229652,
       39.94593995
      ],
      [
       116.35220256,
       39.94593782
      ],
      [
       116.35210859,
       39.94593576
      ],
      [
       116.35210837,
       39.94593575
      ],
      [
       116.35201444,
       39.94593361
      ],
      [
       116.35192062,
       39.94593156
      ],
      [
       116.35192038,
       39.94593155
      ],
      [
       116.35182642,
       39.9459294
      ],
      [
       116.35173249,
       39.94592735
      ],
      [
       116.35173229,
       39.94592734
      ],
      [
       116.35163845,
       39.94592521
      ],
      [
       116.35154448,
       39.94592315
      ],
      [
       116.35154426,
       39.94592314
      ],
      [
       116.35145031,
       39.94592099
      ],
      [
       116.35135638,
       39.94591894
      ],
      [
       116.35135618,
       39.94591893
      ],
      [
       116.35126234,
       39.9459168
      ],
      [
       116.35116837,
       39.94591474
      ],
      [
       116.35116815,
       39.94591473
      ],
      [
       116.35107421,
       39.94591258
      ],
      [
       116.35098027,
       39.94591053
      ],
      [
       116.35098007,
       39.94591052
      ],
      [
       116.35088623,
       39.94590839
      ],
      [
       116.35079226,
       39.94590633
      ],
      [
       116.35079204,
       39.94590632
      ],
      [
       116.35069812,
       39.94590418
      ],
      [
       116.3506043,
       39.94590213
      ],
      [
       116.35060406,
       39.94590212
      ],
      [
       116.3505101,
       39.94589997
      ],
      [
       116.35041615,
       39.94589792
      ],
      [
       116.35041593,
       39.94589791
      ],
      [
       116.35032198,
       39.94589576
      ],
      [
       116.35022817,
       39.94589371
      ],
      [
       116.35022798,
       39.9458937
      ],
      [
       116.35013402,
       39.94589157
      ],
      [
       116.35004004,
       39.94588951
      ],
      [
       116.35003982,
       39.9458895
      ],
      [
       116.34994587,
       39.94588735
      ],
      [
       116.34985204,
       39.9458853
      ],
      [
       116.34985183,
       39.94588529
      ],
      [
       116.34975788,
       39.94588314
      ],
      [
       116.34966395,
       39.94588109
      ],
      [
       116.34966375,
       39.94588108
      ],
      [
       116.34956991,
       39.94587895
      ],
      [
       116.34947594,
       39.94587689
      ],
      [
       116.34947572,
       39.94587688
      ],
      [
       116.34939643,
       39.94587507
      ],
      [
       116.34939621,
       39.94590996
      ]
     ]
    ]
   }
  },
  {
   "type": "Feature",
   "id": "BD-199",
   "properties": {
    "id": "BD-199",
    "layer": "BUILDING_FOOTPRINT",
    "building_type": "retail",
    "land_use_code": "0901",
    "renewal_action": "new_build",
    "floors_above_ground": null,
    "height_m": null,
    "note_zh": "体量与高度为概念示意；官方控规强度条件未发布，不作容积率或高度结论。",
    "source_type": "agent_generated_design",
    "confidence": "low",
    "geometry_role": "design_proposal",
    "official_boundary": false,
    "boundary_precision": "provisional_rough"
   },
   "geometry": {
    "type": "Polygon",
    "coordinates": [
     [
      [
       116.34939278,
       39.94642014
      ],
      [
       116.34939278,
       39.9464203
      ],
      [
       116.34939221,
       39.94649308
      ],
      [
       116.34939175,
       39.94656578
      ],
      [
       116.34939129,
       39.94663881
      ],
      [
       116.34939129,
       39.94663897
      ],
      [
       116.34939072,
       39.94671174
      ],
      [
       116.34939055,
       39.94673822
      ],
      [
       116.34942091,
       39.94673915
      ],
      [
       116.34951447,
       39.94674202
      ],
      [
       116.34960793,
       39.94674488
      ],
      [
       116.34970152,
       39.94674775
      ],
      [
       116.34979507,
       39.94675061
      ],
      [
       116.34988871,
       39.94675348
      ],
      [
       116.34998239,
       39.94675635
      ],
      [
       116.34998259,
       39.94675636
      ],
      [
       116.35007607,
       39.9467593
      ],
      [
       116.35016945,
       39.94676217
      ],
      [
       116.35026301,
       39.94676504
      ],
      [
       116.35035657,
       39.9467679
      ],
      [
       116.35045017,
       39.94677077
      ],
      [
       116.35054374,
       39.94677363
      ],
      [
       116.35063737,
       39.9467765
      ],
      [
       116.35073105,
       39.94677937
      ],
      [
       116.35073125,
       39.94677938
      ],
      [
       116.35082474,
       39.94678232
      ],
      [
       116.3509181,
       39.94678519
      ],
      [
       116.35101155,
       39.94678805
      ],
      [
       116.35110514,
       39.94679092
      ],
      [
       116.3511987,
       39.94679378
      ],
      [
       116.3512923,
       39.94679665
      ],
      [
       116.35138587,
       39.94679951
      ],
      [
       116.35147948,
       39.94680238
      ],
      [
       116.35157315,
       39.94680524
      ],
      [
       116.3515734,
       39.94680525
      ],
      [
       116.35166687,
       39.9468082
      ],
      [
       116.3517602,
       39.94681106
      ],
      [
       116.3518538,
       39.94681393
      ],
      [
       116.35194737,
       39.94681679
      ],
      [
       116.35204098,
       39.94681966
      ],
      [
       116.35213453,
       39.94682252
      ],
      [
       116.35222815,
       39.94682539
      ],
      [
       116.35232172,
       39.94682825
      ],
      [
       116.35232196,
       39.94682826
      ],
      [
       116.35241541,
       39.94683121
      ],
      [
       116.35250875,
       39.94683407
      ],
      [
       116.35260233,
       39.94683693
      ],
      [
       116.35269593,
       39.9468398
      ],
      [
       116.3527895,
       39.94684266
      ],
      [
       116.35288311,
       39.94684553
      ],
      [
       116.35297666,
       39.94684839
      ],
      [
       116.35307037,
       39.94685125
      ],
      [
       116.35307062,
       39.94685126
      ],
      [
       116.35316408,
       39.94685421
      ],
      [
       116.35325741,
       39.94685707
      ],
      [
       116.35326309,
       39.94685724
      ],
      [
       116.35326314,
       39.94684989
      ],
      [
       116.35326359,
       39.94677694
      ],
      [
       116.35326359,
       39.94677677
      ],
      [
       116.35326416,
       39.9467039
      ],
      [
       116.35326461,
       39.94663122
      ],
      [
       116.35326507,
       39.94655826
      ],
      [
       116.35326507,
       39.94655812
      ],
      [
       116.35326563,
       39.94648533
      ],
      [
       116.35326609,
       39.94641263
      ],
      [
       116.35326614,
       39.94640515
      ],
      [
       116.34939301,
       39.94638347
      ],
      [
       116.34939278,
       39.94642014
      ]
     ]
    ]
   }
  },
  {
   "type": "Feature",
   "id": "BD-200",
   "properties": {
    "id": "BD-200",
    "layer": "BUILDING_FOOTPRINT",
    "building_type": "retail",
    "land_use_code": "0901",
    "renewal_action": "new_build",
    "floors_above_ground": null,
    "height_m": null,
    "note_zh": "体量与高度为概念示意；官方控规强度条件未发布，不作容积率或高度结论。",
    "source_type": "agent_generated_design",
    "confidence": "low",
    "geometry_role": "design_proposal",
    "official_boundary": false,
    "boundary_precision": "provisional_rough"
   },
   "geometry": {
    "type": "Polygon",
    "coordinates": [
     [
      [
       116.35409464,
       39.94575953
      ],
      [
       116.35409457,
       39.94577062
      ],
      [
       116.35409412,
       39.94584349
      ],
      [
       116.35409412,
       39.94584353
      ],
      [
       116.35409355,
       39.94591637
      ],
      [
       116.3540931,
       39.94598919
      ],
      [
       116.35409265,
       39.94606206
      ],
      [
       116.35409265,
       39.9460621
      ],
      [
       116.35409208,
       39.94613494
      ],
      [
       116.35409163,
       39.94620785
      ],
      [
       116.35409118,
       39.94628072
      ],
      [
       116.35409118,
       39.94628076
      ],
      [
       116.35409061,
       39.9463536
      ],
      [
       116.35409016,
       39.94642643
      ],
      [
       116.35408971,
       39.94649929
      ],
      [
       116.35408971,
       39.94649933
      ],
      [
       116.35408914,
       39.94657217
      ],
      [
       116.3540887,
       39.946645
      ],
      [
       116.35408825,
       39.94671787
      ],
      [
       116.35408824,
       39.94671791
      ],
      [
       116.35408768,
       39.94679083
      ],
      [
       116.35408723,
       39.94686366
      ],
      [
       116.35408678,
       39.94693653
      ],
      [
       116.35408678,
       39.94693657
      ],
      [
       116.35408621,
       39.9470094
      ],
      [
       116.35408576,
       39.94708223
      ],
      [
       116.35408563,
       39.94710309
      ],
      [
       116.35411158,
       39.94710388
      ],
      [
       116.35415026,
       39.94710506
      ],
      [
       116.35415594,
       39.94707329
      ],
      [
       116.35416878,
       39.94700131
      ],
      [
       116.35418163,
       39.94692942
      ],
      [
       116.35419448,
       39.94685752
      ],
      [
       116.35420733,
       39.94678556
      ],
      [
       116.35422017,
       39.94671367
      ],
      [
       116.35423302,
       39.94664169
      ],
      [
       116.35424586,
       39.94656978
      ],
      [
       116.35424587,
       39.94656975
      ],
      [
       116.35425882,
       39.94649787
      ],
      [
       116.35427167,
       39.94642594
      ],
      [
       116.35428452,
       39.94635404
      ],
      [
       116.35429736,
       39.94628216
      ],
      [
       116.35431021,
       39.94621018
      ],
      [
       116.35432305,
       39.9461383
      ],
      [
       116.3543359,
       39.94606632
      ],
      [
       116.35434874,
       39.94599443
      ],
      [
       116.35436159,
       39.94592254
      ],
      [
       116.35437443,
       39.94585056
      ],
      [
       116.35438728,
       39.94577868
      ],
      [
       116.35438951,
       39.94576615
      ],
      [
       116.35437348,
       39.9457658
      ],
      [
       116.35437344,
       39.9457658
      ],
      [
       116.35427941,
       39.94576366
      ],
      [
       116.35418537,
       39.9457616
      ],
      [
       116.35418533,
       39.9457616
      ],
      [
       116.35409464,
       39.94575953
      ]
     ]
    ]
   }
  },
  {
   "type": "Feature",
   "id": "BD-201",
   "properties": {
    "id": "BD-201",
    "layer": "BUILDING_FOOTPRINT",
    "building_type": "retail",
    "land_use_code": "0901",
    "renewal_action": "renovate",
    "floors_above_ground": null,
    "height_m": null,
    "note_zh": "体量与高度为概念示意；官方控规强度条件未发布，不作容积率或高度结论。",
    "source_type": "agent_generated_design",
    "confidence": "low",
    "geometry_role": "design_proposal",
    "official_boundary": false,
    "boundary_precision": "provisional_rough"
   },
   "geometry": {
    "type": "Polygon",
    "coordinates": [
     [
      [
       116.34976005,
       39.94788956
      ],
      [
       116.34975959,
       39.94796206
      ],
      [
       116.34975959,
       39.94796242
      ],
      [
       116.34975902,
       39.94803456
      ],
      [
       116.34975858,
       39.94810651
      ],
      [
       116.34975812,
       39.94817914
      ],
      [
       116.34975811,
       39.94817948
      ],
      [
       116.34975755,
       39.9482516
      ],
      [
       116.3497571,
       39.94832356
      ],
      [
       116.34975665,
       39.94839605
      ],
      [
       116.34975665,
       39.94839641
      ],
      [
       116.34975608,
       39.94846855
      ],
      [
       116.34975563,
       39.94854051
      ],
      [
       116.34975518,
       39.948613
      ],
      [
       116.34975518,
       39.94861336
      ],
      [
       116.34975461,
       39.9486855
      ],
      [
       116.34975416,
       39.94875746
      ],
      [
       116.34975371,
       39.94882995
      ],
      [
       116.34975371,
       39.94883031
      ],
      [
       116.34975314,
       39.94890245
      ],
      [
       116.3497527,
       39.94897441
      ],
      [
       116.34975225,
       39.9490469
      ],
      [
       116.34975224,
       39.94904726
      ],
      [
       116.34975168,
       39.9491194
      ],
      [
       116.34975123,
       39.94919154
      ],
      [
       116.34975123,
       39.9491919
      ],
      [
       116.34975066,
       39.94926403
      ],
      [
       116.34975021,
       39.94933599
      ],
      [
       116.34974976,
       39.94940858
      ],
      [
       116.34974976,
       39.94940894
      ],
      [
       116.34974919,
       39.94948107
      ],
      [
       116.34974874,
       39.94955303
      ],
      [
       116.34974828,
       39.94962556
      ],
      [
       116.34974828,
       39.94962586
      ],
      [
       116.34974819,
       39.94963696
      ],
      [
       116.35286689,
       39.94965441
      ],
      [
       116.35286713,
       39.9496163
      ],
      [
       116.35286758,
       39.94954376
      ],
      [
       116.35286758,
       39.94954343
      ],
      [
       116.35286814,
       39.94947119
      ],
      [
       116.35286859,
       39.9493992
      ],
      [
       116.35286904,
       39.94932672
      ],
      [
       116.35286904,
       39.94932639
      ],
      [
       116.3528696,
       39.94925424
      ],
      [
       116.35287005,
       39.94918228
      ],
      [
       116.35287049,
       39.9491098
      ],
      [
       116.35287049,
       39.94910941
      ],
      [
       116.35287106,
       39.94903729
      ],
      [
       116.3528715,
       39.94896517
      ],
      [
       116.35287151,
       39.94896478
      ],
      [
       116.35287208,
       39.94889265
      ],
      [
       116.35287251,
       39.94882073
      ],
      [
       116.35287297,
       39.94874819
      ],
      [
       116.35287297,
       39.94874786
      ],
      [
       116.35287353,
       39.9486757
      ],
      [
       116.35287398,
       39.94860371
      ],
      [
       116.35287443,
       39.94853124
      ],
      [
       116.35287443,
       39.94853091
      ],
      [
       116.35287499,
       39.94845875
      ],
      [
       116.35287544,
       39.94838679
      ],
      [
       116.35287588,
       39.94831432
      ],
      [
       116.35287588,
       39.94831393
      ],
      [
       116.35287645,
       39.94824168
      ],
      [
       116.3528769,
       39.94816975
      ],
      [
       116.35287734,
       39.94809728
      ],
      [
       116.35287735,
       39.94809689
      ],
      [
       116.35287792,
       39.94802476
      ],
      [
       116.35287835,
       39.94795283
      ],
      [
       116.35287856,
       39.94791945
      ],
      [
       116.35283821,
       39.94791822
      ],
      [
       116.35274455,
       39.94791535
      ],
      [
       116.3526509,
       39.94791248
      ],
      [
       116.35265046,
       39.94791247
      ],
      [
       116.35255707,
       39.94790952
      ],
      [
       116.35246394,
       39.94790667
      ],
      [
       116.35237041,
       39.94790381
      ],
      [
       116.35227677,
       39.94790094
      ],
      [
       116.35218324,
       39.94789808
      ],
      [
       116.35208961,
       39.94789521
      ],
      [
       116.35199607,
       39.94789235
      ],
      [
       116.35190218,
       39.94788947
      ],
      [
       116.35190178,
       39.94788946
      ],
      [
       116.35180845,
       39.94788652
      ],
      [
       116.35171532,
       39.94788367
      ],
      [
       116.35162169,
       39.9478808
      ],
      [
       116.35152816,
       39.94787794
      ],
      [
       116.3514345,
       39.94787507
      ],
      [
       116.35134107,
       39.94787221
      ],
      [
       116.35124742,
       39.94786934
      ],
      [
       116.35115363,
       39.94786646
      ],
      [
       116.35115323,
       39.94786645
      ],
      [
       116.35105985,
       39.9478635
      ],
      [
       116.35096672,
       39.94786065
      ],
      [
       116.35087319,
       39.94785779
      ],
      [
       116.35077956,
       39.94785492
      ],
      [
       116.35068602,
       39.94785206
      ],
      [
       116.35059239,
       39.94784919
      ],
      [
       116.35049886,
       39.94784633
      ],
      [
       116.35040494,
       39.94784345
      ],
      [
       116.35040448,
       39.94784344
      ],
      [
       116.35031118,
       39.94784048
      ],
      [
       116.35021811,
       39.94783764
      ],
      [
       116.35012447,
       39.94783477
      ],
      [
       116.35003094,
       39.94783191
      ],
      [
       116.34993735,
       39.94782904
      ],
      [
       116.34984384,
       39.94782617
      ],
      [
       116.34976045,
       39.94782362
      ],
      [
       116.34976005,
       39.94788956
      ]
     ]
    ]
   }
  },
  {
   "type": "Feature",
   "id": "BD-202",
   "properties": {
    "id": "BD-202",
    "layer": "BUILDING_FOOTPRINT",
    "building_type": "retail",
    "land_use_code": "0901",
    "renewal_action": "new_build",
    "floors_above_ground": null,
    "height_m": null,
    "note_zh": "体量与高度为概念示意；官方控规强度条件未发布，不作容积率或高度结论。",
    "source_type": "agent_generated_design",
    "confidence": "low",
    "geometry_role": "design_proposal",
    "official_boundary": false,
    "boundary_precision": "provisional_rough"
   },
   "geometry": {
    "type": "Polygon",
    "coordinates": [
     [
      [
       116.34974727,
       39.94977001
      ],
      [
       116.34974681,
       39.94984248
      ],
      [
       116.34974681,
       39.94984284
      ],
      [
       116.34974624,
       39.94991498
      ],
      [
       116.3497458,
       39.94998693
      ],
      [
       116.34974535,
       39.95005943
      ],
      [
       116.34974534,
       39.95005979
      ],
      [
       116.34974478,
       39.95013193
      ],
      [
       116.34974433,
       39.95020388
      ],
      [
       116.34974388,
       39.95027638
      ],
      [
       116.34974388,
       39.95027674
      ],
      [
       116.34974331,
       39.95034888
      ],
      [
       116.34974286,
       39.95042083
      ],
      [
       116.34974241,
       39.95049333
      ],
      [
       116.34974241,
       39.95049369
      ],
      [
       116.34974184,
       39.95056583
      ],
      [
       116.34974139,
       39.95063805
      ],
      [
       116.34974139,
       39.95063841
      ],
      [
       116.34974082,
       39.95071055
      ],
      [
       116.34974038,
       39.95078251
      ],
      [
       116.34973993,
       39.950855
      ],
      [
       116.34973992,
       39.95085536
      ],
      [
       116.34973936,
       39.95092753
      ],
      [
       116.3497389,
       39.95099949
      ],
      [
       116.34973845,
       39.95107195
      ],
      [
       116.34973845,
       39.95107231
      ],
      [
       116.34973788,
       39.95114445
      ],
      [
       116.34973743,
       39.95121641
      ],
      [
       116.34973698,
       39.9512889
      ],
      [
       116.34973698,
       39.95128926
      ],
      [
       116.34973641,
       39.9513614
      ],
      [
       116.34973596,
       39.95143336
      ],
      [
       116.34973576,
       39.9514668
      ],
      [
       116.34977614,
       39.95146804
      ],
      [
       116.34986967,
       39.9514709
      ],
      [
       116.34996336,
       39.95147377
      ],
      [
       116.35005681,
       39.95147664
      ],
      [
       116.35015033,
       39.9514795
      ],
      [
       116.35024397,
       39.95148237
      ],
      [
       116.35033777,
       39.95148524
      ],
      [
       116.35033827,
       39.95148525
      ],
      [
       116.35043166,
       39.95148821
      ],
      [
       116.35052474,
       39.95149106
      ],
      [
       116.35061828,
       39.95149392
      ],
      [
       116.35071192,
       39.95149679
      ],
      [
       116.35080546,
       39.95149965
      ],
      [
       116.35089915,
       39.95150252
      ],
      [
       116.35099269,
       39.95150539
      ],
      [
       116.35108649,
       39.95150826
      ],
      [
       116.35108699,
       39.95150827
      ],
      [
       116.35118033,
       39.95151123
      ],
      [
       116.35127341,
       39.95151407
      ],
      [
       116.35136695,
       39.95151694
      ],
      [
       116.35146047,
       39.9515198
      ],
      [
       116.35155411,
       39.95152267
      ],
      [
       116.35164765,
       39.95152553
      ],
      [
       116.35174129,
       39.9515284
      ],
      [
       116.35183483,
       39.95153126
      ],
      [
       116.35192873,
       39.95153414
      ],
      [
       116.35192913,
       39.95153415
      ],
      [
       116.35202252,
       39.9515371
      ],
      [
       116.35211565,
       39.95153995
      ],
      [
       116.35220919,
       39.95154281
      ],
      [
       116.35230283,
       39.95154568
      ],
      [
       116.35239637,
       39.95154854
      ],
      [
       116.35248996,
       39.9515514
      ],
      [
       116.3525836,
       39.95155427
      ],
      [
       116.35267741,
       39.95155714
      ],
      [
       116.35267793,
       39.95155716
      ],
      [
       116.35268441,
       39.95155736
      ],
      [
       116.35268843,
       39.95153487
      ],
      [
       116.35270127,
       39.95146294
      ],
      [
       116.35271411,
       39.95139104
      ],
      [
       116.35272696,
       39.95131908
      ],
      [
       116.35273983,
       39.9512471
      ],
      [
       116.35275266,
       39.95117528
      ],
      [
       116.35276549,
       39.95110338
      ],
      [
       116.35277836,
       39.95103139
      ],
      [
       116.35279124,
       39.95095928
      ],
      [
       116.3527913,
       39.9509589
      ],
      [
       116.35280424,
       39.95088715
      ],
      [
       116.35281702,
       39.95081564
      ],
      [
       116.35282986,
       39.95074371
      ],
      [
       116.35284271,
       39.95067178
      ],
      [
       116.35285556,
       39.95059989
      ],
      [
       116.35286073,
       39.95057094
      ],
      [
       116.35286085,
       39.95055604
      ],
      [
       116.35286129,
       39.9504841
      ],
      [
       116.35286174,
       39.95041157
      ],
      [
       116.35286174,
       39.95041124
      ],
      [
       116.3528623,
       39.95033908
      ],
      [
       116.35286275,
       39.95026709
      ],
      [
       116.3528632,
       39.95019462
      ],
      [
       116.3528632,
       39.95019429
      ],
      [
       116.35286376,
       39.95012213
      ],
      [
       116.35286421,
       39.95005017
      ],
      [
       116.35286465,
       39.94997769
      ],
      [
       116.35286466,
       39.9499773
      ],
      [
       116.35286523,
       39.94990515
      ],
      [
       116.35286567,
       39.94983322
      ],
      [
       116.35286612,
       39.94976074
      ],
      [
       116.35286612,
       39.94976035
      ],
      [
       116.35286639,
       39.94972645
      ],
      [
       116.34974765,
       39.949709
      ],
      [
       116.34974727,
       39.94977001
      ]
     ]
    ]
   }
  },
  {
   "type": "Feature",
   "id": "BD-203",
   "properties": {
    "id": "BD-203",
    "layer": "BUILDING_FOOTPRINT",
    "building_type": "mobility_hub",
    "land_use_code": "0805",
    "renewal_action": "new_build",
    "floors_above_ground": null,
    "height_m": null,
    "note_zh": "体量与高度为概念示意；官方控规强度条件未发布，不作容积率或高度结论。",
    "source_type": "agent_generated_design",
    "confidence": "low",
    "geometry_role": "design_proposal",
    "official_boundary": false,
    "boundary_precision": "provisional_rough"
   },
   "geometry": {
    "type": "Polygon",
    "coordinates": [
     [
      [
       116.34981947,
       39.95366032
      ],
      [
       116.34991386,
       39.95366246
      ],
      [
       116.35000853,
       39.95366452
      ],
      [
       116.35000908,
       39.95366453
      ],
      [
       116.35010417,
       39.95366669
      ],
      [
       116.35019852,
       39.95366883
      ],
      [
       116.35029319,
       39.95367089
      ],
      [
       116.35029374,
       39.9536709
      ],
      [
       116.35038886,
       39.95367306
      ],
      [
       116.35048308,
       39.9536752
      ],
      [
       116.3505777,
       39.95367726
      ],
      [
       116.35057819,
       39.95367727
      ],
      [
       116.35067333,
       39.95367942
      ],
      [
       116.35076778,
       39.95368157
      ],
      [
       116.35086237,
       39.95368363
      ],
      [
       116.35086287,
       39.95368364
      ],
      [
       116.35095799,
       39.95368579
      ],
      [
       116.35105246,
       39.95368793
      ],
      [
       116.35114701,
       39.95369
      ],
      [
       116.35114744,
       39.95369001
      ],
      [
       116.35124205,
       39.95369215
      ],
      [
       116.35133669,
       39.95369421
      ],
      [
       116.35133719,
       39.95369422
      ],
      [
       116.35143231,
       39.95369637
      ],
      [
       116.35152676,
       39.95369851
      ],
      [
       116.35162143,
       39.95370058
      ],
      [
       116.35162187,
       39.95370059
      ],
      [
       116.35171698,
       39.95370274
      ],
      [
       116.35181127,
       39.95370488
      ],
      [
       116.35190589,
       39.95370694
      ],
      [
       116.35190638,
       39.95370695
      ],
      [
       116.35200152,
       39.9537091
      ],
      [
       116.35209592,
       39.95371124
      ],
      [
       116.35219059,
       39.9537133
      ],
      [
       116.35219114,
       39.95371331
      ],
      [
       116.35223304,
       39.95371426
      ],
      [
       116.35223812,
       39.95368579
      ],
      [
       116.35225104,
       39.95361354
      ],
      [
       116.35225111,
       39.95361315
      ],
      [
       116.35226403,
       39.95354152
      ],
      [
       116.35227681,
       39.95346998
      ],
      [
       116.35228965,
       39.95339807
      ],
      [
       116.3522927,
       39.95338101
      ],
      [
       116.34978787,
       39.95336698
      ],
      [
       116.34978765,
       39.95340344
      ],
      [
       116.3497872,
       39.95347596
      ],
      [
       116.34978719,
       39.95347635
      ],
      [
       116.34978663,
       39.95354847
      ],
      [
       116.34978618,
       39.95362039
      ],
      [
       116.34978594,
       39.95365956
      ],
      [
       116.34981947,
       39.95366032
      ]
     ]
    ]
   }
  },
  {
   "type": "Feature",
   "id": "BD-204",
   "properties": {
    "id": "BD-204",
    "layer": "BUILDING_FOOTPRINT",
    "building_type": "mobility_hub",
    "land_use_code": "0805",
    "renewal_action": "new_build",
    "floors_above_ground": null,
    "height_m": null,
    "note_zh": "体量与高度为概念示意；官方控规强度条件未发布，不作容积率或高度结论。",
    "source_type": "agent_generated_design",
    "confidence": "low",
    "geometry_role": "design_proposal",
    "official_boundary": false,
    "boundary_precision": "provisional_rough"
   },
   "geometry": {
    "type": "Polygon",
    "coordinates": [
     [
      [
       116.35231537,
       39.95325412
      ],
      [
       116.35232821,
       39.95318228
      ],
      [
       116.35234105,
       39.95311036
      ],
      [
       116.3523539,
       39.95303844
      ],
      [
       116.35235466,
       39.95303415
      ],
      [
       116.3523335,
       39.9530335
      ],
      [
       116.35223985,
       39.95303063
      ],
      [
       116.35214632,
       39.95302777
      ],
      [
       116.35205267,
       39.9530249
      ],
      [
       116.35195914,
       39.95302204
      ],
      [
       116.35186527,
       39.95301917
      ],
      [
       116.35186472,
       39.95301916
      ],
      [
       116.3517714,
       39.9530162
      ],
      [
       116.35167837,
       39.95301336
      ],
      [
       116.35158471,
       39.95301049
      ],
      [
       116.35149118,
       39.95300763
      ],
      [
       116.35139753,
       39.95300476
      ],
      [
       116.351304,
       39.9530019
      ],
      [
       116.35121045,
       39.95299903
      ],
      [
       116.35111666,
       39.95299616
      ],
      [
       116.35111611,
       39.95299614
      ],
      [
       116.35102274,
       39.95299319
      ],
      [
       116.3509297,
       39.95299034
      ],
      [
       116.35083617,
       39.95298748
      ],
      [
       116.35074252,
       39.95298461
      ],
      [
       116.35064899,
       39.95298175
      ],
      [
       116.35055534,
       39.95297888
      ],
      [
       116.35046181,
       39.95297602
      ],
      [
       116.35036786,
       39.95297314
      ],
      [
       116.35036736,
       39.95297312
      ],
      [
       116.35027407,
       39.95297017
      ],
      [
       116.35018104,
       39.95296733
      ],
      [
       116.35008733,
       39.95296446
      ],
      [
       116.34999378,
       39.95296159
      ],
      [
       116.34990034,
       39.95295873
      ],
      [
       116.34980673,
       39.95295586
      ],
      [
       116.34979068,
       39.95295537
      ],
      [
       116.34979059,
       39.95296945
      ],
      [
       116.34979013,
       39.953042
      ],
      [
       116.34979013,
       39.95304233
      ],
      [
       116.34978957,
       39.95311448
      ],
      [
       116.34978911,
       39.95318643
      ],
      [
       116.34978866,
       39.953259
      ],
      [
       116.34978866,
       39.9532594
      ],
      [
       116.34978838,
       39.95329494
      ],
      [
       116.35230555,
       39.95330903
      ],
      [
       116.35231537,
       39.95325412
      ]
     ]
    ]
   }
  },
  {
   "type": "Feature",
   "id": "BD-205",
   "properties": {
    "id": "BD-205",
    "layer": "BUILDING_FOOTPRINT",
    "building_type": "incubator",
    "land_use_code": "0904",
    "renewal_action": "new_build",
    "floors_above_ground": null,
    "height_m": null,
    "note_zh": "体量与高度为概念示意；官方控规强度条件未发布，不作容积率或高度结论。",
    "source_type": "agent_generated_design",
    "confidence": "low",
    "geometry_role": "design_proposal",
    "official_boundary": false,
    "boundary_precision": "provisional_rough"
   },
   "geometry": {
    "type": "Polygon",
    "coordinates": [
     [
      [
       116.34957913,
       39.99454887
      ],
      [
       116.34968153,
       39.99468759
      ],
      [
       116.34973713,
       39.99485194
      ],
      [
       116.34976667,
       39.99493931
      ],
      [
       116.34980058,
       39.9950396
      ],
      [
       116.35250633,
       39.99505475
      ],
      [
       116.35250662,
       39.99500808
      ],
      [
       116.35250662,
       39.99500773
      ],
      [
       116.35250718,
       39.99493559
      ],
      [
       116.35250763,
       39.99486363
      ],
      [
       116.35250808,
       39.99479113
      ],
      [
       116.35250809,
       39.99479078
      ],
      [
       116.35250865,
       39.99471864
      ],
      [
       116.35250909,
       39.99464668
      ],
      [
       116.35250955,
       39.99457416
      ],
      [
       116.35250955,
       39.99457378
      ],
      [
       116.35251012,
       39.99450169
      ],
      [
       116.35251056,
       39.99442979
      ],
      [
       116.35251101,
       39.99435722
      ],
      [
       116.35251101,
       39.99435684
      ],
      [
       116.35251158,
       39.99428474
      ],
      [
       116.35251202,
       39.99421263
      ],
      [
       116.35251202,
       39.99421221
      ],
      [
       116.35251259,
       39.99414008
      ],
      [
       116.35251304,
       39.99406815
      ],
      [
       116.35251349,
       39.99399565
      ],
      [
       116.3525135,
       39.9939953
      ],
      [
       116.35251405,
       39.99392316
      ],
      [
       116.3525145,
       39.99385111
      ],
      [
       116.35251496,
       39.99377862
      ],
      [
       116.35251496,
       39.99377827
      ],
      [
       116.35251552,
       39.99370612
      ],
      [
       116.35251597,
       39.99363416
      ],
      [
       116.35251642,
       39.99356167
      ],
      [
       116.35251642,
       39.99356132
      ],
      [
       116.35251698,
       39.99348917
      ],
      [
       116.35251743,
       39.99341721
      ],
      [
       116.35251784,
       39.99335134
      ],
      [
       116.35243509,
       39.99334874
      ],
      [
       116.35234194,
       39.99334588
      ],
      [
       116.35224835,
       39.99334302
      ],
      [
       116.35215464,
       39.99334015
      ],
      [
       116.35206105,
       39.99333729
      ],
      [
       116.35196735,
       39.99333442
      ],
      [
       116.35187376,
       39.99333156
      ],
      [
       116.35177979,
       39.99332868
      ],
      [
       116.35177935,
       39.99332867
      ],
      [
       116.35168593,
       39.99332573
      ],
      [
       116.35159277,
       39.99332287
      ],
      [
       116.35149918,
       39.99332001
      ],
      [
       116.35140558,
       39.99331714
      ],
      [
       116.35131201,
       39.99331428
      ],
      [
       116.35121826,
       39.99331141
      ],
      [
       116.35112466,
       39.99330854
      ],
      [
       116.35103107,
       39.99330568
      ],
      [
       116.3509371,
       39.9933028
      ],
      [
       116.35093666,
       39.99330279
      ],
      [
       116.35084324,
       39.99329985
      ],
      [
       116.35075003,
       39.99329699
      ],
      [
       116.35065644,
       39.99329412
      ],
      [
       116.35056285,
       39.99329126
      ],
      [
       116.3504691,
       39.99328839
      ],
      [
       116.3503755,
       39.99328552
      ],
      [
       116.35028191,
       39.99328266
      ],
      [
       116.35018793,
       39.99327978
      ],
      [
       116.35018747,
       39.99327977
      ],
      [
       116.35009417,
       39.99327683
      ],
      [
       116.35000098,
       39.99327397
      ],
      [
       116.34990739,
       39.9932711
      ],
      [
       116.3498138,
       39.99326824
      ],
      [
       116.34972005,
       39.99326537
      ],
      [
       116.3496264,
       39.9932625
      ],
      [
       116.34953281,
       39.99325963
      ],
      [
       116.34950484,
       39.99325878
      ],
      [
       116.34950466,
       39.99328242
      ],
      [
       116.34950421,
       39.99335436
      ],
      [
       116.34950375,
       39.99342692
      ],
      [
       116.34950375,
       39.99342727
      ],
      [
       116.34950318,
       39.99349937
      ],
      [
       116.34950273,
       39.99357131
      ],
      [
       116.34950228,
       39.99364382
      ],
      [
       116.34950228,
       39.99364421
      ],
      [
       116.34950171,
       39.99371635
      ],
      [
       116.34950126,
       39.99378838
      ],
      [
       116.34950081,
       39.99386085
      ],
      [
       116.3495008,
       39.99386124
      ],
      [
       116.34950023,
       39.99393336
      ],
      [
       116.34949979,
       39.9940053
      ],
      [
       116.34949934,
       39.9940778
      ],
      [
       116.34949933,
       39.99407819
      ],
      [
       116.34949877,
       39.99415035
      ],
      [
       116.34949831,
       39.99422228
      ],
      [
       116.34949786,
       39.99429475
      ],
      [
       116.34949786,
       39.99429514
      ],
      [
       116.34949729,
       39.99436726
      ],
      [
       116.34949684,
       39.99443938
      ],
      [
       116.34949684,
       39.99443977
      ],
      [
       116.34949649,
       39.99448437
      ],
      [
       116.34957913,
       39.99454887
      ]
     ]
    ]
   }
  },
  {
   "type": "Feature",
   "id": "BD-206",
   "properties": {
    "id": "BD-206",
    "layer": "BUILDING_FOOTPRINT",
    "building_type": "incubator",
    "land_use_code": "0904",
    "renewal_action": "renovate",
    "floors_above_ground": null,
    "height_m": null,
    "note_zh": "体量与高度为概念示意；官方控规强度条件未发布，不作容积率或高度结论。",
    "source_type": "agent_generated_design",
    "confidence": "low",
    "geometry_role": "design_proposal",
    "official_boundary": false,
    "boundary_precision": "provisional_rough"
   },
   "geometry": {
    "type": "Polygon",
    "coordinates": [
     [
      [
       116.34982074,
       39.99526332
      ],
      [
       116.34976203,
       39.99542696
      ],
      [
       116.34973091,
       39.9955138
      ],
      [
       116.34967215,
       39.99567775
      ],
      [
       116.34956691,
       39.99581552
      ],
      [
       116.34948704,
       39.99587598
      ],
      [
       116.34948698,
       39.99588585
      ],
      [
       116.34948698,
       39.9958862
      ],
      [
       116.34948641,
       39.9959583
      ],
      [
       116.34948596,
       39.99603024
      ],
      [
       116.34948551,
       39.99610275
      ],
      [
       116.34948551,
       39.99610313
      ],
      [
       116.34948494,
       39.99617537
      ],
      [
       116.34948448,
       39.99624731
      ],
      [
       116.34948403,
       39.99631979
      ],
      [
       116.34948403,
       39.99632018
      ],
      [
       116.34948346,
       39.99639229
      ],
      [
       116.34948302,
       39.99646423
      ],
      [
       116.34948257,
       39.99653674
      ],
      [
       116.34948256,
       39.99653713
      ],
      [
       116.349482,
       39.99660928
      ],
      [
       116.34948154,
       39.99668121
      ],
      [
       116.34948109,
       39.99675368
      ],
      [
       116.34948109,
       39.99675407
      ],
      [
       116.34948057,
       39.99681947
      ],
      [
       116.34956291,
       39.99682199
      ],
      [
       116.34965651,
       39.99682485
      ],
      [
       116.34975026,
       39.99682772
      ],
      [
       116.34984392,
       39.99683059
      ],
      [
       116.34993752,
       39.99683346
      ],
      [
       116.35003112,
       39.99683632
      ],
      [
       116.35012478,
       39.99683919
      ],
      [
       116.35021863,
       39.99684207
      ],
      [
       116.35021907,
       39.99684208
      ],
      [
       116.3503125,
       39.99684502
      ],
      [
       116.35040566,
       39.99684788
      ],
      [
       116.35049926,
       39.99685074
      ],
      [
       116.35059302,
       39.99685361
      ],
      [
       116.35068661,
       39.99685648
      ],
      [
       116.35078021,
       39.99685934
      ],
      [
       116.35087398,
       39.99686221
      ],
      [
       116.35096784,
       39.99686509
      ],
      [
       116.35096828,
       39.9968651
      ],
      [
       116.35106171,
       39.99686804
      ],
      [
       116.35115487,
       39.9968709
      ],
      [
       116.35124847,
       39.99687376
      ],
      [
       116.35134223,
       39.99687663
      ],
      [
       116.35143585,
       39.9968795
      ],
      [
       116.35152935,
       39.99688236
      ],
      [
       116.35162302,
       39.99688523
      ],
      [
       116.35171689,
       39.9968881
      ],
      [
       116.35171744,
       39.99688811
      ],
      [
       116.35181081,
       39.99689106
      ],
      [
       116.35190392,
       39.99689391
      ],
      [
       116.35199762,
       39.99689678
      ],
      [
       116.35209122,
       39.99689964
      ],
      [
       116.35218493,
       39.99690251
      ],
      [
       116.35227853,
       39.99690537
      ],
      [
       116.35237223,
       39.99690824
      ],
      [
       116.3524661,
       39.99691111
      ],
      [
       116.35246665,
       39.99691112
      ],
      [
       116.35249375,
       39.99691198
      ],
      [
       116.3524939,
       39.99688849
      ],
      [
       116.3524939,
       39.99688814
      ],
      [
       116.35249446,
       39.99681599
      ],
      [
       116.35249491,
       39.99674403
      ],
      [
       116.35249536,
       39.99667154
      ],
      [
       116.35249536,
       39.99667119
      ],
      [
       116.35249592,
       39.99659904
      ],
      [
       116.35249637,
       39.99652709
      ],
      [
       116.35249682,
       39.99645459
      ],
      [
       116.35249683,
       39.99645424
      ],
      [
       116.35249739,
       39.99638209
      ],
      [
       116.35249784,
       39.99631014
      ],
      [
       116.35249829,
       39.99623754
      ],
      [
       116.35249829,
       39.99623715
      ],
      [
       116.35249886,
       39.99616505
      ],
      [
       116.3524993,
       39.99609316
      ],
      [
       116.35249975,
       39.99602058
      ],
      [
       116.35249975,
       39.9960202
      ],
      [
       116.35250032,
       39.99594811
      ],
      [
       116.35250076,
       39.995876
      ],
      [
       116.35250076,
       39.99587558
      ],
      [
       116.35250133,
       39.99580344
      ],
      [
       116.35250178,
       39.99573152
      ],
      [
       116.35250223,
       39.99565902
      ],
      [
       116.35250224,
       39.99565867
      ],
      [
       116.3525028,
       39.99558652
      ],
      [
       116.35250324,
       39.99551457
      ],
      [
       116.3525037,
       39.99544207
      ],
      [
       116.3525037,
       39.99544172
      ],
      [
       116.35250426,
       39.99536957
      ],
      [
       116.35250471,
       39.99529762
      ],
      [
       116.35250516,
       39.99522512
      ],
      [
       116.35250516,
       39.99522477
      ],
      [
       116.35250572,
       39.99515263
      ],
      [
       116.35250588,
       39.99512679
      ],
      [
       116.3498222,
       39.99511177
      ],
      [
       116.34982074,
       39.99526332
      ]
     ]
    ]
   }
  },
  {
   "type": "Feature",
   "id": "BD-207",
   "properties": {
    "id": "BD-207",
    "layer": "BUILDING_FOOTPRINT",
    "building_type": "ai_r_and_d",
    "land_use_code": "0802",
    "renewal_action": "new_build",
    "floors_above_ground": null,
    "height_m": null,
    "note_zh": "体量与高度为概念示意；官方控规强度条件未发布，不作容积率或高度结论。",
    "source_type": "agent_generated_design",
    "confidence": "low",
    "geometry_role": "design_proposal",
    "official_boundary": false,
    "boundary_precision": "provisional_rough"
   },
   "geometry": {
    "type": "Polygon",
    "coordinates": [
     [
      [
       116.34949472,
       40.0038331
      ],
      [
       116.34967346,
       40.00391379
      ],
      [
       116.34982278,
       40.00403032
      ],
      [
       116.34989937,
       40.00409009
      ],
      [
       116.35004871,
       40.00420662
      ],
      [
       116.350151,
       40.00434522
      ],
      [
       116.35020451,
       40.00450352
      ],
      [
       116.35023197,
       40.00458471
      ],
      [
       116.35028547,
       40.00474301
      ],
      [
       116.35028396,
       40.00490219
      ],
      [
       116.35022747,
       40.00505982
      ],
      [
       116.35019849,
       40.0051407
      ],
      [
       116.3501784,
       40.00519677
      ],
      [
       116.35243876,
       40.00520942
      ],
      [
       116.35243895,
       40.00518486
      ],
      [
       116.3524394,
       40.00511238
      ],
      [
       116.35243985,
       40.00503934
      ],
      [
       116.35243985,
       40.00503896
      ],
      [
       116.35244042,
       40.00496626
      ],
      [
       116.35244088,
       40.00489378
      ],
      [
       116.35244133,
       40.00482068
      ],
      [
       116.35244133,
       40.0048203
      ],
      [
       116.3524419,
       40.0047476
      ],
      [
       116.35244236,
       40.00467512
      ],
      [
       116.35244281,
       40.00460211
      ],
      [
       116.35244282,
       40.00460173
      ],
      [
       116.35244339,
       40.00452906
      ],
      [
       116.35244383,
       40.00445658
      ],
      [
       116.3524443,
       40.00438349
      ],
      [
       116.3524443,
       40.00438314
      ],
      [
       116.35244487,
       40.00431049
      ],
      [
       116.35244532,
       40.00423794
      ],
      [
       116.35244577,
       40.00416488
      ],
      [
       116.35244577,
       40.0041645
      ],
      [
       116.35244634,
       40.0040918
      ],
      [
       116.3524468,
       40.00401933
      ],
      [
       116.35244725,
       40.00394631
      ],
      [
       116.35244725,
       40.00394593
      ],
      [
       116.35244782,
       40.00387326
      ],
      [
       116.35244827,
       40.00380079
      ],
      [
       116.35244873,
       40.0037277
      ],
      [
       116.35244874,
       40.00372735
      ],
      [
       116.35244931,
       40.0036546
      ],
      [
       116.35244975,
       40.00358213
      ],
      [
       116.35245022,
       40.00350903
      ],
      [
       116.35245022,
       40.00350868
      ],
      [
       116.35245078,
       40.00343757
      ],
      [
       116.35236733,
       40.00343502
      ],
      [
       116.35227361,
       40.00343215
      ],
      [
       116.35218001,
       40.00342929
      ],
      [
       116.35208629,
       40.00342642
      ],
      [
       116.35199241,
       40.00342355
      ],
      [
       116.35199187,
       40.00342354
      ],
      [
       116.35189849,
       40.00342058
      ],
      [
       116.35180538,
       40.00341774
      ],
      [
       116.35171175,
       40.00341487
      ],
      [
       116.35161817,
       40.00341201
      ],
      [
       116.35152446,
       40.00340914
      ],
      [
       116.35143086,
       40.00340628
      ],
      [
       116.35133714,
       40.00340341
      ],
      [
       116.35124326,
       40.00340054
      ],
      [
       116.35124272,
       40.00340053
      ],
      [
       116.35114928,
       40.00339757
      ],
      [
       116.35105616,
       40.00339472
      ],
      [
       116.35096256,
       40.00339186
      ],
      [
       116.35086884,
       40.00338899
      ],
      [
       116.35077524,
       40.00338613
      ],
      [
       116.35068147,
       40.00338326
      ],
      [
       116.35058786,
       40.00338039
      ],
      [
       116.35049398,
       40.00337752
      ],
      [
       116.35049342,
       40.00337751
      ],
      [
       116.3504001,
       40.00337455
      ],
      [
       116.35030701,
       40.0033717
      ],
      [
       116.35021341,
       40.00336884
      ],
      [
       116.35011964,
       40.00336597
      ],
      [
       116.35002603,
       40.0033631
      ],
      [
       116.34993243,
       40.00336024
      ],
      [
       116.34983866,
       40.00335737
      ],
      [
       116.34974478,
       40.00335449
      ],
      [
       116.34974434,
       40.00335448
      ],
      [
       116.3496509,
       40.00335153
      ],
      [
       116.34955768,
       40.00334868
      ],
      [
       116.34946402,
       40.00334581
      ],
      [
       116.34943495,
       40.00334492
      ],
      [
       116.34943477,
       40.00337425
      ],
      [
       116.34943477,
       40.00337466
      ],
      [
       116.34943419,
       40.00344735
      ],
      [
       116.34943373,
       40.00351981
      ],
      [
       116.34943327,
       40.00359294
      ],
      [
       116.34943327,
       40.00359329
      ],
      [
       116.3494327,
       40.00366598
      ],
      [
       116.34943225,
       40.00373847
      ],
      [
       116.34943179,
       40.00381151
      ],
      [
       116.34943178,
       40.00381186
      ],
      [
       116.34943172,
       40.00381975
      ],
      [
       116.34949472,
       40.0038331
      ]
     ]
    ]
   }
  },
  {
   "type": "Feature",
   "id": "BD-208",
   "properties": {
    "id": "BD-208",
    "layer": "BUILDING_FOOTPRINT",
    "building_type": "ai_r_and_d",
    "land_use_code": "0802",
    "renewal_action": "new_build",
    "floors_above_ground": null,
    "height_m": null,
    "note_zh": "体量与高度为概念示意；官方控规强度条件未发布，不作容积率或高度结论。",
    "source_type": "agent_generated_design",
    "confidence": "low",
    "geometry_role": "design_proposal",
    "official_boundary": false,
    "boundary_precision": "provisional_rough"
   },
   "geometry": {
    "type": "Polygon",
    "coordinates": [
     [
      [
       116.35014193,
       40.00529853
      ],
      [
       116.35003679,
       40.00543616
      ],
      [
       116.34988528,
       40.00555079
      ],
      [
       116.3498078,
       40.0056095
      ],
      [
       116.34965631,
       40.00572434
      ],
      [
       116.34947606,
       40.00580302
      ],
      [
       116.3494181,
       40.0058146
      ],
      [
       116.34941781,
       40.00585193
      ],
      [
       116.34941735,
       40.00592453
      ],
      [
       116.34941689,
       40.00599756
      ],
      [
       116.34941689,
       40.00599791
      ],
      [
       116.34941632,
       40.0060706
      ],
      [
       116.34941587,
       40.0061431
      ],
      [
       116.3494154,
       40.00621613
      ],
      [
       116.3494154,
       40.00621648
      ],
      [
       116.34941483,
       40.00628917
      ],
      [
       116.34941438,
       40.00636167
      ],
      [
       116.34941392,
       40.00643472
      ],
      [
       116.34941391,
       40.0064351
      ],
      [
       116.34941334,
       40.00650786
      ],
      [
       116.34941288,
       40.0065803
      ],
      [
       116.34941243,
       40.00665333
      ],
      [
       116.34941243,
       40.00665374
      ],
      [
       116.34941185,
       40.00672643
      ],
      [
       116.34941139,
       40.0067989
      ],
      [
       116.34941093,
       40.00687193
      ],
      [
       116.34941093,
       40.00687228
      ],
      [
       116.34941037,
       40.00694342
      ],
      [
       116.34949415,
       40.00694599
      ],
      [
       116.34949464,
       40.00694601
      ],
      [
       116.349588,
       40.00694896
      ],
      [
       116.34968112,
       40.0069518
      ],
      [
       116.3497749,
       40.00695467
      ],
      [
       116.34986851,
       40.00695754
      ],
      [
       116.34996212,
       40.0069604
      ],
      [
       116.35005589,
       40.00696327
      ],
      [
       116.35014953,
       40.00696614
      ],
      [
       116.35024331,
       40.00696901
      ],
      [
       116.35024383,
       40.00696902
      ],
      [
       116.35033726,
       40.00697198
      ],
      [
       116.35043039,
       40.00697483
      ],
      [
       116.350524,
       40.00697769
      ],
      [
       116.35061777,
       40.00698056
      ],
      [
       116.35071138,
       40.00698343
      ],
      [
       116.35080499,
       40.00698629
      ],
      [
       116.35089877,
       40.00698916
      ],
      [
       116.35099238,
       40.00699203
      ],
      [
       116.35108627,
       40.0069949
      ],
      [
       116.35108681,
       40.00699491
      ],
      [
       116.3511802,
       40.00699787
      ],
      [
       116.35127332,
       40.00700071
      ],
      [
       116.3513671,
       40.00700358
      ],
      [
       116.35146073,
       40.00700645
      ],
      [
       116.35155424,
       40.00700931
      ],
      [
       116.35164792,
       40.00701218
      ],
      [
       116.35174153,
       40.00701504
      ],
      [
       116.35183553,
       40.00701792
      ],
      [
       116.35183597,
       40.00701793
      ],
      [
       116.35192941,
       40.00702088
      ],
      [
       116.35202259,
       40.00702373
      ],
      [
       116.3521162,
       40.00702659
      ],
      [
       116.35220992,
       40.00702946
      ],
      [
       116.35230353,
       40.00703232
      ],
      [
       116.35239725,
       40.00703519
      ],
      [
       116.35242635,
       40.00703608
      ],
      [
       116.35242654,
       40.00700668
      ],
      [
       116.35242654,
       40.00700633
      ],
      [
       116.35242711,
       40.00693369
      ],
      [
       116.35242756,
       40.00686121
      ],
      [
       116.35242801,
       40.00678815
      ],
      [
       116.35242801,
       40.00678773
      ],
      [
       116.35242859,
       40.00671509
      ],
      [
       116.35242904,
       40.00664265
      ],
      [
       116.35242949,
       40.0065695
      ],
      [
       116.35242949,
       40.00656912
      ],
      [
       116.35243006,
       40.00649643
      ],
      [
       116.35243052,
       40.00642395
      ],
      [
       116.35243097,
       40.00635093
      ],
      [
       116.35243098,
       40.00635055
      ],
      [
       116.35243155,
       40.00627789
      ],
      [
       116.35243199,
       40.00620541
      ],
      [
       116.35243246,
       40.00613231
      ],
      [
       116.35243246,
       40.00613196
      ],
      [
       116.35243303,
       40.00605932
      ],
      [
       116.35243348,
       40.00598676
      ],
      [
       116.35243394,
       40.00591366
      ],
      [
       116.35243394,
       40.00591331
      ],
      [
       116.35243451,
       40.00584066
      ],
      [
       116.35243496,
       40.00576818
      ],
      [
       116.35243541,
       40.00569514
      ],
      [
       116.35243541,
       40.00569476
      ],
      [
       116.35243598,
       40.00562206
      ],
      [
       116.35243644,
       40.00554958
      ],
      [
       116.35243689,
       40.00547657
      ],
      [
       116.3524369,
       40.00547619
      ],
      [
       116.35243747,
       40.00540343
      ],
      [
       116.35243791,
       40.00533095
      ],
      [
       116.35243823,
       40.00528146
      ],
      [
       116.35015263,
       40.00526867
      ],
      [
       116.35014193,
       40.00529853
      ]
     ]
    ]
   }
  },
  {
   "type": "Feature",
   "id": "BD-209",
   "properties": {
    "id": "BD-209",
    "layer": "BUILDING_FOOTPRINT",
    "building_type": "ai_r_and_d",
    "land_use_code": "0802",
    "renewal_action": "new_build",
    "floors_above_ground": null,
    "height_m": null,
    "note_zh": "体量与高度为概念示意；官方控规强度条件未发布，不作容积率或高度结论。",
    "source_type": "agent_generated_design",
    "confidence": "low",
    "geometry_role": "design_proposal",
    "official_boundary": false,
    "boundary_precision": "provisional_rough"
   },
   "geometry": {
    "type": "Polygon",
    "coordinates": [
     [
      [
       116.34941054,
       40.01857797
      ],
      [
       116.34941008,
       40.01865104
      ],
      [
       116.34941007,
       40.01865146
      ],
      [
       116.3494095,
       40.0187241
      ],
      [
       116.34940904,
       40.01879651
      ],
      [
       116.34940859,
       40.01886956
      ],
      [
       116.34940859,
       40.01887002
      ],
      [
       116.34940801,
       40.01894267
      ],
      [
       116.34940755,
       40.01901511
      ],
      [
       116.34940709,
       40.01908816
      ],
      [
       116.34940709,
       40.01908855
      ],
      [
       116.34940652,
       40.01916129
      ],
      [
       116.34940606,
       40.01923377
      ],
      [
       116.3494056,
       40.01930683
      ],
      [
       116.3494056,
       40.01930725
      ],
      [
       116.34940502,
       40.0193799
      ],
      [
       116.34940457,
       40.01945231
      ],
      [
       116.34940412,
       40.01952535
      ],
      [
       116.34940411,
       40.01952581
      ],
      [
       116.34940354,
       40.01959847
      ],
      [
       116.34940308,
       40.01967091
      ],
      [
       116.34940262,
       40.01974404
      ],
      [
       116.34940262,
       40.01974443
      ],
      [
       116.34940205,
       40.0198171
      ],
      [
       116.34940159,
       40.01988956
      ],
      [
       116.34940113,
       40.01996263
      ],
      [
       116.34940113,
       40.01996305
      ],
      [
       116.34940055,
       40.0200357
      ],
      [
       116.3494001,
       40.0201081
      ],
      [
       116.34939965,
       40.02018115
      ],
      [
       116.34939964,
       40.02018161
      ],
      [
       116.34939907,
       40.02025427
      ],
      [
       116.34939892,
       40.02027714
      ],
      [
       116.352257,
       40.02029315
      ],
      [
       116.35225731,
       40.02024251
      ],
      [
       116.35225732,
       40.02024209
      ],
      [
       116.35225789,
       40.02016942
      ],
      [
       116.35225834,
       40.02009698
      ],
      [
       116.3522588,
       40.02002395
      ],
      [
       116.3522588,
       40.02002353
      ],
      [
       116.35225937,
       40.01995085
      ],
      [
       116.35225983,
       40.01987841
      ],
      [
       116.35226028,
       40.0198053
      ],
      [
       116.35226028,
       40.01980487
      ],
      [
       116.35226085,
       40.01973219
      ],
      [
       116.35226131,
       40.01965975
      ],
      [
       116.35226176,
       40.01958672
      ],
      [
       116.35226176,
       40.0195863
      ],
      [
       116.35226233,
       40.01951365
      ],
      [
       116.35226278,
       40.01944099
      ],
      [
       116.35226279,
       40.01944053
      ],
      [
       116.35226337,
       40.01936791
      ],
      [
       116.35226381,
       40.01929551
      ],
      [
       116.35226427,
       40.01922236
      ],
      [
       116.35226427,
       40.01922193
      ],
      [
       116.35226484,
       40.01914925
      ],
      [
       116.3522653,
       40.01907681
      ],
      [
       116.35226575,
       40.01900378
      ],
      [
       116.35226575,
       40.01900336
      ],
      [
       116.35226632,
       40.01893068
      ],
      [
       116.35226678,
       40.01885824
      ],
      [
       116.35226723,
       40.01878521
      ],
      [
       116.35226723,
       40.01878479
      ],
      [
       116.3522678,
       40.01871214
      ],
      [
       116.35226825,
       40.01863971
      ],
      [
       116.35226833,
       40.01862691
      ],
      [
       116.3522616,
       40.01862671
      ],
      [
       116.35216801,
       40.01862385
      ],
      [
       116.35207427,
       40.01862098
      ],
      [
       116.35198065,
       40.01861812
      ],
      [
       116.35188691,
       40.01861525
      ],
      [
       116.35179329,
       40.01861239
      ],
      [
       116.35169925,
       40.01860951
      ],
      [
       116.35169877,
       40.0186095
      ],
      [
       116.35160533,
       40.01860655
      ],
      [
       116.35151219,
       40.0186037
      ],
      [
       116.35141857,
       40.01860084
      ],
      [
       116.35132477,
       40.01859797
      ],
      [
       116.35123115,
       40.0185951
      ],
      [
       116.35113753,
       40.01859224
      ],
      [
       116.35104373,
       40.01858937
      ],
      [
       116.35094979,
       40.01858649
      ],
      [
       116.35094929,
       40.01858647
      ],
      [
       116.35085598,
       40.01858353
      ],
      [
       116.35076287,
       40.01858068
      ],
      [
       116.35066925,
       40.01857782
      ],
      [
       116.35057545,
       40.01857495
      ],
      [
       116.35048183,
       40.01857208
      ],
      [
       116.35038821,
       40.01856922
      ],
      [
       116.35029441,
       40.01856635
      ],
      [
       116.35020049,
       40.01856347
      ],
      [
       116.35020001,
       40.01856345
      ],
      [
       116.35010657,
       40.01856051
      ],
      [
       116.35001337,
       40.01855766
      ],
      [
       116.34991975,
       40.01855479
      ],
      [
       116.34982613,
       40.01855193
      ],
      [
       116.34973233,
       40.01854906
      ],
      [
       116.34963865,
       40.01854619
      ],
      [
       116.34954512,
       40.01854332
      ],
      [
       116.34945123,
       40.01854045
      ],
      [
       116.34945063,
       40.01854043
      ],
      [
       116.34941078,
       40.01853917
      ],
      [
       116.34941054,
       40.01857797
      ]
     ]
    ]
   }
  },
  {
   "type": "Feature",
   "id": "BD-210",
   "properties": {
    "id": "BD-210",
    "layer": "BUILDING_FOOTPRINT",
    "building_type": "ai_r_and_d",
    "land_use_code": "0802",
    "renewal_action": "new_build",
    "floors_above_ground": null,
    "height_m": null,
    "note_zh": "体量与高度为概念示意；官方控规强度条件未发布，不作容积率或高度结论。",
    "source_type": "agent_generated_design",
    "confidence": "low",
    "geometry_role": "design_proposal",
    "official_boundary": false,
    "boundary_precision": "provisional_rough"
   },
   "geometry": {
    "type": "Polygon",
    "coordinates": [
     [
      [
       116.34939803,
       40.02040004
      ],
      [
       116.34939758,
       40.02047243
      ],
      [
       116.34939712,
       40.02054557
      ],
      [
       116.34939712,
       40.02054599
      ],
      [
       116.34939654,
       40.02061864
      ],
      [
       116.34939608,
       40.02069107
      ],
      [
       116.34939562,
       40.02076412
      ],
      [
       116.34939562,
       40.02076451
      ],
      [
       116.34939505,
       40.02083717
      ],
      [
       116.3493946,
       40.02090973
      ],
      [
       116.34939414,
       40.0209828
      ],
      [
       116.34939413,
       40.02098322
      ],
      [
       116.34939356,
       40.02105583
      ],
      [
       116.34939311,
       40.02112823
      ],
      [
       116.34939265,
       40.02120137
      ],
      [
       116.34939265,
       40.02120179
      ],
      [
       116.34939207,
       40.02127443
      ],
      [
       116.34939161,
       40.02134687
      ],
      [
       116.34939115,
       40.02141992
      ],
      [
       116.34939115,
       40.02142031
      ],
      [
       116.34939058,
       40.02149305
      ],
      [
       116.34939012,
       40.02156553
      ],
      [
       116.34938966,
       40.0216386
      ],
      [
       116.34938966,
       40.02163902
      ],
      [
       116.34938908,
       40.02171163
      ],
      [
       116.34938864,
       40.02178403
      ],
      [
       116.34938818,
       40.02185716
      ],
      [
       116.34938817,
       40.02185758
      ],
      [
       116.3493876,
       40.02193023
      ],
      [
       116.34938714,
       40.02200267
      ],
      [
       116.34938706,
       40.02201542
      ],
      [
       116.34939373,
       40.02201562
      ],
      [
       116.34948749,
       40.02201849
      ],
      [
       116.34958118,
       40.02202136
      ],
      [
       116.34967481,
       40.02202423
      ],
      [
       116.34976843,
       40.02202709
      ],
      [
       116.34986223,
       40.02202996
      ],
      [
       116.3499562,
       40.02203284
      ],
      [
       116.34995674,
       40.02203286
      ],
      [
       116.35005009,
       40.02203581
      ],
      [
       116.35014317,
       40.02203865
      ],
      [
       116.35023698,
       40.02204152
      ],
      [
       116.35033061,
       40.02204439
      ],
      [
       116.35042423,
       40.02204725
      ],
      [
       116.35051804,
       40.02205012
      ],
      [
       116.35061169,
       40.02205299
      ],
      [
       116.35070551,
       40.02205586
      ],
      [
       116.35070609,
       40.02205588
      ],
      [
       116.35079953,
       40.02205883
      ],
      [
       116.35089261,
       40.02206168
      ],
      [
       116.35098623,
       40.02206454
      ],
      [
       116.35107999,
       40.02206741
      ],
      [
       116.35117361,
       40.02207027
      ],
      [
       116.35126741,
       40.02207314
      ],
      [
       116.35136104,
       40.02207601
      ],
      [
       116.35145466,
       40.02207887
      ],
      [
       116.35154872,
       40.02208175
      ],
      [
       116.3515492,
       40.02208177
      ],
      [
       116.35164264,
       40.02208471
      ],
      [
       116.35173584,
       40.02208756
      ],
      [
       116.35182948,
       40.02209043
      ],
      [
       116.3519231,
       40.02209329
      ],
      [
       116.35201687,
       40.02209616
      ],
      [
       116.3521104,
       40.02209902
      ],
      [
       116.3522041,
       40.02210189
      ],
      [
       116.35224477,
       40.02210313
      ],
      [
       116.35224501,
       40.0220644
      ],
      [
       116.35224546,
       40.02199134
      ],
      [
       116.35224546,
       40.02199092
      ],
      [
       116.35224603,
       40.02191824
      ],
      [
       116.35224649,
       40.0218458
      ],
      [
       116.35224694,
       40.02177277
      ],
      [
       116.35224695,
       40.02177235
      ],
      [
       116.35224752,
       40.02169967
      ],
      [
       116.35224797,
       40.02162723
      ],
      [
       116.35224843,
       40.02155412
      ],
      [
       116.35224843,
       40.02155369
      ],
      [
       116.352249,
       40.02148101
      ],
      [
       116.35224946,
       40.02140858
      ],
      [
       116.35224991,
       40.02133554
      ],
      [
       116.35224991,
       40.02133512
      ],
      [
       116.35225048,
       40.02126247
      ],
      [
       116.35225093,
       40.02119004
      ],
      [
       116.35225139,
       40.02111692
      ],
      [
       116.35225139,
       40.02111653
      ],
      [
       116.35225196,
       40.0210439
      ],
      [
       116.35225241,
       40.02097139
      ],
      [
       116.35225287,
       40.02089826
      ],
      [
       116.35225288,
       40.02089787
      ],
      [
       116.35225345,
       40.02082525
      ],
      [
       116.35225389,
       40.02075281
      ],
      [
       116.35225436,
       40.02067969
      ],
      [
       116.35225436,
       40.0206793
      ],
      [
       116.35225493,
       40.02060668
      ],
      [
       116.35225538,
       40.02053424
      ],
      [
       116.35225583,
       40.02046116
      ],
      [
       116.35225583,
       40.0204607
      ],
      [
       116.35225641,
       40.02038799
      ],
      [
       116.35225655,
       40.0203652
      ],
      [
       116.34939843,
       40.02034919
      ],
      [
       116.34939803,
       40.02040004
      ]
     ]
    ]
   }
  }
 ]
}
