{
 "type": "FeatureCollection",
 "name": "green_space_capillary",
 "features": [
  {
   "type": "Feature",
   "id": "GREEN-0001",
   "properties": {
    "layer": "GREEN_SPACE",
    "source_type": "agent_generated_design",
    "confidence": "medium",
    "geometry_role": "design_proposal",
    "land_use_code": "1401",
    "green_type_zh": "公园绿地",
    "name_zh": "京张遗址公园主脉绿地",
    "zone_id": "Z0",
    "key_area_id": null,
    "id": "GREEN-0001",
    "area_sqm_declared": 105751.031
   },
   "geometry": {
    "type": "Polygon",
    "coordinates": [
     [
      [
       116.3427,
       40.0265
      ],
      [
       116.3553,
       40.0265
      ],
      [
       116.35524643,
       40.02552285
      ],
      [
       116.35524567,
       40.0256039
      ],
      [
       116.35420477,
       40.02559811
      ],
      [
       116.35420039,
       40.02606296
      ],
      [
       116.35407153,
       40.02606224
      ],
      [
       116.35407591,
       40.02559739
      ],
      [
       116.35400299,
       40.02559698
      ],
      [
       116.35400386,
       40.02561303
      ],
      [
       116.35347717,
       40.02562987
      ],
      [
       116.35347523,
       40.02559404
      ],
      [
       116.35196496,
       40.0255856
      ],
      [
       116.35196056,
       40.02605046
      ],
      [
       116.35174971,
       40.02604928
      ],
      [
       116.35175411,
       40.02558442
      ],
      [
       116.34964315,
       40.02557259
      ],
      [
       116.34963874,
       40.02603745
      ],
      [
       116.34950988,
       40.02603673
      ],
      [
       116.3495143,
       40.02557187
      ],
      [
       116.34901048,
       40.02556904
      ],
      [
       116.34905139,
       40.0263586
      ],
      [
       116.34893433,
       40.02636218
      ],
      [
       116.34889321,
       40.02556838
      ],
      [
       116.34740334,
       40.02556
      ],
      [
       116.34739892,
       40.02602486
      ],
      [
       116.34718806,
       40.02602367
      ],
      [
       116.34719249,
       40.02555881
      ],
      [
       116.34508154,
       40.0255469
      ],
      [
       116.3450771,
       40.02601176
      ],
      [
       116.34494824,
       40.02601103
      ],
      [
       116.34495269,
       40.02554617
      ],
      [
       116.34442843,
       40.02554321
      ],
      [
       116.34442926,
       40.02555995
      ],
      [
       116.34390249,
       40.02557537
      ],
      [
       116.34390075,
       40.02554022
      ],
      [
       116.34284174,
       40.02553422
      ],
      [
       116.34283728,
       40.02599908
      ],
      [
       116.34267551,
       40.02599816
      ],
      [
       116.3427,
       40.0265
      ]
     ]
    ]
   }
  },
  {
   "type": "Feature",
   "id": "GREEN-0002",
   "properties": {
    "layer": "GREEN_SPACE",
    "source_type": "agent_generated_design",
    "confidence": "medium",
    "geometry_role": "design_proposal",
    "land_use_code": "1402",
    "green_type_zh": "防护绿地",
    "name_zh": "环路防护绿地",
    "zone_id": "Z1",
    "key_area_id": null,
    "id": "GREEN-0002",
    "area_sqm_declared": 9156.498
   },
   "geometry": {
    "type": "Polygon",
    "coordinates": [
     [
      [
       116.35518656,
       40.02443065
      ],
      [
       116.35518609,
       40.02448018
      ],
      [
       116.35421536,
       40.02447477
      ],
      [
       116.3542063,
       40.025436
      ],
      [
       116.35524199,
       40.02544177
      ],
      [
       116.35518656,
       40.02443065
      ]
     ]
    ]
   }
  },
  {
   "type": "Feature",
   "id": "GREEN-0003",
   "properties": {
    "layer": "GREEN_SPACE",
    "source_type": "agent_generated_design",
    "confidence": "medium",
    "geometry_role": "design_proposal",
    "land_use_code": "1402",
    "green_type_zh": "防护绿地",
    "name_zh": "环路防护绿地",
    "zone_id": "Z1",
    "key_area_id": "zhongzhiyuan_ai_acceleration_area",
    "id": "GREEN-0003",
    "area_sqm_declared": 9303.499
   },
   "geometry": {
    "type": "Polygon",
    "coordinates": [
     [
      [
       116.34285252,
       40.02441089
      ],
      [
       116.34284329,
       40.02537212
      ],
      [
       116.34389272,
       40.02537807
      ],
      [
       116.34384512,
       40.02441651
      ],
      [
       116.34285252,
       40.02441089
      ]
     ]
    ]
   }
  },
  {
   "type": "Feature",
   "id": "GREEN-0004",
   "properties": {
    "layer": "GREEN_SPACE",
    "source_type": "agent_generated_design",
    "confidence": "medium",
    "geometry_role": "design_proposal",
    "land_use_code": "1402",
    "green_type_zh": "防护绿地",
    "name_zh": "环路防护绿地",
    "zone_id": "Z1",
    "key_area_id": "zhongzhiyuan_ai_acceleration_area",
    "id": "GREEN-0004",
    "area_sqm_declared": 13389.247
   },
   "geometry": {
    "type": "Polygon",
    "coordinates": [
     [
      [
       116.35197559,
       40.02446227
      ],
      [
       116.35196649,
       40.0254235
      ],
      [
       116.35346646,
       40.02543188
      ],
      [
       116.35341444,
       40.02447031
      ],
      [
       116.35197559,
       40.02446227
      ]
     ]
    ]
   }
  },
  {
   "type": "Feature",
   "id": "GREEN-0005",
   "properties": {
    "layer": "GREEN_SPACE",
    "source_type": "agent_generated_design",
    "confidence": "medium",
    "geometry_role": "design_proposal",
    "land_use_code": "1402",
    "green_type_zh": "防护绿地",
    "name_zh": "环路防护绿地",
    "zone_id": "Z1",
    "key_area_id": "zhongzhiyuan_ai_acceleration_area",
    "id": "GREEN-0005",
    "area_sqm_declared": 13216.357
   },
   "geometry": {
    "type": "Polygon",
    "coordinates": [
     [
      [
       116.34740489,
       40.0253979
      ],
      [
       116.34888481,
       40.02540623
      ],
      [
       116.348841,
       40.02456045
      ],
      [
       116.348835,
       40.02444466
      ],
      [
       116.34741405,
       40.02443667
      ],
      [
       116.34740489,
       40.0253979
      ]
     ]
    ]
   }
  },
  {
   "type": "Feature",
   "id": "GREEN-0006",
   "properties": {
    "layer": "GREEN_SPACE",
    "source_type": "agent_generated_design",
    "confidence": "medium",
    "geometry_role": "design_proposal",
    "land_use_code": "1402",
    "green_type_zh": "防护绿地",
    "name_zh": "环路防护绿地",
    "zone_id": "Z1",
    "key_area_id": "zhongzhiyuan_ai_acceleration_area",
    "id": "GREEN-0006",
    "area_sqm_declared": 19234.813
   },
   "geometry": {
    "type": "Polygon",
    "coordinates": [
     [
      [
       116.34509228,
       40.02442357
      ],
      [
       116.34508309,
       40.0253848
      ],
      [
       116.34719404,
       40.02539671
      ],
      [
       116.3472032,
       40.02443548
      ],
      [
       116.34509228,
       40.02442357
      ]
     ]
    ]
   }
  },
  {
   "type": "Feature",
   "id": "GREEN-0007",
   "properties": {
    "layer": "GREEN_SPACE",
    "source_type": "agent_generated_design",
    "confidence": "medium",
    "geometry_role": "design_proposal",
    "land_use_code": "1402",
    "green_type_zh": "防护绿地",
    "name_zh": "环路防护绿地",
    "zone_id": "Z1",
    "key_area_id": "zhongzhiyuan_ai_acceleration_area",
    "id": "GREEN-0007",
    "area_sqm_declared": 19234.813
   },
   "geometry": {
    "type": "Polygon",
    "coordinates": [
     [
      [
       116.34964469,
       40.02541049
      ],
      [
       116.35175564,
       40.02542232
      ],
      [
       116.35176474,
       40.02446109
      ],
      [
       116.34965382,
       40.02444926
      ],
      [
       116.34964469,
       40.02541049
      ]
     ]
    ]
   }
  },
  {
   "type": "Feature",
   "id": "GREEN-0008",
   "properties": {
    "layer": "GREEN_SPACE",
    "source_type": "agent_generated_design",
    "confidence": "medium",
    "geometry_role": "design_proposal",
    "land_use_code": "1402",
    "green_type_zh": "防护绿地",
    "name_zh": "环路防护绿地",
    "zone_id": "Z1",
    "key_area_id": "zhongzhiyuan_ai_acceleration_area",
    "id": "GREEN-0008",
    "area_sqm_declared": 5123.173
   },
   "geometry": {
    "type": "Polygon",
    "coordinates": [
     [
      [
       116.34437278,
       40.0244195
      ],
      [
       116.3444204,
       40.02538105
      ],
      [
       116.34495424,
       40.02538407
      ],
      [
       116.34496343,
       40.02442284
      ],
      [
       116.34437278,
       40.0244195
      ]
     ]
    ]
   }
  },
  {
   "type": "Feature",
   "id": "GREEN-0009",
   "properties": {
    "layer": "GREEN_SPACE",
    "source_type": "agent_generated_design",
    "confidence": "medium",
    "geometry_role": "design_proposal",
    "land_use_code": "1401",
    "green_type_zh": "公园绿地",
    "name_zh": "京张遗址公园主脉绿地",
    "zone_id": "Z1",
    "key_area_id": "zhongzhiyuan_ai_acceleration_area",
    "id": "GREEN-0009",
    "area_sqm_declared": 4949.896
   },
   "geometry": {
    "type": "Polygon",
    "coordinates": [
     [
      [
       116.34952497,
       40.02444854
      ],
      [
       116.34895227,
       40.02444532
      ],
      [
       116.34895804,
       40.02455686
      ],
      [
       116.34900208,
       40.02540688
      ],
      [
       116.34951584,
       40.02540977
      ],
      [
       116.34952497,
       40.02444854
      ]
     ]
    ]
   }
  },
  {
   "type": "Feature",
   "id": "GREEN-0010",
   "properties": {
    "layer": "GREEN_SPACE",
    "source_type": "agent_generated_design",
    "confidence": "medium",
    "geometry_role": "design_proposal",
    "land_use_code": "1402",
    "green_type_zh": "防护绿地",
    "name_zh": "环路防护绿地",
    "zone_id": "Z1",
    "key_area_id": null,
    "id": "GREEN-0010",
    "area_sqm_declared": 1036.652
   },
   "geometry": {
    "type": "Polygon",
    "coordinates": [
     [
      [
       116.35407744,
       40.02543529
      ],
      [
       116.35408651,
       40.02447405
      ],
      [
       116.3539422,
       40.02447325
      ],
      [
       116.35399422,
       40.02543482
      ],
      [
       116.35407744,
       40.02543529
      ]
     ]
    ]
   }
  },
  {
   "type": "Feature",
   "id": "GREEN-0011",
   "properties": {
    "layer": "GREEN_SPACE",
    "source_type": "agent_generated_design",
    "confidence": "medium",
    "geometry_role": "design_proposal",
    "land_use_code": "1401",
    "green_type_zh": "公园绿地",
    "name_zh": "京张遗址公园主脉绿地",
    "zone_id": "Z1",
    "key_area_id": "zhongzhiyuan_ai_acceleration_area",
    "id": "GREEN-0011",
    "area_sqm_declared": 5542.419
   },
   "geometry": {
    "type": "Polygon",
    "coordinates": [
     [
      [
       116.34952591,
       40.02434948
      ],
      [
       116.34953504,
       40.02338824
      ],
      [
       116.34889732,
       40.02338466
      ],
      [
       116.34894713,
       40.02434623
      ],
      [
       116.34952591,
       40.02434948
      ]
     ]
    ]
   }
  },
  {
   "type": "Feature",
   "id": "GREEN-0012",
   "properties": {
    "layer": "GREEN_SPACE",
    "source_type": "agent_generated_design",
    "confidence": "medium",
    "geometry_role": "design_proposal",
    "land_use_code": "1401",
    "green_type_zh": "公园绿地",
    "name_zh": "口袋公园（300m服务半径）",
    "zone_id": "Z1",
    "key_area_id": null,
    "id": "GREEN-0012",
    "area_sqm_declared": 1650.639
   },
   "geometry": {
    "type": "Polygon",
    "coordinates": [
     [
      [
       116.35409651,
       40.02341376
      ],
      [
       116.35388482,
       40.02341258
      ],
      [
       116.35388689,
       40.02345093
      ],
      [
       116.35393684,
       40.02437415
      ],
      [
       116.35408744,
       40.02437499
      ],
      [
       116.35409651,
       40.02341376
      ]
     ]
    ]
   }
  },
  {
   "type": "Feature",
   "id": "GREEN-0013",
   "properties": {
    "layer": "GREEN_SPACE",
    "source_type": "agent_generated_design",
    "confidence": "medium",
    "geometry_role": "design_proposal",
    "land_use_code": "1401",
    "green_type_zh": "公园绿地",
    "name_zh": "口袋公园（300m服务半径）",
    "zone_id": "Z1",
    "key_area_id": null,
    "id": "GREEN-0013",
    "area_sqm_declared": 7878.06
   },
   "geometry": {
    "type": "Polygon",
    "coordinates": [
     [
      [
       116.35506682,
       40.02224624
      ],
      [
       116.35506635,
       40.02229577
      ],
      [
       116.35423595,
       40.02229114
      ],
      [
       116.35422689,
       40.02325238
      ],
      [
       116.35512224,
       40.02325736
      ],
      [
       116.35506682,
       40.02224624
      ]
     ]
    ]
   }
  },
  {
   "type": "Feature",
   "id": "GREEN-0014",
   "properties": {
    "layer": "GREEN_SPACE",
    "source_type": "agent_generated_design",
    "confidence": "medium",
    "geometry_role": "design_proposal",
    "land_use_code": "1401",
    "green_type_zh": "公园绿地",
    "name_zh": "口袋公园（300m服务半径）",
    "zone_id": "Z1",
    "key_area_id": "zhongzhiyuan_ai_acceleration_area",
    "id": "GREEN-0014",
    "area_sqm_declared": 12124.768
   },
   "geometry": {
    "type": "Polygon",
    "coordinates": [
     [
      [
       116.35198715,
       40.02323987
      ],
      [
       116.3533483,
       40.02324748
      ],
      [
       116.35330174,
       40.02238671
      ],
      [
       116.35329629,
       40.0222859
      ],
      [
       116.35199625,
       40.02227864
      ],
      [
       116.35198715,
       40.02323987
      ]
     ]
    ]
   }
  },
  {
   "type": "Feature",
   "id": "GREEN-0015",
   "properties": {
    "layer": "GREEN_SPACE",
    "source_type": "agent_generated_design",
    "confidence": "medium",
    "geometry_role": "design_proposal",
    "land_use_code": "1401",
    "green_type_zh": "公园绿地",
    "name_zh": "京张遗址公园主脉绿地",
    "zone_id": "Z1",
    "key_area_id": "zhongzhiyuan_ai_acceleration_area",
    "id": "GREEN-0015",
    "area_sqm_declared": 6170.17
   },
   "geometry": {
    "type": "Polygon",
    "coordinates": [
     [
      [
       116.3495457,
       40.02226491
      ],
      [
       116.34883911,
       40.02226094
      ],
      [
       116.34886471,
       40.02275513
      ],
      [
       116.34888892,
       40.02322251
      ],
      [
       116.34953658,
       40.02322614
      ],
      [
       116.3495457,
       40.02226491
      ]
     ]
    ]
   }
  },
  {
   "type": "Feature",
   "id": "GREEN-0016",
   "properties": {
    "layer": "GREEN_SPACE",
    "source_type": "agent_generated_design",
    "confidence": "medium",
    "geometry_role": "design_proposal",
    "land_use_code": "1401",
    "green_type_zh": "公园绿地",
    "name_zh": "口袋公园（300m服务半径）",
    "zone_id": "Z1",
    "key_area_id": null,
    "id": "GREEN-0016",
    "area_sqm_declared": 7258.548
   },
   "geometry": {
    "type": "Polygon",
    "coordinates": [
     [
      [
       116.35500695,
       40.02115403
      ],
      [
       116.35500619,
       40.02123508
      ],
      [
       116.35424594,
       40.02123085
      ],
      [
       116.35423688,
       40.02219208
      ],
      [
       116.3550641,
       40.02219669
      ],
      [
       116.35500695,
       40.02115403
      ]
     ]
    ]
   }
  },
  {
   "type": "Feature",
   "id": "GREEN-0017",
   "properties": {
    "layer": "GREEN_SPACE",
    "source_type": "agent_generated_design",
    "confidence": "medium",
    "geometry_role": "design_proposal",
    "land_use_code": "1401",
    "green_type_zh": "公园绿地",
    "name_zh": "口袋公园（300m服务半径）",
    "zone_id": "Z1",
    "key_area_id": "zhongzhiyuan_ai_acceleration_area",
    "id": "GREEN-0017",
    "area_sqm_declared": 19234.813
   },
   "geometry": {
    "type": "Polygon",
    "coordinates": [
     [
      [
       116.3451233,
       40.02117965
      ],
      [
       116.34511411,
       40.02214088
      ],
      [
       116.34722495,
       40.02215279
      ],
      [
       116.34723412,
       40.02119156
      ],
      [
       116.3451233,
       40.02117965
      ]
     ]
    ]
   }
  },
  {
   "type": "Feature",
   "id": "GREEN-0018",
   "properties": {
    "layer": "GREEN_SPACE",
    "source_type": "agent_generated_design",
    "confidence": "medium",
    "geometry_role": "design_proposal",
    "land_use_code": "1401",
    "green_type_zh": "公园绿地",
    "name_zh": "口袋公园（300m服务半径）",
    "zone_id": "Z1",
    "key_area_id": "zhongzhiyuan_ai_acceleration_area",
    "id": "GREEN-0018",
    "area_sqm_declared": 6870.3
   },
   "geometry": {
    "type": "Polygon",
    "coordinates": [
     [
      [
       116.3442121,
       40.0211745
      ],
      [
       116.34425971,
       40.02213605
      ],
      [
       116.34498526,
       40.02214016
      ],
      [
       116.34499445,
       40.02117892
      ],
      [
       116.3442121,
       40.0211745
      ]
     ]
    ]
   }
  },
  {
   "type": "Feature",
   "id": "GREEN-0019",
   "properties": {
    "layer": "GREEN_SPACE",
    "source_type": "agent_generated_design",
    "confidence": "medium",
    "geometry_role": "design_proposal",
    "land_use_code": "1401",
    "green_type_zh": "公园绿地",
    "name_zh": "京张遗址公园主脉绿地",
    "zone_id": "Z1",
    "key_area_id": "zhongzhiyuan_ai_acceleration_area",
    "id": "GREEN-0019",
    "area_sqm_declared": 6762.693
   },
   "geometry": {
    "type": "Polygon",
    "coordinates": [
     [
      [
       116.34955577,
       40.02120462
      ],
      [
       116.34878416,
       40.02120028
      ],
      [
       116.34881804,
       40.02185426
      ],
      [
       116.34883397,
       40.02216185
      ],
      [
       116.34954664,
       40.02216585
      ],
      [
       116.34955577,
       40.02120462
      ]
     ]
    ]
   }
  },
  {
   "type": "Feature",
   "id": "GREEN-0020",
   "properties": {
    "layer": "GREEN_SPACE",
    "source_type": "agent_generated_design",
    "confidence": "medium",
    "geometry_role": "design_proposal",
    "land_use_code": "1401",
    "green_type_zh": "公园绿地",
    "name_zh": "口袋公园（300m服务半径）",
    "zone_id": "Z1",
    "key_area_id": "zhongzhiyuan_ai_acceleration_area",
    "id": "GREEN-0020",
    "area_sqm_declared": 7475.31
   },
   "geometry": {
    "type": "Polygon",
    "coordinates": [
     [
      [
       116.34416162,
       40.0201548
      ],
      [
       116.34420408,
       40.02101234
      ],
      [
       116.344996,
       40.02101682
      ],
      [
       116.34500519,
       40.02005559
      ],
      [
       116.34415647,
       40.02005079
      ],
      [
       116.34416162,
       40.0201548
      ]
     ]
    ]
   }
  },
  {
   "type": "Feature",
   "id": "GREEN-0021",
   "properties": {
    "layer": "GREEN_SPACE",
    "source_type": "agent_generated_design",
    "confidence": "medium",
    "geometry_role": "design_proposal",
    "land_use_code": "1401",
    "green_type_zh": "公园绿地",
    "name_zh": "京张遗址公园主脉绿地",
    "zone_id": "Z1",
    "key_area_id": "zhongzhiyuan_ai_acceleration_area",
    "id": "GREEN-0021",
    "area_sqm_declared": 7390.444
   },
   "geometry": {
    "type": "Polygon",
    "coordinates": [
     [
      [
       116.34956644,
       40.02008128
      ],
      [
       116.34872596,
       40.02007656
      ],
      [
       116.34877138,
       40.02095339
      ],
      [
       116.34877576,
       40.02103813
      ],
      [
       116.34955731,
       40.02104252
      ],
      [
       116.34956644,
       40.02008128
      ]
     ]
    ]
   }
  },
  {
   "type": "Feature",
   "id": "GREEN-0022",
   "properties": {
    "layer": "GREEN_SPACE",
    "source_type": "agent_generated_design",
    "confidence": "medium",
    "geometry_role": "design_proposal",
    "land_use_code": "1401",
    "green_type_zh": "公园绿地",
    "name_zh": "京张遗址公园主脉绿地",
    "zone_id": "Z1",
    "key_area_id": "zhongzhiyuan_ai_acceleration_area",
    "id": "GREEN-0022",
    "area_sqm_declared": 5119.481
   },
   "geometry": {
    "type": "Polygon",
    "coordinates": [
     [
      [
       116.34746114,
       40.01949345
      ],
      [
       116.3474566,
       40.01997035
      ],
      [
       116.34860356,
       40.01997681
      ],
      [
       116.34857885,
       40.01949974
      ],
      [
       116.34746114,
       40.01949345
      ]
     ]
    ]
   }
  },
  {
   "type": "Feature",
   "id": "GREEN-0023",
   "properties": {
    "layer": "GREEN_SPACE",
    "source_type": "agent_generated_design",
    "confidence": "medium",
    "geometry_role": "design_proposal",
    "land_use_code": "1401",
    "green_type_zh": "公园绿地",
    "name_zh": "京张遗址公园主脉绿地",
    "zone_id": "Z1",
    "key_area_id": "zhongzhiyuan_ai_acceleration_area",
    "id": "GREEN-0023",
    "area_sqm_declared": 3893.531
   },
   "geometry": {
    "type": "Polygon",
    "coordinates": [
     [
      [
       116.34956738,
       40.01998222
      ],
      [
       116.34957191,
       40.01950531
      ],
      [
       116.34869611,
       40.01950039
      ],
      [
       116.34872082,
       40.01997747
      ],
      [
       116.34956738,
       40.01998222
      ]
     ]
    ]
   }
  },
  {
   "type": "Feature",
   "id": "GREEN-0024",
   "properties": {
    "layer": "GREEN_SPACE",
    "source_type": "agent_generated_design",
    "confidence": "medium",
    "geometry_role": "design_proposal",
    "land_use_code": "1401",
    "green_type_zh": "公园绿地",
    "name_zh": "口袋公园（300m服务半径）",
    "zone_id": "Z1",
    "key_area_id": null,
    "id": "GREEN-0024",
    "area_sqm_declared": 6580.125
   },
   "geometry": {
    "type": "Polygon",
    "coordinates": [
     [
      [
       116.35482736,
       40.01787741
      ],
      [
       116.3548266,
       40.01795846
      ],
      [
       116.35427682,
       40.0179554
      ],
      [
       116.35426578,
       40.01912629
      ],
      [
       116.354896,
       40.0191298
      ],
      [
       116.35482736,
       40.01787741
      ]
     ]
    ]
   }
  },
  {
   "type": "Feature",
   "id": "GREEN-0025",
   "properties": {
    "layer": "GREEN_SPACE",
    "source_type": "agent_generated_design",
    "confidence": "medium",
    "geometry_role": "design_proposal",
    "land_use_code": "1401",
    "green_type_zh": "公园绿地",
    "name_zh": "京张遗址公园主脉绿地",
    "zone_id": "Z1",
    "key_area_id": "zhongzhiyuan_ai_acceleration_area",
    "id": "GREEN-0025",
    "area_sqm_declared": 11732.524
   },
   "geometry": {
    "type": "Polygon",
    "coordinates": [
     [
      [
       116.34855785,
       40.01909434
      ],
      [
       116.34849719,
       40.01792305
      ],
      [
       116.34747616,
       40.01791731
      ],
      [
       116.347465,
       40.0190882
      ],
      [
       116.34855785,
       40.01909434
      ]
     ]
    ]
   }
  },
  {
   "type": "Feature",
   "id": "GREEN-0026",
   "properties": {
    "layer": "GREEN_SPACE",
    "source_type": "agent_generated_design",
    "confidence": "medium",
    "geometry_role": "design_proposal",
    "land_use_code": "1401",
    "green_type_zh": "公园绿地",
    "name_zh": "京张遗址公园主脉绿地",
    "zone_id": "Z1",
    "key_area_id": "zhongzhiyuan_ai_acceleration_area",
    "id": "GREEN-0026",
    "area_sqm_declared": 10396.002
   },
   "geometry": {
    "type": "Polygon",
    "coordinates": [
     [
      [
       116.34957576,
       40.01910006
      ],
      [
       116.34958687,
       40.01792917
      ],
      [
       116.34861444,
       40.01792371
      ],
      [
       116.34867511,
       40.019095
      ],
      [
       116.34957576,
       40.01910006
      ]
     ]
    ]
   }
  },
  {
   "type": "Feature",
   "id": "GREEN-0027",
   "properties": {
    "layer": "GREEN_SPACE",
    "source_type": "agent_generated_design",
    "confidence": "medium",
    "geometry_role": "design_proposal",
    "land_use_code": "1401",
    "green_type_zh": "公园绿地",
    "name_zh": "口袋公园（300m服务半径）",
    "zone_id": "Z1",
    "key_area_id": "zhongzhiyuan_ai_acceleration_area",
    "id": "GREEN-0027",
    "area_sqm_declared": 5787.411
   },
   "geometry": {
    "type": "Polygon",
    "coordinates": [
     [
      [
       116.35414798,
       40.01795468
      ],
      [
       116.35358942,
       40.01795157
      ],
      [
       116.35365277,
       40.01912287
      ],
      [
       116.35413694,
       40.01912557
      ],
      [
       116.35414798,
       40.01795468
      ]
     ]
    ]
   }
  },
  {
   "type": "Feature",
   "id": "GREEN-0028",
   "properties": {
    "layer": "GREEN_SPACE",
    "source_type": "agent_generated_design",
    "confidence": "medium",
    "geometry_role": "design_proposal",
    "land_use_code": "1401",
    "green_type_zh": "公园绿地",
    "name_zh": "口袋公园（300m服务半径）",
    "zone_id": "Z1",
    "key_area_id": "zhongzhiyuan_ai_acceleration_area",
    "id": "GREEN-0028",
    "area_sqm_declared": 8963.571
   },
   "geometry": {
    "type": "Polygon",
    "coordinates": [
     [
      [
       116.35305294,
       40.01778647
      ],
      [
       116.35300094,
       40.01682489
      ],
      [
       116.35204789,
       40.01681956
      ],
      [
       116.35203879,
       40.0177808
      ],
      [
       116.35305294,
       40.01778647
      ]
     ]
    ]
   }
  },
  {
   "type": "Feature",
   "id": "GREEN-0029",
   "properties": {
    "layer": "GREEN_SPACE",
    "source_type": "agent_generated_design",
    "confidence": "medium",
    "geometry_role": "design_proposal",
    "land_use_code": "1401",
    "green_type_zh": "公园绿地",
    "name_zh": "京张遗址公园主脉绿地",
    "zone_id": "Z1",
    "key_area_id": "zhongzhiyuan_ai_acceleration_area",
    "id": "GREEN-0029",
    "area_sqm_declared": 8945.398
   },
   "geometry": {
    "type": "Polygon",
    "coordinates": [
     [
      [
       116.34846769,
       40.0173535
      ],
      [
       116.34843898,
       40.01679933
      ],
      [
       116.34748686,
       40.01679397
      ],
      [
       116.3474777,
       40.01775521
      ],
      [
       116.34848879,
       40.01776089
      ],
      [
       116.34846769,
       40.0173535
      ]
     ]
    ]
   }
  },
  {
   "type": "Feature",
   "id": "GREEN-0030",
   "properties": {
    "layer": "GREEN_SPACE",
    "source_type": "agent_generated_design",
    "confidence": "medium",
    "geometry_role": "design_proposal",
    "land_use_code": "1401",
    "green_type_zh": "公园绿地",
    "name_zh": "口袋公园（300m服务半径）",
    "zone_id": "Z1",
    "key_area_id": "zhongzhiyuan_ai_acceleration_area",
    "id": "GREEN-0030",
    "area_sqm_declared": 19234.813
   },
   "geometry": {
    "type": "Polygon",
    "coordinates": [
     [
      [
       116.34516535,
       40.01678088
      ],
      [
       116.34515616,
       40.01774211
      ],
      [
       116.34726687,
       40.01775402
      ],
      [
       116.34727603,
       40.01679279
      ],
      [
       116.34516535,
       40.01678088
      ]
     ]
    ]
   }
  },
  {
   "type": "Feature",
   "id": "GREEN-0031",
   "properties": {
    "layer": "GREEN_SPACE",
    "source_type": "agent_generated_design",
    "confidence": "medium",
    "geometry_role": "design_proposal",
    "land_use_code": "1401",
    "green_type_zh": "公园绿地",
    "name_zh": "京张遗址公园主脉绿地",
    "zone_id": "Z1",
    "key_area_id": "zhongzhiyuan_ai_acceleration_area",
    "id": "GREEN-0031",
    "area_sqm_declared": 9220.855
   },
   "geometry": {
    "type": "Polygon",
    "coordinates": [
     [
      [
       116.34958841,
       40.01776707
      ],
      [
       116.34959754,
       40.01680584
      ],
      [
       116.34855624,
       40.01679999
      ],
      [
       116.34858472,
       40.01734991
      ],
      [
       116.34860604,
       40.01776155
      ],
      [
       116.34958841,
       40.01776707
      ]
     ]
    ]
   }
  },
  {
   "type": "Feature",
   "id": "GREEN-0032",
   "properties": {
    "layer": "GREEN_SPACE",
    "source_type": "agent_generated_design",
    "confidence": "medium",
    "geometry_role": "design_proposal",
    "land_use_code": "1401",
    "green_type_zh": "公园绿地",
    "name_zh": "口袋公园（300m服务半径）",
    "zone_id": "Z1",
    "key_area_id": "zhongzhiyuan_ai_acceleration_area",
    "id": "GREEN-0032",
    "area_sqm_declared": 5462.328
   },
   "geometry": {
    "type": "Polygon",
    "coordinates": [
     [
      [
       116.35414951,
       40.01779258
      ],
      [
       116.35415857,
       40.01683135
      ],
      [
       116.35352864,
       40.01682783
      ],
      [
       116.35358065,
       40.01778941
      ],
      [
       116.35414951,
       40.01779258
      ]
     ]
    ]
   }
  },
  {
   "type": "Feature",
   "id": "GREEN-0033",
   "properties": {
    "layer": "GREEN_SPACE",
    "source_type": "agent_generated_design",
    "confidence": "medium",
    "geometry_role": "design_proposal",
    "land_use_code": "1401",
    "green_type_zh": "公园绿地",
    "name_zh": "京张遗址公园主脉绿地",
    "zone_id": "Z1",
    "key_area_id": "zhongzhiyuan_ai_acceleration_area",
    "id": "GREEN-0033",
    "area_sqm_declared": 8352.876
   },
   "geometry": {
    "type": "Polygon",
    "coordinates": [
     [
      [
       116.34842103,
       40.01645263
      ],
      [
       116.34838405,
       40.01573867
      ],
      [
       116.34749695,
       40.01573368
      ],
      [
       116.3474878,
       40.01669491
      ],
      [
       116.34843385,
       40.01670023
      ],
      [
       116.34842103,
       40.01645263
      ]
     ]
    ]
   }
  },
  {
   "type": "Feature",
   "id": "GREEN-0034",
   "properties": {
    "layer": "GREEN_SPACE",
    "source_type": "agent_generated_design",
    "confidence": "medium",
    "geometry_role": "design_proposal",
    "land_use_code": "1401",
    "green_type_zh": "公园绿地",
    "name_zh": "京张遗址公园主脉绿地",
    "zone_id": "Z1",
    "key_area_id": "zhongzhiyuan_ai_acceleration_area",
    "id": "GREEN-0034",
    "area_sqm_declared": 9813.377
   },
   "geometry": {
    "type": "Polygon",
    "coordinates": [
     [
      [
       116.34959848,
       40.01670678
      ],
      [
       116.3496076,
       40.01574554
      ],
      [
       116.3485013,
       40.01573933
      ],
      [
       116.34853806,
       40.01644905
      ],
      [
       116.34855111,
       40.01670089
      ],
      [
       116.34959848,
       40.01670678
      ]
     ]
    ]
   }
  },
  {
   "type": "Feature",
   "id": "GREEN-0035",
   "properties": {
    "layer": "GREEN_SPACE",
    "source_type": "agent_generated_design",
    "confidence": "medium",
    "geometry_role": "design_proposal",
    "land_use_code": "1401",
    "green_type_zh": "公园绿地",
    "name_zh": "口袋公园（300m服务半径）",
    "zone_id": "Z1",
    "key_area_id": "zhongzhiyuan_ai_acceleration_area",
    "id": "GREEN-0035",
    "area_sqm_declared": 6076.315
   },
   "geometry": {
    "type": "Polygon",
    "coordinates": [
     [
      [
       116.3541595,
       40.01673229
      ],
      [
       116.35416857,
       40.01577105
      ],
      [
       116.35347127,
       40.01576716
      ],
      [
       116.35352328,
       40.01672874
      ],
      [
       116.3541595,
       40.01673229
      ]
     ]
    ]
   }
  },
  {
   "type": "Feature",
   "id": "GREEN-0036",
   "properties": {
    "layer": "GREEN_SPACE",
    "source_type": "agent_generated_design",
    "confidence": "medium",
    "geometry_role": "design_proposal",
    "land_use_code": "1401",
    "green_type_zh": "公园绿地",
    "name_zh": "京张遗址公园主脉绿地",
    "zone_id": "Z1",
    "key_area_id": "zhongzhiyuan_ai_acceleration_area",
    "id": "GREEN-0036",
    "area_sqm_declared": 7725.125
   },
   "geometry": {
    "type": "Polygon",
    "coordinates": [
     [
      [
       116.34837565,
       40.01557651
      ],
      [
       116.34832585,
       40.01461495
      ],
      [
       116.34750765,
       40.01461034
      ],
      [
       116.3474985,
       40.01557158
      ],
      [
       116.34837565,
       40.01557651
      ]
     ]
    ]
   }
  },
  {
   "type": "Feature",
   "id": "GREEN-0037",
   "properties": {
    "layer": "GREEN_SPACE",
    "source_type": "agent_generated_design",
    "confidence": "medium",
    "geometry_role": "design_proposal",
    "land_use_code": "1401",
    "green_type_zh": "公园绿地",
    "name_zh": "口袋公园（300m服务半径）",
    "zone_id": "Z1",
    "key_area_id": "zhongzhiyuan_ai_acceleration_area",
    "id": "GREEN-0037",
    "area_sqm_declared": 19234.813
   },
   "geometry": {
    "type": "Polygon",
    "coordinates": [
     [
      [
       116.34518622,
       40.01459725
      ],
      [
       116.34517703,
       40.01555848
      ],
      [
       116.34728768,
       40.01557039
      ],
      [
       116.34729683,
       40.01460916
      ],
      [
       116.34518622,
       40.01459725
      ]
     ]
    ]
   }
  },
  {
   "type": "Feature",
   "id": "GREEN-0038",
   "properties": {
    "layer": "GREEN_SPACE",
    "source_type": "agent_generated_design",
    "confidence": "medium",
    "geometry_role": "design_proposal",
    "land_use_code": "1401",
    "green_type_zh": "公园绿地",
    "name_zh": "京张遗址公园主脉绿地",
    "zone_id": "Z1",
    "key_area_id": "zhongzhiyuan_ai_acceleration_area",
    "id": "GREEN-0038",
    "area_sqm_declared": 10441.128
   },
   "geometry": {
    "type": "Polygon",
    "coordinates": [
     [
      [
       116.34960914,
       40.01558344
      ],
      [
       116.34961827,
       40.01462221
      ],
      [
       116.3484431,
       40.01461561
      ],
      [
       116.3484929,
       40.01557717
      ],
      [
       116.34960914,
       40.01558344
      ]
     ]
    ]
   }
  },
  {
   "type": "Feature",
   "id": "GREEN-0039",
   "properties": {
    "layer": "GREEN_SPACE",
    "source_type": "agent_generated_design",
    "confidence": "medium",
    "geometry_role": "design_proposal",
    "land_use_code": "1401",
    "green_type_zh": "公园绿地",
    "name_zh": "口袋公园（300m服务半径）",
    "zone_id": "Z1",
    "key_area_id": "zhongzhiyuan_ai_acceleration_area",
    "id": "GREEN-0039",
    "area_sqm_declared": 3440.131
   },
   "geometry": {
    "type": "Polygon",
    "coordinates": [
     [
      [
       116.34295694,
       40.01352428
      ],
      [
       116.34294772,
       40.01448551
      ],
      [
       116.34335361,
       40.01448781
      ],
      [
       116.34331382,
       40.01368403
      ],
      [
       116.34330601,
       40.01352626
      ],
      [
       116.34295694,
       40.01352428
      ]
     ]
    ]
   }
  },
  {
   "type": "Feature",
   "id": "GREEN-0040",
   "properties": {
    "layer": "GREEN_SPACE",
    "source_type": "agent_generated_design",
    "confidence": "medium",
    "geometry_role": "design_proposal",
    "land_use_code": "1401",
    "green_type_zh": "公园绿地",
    "name_zh": "京张遗址公园主脉绿地",
    "zone_id": "Z1",
    "key_area_id": "zhongzhiyuan_ai_acceleration_area",
    "id": "GREEN-0040",
    "area_sqm_declared": 7132.602
   },
   "geometry": {
    "type": "Polygon",
    "coordinates": [
     [
      [
       116.34832072,
       40.01451585
      ],
      [
       116.34827092,
       40.01355429
      ],
      [
       116.34751775,
       40.01355005
      ],
      [
       116.3475086,
       40.01451128
      ],
      [
       116.34832072,
       40.01451585
      ]
     ]
    ]
   }
  },
  {
   "type": "Feature",
   "id": "GREEN-0041",
   "properties": {
    "layer": "GREEN_SPACE",
    "source_type": "agent_generated_design",
    "confidence": "medium",
    "geometry_role": "design_proposal",
    "land_use_code": "1401",
    "green_type_zh": "公园绿地",
    "name_zh": "京张遗址公园主脉绿地",
    "zone_id": "Z1",
    "key_area_id": "zhongzhiyuan_ai_acceleration_area",
    "id": "GREEN-0041",
    "area_sqm_declared": 6504.851
   },
   "geometry": {
    "type": "Polygon",
    "coordinates": [
     [
      [
       116.3482344,
       40.01284915
      ],
      [
       116.34821272,
       40.01243056
      ],
      [
       116.34752845,
       40.01242671
      ],
      [
       116.34751929,
       40.01338795
      ],
      [
       116.34826252,
       40.01339213
      ],
      [
       116.3482344,
       40.01284915
      ]
     ]
    ]
   }
  },
  {
   "type": "Feature",
   "id": "GREEN-0042",
   "properties": {
    "layer": "GREEN_SPACE",
    "source_type": "agent_generated_design",
    "confidence": "medium",
    "geometry_role": "design_proposal",
    "land_use_code": "1401",
    "green_type_zh": "公园绿地",
    "name_zh": "口袋公园（300m服务半径）",
    "zone_id": "Z1",
    "key_area_id": "zhongzhiyuan_ai_acceleration_area",
    "id": "GREEN-0042",
    "area_sqm_declared": 19234.813
   },
   "geometry": {
    "type": "Polygon",
    "coordinates": [
     [
      [
       116.34520709,
       40.01241362
      ],
      [
       116.3451979,
       40.01337485
      ],
      [
       116.34730848,
       40.01338676
      ],
      [
       116.34731763,
       40.01242553
      ],
      [
       116.34520709,
       40.01241362
      ]
     ]
    ]
   }
  },
  {
   "type": "Feature",
   "id": "GREEN-0043",
   "properties": {
    "layer": "GREEN_SPACE",
    "source_type": "agent_generated_design",
    "confidence": "medium",
    "geometry_role": "design_proposal",
    "land_use_code": "1401",
    "green_type_zh": "公园绿地",
    "name_zh": "口袋公园（300m服务半径）",
    "zone_id": "Z1",
    "key_area_id": "zhongzhiyuan_ai_acceleration_area",
    "id": "GREEN-0043",
    "area_sqm_declared": 11591.551
   },
   "geometry": {
    "type": "Polygon",
    "coordinates": [
     [
      [
       116.34378698,
       40.01258758
      ],
      [
       116.34382557,
       40.01336709
      ],
      [
       116.34506907,
       40.01337413
      ],
      [
       116.34507826,
       40.01241289
      ],
      [
       116.34377797,
       40.01240554
      ],
      [
       116.34378698,
       40.01258758
      ]
     ]
    ]
   }
  },
  {
   "type": "Feature",
   "id": "GREEN-0044",
   "properties": {
    "layer": "GREEN_SPACE",
    "source_type": "agent_generated_design",
    "confidence": "medium",
    "geometry_role": "design_proposal",
    "land_use_code": "1401",
    "green_type_zh": "公园绿地",
    "name_zh": "口袋公园（300m服务半径）",
    "zone_id": "Z1",
    "key_area_id": "zhongzhiyuan_ai_acceleration_area",
    "id": "GREEN-0044",
    "area_sqm_declared": 3030.361
   },
   "geometry": {
    "type": "Polygon",
    "coordinates": [
     [
      [
       116.35275933,
       40.01235698
      ],
      [
       116.35273288,
       40.01186785
      ],
      [
       116.35209475,
       40.01186428
      ],
      [
       116.35209012,
       40.01235324
      ],
      [
       116.35275933,
       40.01235698
      ]
     ]
    ]
   }
  },
  {
   "type": "Feature",
   "id": "GREEN-0045",
   "properties": {
    "layer": "GREEN_SPACE",
    "source_type": "agent_generated_design",
    "confidence": "medium",
    "geometry_role": "design_proposal",
    "land_use_code": "1401",
    "green_type_zh": "公园绿地",
    "name_zh": "京张遗址公园主脉绿地",
    "zone_id": "Z1",
    "key_area_id": "zhongzhiyuan_ai_acceleration_area",
    "id": "GREEN-0045",
    "area_sqm_declared": 3074.576
   },
   "geometry": {
    "type": "Polygon",
    "coordinates": [
     [
      [
       116.34818775,
       40.01194828
      ],
      [
       116.34818226,
       40.01184234
      ],
      [
       116.34753405,
       40.0118387
      ],
      [
       116.34752939,
       40.01232765
      ],
      [
       116.34820759,
       40.01233147
      ],
      [
       116.34818775,
       40.01194828
      ]
     ]
    ]
   }
  },
  {
   "type": "Feature",
   "id": "GREEN-0046",
   "properties": {
    "layer": "GREEN_SPACE",
    "source_type": "agent_generated_design",
    "confidence": "medium",
    "geometry_role": "design_proposal",
    "land_use_code": "1401",
    "green_type_zh": "公园绿地",
    "name_zh": "口袋公园（300m服务半径）",
    "zone_id": "Z1",
    "key_area_id": "zhongzhiyuan_ai_acceleration_area",
    "id": "GREEN-0046",
    "area_sqm_declared": 6166.133
   },
   "geometry": {
    "type": "Polygon",
    "coordinates": [
     [
      [
       116.34963994,
       40.01233952
      ],
      [
       116.34964458,
       40.01185056
      ],
      [
       116.34829951,
       40.011843
      ],
      [
       116.34830478,
       40.0119447
      ],
      [
       116.34832484,
       40.01233213
      ],
      [
       116.34963994,
       40.01233952
      ]
     ]
    ]
   }
  },
  {
   "type": "Feature",
   "id": "GREEN-0047",
   "properties": {
    "layer": "GREEN_SPACE",
    "source_type": "agent_generated_design",
    "confidence": "medium",
    "geometry_role": "design_proposal",
    "land_use_code": "1401",
    "green_type_zh": "公园绿地",
    "name_zh": "京张遗址公园主脉绿地",
    "zone_id": "Z1",
    "key_area_id": "zhongzhiyuan_ai_acceleration_area",
    "id": "GREEN-0047",
    "area_sqm_declared": 6458.769
   },
   "geometry": {
    "type": "Polygon",
    "coordinates": [
     [
      [
       116.3481411,
       40.01104741
      ],
      [
       116.34810124,
       40.01027771
      ],
      [
       116.34754894,
       40.0102746
      ],
      [
       116.34753791,
       40.01143344
      ],
      [
       116.34816127,
       40.01143695
      ],
      [
       116.3481411,
       40.01104741
      ]
     ]
    ]
   }
  },
  {
   "type": "Feature",
   "id": "GREEN-0048",
   "properties": {
    "layer": "GREEN_SPACE",
    "source_type": "agent_generated_design",
    "confidence": "medium",
    "geometry_role": "design_proposal",
    "land_use_code": "1401",
    "green_type_zh": "公园绿地",
    "name_zh": "口袋公园（300m服务半径）",
    "zone_id": "Z1",
    "key_area_id": "zhongzhiyuan_ai_acceleration_area",
    "id": "GREEN-0048",
    "area_sqm_declared": 15307.737
   },
   "geometry": {
    "type": "Polygon",
    "coordinates": [
     [
      [
       116.3436714,
       40.01025271
      ],
      [
       116.34372878,
       40.01141194
      ],
      [
       116.34508775,
       40.01141962
      ],
      [
       116.34509883,
       40.01026078
      ],
      [
       116.3436714,
       40.01025271
      ]
     ]
    ]
   }
  },
  {
   "type": "Feature",
   "id": "GREEN-0049",
   "properties": {
    "layer": "GREEN_SPACE",
    "source_type": "agent_generated_design",
    "confidence": "medium",
    "geometry_role": "design_proposal",
    "land_use_code": "1401",
    "green_type_zh": "公园绿地",
    "name_zh": "口袋公园（300m服务半径）",
    "zone_id": "Z1",
    "key_area_id": "zhongzhiyuan_ai_acceleration_area",
    "id": "GREEN-0049",
    "area_sqm_declared": 11067.561
   },
   "geometry": {
    "type": "Polygon",
    "coordinates": [
     [
      [
       116.3542091,
       40.01147081
      ],
      [
       116.35422002,
       40.01031197
      ],
      [
       116.35317592,
       40.01030614
      ],
      [
       116.35323862,
       40.0114654
      ],
      [
       116.3542091,
       40.01147081
      ]
     ]
    ]
   }
  },
  {
   "type": "Feature",
   "id": "GREEN-0050",
   "properties": {
    "layer": "GREEN_SPACE",
    "source_type": "agent_generated_design",
    "confidence": "medium",
    "geometry_role": "design_proposal",
    "land_use_code": "1401",
    "green_type_zh": "公园绿地",
    "name_zh": "京张遗址公园主脉绿地",
    "zone_id": "Z1",
    "key_area_id": "zhongzhiyuan_ai_acceleration_area",
    "id": "GREEN-0050",
    "area_sqm_declared": 4674.44
   },
   "geometry": {
    "type": "Polygon",
    "coordinates": [
     [
      [
       116.34809284,
       40.01011555
      ],
      [
       116.34804305,
       40.00915399
      ],
      [
       116.34755964,
       40.00915127
      ],
      [
       116.34755048,
       40.0101125
      ],
      [
       116.34809284,
       40.01011555
      ]
     ]
    ]
   }
  },
  {
   "type": "Feature",
   "id": "GREEN-0051",
   "properties": {
    "layer": "GREEN_SPACE",
    "source_type": "agent_generated_design",
    "confidence": "medium",
    "geometry_role": "design_proposal",
    "land_use_code": "1401",
    "green_type_zh": "公园绿地",
    "name_zh": "口袋公园（300m服务半径）",
    "zone_id": "Z1",
    "key_area_id": "zhongzhiyuan_ai_acceleration_area",
    "id": "GREEN-0051",
    "area_sqm_declared": 19234.813
   },
   "geometry": {
    "type": "Polygon",
    "coordinates": [
     [
      [
       116.35190026,
       40.01013691
      ],
      [
       116.35190935,
       40.00917567
      ],
      [
       116.34979891,
       40.00916385
      ],
      [
       116.34978979,
       40.01012509
      ],
      [
       116.35190026,
       40.01013691
      ]
     ]
    ]
   }
  },
  {
   "type": "Feature",
   "id": "GREEN-0052",
   "properties": {
    "layer": "GREEN_SPACE",
    "source_type": "agent_generated_design",
    "confidence": "medium",
    "geometry_role": "design_proposal",
    "land_use_code": "1401",
    "green_type_zh": "公园绿地",
    "name_zh": "口袋公园（300m服务半径）",
    "zone_id": "Z1",
    "key_area_id": "zhongzhiyuan_ai_acceleration_area",
    "id": "GREEN-0052",
    "area_sqm_declared": 13355.654
   },
   "geometry": {
    "type": "Polygon",
    "coordinates": [
     [
      [
       116.34362645,
       40.00934448
      ],
      [
       116.34366338,
       40.01009055
      ],
      [
       116.34510038,
       40.01009868
      ],
      [
       116.34510956,
       40.00913745
      ],
      [
       116.34361578,
       40.009129
      ],
      [
       116.34362645,
       40.00934448
      ]
     ]
    ]
   }
  },
  {
   "type": "Feature",
   "id": "GREEN-0053",
   "properties": {
    "layer": "GREEN_SPACE",
    "source_type": "agent_generated_design",
    "confidence": "medium",
    "geometry_role": "design_proposal",
    "land_use_code": "1401",
    "green_type_zh": "公园绿地",
    "name_zh": "京张遗址公园主脉绿地",
    "zone_id": "Z1",
    "key_area_id": "zhongzhiyuan_ai_acceleration_area",
    "id": "GREEN-0053",
    "area_sqm_declared": 4081.917
   },
   "geometry": {
    "type": "Polygon",
    "coordinates": [
     [
      [
       116.34800114,
       40.0083448
      ],
      [
       116.34798812,
       40.00809332
      ],
      [
       116.34756973,
       40.00809097
      ],
      [
       116.34756058,
       40.0090522
      ],
      [
       116.34803791,
       40.00905489
      ],
      [
       116.34800114,
       40.0083448
      ]
     ]
    ]
   }
  },
  {
   "type": "Feature",
   "id": "GREEN-0054",
   "properties": {
    "layer": "GREEN_SPACE",
    "source_type": "agent_generated_design",
    "confidence": "medium",
    "geometry_role": "design_proposal",
    "land_use_code": "1401",
    "green_type_zh": "公园绿地",
    "name_zh": "口袋公园（300m服务半径）",
    "zone_id": "Z1",
    "key_area_id": "zhongzhiyuan_ai_acceleration_area",
    "id": "GREEN-0054",
    "area_sqm_declared": 19234.813
   },
   "geometry": {
    "type": "Polygon",
    "coordinates": [
     [
      [
       116.35191029,
       40.00907661
      ],
      [
       116.35191938,
       40.00811538
      ],
      [
       116.34980897,
       40.00810355
      ],
      [
       116.34979985,
       40.00906479
      ],
      [
       116.35191029,
       40.00907661
      ]
     ]
    ]
   }
  },
  {
   "type": "Feature",
   "id": "GREEN-0055",
   "properties": {
    "layer": "GREEN_SPACE",
    "source_type": "agent_generated_design",
    "confidence": "medium",
    "geometry_role": "design_proposal",
    "land_use_code": "1401",
    "green_type_zh": "公园绿地",
    "name_zh": "口袋公园（300m服务半径）",
    "zone_id": "Z1",
    "key_area_id": "zhongzhiyuan_ai_acceleration_area",
    "id": "GREEN-0055",
    "area_sqm_declared": 13926.713
   },
   "geometry": {
    "type": "Polygon",
    "coordinates": [
     [
      [
       116.34357294,
       40.00826345
      ],
      [
       116.34361087,
       40.0090299
      ],
      [
       116.34511051,
       40.00903839
      ],
      [
       116.3451197,
       40.00807715
      ],
      [
       116.34356328,
       40.00806835
      ],
      [
       116.34357294,
       40.00826345
      ]
     ]
    ]
   }
  },
  {
   "type": "Feature",
   "id": "GREEN-0056",
   "properties": {
    "layer": "GREEN_SPACE",
    "source_type": "agent_generated_design",
    "confidence": "medium",
    "geometry_role": "design_proposal",
    "land_use_code": "1401",
    "green_type_zh": "公园绿地",
    "name_zh": "口袋公园（300m服务半径）",
    "zone_id": "Z1",
    "key_area_id": "zhongzhiyuan_ai_acceleration_area",
    "id": "GREEN-0056",
    "area_sqm_declared": 14084.336
   },
   "geometry": {
    "type": "Polygon",
    "coordinates": [
     [
      [
       116.34967102,
       40.00906407
      ],
      [
       116.34968014,
       40.00810283
      ],
      [
       116.34810536,
       40.00809398
      ],
      [
       116.34811817,
       40.00834121
      ],
      [
       116.34815516,
       40.00905555
      ],
      [
       116.34967102,
       40.00906407
      ]
     ]
    ]
   }
  },
  {
   "type": "Feature",
   "id": "GREEN-0057",
   "properties": {
    "layer": "GREEN_SPACE",
    "source_type": "agent_generated_design",
    "confidence": "medium",
    "geometry_role": "design_proposal",
    "land_use_code": "1401",
    "green_type_zh": "公园绿地",
    "name_zh": "口袋公园（300m服务半径）",
    "zone_id": "Z1",
    "key_area_id": "zhongzhiyuan_ai_acceleration_area",
    "id": "GREEN-0057",
    "area_sqm_declared": 10606.638
   },
   "geometry": {
    "type": "Polygon",
    "coordinates": [
     [
      [
       116.35428867,
       40.00804755
      ],
      [
       116.35428791,
       40.0081286
      ],
      [
       116.3530578,
       40.00812174
      ],
      [
       116.35306831,
       40.00831616
      ],
      [
       116.3531098,
       40.00908331
      ],
      [
       116.35423154,
       40.00908957
      ],
      [
       116.35423885,
       40.0083135
      ],
      [
       116.35430326,
       40.00831386
      ],
      [
       116.35428867,
       40.00804755
      ]
     ]
    ]
   }
  },
  {
   "type": "Feature",
   "id": "GREEN-0058",
   "properties": {
    "layer": "GREEN_SPACE",
    "source_type": "agent_generated_design",
    "confidence": "medium",
    "geometry_role": "design_proposal",
    "land_use_code": "1401",
    "green_type_zh": "公园绿地",
    "name_zh": "口袋公园（300m服务半径）",
    "zone_id": "Z2",
    "key_area_id": null,
    "id": "GREEN-0058",
    "area_sqm_declared": 63832.786
   },
   "geometry": {
    "type": "Polygon",
    "coordinates": [
     [
      [
       116.35236457,
       40.00509009
      ],
      [
       116.35231534,
       40.00421034
      ],
      [
       116.34933287,
       40.00419364
      ],
      [
       116.34931194,
       40.00639754
      ],
      [
       116.35243806,
       40.00641505
      ],
      [
       116.35242486,
       40.00617101
      ],
      [
       116.35236457,
       40.00509009
      ]
     ]
    ]
   }
  },
  {
   "type": "Feature",
   "id": "GREEN-0059",
   "properties": {
    "layer": "GREEN_SPACE",
    "source_type": "agent_generated_design",
    "confidence": "medium",
    "geometry_role": "design_proposal",
    "land_use_code": "1401",
    "green_type_zh": "公园绿地",
    "name_zh": "京张遗址公园主脉绿地",
    "zone_id": "Z2",
    "key_area_id": null,
    "id": "GREEN-0059",
    "area_sqm_declared": 24199.713
   },
   "geometry": {
    "type": "Polygon",
    "coordinates": [
     [
      [
       116.34910115,
       40.00639636
      ],
      [
       116.34912208,
       40.00419245
      ],
      [
       116.34788841,
       40.00418552
      ],
      [
       116.34792133,
       40.0047374
      ],
      [
       116.34797509,
       40.00563839
      ],
      [
       116.34801663,
       40.00639026
      ],
      [
       116.34910115,
       40.00639636
      ]
     ]
    ]
   }
  },
  {
   "type": "Feature",
   "id": "GREEN-0060",
   "properties": {
    "layer": "GREEN_SPACE",
    "source_type": "agent_generated_design",
    "confidence": "medium",
    "geometry_role": "design_proposal",
    "land_use_code": "1401",
    "green_type_zh": "公园绿地",
    "name_zh": "口袋公园（300m服务半径）",
    "zone_id": "Z2",
    "key_area_id": null,
    "id": "GREEN-0060",
    "area_sqm_declared": 14853.033
   },
   "geometry": {
    "type": "Polygon",
    "coordinates": [
     [
      [
       116.3417,
       40.006
      ],
      [
       116.34172125,
       40.00643573
      ],
      [
       116.34172203,
       40.00635468
      ],
      [
       116.34235137,
       40.00635825
      ],
      [
       116.34237252,
       40.00415435
      ],
      [
       116.34158059,
       40.00414985
      ],
      [
       116.3417,
       40.006
      ]
     ]
    ]
   }
  },
  {
   "type": "Feature",
   "id": "GREEN-0061",
   "properties": {
    "layer": "GREEN_SPACE",
    "source_type": "agent_generated_design",
    "confidence": "medium",
    "geometry_role": "design_proposal",
    "land_use_code": "1401",
    "green_type_zh": "公园绿地",
    "name_zh": "口袋公园（300m服务半径）",
    "zone_id": "Z2",
    "key_area_id": null,
    "id": "GREEN-0061",
    "area_sqm_declared": 20978.243
   },
   "geometry": {
    "type": "Polygon",
    "coordinates": [
     [
      [
       116.34593281,
       40.0025284
      ],
      [
       116.34592097,
       40.00376916
      ],
      [
       116.34774695,
       40.00377945
      ],
      [
       116.34769685,
       40.0029397
      ],
      [
       116.34767289,
       40.00253821
      ],
      [
       116.34593281,
       40.0025284
      ]
     ]
    ]
   }
  },
  {
   "type": "Feature",
   "id": "GREEN-0062",
   "properties": {
    "layer": "GREEN_SPACE",
    "source_type": "agent_generated_design",
    "confidence": "medium",
    "geometry_role": "design_proposal",
    "land_use_code": "1401",
    "green_type_zh": "公园绿地",
    "name_zh": "口袋公园（300m服务半径）",
    "zone_id": "Z2",
    "key_area_id": null,
    "id": "GREEN-0062",
    "area_sqm_declared": 14556.904
   },
   "geometry": {
    "type": "Polygon",
    "coordinates": [
     [
      [
       116.35398604,
       40.00252404
      ],
      [
       116.35398557,
       40.00257357
      ],
      [
       116.35275083,
       40.00256668
      ],
      [
       116.35277007,
       40.00291054
      ],
      [
       116.35282029,
       40.00380789
      ],
      [
       116.35405675,
       40.00381479
      ],
      [
       116.35398604,
       40.00252404
      ]
     ]
    ]
   }
  },
  {
   "type": "Feature",
   "id": "GREEN-0063",
   "properties": {
    "layer": "GREEN_SPACE",
    "source_type": "agent_generated_design",
    "confidence": "medium",
    "geometry_role": "design_proposal",
    "land_use_code": "1401",
    "green_type_zh": "公园绿地",
    "name_zh": "口袋公园（300m服务半径）",
    "zone_id": "Z2",
    "key_area_id": null,
    "id": "GREEN-0063",
    "area_sqm_declared": 29429.823
   },
   "geometry": {
    "type": "Polygon",
    "coordinates": [
     [
      [
       116.3459515,
       40.00056967
      ],
      [
       116.34593375,
       40.00242934
      ],
      [
       116.34766698,
       40.00243911
      ],
      [
       116.3476431,
       40.00203879
      ],
      [
       116.34755599,
       40.00057871
      ],
      [
       116.3459515,
       40.00056967
      ]
     ]
    ]
   }
  },
  {
   "type": "Feature",
   "id": "GREEN-0064",
   "properties": {
    "layer": "GREEN_SPACE",
    "source_type": "agent_generated_design",
    "confidence": "medium",
    "geometry_role": "design_proposal",
    "land_use_code": "1401",
    "green_type_zh": "公园绿地",
    "name_zh": "口袋公园（300m服务半径）",
    "zone_id": "Z2",
    "key_area_id": null,
    "id": "GREEN-0064",
    "area_sqm_declared": 49506.745
   },
   "geometry": {
    "type": "Polygon",
    "coordinates": [
     [
      [
       116.3521831,
       40.0018469
      ],
      [
       116.35211357,
       40.00060428
      ],
      [
       116.34936709,
       40.0005889
      ],
      [
       116.34934943,
       40.00244856
      ],
      [
       116.35221766,
       40.00246463
      ],
      [
       116.3521831,
       40.0018469
      ]
     ]
    ]
   }
  },
  {
   "type": "Feature",
   "id": "GREEN-0065",
   "properties": {
    "layer": "GREEN_SPACE",
    "source_type": "agent_generated_design",
    "confidence": "medium",
    "geometry_role": "design_proposal",
    "land_use_code": "1401",
    "green_type_zh": "公园绿地",
    "name_zh": "口袋公园（300m服务半径）",
    "zone_id": "Z2",
    "key_area_id": null,
    "id": "GREEN-0065",
    "area_sqm_declared": 46539.816
   },
   "geometry": {
    "type": "Polygon",
    "coordinates": [
     [
      [
       116.34319314,
       40.00177476
      ],
      [
       116.34323366,
       40.00241407
      ],
      [
       116.34580494,
       40.00242861
      ],
      [
       116.34582269,
       40.00056894
      ],
      [
       116.34311576,
       40.00055363
      ],
      [
       116.34312464,
       40.00069364
      ],
      [
       116.34319314,
       40.00177476
      ]
     ]
    ]
   }
  },
  {
   "type": "Feature",
   "id": "GREEN-0066",
   "properties": {
    "layer": "GREEN_SPACE",
    "source_type": "agent_generated_design",
    "confidence": "medium",
    "geometry_role": "design_proposal",
    "land_use_code": "1401",
    "green_type_zh": "公园绿地",
    "name_zh": "口袋公园（300m服务半径）",
    "zone_id": "Z2",
    "key_area_id": null,
    "id": "GREEN-0066",
    "area_sqm_declared": 49141.688
   },
   "geometry": {
    "type": "Polygon",
    "coordinates": [
     [
      [
       116.34305613,
       39.99961252
      ],
      [
       116.34310549,
       40.00039146
      ],
      [
       116.34582424,
       40.00040684
      ],
      [
       116.34584198,
       39.99854717
      ],
      [
       116.3429876,
       39.99853103
      ],
      [
       116.34298762,
       39.9985314
      ],
      [
       116.34305613,
       39.99961252
      ]
     ]
    ]
   }
  },
  {
   "type": "Feature",
   "id": "GREEN-0067",
   "properties": {
    "layer": "GREEN_SPACE",
    "source_type": "agent_generated_design",
    "confidence": "medium",
    "geometry_role": "design_proposal",
    "land_use_code": "1401",
    "green_type_zh": "公园绿地",
    "name_zh": "口袋公园（300m服务半径）",
    "zone_id": "Z2",
    "key_area_id": null,
    "id": "GREEN-0067",
    "area_sqm_declared": 20110.315
   },
   "geometry": {
    "type": "Polygon",
    "coordinates": [
     [
      [
       116.34134262,
       40.00046251
      ],
      [
       116.3413434,
       40.00038146
      ],
      [
       116.34240866,
       40.00038751
      ],
      [
       116.3424265,
       39.99852785
      ],
      [
       116.34121733,
       39.99852098
      ],
      [
       116.34134262,
       40.00046251
      ]
     ]
    ]
   }
  },
  {
   "type": "Feature",
   "id": "GREEN-0068",
   "properties": {
    "layer": "GREEN_SPACE",
    "source_type": "agent_generated_design",
    "confidence": "medium",
    "geometry_role": "design_proposal",
    "land_use_code": "1401",
    "green_type_zh": "公园绿地",
    "name_zh": "口袋公园（300m服务半径）",
    "zone_id": "Z2",
    "key_area_id": null,
    "id": "GREEN-0068",
    "area_sqm_declared": 25447.06
   },
   "geometry": {
    "type": "Polygon",
    "coordinates": [
     [
      [
       116.34599014,
       39.99651964
      ],
      [
       116.34597173,
       39.99844884
      ],
      [
       116.34742942,
       39.99845706
      ],
      [
       116.34737437,
       39.99753423
      ],
      [
       116.34732063,
       39.99663332
      ],
      [
       116.3473143,
       39.99652711
      ],
      [
       116.34599014,
       39.99651964
      ]
     ]
    ]
   }
  },
  {
   "type": "Feature",
   "id": "GREEN-0069",
   "properties": {
    "layer": "GREEN_SPACE",
    "source_type": "agent_generated_design",
    "confidence": "medium",
    "geometry_role": "design_proposal",
    "land_use_code": "1401",
    "green_type_zh": "公园绿地",
    "name_zh": "口袋公园（300m服务半径）",
    "zone_id": "Z2",
    "key_area_id": null,
    "id": "GREEN-0069",
    "area_sqm_declared": 34568.327
   },
   "geometry": {
    "type": "Polygon",
    "coordinates": [
     [
      [
       116.3518202,
       39.99536048
      ],
      [
       116.35177941,
       39.99463134
      ],
      [
       116.34942375,
       39.99461814
      ],
      [
       116.34940937,
       39.99613361
      ],
      [
       116.35186422,
       39.99614737
      ],
      [
       116.3518202,
       39.99536048
      ]
     ]
    ]
   }
  },
  {
   "type": "Feature",
   "id": "GREEN-0070",
   "properties": {
    "layer": "GREEN_SPACE",
    "source_type": "agent_generated_design",
    "confidence": "medium",
    "geometry_role": "design_proposal",
    "land_use_code": "1401",
    "green_type_zh": "公园绿地",
    "name_zh": "口袋公园（300m服务半径）",
    "zone_id": "Z2",
    "key_area_id": null,
    "id": "GREEN-0070",
    "area_sqm_declared": 17925.748
   },
   "geometry": {
    "type": "Polygon",
    "coordinates": [
     [
      [
       116.34107332,
       39.99628915
      ],
      [
       116.34107527,
       39.99608653
      ],
      [
       116.34230561,
       39.99609352
      ],
      [
       116.34225583,
       39.99530776
      ],
      [
       116.34220956,
       39.99457742
      ],
      [
       116.34096241,
       39.99457034
      ],
      [
       116.34107332,
       39.99628915
      ]
     ]
    ]
   }
  },
  {
   "type": "Feature",
   "id": "GREEN-0071",
   "properties": {
    "layer": "GREEN_SPACE",
    "source_type": "agent_generated_design",
    "confidence": "medium",
    "geometry_role": "design_proposal",
    "land_use_code": "1401",
    "green_type_zh": "公园绿地",
    "name_zh": "口袋公园（300m服务半径）",
    "zone_id": "Z2",
    "key_area_id": null,
    "id": "GREEN-0071",
    "area_sqm_declared": 44368.087
   },
   "geometry": {
    "type": "Polygon",
    "coordinates": [
     [
      [
       116.34278212,
       39.99528804
      ],
      [
       116.34283335,
       39.99609651
      ],
      [
       116.3458652,
       39.99611366
      ],
      [
       116.34587966,
       39.99459819
      ],
      [
       116.34273729,
       39.99458042
      ],
      [
       116.34278212,
       39.99528804
      ]
     ]
    ]
   }
  },
  {
   "type": "Feature",
   "id": "GREEN-0072",
   "properties": {
    "layer": "GREEN_SPACE",
    "source_type": "agent_generated_design",
    "confidence": "medium",
    "geometry_role": "design_proposal",
    "land_use_code": "1401",
    "green_type_zh": "公园绿地",
    "name_zh": "口袋公园（300m服务半径）",
    "zone_id": "Z2",
    "key_area_id": null,
    "id": "GREEN-0072",
    "area_sqm_declared": 26496.921
   },
   "geometry": {
    "type": "Polygon",
    "coordinates": [
     [
      [
       116.34919861,
       39.99613243
      ],
      [
       116.34921299,
       39.99461696
      ],
      [
       116.34731693,
       39.9946063
      ],
      [
       116.34733012,
       39.99482737
      ],
      [
       116.34738386,
       39.99572828
      ],
      [
       116.34740737,
       39.99612236
      ],
      [
       116.34919861,
       39.99613243
      ]
     ]
    ]
   }
  },
  {
   "type": "Feature",
   "id": "GREEN-0073",
   "properties": {
    "layer": "GREEN_SPACE",
    "source_type": "agent_generated_design",
    "confidence": "medium",
    "geometry_role": "design_proposal",
    "land_use_code": "1401",
    "green_type_zh": "公园绿地",
    "name_zh": "口袋公园（300m服务半径）",
    "zone_id": "Z2",
    "key_area_id": null,
    "id": "GREEN-0073",
    "area_sqm_declared": 53397.924
   },
   "geometry": {
    "type": "Polygon",
    "coordinates": [
     [
      [
       116.34877425,
       39.99311622
      ],
      [
       116.34722753,
       39.99310752
      ],
      [
       116.34730726,
       39.99444413
      ],
      [
       116.34921453,
       39.99445486
      ],
      [
       116.34922321,
       39.99354078
      ],
      [
       116.34943396,
       39.99354197
      ],
      [
       116.34942529,
       39.99445604
      ],
      [
       116.35177034,
       39.99446918
      ],
      [
       116.35175972,
       39.9942794
      ],
      [
       116.35169925,
       39.99319833
      ],
      [
       116.35169557,
       39.9931326
      ],
      [
       116.35088375,
       39.99312805
      ],
      [
       116.35087976,
       39.99355007
      ],
      [
       116.35075096,
       39.99354935
      ],
      [
       116.35075496,
       39.99312733
      ],
      [
       116.348985,
       39.9931174
      ],
      [
       116.34898099,
       39.99353942
      ],
      [
       116.34877024,
       39.99353824
      ],
      [
       116.34877425,
       39.99311622
      ]
     ]
    ]
   }
  },
  {
   "type": "Feature",
   "id": "GREEN-0074",
   "properties": {
    "layer": "GREEN_SPACE",
    "source_type": "agent_generated_design",
    "confidence": "medium",
    "geometry_role": "design_proposal",
    "land_use_code": "1401",
    "green_type_zh": "公园绿地",
    "name_zh": "口袋公园（300m服务半径）",
    "zone_id": "Z3",
    "key_area_id": "beijing_ai_origin_community",
    "id": "GREEN-0074",
    "area_sqm_declared": 6415.224
   },
   "geometry": {
    "type": "Polygon",
    "coordinates": [
     [
      [
       116.35088529,
       39.99296595
      ],
      [
       116.3516865,
       39.99297044
      ],
      [
       116.35163751,
       39.99209456
      ],
      [
       116.35089357,
       39.9920904
      ],
      [
       116.35088529,
       39.99296595
      ]
     ]
    ]
   }
  },
  {
   "type": "Feature",
   "id": "GREEN-0075",
   "properties": {
    "layer": "GREEN_SPACE",
    "source_type": "agent_generated_design",
    "confidence": "medium",
    "geometry_role": "design_proposal",
    "land_use_code": "1401",
    "green_type_zh": "公园绿地",
    "name_zh": "口袋公园（300m服务半径）",
    "zone_id": "Z3",
    "key_area_id": "beijing_ai_origin_community",
    "id": "GREEN-0075",
    "area_sqm_declared": 14697.093
   },
   "geometry": {
    "type": "Polygon",
    "coordinates": [
     [
      [
       116.34491401,
       39.99108208
      ],
      [
       116.34314411,
       39.99107207
      ],
      [
       116.34313572,
       39.99194762
      ],
      [
       116.34490565,
       39.99195764
      ],
      [
       116.34491401,
       39.99108208
      ]
     ]
    ]
   }
  },
  {
   "type": "Feature",
   "id": "GREEN-0076",
   "properties": {
    "layer": "GREEN_SPACE",
    "source_type": "agent_generated_design",
    "confidence": "medium",
    "geometry_role": "design_proposal",
    "land_use_code": "1401",
    "green_type_zh": "公园绿地",
    "name_zh": "口袋公园（300m服务半径）",
    "zone_id": "Z3",
    "key_area_id": null,
    "id": "GREEN-0076",
    "area_sqm_declared": 2212.884
   },
   "geometry": {
    "type": "Polygon",
    "coordinates": [
     [
      [
       116.34079553,
       39.99198387
      ],
      [
       116.34079601,
       39.99193434
      ],
      [
       116.34102626,
       39.99193565
      ],
      [
       116.34103467,
       39.99106009
      ],
      [
       116.34073582,
       39.99105839
      ],
      [
       116.34079553,
       39.99198387
      ]
     ]
    ]
   }
  },
  {
   "type": "Feature",
   "id": "GREEN-0077",
   "properties": {
    "layer": "GREEN_SPACE",
    "source_type": "agent_generated_design",
    "confidence": "medium",
    "geometry_role": "design_proposal",
    "land_use_code": "1401",
    "green_type_zh": "公园绿地",
    "name_zh": "口袋公园（300m服务半径）",
    "zone_id": "Z3",
    "key_area_id": "beijing_ai_origin_community",
    "id": "GREEN-0077",
    "area_sqm_declared": 14697.093
   },
   "geometry": {
    "type": "Polygon",
    "coordinates": [
     [
      [
       116.34690455,
       39.9900556
      ],
      [
       116.34513467,
       39.99004562
      ],
      [
       116.34512631,
       39.99092117
      ],
      [
       116.34689621,
       39.99093116
      ],
      [
       116.34690455,
       39.9900556
      ]
     ]
    ]
   }
  },
  {
   "type": "Feature",
   "id": "GREEN-0078",
   "properties": {
    "layer": "GREEN_SPACE",
    "source_type": "agent_generated_design",
    "confidence": "medium",
    "geometry_role": "design_proposal",
    "land_use_code": "1401",
    "green_type_zh": "公园绿地",
    "name_zh": "口袋公园（300m服务半径）",
    "zone_id": "Z3",
    "key_area_id": "beijing_ai_origin_community",
    "id": "GREEN-0078",
    "area_sqm_declared": 18158.211
   },
   "geometry": {
    "type": "Polygon",
    "coordinates": [
     [
      [
       116.34705444,
       39.98995738
      ],
      [
       116.34880415,
       39.98996722
      ],
      [
       116.34881447,
       39.98888035
      ],
      [
       116.34704846,
       39.98887042
      ],
      [
       116.34704419,
       39.98942395
      ],
      [
       116.34705444,
       39.98995738
      ]
     ]
    ]
   }
  },
  {
   "type": "Feature",
   "id": "GREEN-0079",
   "properties": {
    "layer": "GREEN_SPACE",
    "source_type": "agent_generated_design",
    "confidence": "medium",
    "geometry_role": "design_proposal",
    "land_use_code": "1401",
    "green_type_zh": "公园绿地",
    "name_zh": "口袋公园（300m服务半径）",
    "zone_id": "Z3",
    "key_area_id": null,
    "id": "GREEN-0079",
    "area_sqm_declared": 4584.831
   },
   "geometry": {
    "type": "Polygon",
    "coordinates": [
     [
      [
       116.35338756,
       39.98890596
      ],
      [
       116.35290444,
       39.98890326
      ],
      [
       116.35289418,
       39.98999013
      ],
      [
       116.35330061,
       39.9899924
      ],
      [
       116.35338756,
       39.98890596
      ]
     ]
    ]
   }
  },
  {
   "type": "Feature",
   "id": "GREEN-0080",
   "properties": {
    "layer": "GREEN_SPACE",
    "source_type": "agent_generated_design",
    "confidence": "medium",
    "geometry_role": "design_proposal",
    "land_use_code": "1401",
    "green_type_zh": "公园绿地",
    "name_zh": "口袋公园（300m服务半径）",
    "zone_id": "Z3",
    "key_area_id": "beijing_ai_origin_community",
    "id": "GREEN-0080",
    "area_sqm_declared": 6539.357
   },
   "geometry": {
    "type": "Polygon",
    "coordinates": [
     [
      [
       116.34902906,
       39.98847628
      ],
      [
       116.3507989,
       39.98848621
      ],
      [
       116.35080259,
       39.98809664
      ],
      [
       116.34903276,
       39.98808671
      ],
      [
       116.34902906,
       39.98847628
      ]
     ]
    ]
   }
  },
  {
   "type": "Feature",
   "id": "GREEN-0081",
   "properties": {
    "layer": "GREEN_SPACE",
    "source_type": "agent_generated_design",
    "confidence": "medium",
    "geometry_role": "design_proposal",
    "land_use_code": "1401",
    "green_type_zh": "公园绿地",
    "name_zh": "口袋公园（300m服务半径）",
    "zone_id": "Z3",
    "key_area_id": "beijing_ai_origin_community",
    "id": "GREEN-0081",
    "area_sqm_declared": 6529.148
   },
   "geometry": {
    "type": "Polygon",
    "coordinates": [
     [
      [
       116.3470516,
       39.98846516
      ],
      [
       116.34881832,
       39.9884751
      ],
      [
       116.34882202,
       39.98808553
      ],
      [
       116.34705461,
       39.98807558
      ],
      [
       116.3470516,
       39.98846516
      ]
     ]
    ]
   }
  },
  {
   "type": "Feature",
   "id": "GREEN-0082",
   "properties": {
    "layer": "GREEN_SPACE",
    "source_type": "agent_generated_design",
    "confidence": "medium",
    "geometry_role": "design_proposal",
    "land_use_code": "1401",
    "green_type_zh": "公园绿地",
    "name_zh": "口袋公园（300m服务半径）",
    "zone_id": "Z3",
    "key_area_id": "beijing_ai_origin_community",
    "id": "GREEN-0082",
    "area_sqm_declared": 6015.676
   },
   "geometry": {
    "type": "Polygon",
    "coordinates": [
     [
      [
       116.34230492,
       39.98701102
      ],
      [
       116.34233851,
       39.9877229
      ],
      [
       116.34234624,
       39.98788685
      ],
      [
       116.34304579,
       39.98789082
      ],
      [
       116.34305418,
       39.98701526
      ],
      [
       116.34230492,
       39.98701102
      ]
     ]
    ]
   }
  },
  {
   "type": "Feature",
   "id": "GREEN-0083",
   "properties": {
    "layer": "GREEN_SPACE",
    "source_type": "agent_generated_design",
    "confidence": "medium",
    "geometry_role": "design_proposal",
    "land_use_code": "1401",
    "green_type_zh": "公园绿地",
    "name_zh": "口袋公园（300m服务半径）",
    "zone_id": "Z3",
    "key_area_id": null,
    "id": "GREEN-0083",
    "area_sqm_declared": 5401.164
   },
   "geometry": {
    "type": "Polygon",
    "coordinates": [
     [
      [
       116.35361211,
       39.98609995
      ],
      [
       116.35293092,
       39.98609615
      ],
      [
       116.35292266,
       39.98697171
      ],
      [
       116.35353858,
       39.98697515
      ],
      [
       116.35353811,
       39.98702468
      ],
      [
       116.35361211,
       39.98609995
      ]
     ]
    ]
   }
  },
  {
   "type": "Feature",
   "id": "GREEN-0084",
   "properties": {
    "layer": "GREEN_SPACE",
    "source_type": "agent_generated_design",
    "confidence": "medium",
    "geometry_role": "design_proposal",
    "land_use_code": "1401",
    "green_type_zh": "公园绿地",
    "name_zh": "口袋公园（300m服务半径）",
    "zone_id": "Z3",
    "key_area_id": null,
    "id": "GREEN-0084",
    "area_sqm_declared": 6010.622
   },
   "geometry": {
    "type": "Polygon",
    "coordinates": [
     [
      [
       116.35369511,
       39.9850627
      ],
      [
       116.35294071,
       39.98505849
      ],
      [
       116.35293245,
       39.98593405
      ],
      [
       116.35361936,
       39.98593788
      ],
      [
       116.35361859,
       39.98601894
      ],
      [
       116.35369511,
       39.9850627
      ]
     ]
    ]
   }
  },
  {
   "type": "Feature",
   "id": "GREEN-0085",
   "properties": {
    "layer": "GREEN_SPACE",
    "source_type": "agent_generated_design",
    "confidence": "medium",
    "geometry_role": "design_proposal",
    "land_use_code": "1401",
    "green_type_zh": "公园绿地",
    "name_zh": "口袋公园（300m服务半径）",
    "zone_id": "Z3",
    "key_area_id": null,
    "id": "GREEN-0085",
    "area_sqm_declared": 5951.251
   },
   "geometry": {
    "type": "Polygon",
    "coordinates": [
     [
      [
       116.34040591,
       39.9859445
      ],
      [
       116.34040669,
       39.98586345
      ],
      [
       116.34108457,
       39.9858673
      ],
      [
       116.34109298,
       39.98499175
      ],
      [
       116.34034418,
       39.98498749
      ],
      [
       116.34040591,
       39.9859445
      ]
     ]
    ]
   }
  },
  {
   "type": "Feature",
   "id": "GREEN-0086",
   "properties": {
    "layer": "GREEN_SPACE",
    "source_type": "agent_generated_design",
    "confidence": "medium",
    "geometry_role": "design_proposal",
    "land_use_code": "1401",
    "green_type_zh": "公园绿地",
    "name_zh": "口袋公园（300m服务半径）",
    "zone_id": "Z4",
    "key_area_id": null,
    "id": "GREEN-0086",
    "area_sqm_declared": 3715.345
   },
   "geometry": {
    "type": "Polygon",
    "coordinates": [
     [
      [
       116.34162899,
       39.98385801
      ],
      [
       116.34156886,
       39.98258341
      ],
      [
       116.34128316,
       39.98258178
      ],
      [
       116.34127498,
       39.98343396
      ],
      [
       116.34131868,
       39.98343421
      ],
      [
       116.34131462,
       39.98385622
      ],
      [
       116.34162899,
       39.98385801
      ]
     ]
    ]
   }
  },
  {
   "type": "Feature",
   "id": "GREEN-0087",
   "properties": {
    "layer": "GREEN_SPACE",
    "source_type": "agent_generated_design",
    "confidence": "medium",
    "geometry_role": "design_proposal",
    "land_use_code": "1401",
    "green_type_zh": "公园绿地",
    "name_zh": "口袋公园（300m服务半径）",
    "zone_id": "Z4",
    "key_area_id": null,
    "id": "GREEN-0087",
    "area_sqm_declared": 10898.189
   },
   "geometry": {
    "type": "Polygon",
    "coordinates": [
     [
      [
       116.3525178,
       39.98248297
      ],
      [
       116.35347952,
       39.98248834
      ],
      [
       116.35349118,
       39.98125133
      ],
      [
       116.35259528,
       39.98124633
      ],
      [
       116.35259108,
       39.98131335
      ],
      [
       116.3525178,
       39.98248297
      ]
     ]
    ]
   }
  },
  {
   "type": "Feature",
   "id": "GREEN-0088",
   "properties": {
    "layer": "GREEN_SPACE",
    "source_type": "agent_generated_design",
    "confidence": "medium",
    "geometry_role": "design_proposal",
    "land_use_code": "1401",
    "green_type_zh": "公园绿地",
    "name_zh": "京张遗址公园主脉绿地",
    "zone_id": "Z4",
    "key_area_id": null,
    "id": "GREEN-0088",
    "area_sqm_declared": 2109.801
   },
   "geometry": {
    "type": "Polygon",
    "coordinates": [
     [
      [
       116.34728852,
       39.98121657
      ],
      [
       116.34710761,
       39.98121555
      ],
      [
       116.34709985,
       39.98221984
      ],
      [
       116.34709805,
       39.98245257
      ],
      [
       116.34727675,
       39.98245358
      ],
      [
       116.34728852,
       39.98121657
      ]
     ]
    ]
   }
  },
  {
   "type": "Feature",
   "id": "GREEN-0089",
   "properties": {
    "layer": "GREEN_SPACE",
    "source_type": "agent_generated_design",
    "confidence": "medium",
    "geometry_role": "design_proposal",
    "land_use_code": "1401",
    "green_type_zh": "公园绿地",
    "name_zh": "口袋公园（300m服务半径）",
    "zone_id": "Z4",
    "key_area_id": null,
    "id": "GREEN-0089",
    "area_sqm_declared": 11051.983
   },
   "geometry": {
    "type": "Polygon",
    "coordinates": [
     [
      [
       116.34018337,
       39.98249447
      ],
      [
       116.34018414,
       39.98241342
      ],
      [
       116.341074,
       39.98241848
      ],
      [
       116.34108588,
       39.98118147
      ],
      [
       116.34009831,
       39.98117586
      ],
      [
       116.34018337,
       39.98249447
      ]
     ]
    ]
   }
  },
  {
   "type": "Feature",
   "id": "GREEN-0090",
   "properties": {
    "layer": "GREEN_SPACE",
    "source_type": "agent_generated_design",
    "confidence": "medium",
    "geometry_role": "design_proposal",
    "land_use_code": "1401",
    "green_type_zh": "公园绿地",
    "name_zh": "京张遗址公园主脉绿地",
    "zone_id": "Z4",
    "key_area_id": null,
    "id": "GREEN-0090",
    "area_sqm_declared": 3409.839
   },
   "geometry": {
    "type": "Polygon",
    "coordinates": [
     [
      [
       116.34731103,
       39.97885125
      ],
      [
       116.34712588,
       39.97885021
      ],
      [
       116.34711376,
       39.98041869
      ],
      [
       116.34711074,
       39.98081029
      ],
      [
       116.34729238,
       39.98081131
      ],
      [
       116.34731103,
       39.97885125
      ]
     ]
    ]
   }
  },
  {
   "type": "Feature",
   "id": "GREEN-0091",
   "properties": {
    "layer": "GREEN_SPACE",
    "source_type": "agent_generated_design",
    "confidence": "medium",
    "geometry_role": "design_proposal",
    "land_use_code": "1401",
    "green_type_zh": "公园绿地",
    "name_zh": "口袋公园（300m服务半径）",
    "zone_id": "Z4",
    "key_area_id": null,
    "id": "GREEN-0091",
    "area_sqm_declared": 43265.318
   },
   "geometry": {
    "type": "Polygon",
    "coordinates": [
     [
      [
       116.34439709,
       39.97699977
      ],
      [
       116.3443805,
       39.97873564
      ],
      [
       116.34700958,
       39.97875048
      ],
      [
       116.34701757,
       39.97771644
      ],
      [
       116.34702299,
       39.97701459
      ],
      [
       116.34439709,
       39.97699977
      ]
     ]
    ]
   }
  },
  {
   "type": "Feature",
   "id": "GREEN-0092",
   "properties": {
    "layer": "GREEN_SPACE",
    "source_type": "agent_generated_design",
    "confidence": "medium",
    "geometry_role": "design_proposal",
    "land_use_code": "1401",
    "green_type_zh": "公园绿地",
    "name_zh": "京张遗址公园主脉绿地",
    "zone_id": "Z4",
    "key_area_id": null,
    "id": "GREEN-0092",
    "area_sqm_declared": 3077.326
   },
   "geometry": {
    "type": "Polygon",
    "coordinates": [
     [
      [
       116.34732849,
       39.97701631
      ],
      [
       116.34714005,
       39.97701525
      ],
      [
       116.34713463,
       39.97771697
      ],
      [
       116.34712664,
       39.97875114
      ],
      [
       116.34731197,
       39.97875219
      ],
      [
       116.34732849,
       39.97701631
      ]
     ]
    ]
   }
  },
  {
   "type": "Feature",
   "id": "GREEN-0093",
   "properties": {
    "layer": "GREEN_SPACE",
    "source_type": "agent_generated_design",
    "confidence": "medium",
    "geometry_role": "design_proposal",
    "land_use_code": "1401",
    "green_type_zh": "公园绿地",
    "name_zh": "京张遗址公园主脉绿地",
    "zone_id": "Z4",
    "key_area_id": null,
    "id": "GREEN-0093",
    "area_sqm_declared": 3129.208
   },
   "geometry": {
    "type": "Polygon",
    "coordinates": [
     [
      [
       116.34734654,
       39.97511834
      ],
      [
       116.3471558,
       39.97511726
      ],
      [
       116.34714854,
       39.97591585
      ],
      [
       116.3471413,
       39.97685315
      ],
      [
       116.34733003,
       39.97685421
      ],
      [
       116.34734654,
       39.97511834
      ]
     ]
    ]
   }
  },
  {
   "type": "Feature",
   "id": "GREEN-0094",
   "properties": {
    "layer": "GREEN_SPACE",
    "source_type": "agent_generated_design",
    "confidence": "medium",
    "geometry_role": "design_proposal",
    "land_use_code": "1401",
    "green_type_zh": "公园绿地",
    "name_zh": "口袋公园（300m服务半径）",
    "zone_id": "Z4",
    "key_area_id": null,
    "id": "GREEN-0094",
    "area_sqm_declared": 22648.833
   },
   "geometry": {
    "type": "Polygon",
    "coordinates": [
     [
      [
       116.33982207,
       39.97689275
      ],
      [
       116.33982285,
       39.9768117
      ],
      [
       116.34112778,
       39.97681912
      ],
      [
       116.34114445,
       39.97508325
      ],
      [
       116.33970484,
       39.97507506
      ],
      [
       116.33982207,
       39.97689275
      ]
     ]
    ]
   }
  },
  {
   "type": "Feature",
   "id": "GREEN-0095",
   "properties": {
    "layer": "GREEN_SPACE",
    "source_type": "agent_generated_design",
    "confidence": "medium",
    "geometry_role": "design_proposal",
    "land_use_code": "1401",
    "green_type_zh": "公园绿地",
    "name_zh": "京张遗址公园主脉绿地",
    "zone_id": "Z4",
    "key_area_id": null,
    "id": "GREEN-0095",
    "area_sqm_declared": 2192.083
   },
   "geometry": {
    "type": "Polygon",
    "coordinates": [
     [
      [
       116.34736135,
       39.97356177
      ],
      [
       116.34723514,
       39.97356106
      ],
      [
       116.34715673,
       39.97501608
      ],
      [
       116.34715671,
       39.9750182
      ],
      [
       116.34734748,
       39.97501927
      ],
      [
       116.34736135,
       39.97356177
      ]
     ]
    ]
   }
  },
  {
   "type": "Feature",
   "id": "GREEN-0096",
   "properties": {
    "layer": "GREEN_SPACE",
    "source_type": "agent_generated_design",
    "confidence": "medium",
    "geometry_role": "design_proposal",
    "land_use_code": "1401",
    "green_type_zh": "公园绿地",
    "name_zh": "京张遗址公园主脉绿地",
    "zone_id": "Z4",
    "key_area_id": null,
    "id": "GREEN-0096",
    "area_sqm_declared": 1149.409
   },
   "geometry": {
    "type": "Polygon",
    "coordinates": [
     [
      [
       116.34738175,
       39.97141694
      ],
      [
       116.34735068,
       39.97141676
      ],
      [
       116.34725697,
       39.9731559
      ],
      [
       116.3473652,
       39.97315651
      ],
      [
       116.34738175,
       39.97141694
      ]
     ]
    ]
   }
  },
  {
   "type": "Feature",
   "id": "GREEN-0097",
   "properties": {
    "layer": "GREEN_SPACE",
    "source_type": "agent_generated_design",
    "confidence": "medium",
    "geometry_role": "design_proposal",
    "land_use_code": "1401",
    "green_type_zh": "公园绿地",
    "name_zh": "口袋公园（300m服务半径）",
    "zone_id": "Z4",
    "key_area_id": null,
    "id": "GREEN-0097",
    "area_sqm_declared": 6439.068
   },
   "geometry": {
    "type": "Polygon",
    "coordinates": [
     [
      [
       116.35312104,
       39.97318878
      ],
      [
       116.35356713,
       39.97319127
      ],
      [
       116.35358351,
       39.97145169
      ],
      [
       116.35324924,
       39.97144983
      ],
      [
       116.35312104,
       39.97318878
      ]
     ]
    ]
   }
  },
  {
   "type": "Feature",
   "id": "GREEN-0098",
   "properties": {
    "layer": "GREEN_SPACE",
    "source_type": "agent_generated_design",
    "confidence": "medium",
    "geometry_role": "design_proposal",
    "land_use_code": "1401",
    "green_type_zh": "公园绿地",
    "name_zh": "口袋公园（300m服务半径）",
    "zone_id": "Z4",
    "key_area_id": null,
    "id": "GREEN-0098",
    "area_sqm_declared": 23022.511
   },
   "geometry": {
    "type": "Polygon",
    "coordinates": [
     [
      [
       116.33975244,
       39.9731134
      ],
      [
       116.34116329,
       39.97312143
      ],
      [
       116.34117999,
       39.97138186
      ],
      [
       116.33980225,
       39.97137402
      ],
      [
       116.33980303,
       39.97129297
      ],
      [
       116.33975244,
       39.9731134
      ]
     ]
    ]
   }
  },
  {
   "type": "Feature",
   "id": "GREEN-0099",
   "properties": {
    "layer": "GREEN_SPACE",
    "source_type": "agent_generated_design",
    "confidence": "medium",
    "geometry_role": "design_proposal",
    "land_use_code": "1401",
    "green_type_zh": "公园绿地",
    "name_zh": "口袋公园（300m服务半径）",
    "zone_id": "Z4",
    "key_area_id": null,
    "id": "GREEN-0099",
    "area_sqm_declared": 40943.989
   },
   "geometry": {
    "type": "Polygon",
    "coordinates": [
     [
      [
       116.34180288,
       39.97312506
      ],
      [
       116.34430521,
       39.97313924
      ],
      [
       116.34432183,
       39.97139967
      ],
      [
       116.34186211,
       39.97138573
      ],
      [
       116.34180288,
       39.97312506
      ]
     ]
    ]
   }
  },
  {
   "type": "Feature",
   "id": "GREEN-0100",
   "properties": {
    "layer": "GREEN_SPACE",
    "source_type": "agent_generated_design",
    "confidence": "medium",
    "geometry_role": "design_proposal",
    "land_use_code": "1401",
    "green_type_zh": "公园绿地",
    "name_zh": "口袋公园（300m服务半径）",
    "zone_id": "Z4",
    "key_area_id": null,
    "id": "GREEN-0100",
    "area_sqm_declared": 17490.303
   },
   "geometry": {
    "type": "Polygon",
    "coordinates": [
     [
      [
       116.35493523,
       39.96956114
      ],
      [
       116.35381207,
       39.96955488
      ],
      [
       116.35379573,
       39.97129076
      ],
      [
       116.35479072,
       39.97129631
      ],
      [
       116.35478996,
       39.97137736
      ],
      [
       116.35493523,
       39.96956114
      ]
     ]
    ]
   }
  },
  {
   "type": "Feature",
   "id": "GREEN-0101",
   "properties": {
    "layer": "GREEN_SPACE",
    "source_type": "agent_generated_design",
    "confidence": "medium",
    "geometry_role": "design_proposal",
    "land_use_code": "1401",
    "green_type_zh": "公园绿地",
    "name_zh": "口袋公园（300m服务半径）",
    "zone_id": "Z4",
    "key_area_id": null,
    "id": "GREEN-0101",
    "area_sqm_declared": 44907.866
   },
   "geometry": {
    "type": "Polygon",
    "coordinates": [
     [
      [
       116.34743414,
       39.96590696
      ],
      [
       116.34450322,
       39.96589042
      ],
      [
       116.34448779,
       39.96750538
      ],
      [
       116.34741879,
       39.96752192
      ],
      [
       116.34743414,
       39.96590696
      ]
     ]
    ]
   }
  },
  {
   "type": "Feature",
   "id": "GREEN-0102",
   "properties": {
    "layer": "GREEN_SPACE",
    "source_type": "agent_generated_design",
    "confidence": "medium",
    "geometry_role": "design_proposal",
    "land_use_code": "1401",
    "green_type_zh": "公园绿地",
    "name_zh": "口袋公园（300m服务半径）",
    "zone_id": "Z4",
    "key_area_id": null,
    "id": "GREEN-0102",
    "area_sqm_declared": 43383.895
   },
   "geometry": {
    "type": "Polygon",
    "coordinates": [
     [
      [
       116.34766931,
       39.965503
      ],
      [
       116.35057958,
       39.96551934
      ],
      [
       116.35059455,
       39.96393722
      ],
      [
       116.34771306,
       39.96392104
      ],
      [
       116.34770903,
       39.96421133
      ],
      [
       116.34769034,
       39.96511253
      ],
      [
       116.34766931,
       39.965503
      ]
     ]
    ]
   }
  },
  {
   "type": "Feature",
   "id": "GREEN-0103",
   "properties": {
    "layer": "GREEN_SPACE",
    "source_type": "agent_generated_design",
    "confidence": "medium",
    "geometry_role": "design_proposal",
    "land_use_code": "1401",
    "green_type_zh": "公园绿地",
    "name_zh": "口袋公园（300m服务半径）",
    "zone_id": "Z4",
    "key_area_id": null,
    "id": "GREEN-0103",
    "area_sqm_declared": 20180.86
   },
   "geometry": {
    "type": "Polygon",
    "coordinates": [
     [
      [
       116.34001185,
       39.96377839
      ],
      [
       116.34125291,
       39.96378544
      ],
      [
       116.34126957,
       39.96204957
      ],
      [
       116.34006155,
       39.9620427
      ],
      [
       116.34006233,
       39.96196165
      ],
      [
       116.34001185,
       39.96377839
      ]
     ]
    ]
   }
  },
  {
   "type": "Feature",
   "id": "GREEN-0104",
   "properties": {
    "layer": "GREEN_SPACE",
    "source_type": "agent_generated_design",
    "confidence": "medium",
    "geometry_role": "design_proposal",
    "land_use_code": "1401",
    "green_type_zh": "公园绿地",
    "name_zh": "口袋公园（300m服务半径）",
    "zone_id": "Z4",
    "key_area_id": null,
    "id": "GREEN-0104",
    "area_sqm_declared": 47250.22
   },
   "geometry": {
    "type": "Polygon",
    "coordinates": [
     [
      [
       116.3477408,
       39.96192405
      ],
      [
       116.35061344,
       39.96194018
      ],
      [
       116.35062986,
       39.9602043
      ],
      [
       116.34776491,
       39.96018821
      ],
      [
       116.3477408,
       39.96192405
      ]
     ]
    ]
   }
  },
  {
   "type": "Feature",
   "id": "GREEN-0105",
   "properties": {
    "layer": "GREEN_SPACE",
    "source_type": "agent_generated_design",
    "confidence": "medium",
    "geometry_role": "design_proposal",
    "land_use_code": "1401",
    "green_type_zh": "公园绿地",
    "name_zh": "口袋公园（300m服务半径）",
    "zone_id": "Z4",
    "key_area_id": null,
    "id": "GREEN-0105",
    "area_sqm_declared": 51039.241
   },
   "geometry": {
    "type": "Polygon",
    "coordinates": [
     [
      [
       116.34750691,
       39.95825213
      ],
      [
       116.34457631,
       39.9582356
      ],
      [
       116.34455879,
       39.96007106
      ],
      [
       116.34748947,
       39.96008759
      ],
      [
       116.34750691,
       39.95825213
      ]
     ]
    ]
   }
  },
  {
   "type": "Feature",
   "id": "GREEN-0106",
   "properties": {
    "layer": "GREEN_SPACE",
    "source_type": "agent_generated_design",
    "confidence": "medium",
    "geometry_role": "design_proposal",
    "land_use_code": "1401",
    "green_type_zh": "公园绿地",
    "name_zh": "口袋公园（300m服务半径）",
    "zone_id": "Z4",
    "key_area_id": null,
    "id": "GREEN-0106",
    "area_sqm_declared": 28237.566
   },
   "geometry": {
    "type": "Polygon",
    "coordinates": [
     [
      [
       116.34225578,
       39.95781718
      ],
      [
       116.34445146,
       39.95782962
      ],
      [
       116.34446446,
       39.95646799
      ],
      [
       116.34228905,
       39.95645567
      ],
      [
       116.34226419,
       39.95747302
      ],
      [
       116.34225578,
       39.95781718
      ]
     ]
    ]
   }
  },
  {
   "type": "Feature",
   "id": "GREEN-0107",
   "properties": {
    "layer": "GREEN_SPACE",
    "source_type": "agent_generated_design",
    "confidence": "medium",
    "geometry_role": "design_proposal",
    "land_use_code": "1401",
    "green_type_zh": "公园绿地",
    "name_zh": "口袋公园（300m服务半径）",
    "zone_id": "Z4",
    "key_area_id": null,
    "id": "GREEN-0107",
    "area_sqm_declared": 48270.186
   },
   "geometry": {
    "type": "Polygon",
    "coordinates": [
     [
      [
       116.34754174,
       39.95458727
      ],
      [
       116.3446113,
       39.95457074
      ],
      [
       116.34459473,
       39.95630662
      ],
      [
       116.34752525,
       39.95632315
      ],
      [
       116.34754174,
       39.95458727
      ]
     ]
    ]
   }
  },
  {
   "type": "Feature",
   "id": "GREEN-0108",
   "properties": {
    "layer": "GREEN_SPACE",
    "source_type": "agent_generated_design",
    "confidence": "medium",
    "geometry_role": "design_proposal",
    "land_use_code": "1401",
    "green_type_zh": "公园绿地",
    "name_zh": "口袋公园（300m服务半径）",
    "zone_id": "Z4",
    "key_area_id": null,
    "id": "GREEN-0108",
    "area_sqm_declared": 24950.792
   },
   "geometry": {
    "type": "Polygon",
    "coordinates": [
     [
      [
       116.35530002,
       39.95043785
      ],
      [
       116.35529811,
       39.95064048
      ],
      [
       116.35399016,
       39.9506332
      ],
      [
       116.35397141,
       39.95262612
      ],
      [
       116.35530002,
       39.95263352
      ],
      [
       116.35530002,
       39.95043785
      ]
     ]
    ]
   }
  },
  {
   "type": "Feature",
   "id": "GREEN-0109",
   "properties": {
    "layer": "GREEN_SPACE",
    "source_type": "agent_generated_design",
    "confidence": "medium",
    "geometry_role": "design_proposal",
    "land_use_code": "1401",
    "green_type_zh": "公园绿地",
    "name_zh": "口袋公园（300m服务半径）",
    "zone_id": "Z5",
    "key_area_id": "dazhongsi_ai_industry_cluster",
    "id": "GREEN-0109",
    "area_sqm_declared": 8622.587
   },
   "geometry": {
    "type": "Polygon",
    "coordinates": [
     [
      [
       116.34248479,
       39.94844554
      ],
      [
       116.34247544,
       39.9488283
      ],
      [
       116.34246391,
       39.94930034
      ],
      [
       116.34353312,
       39.9493064
      ],
      [
       116.34354129,
       39.94845153
      ],
      [
       116.34248479,
       39.94844554
      ]
     ]
    ]
   }
  },
  {
   "type": "Feature",
   "id": "GREEN-0110",
   "properties": {
    "layer": "GREEN_SPACE",
    "source_type": "agent_generated_design",
    "confidence": "medium",
    "geometry_role": "design_proposal",
    "land_use_code": "1401",
    "green_type_zh": "公园绿地",
    "name_zh": "口袋公园（300m服务半径）",
    "zone_id": "Z5",
    "key_area_id": "dazhongsi_ai_industry_cluster",
    "id": "GREEN-0110",
    "area_sqm_declared": 7628.948
   },
   "geometry": {
    "type": "Polygon",
    "coordinates": [
     [
      [
       116.35530001,
       39.94745095
      ],
      [
       116.35529955,
       39.94750048
      ],
      [
       116.35436368,
       39.94749528
      ],
      [
       116.35435565,
       39.94835015
      ],
      [
       116.35530002,
       39.94835541
      ],
      [
       116.35530001,
       39.94745095
      ]
     ]
    ]
   }
  },
  {
   "type": "Feature",
   "id": "GREEN-0111",
   "properties": {
    "layer": "GREEN_SPACE",
    "source_type": "agent_generated_design",
    "confidence": "medium",
    "geometry_role": "design_proposal",
    "land_use_code": "1401",
    "green_type_zh": "公园绿地",
    "name_zh": "口袋公园（300m服务半径）",
    "zone_id": "Z5",
    "key_area_id": "dazhongsi_ai_industry_cluster",
    "id": "GREEN-0111",
    "area_sqm_declared": 8594.473
   },
   "geometry": {
    "type": "Polygon",
    "coordinates": [
     [
      [
       116.35325703,
       39.94739004
      ],
      [
       116.35325988,
       39.94653514
      ],
      [
       116.35220312,
       39.94652924
      ],
      [
       116.35219506,
       39.94738411
      ],
      [
       116.35325703,
       39.94739004
      ]
     ]
    ]
   }
  },
  {
   "type": "Feature",
   "id": "GREEN-0112",
   "properties": {
    "layer": "GREEN_SPACE",
    "source_type": "agent_generated_design",
    "confidence": "medium",
    "geometry_role": "design_proposal",
    "land_use_code": "1401",
    "green_type_zh": "公园绿地",
    "name_zh": "口袋公园（300m服务半径）",
    "zone_id": "Z5",
    "key_area_id": "dazhongsi_ai_industry_cluster",
    "id": "GREEN-0112",
    "area_sqm_declared": 15892.548
   },
   "geometry": {
    "type": "Polygon",
    "coordinates": [
     [
      [
       116.34780915,
       39.94735952
      ],
      [
       116.34781727,
       39.94650465
      ],
      [
       116.34585836,
       39.94649361
      ],
      [
       116.34585021,
       39.94734848
      ],
      [
       116.34780915,
       39.94735952
      ]
     ]
    ]
   }
  },
  {
   "type": "Feature",
   "id": "GREEN-0113",
   "properties": {
    "layer": "GREEN_SPACE",
    "source_type": "agent_generated_design",
    "confidence": "medium",
    "geometry_role": "design_proposal",
    "land_use_code": "1401",
    "green_type_zh": "公园绿地",
    "name_zh": "口袋公园（300m服务半径）",
    "zone_id": "Z5",
    "key_area_id": "dazhongsi_ai_industry_cluster",
    "id": "GREEN-0113",
    "area_sqm_declared": 15799.159
   },
   "geometry": {
    "type": "Polygon",
    "coordinates": [
     [
      [
       116.34990642,
       39.94635427
      ],
      [
       116.34991452,
       39.94549939
      ],
      [
       116.34796902,
       39.94548847
      ],
      [
       116.34795914,
       39.94620029
      ],
      [
       116.34795715,
       39.94634332
      ],
      [
       116.34990642,
       39.94635427
      ]
     ]
    ]
   }
  },
  {
   "type": "Feature",
   "id": "GREEN-0114",
   "properties": {
    "layer": "GREEN_SPACE",
    "source_type": "agent_generated_design",
    "confidence": "medium",
    "geometry_role": "design_proposal",
    "land_use_code": "1401",
    "green_type_zh": "公园绿地",
    "name_zh": "口袋公园（300m服务半径）",
    "zone_id": "Z5",
    "key_area_id": "dazhongsi_ai_industry_cluster",
    "id": "GREEN-0114",
    "area_sqm_declared": 15892.548
   },
   "geometry": {
    "type": "Polygon",
    "coordinates": [
     [
      [
       116.34565838,
       39.94537638
      ],
      [
       116.34566652,
       39.94452151
      ],
      [
       116.34370767,
       39.94451044
      ],
      [
       116.3436995,
       39.94536531
      ],
      [
       116.34565838,
       39.94537638
      ]
     ]
    ]
   }
  },
  {
   "type": "Feature",
   "id": "GREEN-0115",
   "properties": {
    "layer": "GREEN_SPACE",
    "source_type": "agent_generated_design",
    "confidence": "medium",
    "geometry_role": "design_proposal",
    "land_use_code": "1401",
    "green_type_zh": "公园绿地",
    "name_zh": "口袋公园（300m服务半径）",
    "zone_id": "Z6",
    "key_area_id": null,
    "id": "GREEN-0115",
    "area_sqm_declared": 14644.02
   },
   "geometry": {
    "type": "Polygon",
    "coordinates": [
     [
      [
       116.35530001,
       39.94150083
      ],
      [
       116.35529954,
       39.94155037
      ],
      [
       116.35380303,
       39.94154203
      ],
      [
       116.35380016,
       39.94240426
      ],
      [
       116.3537996,
       39.94257161
      ],
      [
       116.35530001,
       39.94257996
      ],
      [
       116.35530001,
       39.94150083
      ]
     ]
    ]
   }
  },
  {
   "type": "Feature",
   "id": "GREEN-0116",
   "properties": {
    "layer": "GREEN_SPACE",
    "source_type": "agent_generated_design",
    "confidence": "medium",
    "geometry_role": "design_proposal",
    "land_use_code": "1401",
    "green_type_zh": "公园绿地",
    "name_zh": "口袋公园（300m服务半径）",
    "zone_id": "Z6",
    "key_area_id": null,
    "id": "GREEN-0116",
    "area_sqm_declared": 21789.24
   },
   "geometry": {
    "type": "Polygon",
    "coordinates": [
     [
      [
       116.3553,
       39.93983361
      ],
      [
       116.35529924,
       39.93991466
      ],
      [
       116.35380847,
       39.93990636
      ],
      [
       116.35380735,
       39.94024282
      ],
      [
       116.35380375,
       39.94132354
      ],
      [
       116.35380336,
       39.94144297
      ],
      [
       116.35530001,
       39.9414513
      ],
      [
       116.3553,
       39.93983361
      ]
     ]
    ]
   }
  },
  {
   "type": "Feature",
   "id": "GREEN-0117",
   "properties": {
    "layer": "GREEN_SPACE",
    "source_type": "agent_generated_design",
    "confidence": "medium",
    "geometry_role": "design_proposal",
    "land_use_code": "1401",
    "green_type_zh": "公园绿地",
    "name_zh": "京张遗址公园主脉绿地",
    "zone_id": "Z6",
    "key_area_id": null,
    "id": "GREEN-0117",
    "area_sqm_declared": 17524.074
   },
   "geometry": {
    "type": "Polygon",
    "coordinates": [
     [
      [
       116.35207144,
       39.93900016
      ],
      [
       116.35209371,
       39.93906165
      ],
      [
       116.34992115,
       39.93952791
      ],
      [
       116.3499193,
       39.93972251
      ],
      [
       116.35328253,
       39.93974132
      ],
      [
       116.35328446,
       39.93916105
      ],
      [
       116.35343905,
       39.93916136
      ],
      [
       116.35344056,
       39.9390001
      ],
      [
       116.35207144,
       39.93900016
      ]
     ]
    ]
   }
  },
  {
   "type": "Feature",
   "id": "GREEN-0118",
   "properties": {
    "layer": "GREEN_SPACE",
    "source_type": "agent_generated_design",
    "confidence": "medium",
    "geometry_role": "design_proposal",
    "land_use_code": "1402",
    "green_type_zh": "防护绿地",
    "name_zh": "环路防护绿地",
    "zone_id": "Z6",
    "key_area_id": null,
    "id": "GREEN-0118",
    "area_sqm_declared": 9684.862
   },
   "geometry": {
    "type": "Polygon",
    "coordinates": [
     [
      [
       116.3407,
       39.939
      ],
      [
       116.34068139,
       39.93967034
      ],
      [
       116.34217237,
       39.93967881
      ],
      [
       116.34218662,
       39.93909535
      ],
      [
       116.34234646,
       39.93909767
      ],
      [
       116.3423474,
       39.93900009
      ],
      [
       116.3407,
       39.939
      ]
     ]
    ]
   }
  },
  {
   "type": "Feature",
   "id": "GREEN-0119",
   "properties": {
    "layer": "GREEN_SPACE",
    "source_type": "agent_generated_design",
    "confidence": "medium",
    "geometry_role": "design_proposal",
    "land_use_code": "1402",
    "green_type_zh": "防护绿地",
    "name_zh": "环路防护绿地",
    "zone_id": "Z6",
    "key_area_id": null,
    "id": "GREEN-0119",
    "area_sqm_declared": 22205.242
   },
   "geometry": {
    "type": "Polygon",
    "coordinates": [
     [
      [
       116.3424527,
       39.9390001
      ],
      [
       116.34255799,
       39.93900069
      ],
      [
       116.34255703,
       39.93910072
      ],
      [
       116.34271301,
       39.93910297
      ],
      [
       116.34269887,
       39.9396818
      ],
      [
       116.34606575,
       39.93970084
      ],
      [
       116.34607242,
       39.93900021
      ],
      [
       116.3424527,
       39.9390001
      ]
     ]
    ]
   }
  },
  {
   "type": "Feature",
   "id": "GREEN-0120",
   "properties": {
    "layer": "GREEN_SPACE",
    "source_type": "agent_generated_design",
    "confidence": "medium",
    "geometry_role": "design_proposal",
    "land_use_code": "1402",
    "green_type_zh": "防护绿地",
    "name_zh": "环路防护绿地",
    "zone_id": "Z6",
    "key_area_id": null,
    "id": "GREEN-0120",
    "area_sqm_declared": 22465.195
   },
   "geometry": {
    "type": "Polygon",
    "coordinates": [
     [
      [
       116.34613677,
       39.93900021
      ],
      [
       116.34620111,
       39.93900058
      ],
      [
       116.34619444,
       39.93970157
      ],
      [
       116.3486128,
       39.93971518
      ],
      [
       116.349711,
       39.93947951
      ],
      [
       116.34971554,
       39.93900022
      ],
      [
       116.34613677,
       39.93900021
      ]
     ]
    ]
   }
  },
  {
   "type": "Feature",
   "id": "GREEN-0121",
   "properties": {
    "layer": "GREEN_SPACE",
    "source_type": "agent_generated_design",
    "confidence": "medium",
    "geometry_role": "design_proposal",
    "land_use_code": "1402",
    "green_type_zh": "防护绿地",
    "name_zh": "环路防护绿地",
    "zone_id": "Z6",
    "key_area_id": null,
    "id": "GREEN-0121",
    "area_sqm_declared": 10953.743
   },
   "geometry": {
    "type": "Polygon",
    "coordinates": [
     [
      [
       116.3553,
       39.939
      ],
      [
       116.35350491,
       39.9390001
      ],
      [
       116.35356926,
       39.93900046
      ],
      [
       116.35356774,
       39.93916161
      ],
      [
       116.35381094,
       39.93916209
      ],
      [
       116.35380901,
       39.93974426
      ],
      [
       116.3553,
       39.93975256
      ],
      [
       116.3553,
       39.939
      ]
     ]
    ]
   }
  },
  {
   "type": "Feature",
   "id": "GREEN-0122",
   "properties": {
    "layer": "GREEN_SPACE",
    "source_type": "agent_generated_design",
    "confidence": "medium",
    "geometry_role": "design_proposal",
    "land_use_code": "1401",
    "green_type_zh": "公园绿地",
    "name_zh": "京张遗址公园主脉绿地",
    "zone_id": "Z6",
    "key_area_id": null,
    "id": "GREEN-0122",
    "area_sqm_declared": 4157.377
   },
   "geometry": {
    "type": "Polygon",
    "coordinates": [
     [
      [
       116.34982084,
       39.93900022
      ],
      [
       116.34992613,
       39.93900081
      ],
      [
       116.34992203,
       39.93943422
      ],
      [
       116.35194459,
       39.93900016
      ],
      [
       116.34982084,
       39.93900022
      ]
     ]
    ]
   }
  }
 ]
}
