{
  "type": "FeatureCollection",
  "name": "roads",
  "description_zh": "现状道路走廊示意 + 方案慢行回路；现状线位仅用于粗略定位，不代表道路红线或线形结论。",
  "features": [
    {
      "type": "Feature",
      "id": "ROAD-001",
      "properties": {
        "layer": "EXISTING_PRIMARY_ROAD",
        "name_zh": "北五环路走廊（示意）",
        "source_type": "agent_inferred_from_public_data",
        "confidence": "low",
        "geometry_role": "existing_condition",
        "source_id": "DATA-SRC-PROVISIONAL-BOUNDARIES-20260605",
        "design_note": "依据公开道路名称粗略定位的现状道路走廊示意；道路名称仅用于粗略定位，不代表道路红线、线形、断面或权属边界，本方案不给出道路线形结论。",
        "usage_note": "承自 provisional_boundaries.geojson 的临时粗略边界；不得作为 official redline、审批依据或精确面积复算依据，官方红线发布后须整包复算。",
        "road_class": "arterial",
        "id": "ROAD-001",
        "length_m_declared": 1075.594
      },
      "geometry": {
        "type": "LineString",
        "coordinates": [
          [
            116.3426655189,
            40.0257933147
          ],
          [
            116.3552651402,
            40.0258641029
          ]
        ]
      }
    },
    {
      "type": "Feature",
      "id": "ROAD-002",
      "properties": {
        "layer": "EXISTING_PRIMARY_ROAD",
        "name_zh": "清河中街走廊（示意）",
        "source_type": "agent_inferred_from_public_data",
        "confidence": "low",
        "geometry_role": "existing_condition",
        "source_id": "DATA-SRC-PROVISIONAL-BOUNDARIES-20260605",
        "design_note": "依据公开道路名称粗略定位的现状道路走廊示意；道路名称仅用于粗略定位，不代表道路红线、线形、断面或权属边界，本方案不给出道路线形结论。",
        "usage_note": "承自 provisional_boundaries.geojson 的临时粗略边界；不得作为 official redline、审批依据或精确面积复算依据，官方红线发布后须整包复算。",
        "road_class": "arterial",
        "id": "ROAD-002",
        "length_m_declared": 1068.942
      },
      "geometry": {
        "type": "LineString",
        "coordinates": [
          [
            116.3420150976,
            40.0124606469
          ],
          [
            116.3545343557,
            40.0125310526
          ]
        ]
      }
    },
    {
      "type": "Feature",
      "id": "ROAD-003",
      "properties": {
        "layer": "EXISTING_PRIMARY_ROAD",
        "name_zh": "北四环中路走廊（示意）",
        "source_type": "agent_inferred_from_public_data",
        "confidence": "low",
        "geometry_role": "existing_condition",
        "source_id": "DATA-SRC-PROVISIONAL-BOUNDARIES-20260605",
        "design_note": "依据公开道路名称粗略定位的现状道路走廊示意；道路名称仅用于粗略定位，不代表道路红线、线形、断面或权属边界，本方案不给出道路线形结论。",
        "usage_note": "承自 provisional_boundaries.geojson 的临时粗略边界；不得作为 official redline、审批依据或精确面积复算依据，官方红线发布后须整包复算。",
        "road_class": "arterial",
        "id": "ROAD-003",
        "length_m_declared": 1198.916
      },
      "geometry": {
        "type": "LineString",
        "coordinates": [
          [
            116.3400387631,
            39.980252603
          ],
          [
            116.3540736556,
            39.9803316645
          ]
        ]
      }
    },
    {
      "type": "Feature",
      "id": "ROAD-004",
      "properties": {
        "layer": "EXISTING_PRIMARY_ROAD",
        "name_zh": "学院南路走廊（示意）",
        "source_type": "agent_inferred_from_public_data",
        "confidence": "low",
        "geometry_role": "existing_condition",
        "source_id": "DATA-SRC-PROVISIONAL-BOUNDARIES-20260605",
        "design_note": "依据公开道路名称粗略定位的现状道路走廊示意；道路名称仅用于粗略定位，不代表道路红线、线形、断面或权属边界，本方案不给出道路线形结论。",
        "usage_note": "承自 provisional_boundaries.geojson 的临时粗略边界；不得作为 official redline、审批依据或精确面积复算依据，官方红线发布后须整包复算。",
        "road_class": "arterial",
        "id": "ROAD-004",
        "length_m_declared": 1293.118
      },
      "geometry": {
        "type": "LineString",
        "coordinates": [
          [
            116.3398819402,
            39.9684536753
          ],
          [
            116.3550169866,
            39.9685388768
          ]
        ]
      }
    },
    {
      "type": "Feature",
      "id": "ROAD-005",
      "properties": {
        "layer": "EXISTING_PRIMARY_ROAD",
        "name_zh": "北三环西路走廊（示意）",
        "source_type": "agent_inferred_from_public_data",
        "confidence": "low",
        "geometry_role": "existing_condition",
        "source_id": "DATA-SRC-PROVISIONAL-BOUNDARIES-20260605",
        "design_note": "依据公开道路名称粗略定位的现状道路走廊示意；道路名称仅用于粗略定位，不代表道路红线、线形、断面或权属边界，本方案不给出道路线形结论。",
        "usage_note": "承自 provisional_boundaries.geojson 的临时粗略边界；不得作为 official redline、审批依据或精确面积复算依据，官方红线发布后须整包复算。",
        "road_class": "arterial",
        "id": "ROAD-005",
        "length_m_declared": 1307.119
      },
      "geometry": {
        "type": "LineString",
        "coordinates": [
          [
            116.3400020439,
            39.9641314093
          ],
          [
            116.3553000019,
            39.9642174989
          ]
        ]
      }
    },
    {
      "type": "Feature",
      "id": "ROAD-006",
      "properties": {
        "layer": "EXISTING_PRIMARY_ROAD",
        "name_zh": "西直门外大街走廊（示意）",
        "source_type": "agent_inferred_from_public_data",
        "confidence": "low",
        "geometry_role": "existing_condition",
        "source_id": "DATA-SRC-PROVISIONAL-BOUNDARIES-20260605",
        "design_note": "依据公开道路名称粗略定位的现状道路走廊示意；道路名称仅用于粗略定位，不代表道路红线、线形、断面或权属边界，本方案不给出道路线形结论。",
        "usage_note": "承自 provisional_boundaries.geojson 的临时粗略边界；不得作为 official redline、审批依据或精确面积复算依据，官方红线发布后须整包复算。",
        "road_class": "arterial",
        "id": "ROAD-006",
        "length_m_declared": 1248.807
      },
      "geometry": {
        "type": "LineString",
        "coordinates": [
          [
            116.3406897744,
            39.9393683599
          ],
          [
            116.3553000011,
            39.9394505236
          ]
        ]
      }
    },
    {
      "type": "Feature",
      "id": "ROAD-007",
      "properties": {
        "layer": "EXISTING_PRIMARY_ROAD",
        "name_zh": "学院路—西土城路走廊（示意）",
        "source_type": "agent_inferred_from_public_data",
        "confidence": "low",
        "geometry_role": "existing_condition",
        "source_id": "DATA-SRC-PROVISIONAL-BOUNDARIES-20260605",
        "design_note": "依据公开道路名称粗略定位的现状道路走廊示意；道路名称仅用于粗略定位，不代表道路红线、线形、断面或权属边界，本方案不给出道路线形结论。",
        "usage_note": "承自 provisional_boundaries.geojson 的临时粗略边界；不得作为 official redline、审批依据或精确面积复算依据，官方红线发布后须整包复算。",
        "road_class": "arterial",
        "id": "ROAD-007",
        "length_m_declared": 9744.12
      },
      "geometry": {
        "type": "LineString",
        "coordinates": [
          [
            116.3535008735,
            39.9390000993
          ],
          [
            116.3531122314,
            39.9391679356
          ],
          [
            116.3531122208,
            39.9395281832
          ],
          [
            116.3531122102,
            39.9398884307
          ],
          [
            116.3531121995,
            39.9402486783
          ],
          [
            116.3531121888,
            39.9406089258
          ],
          [
            116.3531121781,
            39.9409691733
          ],
          [
            116.3531121673,
            39.9413294208
          ],
          [
            116.3531121565,
            39.9416896683
          ],
          [
            116.3531121457,
            39.9420499157
          ],
          [
            116.3531121349,
            39.9424101631
          ],
          [
            116.353112124,
            39.9427704105
          ],
          [
            116.3531121131,
            39.9431306579
          ],
          [
            116.3531121022,
            39.9434909052
          ],
          [
            116.3531120913,
            39.9438511526
          ],
          [
            116.3531120803,
            39.9442113999
          ],
          [
            116.3531120694,
            39.9445716472
          ],
          [
            116.3531120583,
            39.9449318944
          ],
          [
            116.3531120473,
            39.9452921417
          ],
          [
            116.3531120362,
            39.9456523889
          ],
          [
            116.3531120252,
            39.9460126361
          ],
          [
            116.353112014,
            39.9463728832
          ],
          [
            116.3531120029,
            39.9467331304
          ],
          [
            116.3531119917,
            39.9470933775
          ],
          [
            116.3531119806,
            39.9474536246
          ],
          [
            116.3531119693,
            39.9478138717
          ],
          [
            116.3531119581,
            39.9481741188
          ],
          [
            116.3531119468,
            39.9485343658
          ],
          [
            116.3531119355,
            39.9488946128
          ],
          [
            116.3531119242,
            39.9492548598
          ],
          [
            116.3531119129,
            39.9496151068
          ],
          [
            116.3531119015,
            39.9499753537
          ],
          [
            116.3531118901,
            39.9503356006
          ],
          [
            116.3531118787,
            39.9506958475
          ],
          [
            116.3531118672,
            39.9510560944
          ],
          [
            116.3531118558,
            39.9514163413
          ],
          [
            116.3531118443,
            39.9517765881
          ],
          [
            116.3531118328,
            39.9521368349
          ],
          [
            116.3531118212,
            39.9524970817
          ],
          [
            116.3531118096,
            39.9528573285
          ],
          [
            116.353111798,
            39.9532175752
          ],
          [
            116.3531117864,
            39.953577822
          ],
          [
            116.3531117748,
            39.9539380687
          ],
          [
            116.3531117631,
            39.9542983154
          ],
          [
            116.3531117514,
            39.954658562
          ],
          [
            116.3531117397,
            39.9550188086
          ],
          [
            116.3531117279,
            39.9553790553
          ],
          [
            116.3531117161,
            39.9557393019
          ],
          [
            116.3531117043,
            39.9560995484
          ],
          [
            116.3531116925,
            39.956459795
          ],
          [
            116.3531116806,
            39.9568200415
          ],
          [
            116.3531116688,
            39.957180288
          ],
          [
            116.3531116569,
            39.9575405345
          ],
          [
            116.3531116449,
            39.9579007809
          ],
          [
            116.353111633,
            39.9582610274
          ],
          [
            116.353111621,
            39.9586212738
          ],
          [
            116.353111609,
            39.9589815202
          ],
          [
            116.3531115969,
            39.9593417665
          ],
          [
            116.3531115849,
            39.9597020129
          ],
          [
            116.3531115728,
            39.9600622592
          ],
          [
            116.3531115607,
            39.9604225055
          ],
          [
            116.3531115485,
            39.9607827518
          ],
          [
            116.3531115364,
            39.961142998
          ],
          [
            116.3531115242,
            39.9615032443
          ],
          [
            116.353111512,
            39.9618634905
          ],
          [
            116.3531114997,
            39.9622237367
          ],
          [
            116.3531114875,
            39.9625839828
          ],
          [
            116.3531114752,
            39.962944229
          ],
          [
            116.3531114629,
            39.9633044751
          ],
          [
            116.3531114505,
            39.9636647212
          ],
          [
            116.3531114382,
            39.9640249673
          ],
          [
            116.3531114258,
            39.9643852133
          ],
          [
            116.3531114133,
            39.9647454594
          ],
          [
            116.3531019772,
            39.9651056528
          ],
          [
            116.35307317,
            39.9654657381
          ],
          [
            116.3530443625,
            39.9658258234
          ],
          [
            116.3530155546,
            39.9661859086
          ],
          [
            116.3529867465,
            39.9665459938
          ],
          [
            116.352957938,
            39.966906079
          ],
          [
            116.3529291292,
            39.9672661641
          ],
          [
            116.35290032,
            39.9676262492
          ],
          [
            116.3528715105,
            39.9679863343
          ],
          [
            116.3528427007,
            39.9683464193
          ],
          [
            116.3528138906,
            39.9687065043
          ],
          [
            116.3527850801,
            39.9690665893
          ],
          [
            116.3527562693,
            39.9694266742
          ],
          [
            116.3527274582,
            39.9697867591
          ],
          [
            116.3526986468,
            39.970146844
          ],
          [
            116.352669835,
            39.9705069289
          ],
          [
            116.3526410229,
            39.9708670137
          ],
          [
            116.3526122105,
            39.9712270985
          ],
          [
            116.3525833977,
            39.9715871832
          ],
          [
            116.3525545846,
            39.9719472679
          ],
          [
            116.3525257712,
            39.9723073526
          ],
          [
            116.3524969575,
            39.9726674373
          ],
          [
            116.3524681434,
            39.9730275219
          ],
          [
            116.352439329,
            39.9733876065
          ],
          [
            116.3524105143,
            39.9737476911
          ],
          [
            116.3523816992,
            39.9741077756
          ],
          [
            116.3523528839,
            39.9744678601
          ],
          [
            116.3523240681,
            39.9748279446
          ],
          [
            116.3522952521,
            39.975188029
          ],
          [
            116.3522664358,
            39.9755481134
          ],
          [
            116.3522376191,
            39.9759081978
          ],
          [
            116.352208802,
            39.9762682821
          ],
          [
            116.3521799847,
            39.9766283664
          ],
          [
            116.352151167,
            39.9769884507
          ],
          [
            116.352122349,
            39.9773485349
          ],
          [
            116.3520935307,
            39.9777086191
          ],
          [
            116.352064712,
            39.9780687033
          ],
          [
            116.352035893,
            39.9784287875
          ],
          [
            116.3520070737,
            39.9787888716
          ],
          [
            116.3519782541,
            39.9791489557
          ],
          [
            116.3519494341,
            39.9795090397
          ],
          [
            116.3519206138,
            39.9798691237
          ],
          [
            116.3518917932,
            39.9802292077
          ],
          [
            116.3518629722,
            39.9805892917
          ],
          [
            116.351834151,
            39.9809493756
          ],
          [
            116.3518053294,
            39.9813094595
          ],
          [
            116.3517765074,
            39.9816695434
          ],
          [
            116.3517476852,
            39.9820296272
          ],
          [
            116.3517188626,
            39.982389711
          ],
          [
            116.3516900396,
            39.9827497948
          ],
          [
            116.3516612164,
            39.9831098785
          ],
          [
            116.3516323928,
            39.9834699622
          ],
          [
            116.3516035689,
            39.9838300459
          ],
          [
            116.3515747447,
            39.9841901295
          ],
          [
            116.3515459201,
            39.9845502131
          ],
          [
            116.3515170952,
            39.9849102967
          ],
          [
            116.35148827,
            39.9852703802
          ],
          [
            116.3514594445,
            39.9856304637
          ],
          [
            116.3514306186,
            39.9859905472
          ],
          [
            116.3514017924,
            39.9863506307
          ],
          [
            116.3513729658,
            39.9867107141
          ],
          [
            116.351344139,
            39.9870707974
          ],
          [
            116.3513153118,
            39.9874308808
          ],
          [
            116.3512864843,
            39.9877909641
          ],
          [
            116.3512576564,
            39.9881510474
          ],
          [
            116.3512288283,
            39.9885111307
          ],
          [
            116.3511999998,
            39.9888712139
          ],
          [
            116.3511711709,
            39.9892312971
          ],
          [
            116.3511423418,
            39.9895913802
          ],
          [
            116.3511135123,
            39.9899514634
          ],
          [
            116.3511283428,
            39.9903117909
          ],
          [
            116.3511480677,
            39.9906721458
          ],
          [
            116.3511677928,
            39.9910325007
          ],
          [
            116.3511875181,
            39.9913928555
          ],
          [
            116.3512072436,
            39.9917532104
          ],
          [
            116.3512269693,
            39.9921135652
          ],
          [
            116.3512466951,
            39.99247392
          ],
          [
            116.3512664212,
            39.9928342747
          ],
          [
            116.3512861474,
            39.9931946295
          ],
          [
            116.3513058738,
            39.9935549842
          ],
          [
            116.3513256003,
            39.9939153389
          ],
          [
            116.3513453271,
            39.9942756936
          ],
          [
            116.351365054,
            39.9946360482
          ],
          [
            116.3513847811,
            39.9949964028
          ],
          [
            116.3514045084,
            39.9953567574
          ],
          [
            116.3514242359,
            39.995717112
          ],
          [
            116.3514439636,
            39.9960774665
          ],
          [
            116.3514636914,
            39.9964378211
          ],
          [
            116.3514834195,
            39.9967981756
          ],
          [
            116.3515031477,
            39.99715853
          ],
          [
            116.3515228761,
            39.9975188845
          ],
          [
            116.3515426046,
            39.9978792389
          ],
          [
            116.3515623334,
            39.9982395933
          ],
          [
            116.3515820623,
            39.9985999477
          ],
          [
            116.3516017915,
            39.9989603021
          ],
          [
            116.3516215208,
            39.9993206564
          ],
          [
            116.3516412502,
            39.9996810107
          ],
          [
            116.3516609799,
            40.000041365
          ],
          [
            116.3516807098,
            40.0004017193
          ],
          [
            116.3517004398,
            40.0007620735
          ],
          [
            116.35172017,
            40.0011224277
          ],
          [
            116.3517399004,
            40.0014827819
          ],
          [
            116.351759631,
            40.001843136
          ],
          [
            116.3517793617,
            40.0022034902
          ],
          [
            116.3517990927,
            40.0025638443
          ],
          [
            116.3518188238,
            40.0029241984
          ],
          [
            116.3518385551,
            40.0032845525
          ],
          [
            116.3518582866,
            40.0036449065
          ],
          [
            116.3518780182,
            40.0040052605
          ],
          [
            116.3518977501,
            40.0043656145
          ],
          [
            116.3519174821,
            40.0047259685
          ],
          [
            116.3519372143,
            40.0050863224
          ],
          [
            116.3519569467,
            40.0054466764
          ],
          [
            116.3519766793,
            40.0058070303
          ],
          [
            116.3519964121,
            40.0061673841
          ],
          [
            116.352016145,
            40.006527738
          ],
          [
            116.3520358781,
            40.0068880918
          ],
          [
            116.3520556114,
            40.0072484456
          ],
          [
            116.3520753449,
            40.0076087994
          ],
          [
            116.3520950786,
            40.0079691532
          ],
          [
            116.3521148124,
            40.0083295069
          ],
          [
            116.3521345465,
            40.0086898606
          ],
          [
            116.3521542807,
            40.0090502143
          ],
          [
            116.3521740151,
            40.0094105679
          ],
          [
            116.3521937497,
            40.0097709216
          ],
          [
            116.3522134844,
            40.0101312752
          ],
          [
            116.3522332194,
            40.0104916288
          ],
          [
            116.3522529545,
            40.0108519823
          ],
          [
            116.3522726898,
            40.0112123359
          ],
          [
            116.3522924253,
            40.0115726894
          ],
          [
            116.352312161,
            40.0119330429
          ],
          [
            116.3523318968,
            40.0122933963
          ],
          [
            116.3523516329,
            40.0126537498
          ],
          [
            116.3523713691,
            40.0130141032
          ],
          [
            116.3523911055,
            40.0133744566
          ],
          [
            116.3524108421,
            40.01373481
          ],
          [
            116.3524305788,
            40.0140951633
          ],
          [
            116.3524503158,
            40.0144555166
          ],
          [
            116.3524700529,
            40.0148158699
          ],
          [
            116.3524897902,
            40.0151762232
          ],
          [
            116.3525095277,
            40.0155365765
          ],
          [
            116.3525292654,
            40.0158969297
          ],
          [
            116.3525490032,
            40.0162572829
          ],
          [
            116.3525687413,
            40.0166176361
          ],
          [
            116.3525884795,
            40.0169779892
          ],
          [
            116.3526082179,
            40.0173383424
          ],
          [
            116.3526279565,
            40.0176986955
          ],
          [
            116.3526476953,
            40.0180590485
          ],
          [
            116.3526674342,
            40.0184194016
          ],
          [
            116.3526871733,
            40.0187797546
          ],
          [
            116.3527069127,
            40.0191401076
          ],
          [
            116.3527266522,
            40.0195004606
          ],
          [
            116.3527463918,
            40.0198608136
          ],
          [
            116.3527661317,
            40.0202211665
          ],
          [
            116.3527858717,
            40.0205815194
          ],
          [
            116.352805612,
            40.0209418723
          ],
          [
            116.3528253524,
            40.0213022252
          ],
          [
            116.352845093,
            40.021662578
          ],
          [
            116.3528648337,
            40.0220229309
          ],
          [
            116.3528845747,
            40.0223832836
          ],
          [
            116.3529043158,
            40.0227436364
          ],
          [
            116.3529240572,
            40.0231039892
          ],
          [
            116.3529437987,
            40.0234643419
          ],
          [
            116.3529635403,
            40.0238246946
          ],
          [
            116.3529832822,
            40.0241850473
          ],
          [
            116.3530030243,
            40.0245453999
          ],
          [
            116.3530227665,
            40.0249057525
          ],
          [
            116.3530425089,
            40.0252661051
          ],
          [
            116.3530622515,
            40.0256264577
          ],
          [
            116.3530819943,
            40.0259868103
          ],
          [
            116.3531017372,
            40.0263471628
          ],
          [
            116.3531041272,
            40.0265000986
          ]
        ]
      }
    },
    {
      "type": "Feature",
      "id": "ROAD-008",
      "properties": {
        "layer": "EXISTING_PRIMARY_ROAD",
        "name_zh": "大钟寺东路—荷清路走廊（示意）",
        "source_type": "agent_inferred_from_public_data",
        "confidence": "low",
        "geometry_role": "existing_condition",
        "source_id": "DATA-SRC-PROVISIONAL-BOUNDARIES-20260605",
        "design_note": "依据公开道路名称粗略定位的现状道路走廊示意；道路名称仅用于粗略定位，不代表道路红线、线形、断面或权属边界，本方案不给出道路线形结论。",
        "usage_note": "承自 provisional_boundaries.geojson 的临时粗略边界；不得作为 official redline、审批依据或精确面积复算依据，官方红线发布后须整包复算。",
        "road_class": "arterial",
        "id": "ROAD-008",
        "length_m_declared": 9751.38
      },
      "geometry": {
        "type": "LineString",
        "coordinates": [
          [
            116.3410322161,
            39.9390000204
          ],
          [
            116.3412120454,
            39.939100927
          ],
          [
            116.3412020493,
            39.9394611177
          ],
          [
            116.3411920531,
            39.9398213084
          ],
          [
            116.3411820567,
            39.940181499
          ],
          [
            116.3411720602,
            39.9405416897
          ],
          [
            116.3411620636,
            39.9409018803
          ],
          [
            116.3411520669,
            39.9412620709
          ],
          [
            116.34114207,
            39.9416222614
          ],
          [
            116.341132073,
            39.941982452
          ],
          [
            116.3411220758,
            39.9423426425
          ],
          [
            116.3411120786,
            39.942702833
          ],
          [
            116.3411020812,
            39.9430630234
          ],
          [
            116.3410920836,
            39.9434232139
          ],
          [
            116.341082086,
            39.9437834043
          ],
          [
            116.3410720882,
            39.9441435947
          ],
          [
            116.3410620903,
            39.9445037851
          ],
          [
            116.3410520922,
            39.9448639754
          ],
          [
            116.341042094,
            39.9452241657
          ],
          [
            116.3410320957,
            39.945584356
          ],
          [
            116.3410220972,
            39.9459445463
          ],
          [
            116.3410120987,
            39.9463047366
          ],
          [
            116.3410021,
            39.9466649268
          ],
          [
            116.3409921011,
            39.947025117
          ],
          [
            116.3409821021,
            39.9473853072
          ],
          [
            116.340972103,
            39.9477454973
          ],
          [
            116.3409621038,
            39.9481056875
          ],
          [
            116.3409521044,
            39.9484658776
          ],
          [
            116.3409421049,
            39.9488260676
          ],
          [
            116.3409321053,
            39.9491862577
          ],
          [
            116.3409221056,
            39.9495464477
          ],
          [
            116.3409121057,
            39.9499066377
          ],
          [
            116.3409021057,
            39.9502668277
          ],
          [
            116.3408921055,
            39.9506270177
          ],
          [
            116.3408821052,
            39.9509872076
          ],
          [
            116.3408721048,
            39.9513473975
          ],
          [
            116.3408621043,
            39.9517075874
          ],
          [
            116.3408521036,
            39.9520677773
          ],
          [
            116.3408421028,
            39.9524279671
          ],
          [
            116.3408321019,
            39.952788157
          ],
          [
            116.3408221008,
            39.9531483467
          ],
          [
            116.3408120996,
            39.9535085365
          ],
          [
            116.3408020983,
            39.9538687263
          ],
          [
            116.3407920968,
            39.954228916
          ],
          [
            116.3407820952,
            39.9545891057
          ],
          [
            116.3407720935,
            39.9549492954
          ],
          [
            116.3407620917,
            39.955309485
          ],
          [
            116.3407520897,
            39.9556696746
          ],
          [
            116.3407420876,
            39.9560298642
          ],
          [
            116.3407320853,
            39.9563900538
          ],
          [
            116.3407220829,
            39.9567502434
          ],
          [
            116.3407120804,
            39.9571104329
          ],
          [
            116.3407020778,
            39.9574706224
          ],
          [
            116.340692075,
            39.9578308119
          ],
          [
            116.3406820721,
            39.9581910013
          ],
          [
            116.3406720691,
            39.9585511908
          ],
          [
            116.3406620659,
            39.9589113802
          ],
          [
            116.3406520627,
            39.9592715696
          ],
          [
            116.3406420592,
            39.9596317589
          ],
          [
            116.3406320557,
            39.9599919483
          ],
          [
            116.340622052,
            39.9603521376
          ],
          [
            116.3406120482,
            39.9607123269
          ],
          [
            116.3406020442,
            39.9610725161
          ],
          [
            116.3405920402,
            39.9614327054
          ],
          [
            116.340582036,
            39.9617928946
          ],
          [
            116.3405720316,
            39.9621530838
          ],
          [
            116.3405620272,
            39.962513273
          ],
          [
            116.3405520226,
            39.9628734621
          ],
          [
            116.3405420178,
            39.9632336512
          ],
          [
            116.340532013,
            39.9635938403
          ],
          [
            116.340522008,
            39.9639540294
          ],
          [
            116.3405120028,
            39.9643142184
          ],
          [
            116.3405019976,
            39.9646744075
          ],
          [
            116.3404919922,
            39.9650345965
          ],
          [
            116.3404819867,
            39.9653947854
          ],
          [
            116.340471981,
            39.9657549744
          ],
          [
            116.3404619753,
            39.9661151633
          ],
          [
            116.3404519694,
            39.9664753522
          ],
          [
            116.3404419633,
            39.9668355411
          ],
          [
            116.3404319571,
            39.96719573
          ],
          [
            116.3404219508,
            39.9675559188
          ],
          [
            116.3404119444,
            39.9679161076
          ],
          [
            116.3404019378,
            39.9682762964
          ],
          [
            116.3403919311,
            39.9686364852
          ],
          [
            116.3403819243,
            39.9689966739
          ],
          [
            116.3403719174,
            39.9693568626
          ],
          [
            116.3403619103,
            39.9697170513
          ],
          [
            116.3403519031,
            39.97007724
          ],
          [
            116.3403418957,
            39.9704374286
          ],
          [
            116.3403318882,
            39.9707976172
          ],
          [
            116.3403218806,
            39.9711578058
          ],
          [
            116.3403118729,
            39.9715179944
          ],
          [
            116.340301865,
            39.9718781829
          ],
          [
            116.340291857,
            39.9722383714
          ],
          [
            116.3402818488,
            39.9725985599
          ],
          [
            116.3402718406,
            39.9729587484
          ],
          [
            116.3402618322,
            39.9733189369
          ],
          [
            116.3402518237,
            39.9736791253
          ],
          [
            116.340241815,
            39.9740393137
          ],
          [
            116.3402318062,
            39.9743995021
          ],
          [
            116.3402217973,
            39.9747596904
          ],
          [
            116.3402225845,
            39.9751199402
          ],
          [
            116.3402458281,
            39.9754803178
          ],
          [
            116.3402690719,
            39.9758406953
          ],
          [
            116.3402923159,
            39.9762010729
          ],
          [
            116.3403155601,
            39.9765614504
          ],
          [
            116.3403388046,
            39.9769218278
          ],
          [
            116.3403620493,
            39.9772822053
          ],
          [
            116.3403852941,
            39.9776425827
          ],
          [
            116.3404085393,
            39.9780029601
          ],
          [
            116.3404317846,
            39.9783633375
          ],
          [
            116.3404550301,
            39.9787237149
          ],
          [
            116.3404782759,
            39.9790840922
          ],
          [
            116.3405015219,
            39.9794444695
          ],
          [
            116.3405247681,
            39.9798048468
          ],
          [
            116.3405480145,
            39.980165224
          ],
          [
            116.3405712611,
            39.9805256013
          ],
          [
            116.340594508,
            39.9808859785
          ],
          [
            116.3406177551,
            39.9812463556
          ],
          [
            116.3406410024,
            39.9816067328
          ],
          [
            116.3406642499,
            39.9819671099
          ],
          [
            116.3406874976,
            39.982327487
          ],
          [
            116.3407107455,
            39.9826878641
          ],
          [
            116.3407339937,
            39.9830482412
          ],
          [
            116.3407572421,
            39.9834086182
          ],
          [
            116.3407804907,
            39.9837689952
          ],
          [
            116.3408037395,
            39.9841293722
          ],
          [
            116.3408269886,
            39.9844897491
          ],
          [
            116.3408502378,
            39.984850126
          ],
          [
            116.3408734873,
            39.9852105029
          ],
          [
            116.340896737,
            39.9855708798
          ],
          [
            116.3409199869,
            39.9859312567
          ],
          [
            116.340943237,
            39.9862916335
          ],
          [
            116.3409664874,
            39.9866520103
          ],
          [
            116.340989738,
            39.9870123871
          ],
          [
            116.3410129887,
            39.9873727638
          ],
          [
            116.3410362398,
            39.9877331406
          ],
          [
            116.341059491,
            39.9880935173
          ],
          [
            116.3410827424,
            39.988453894
          ],
          [
            116.3411059941,
            39.9888142706
          ],
          [
            116.341129246,
            39.9891746472
          ],
          [
            116.3411524981,
            39.9895350238
          ],
          [
            116.3411757504,
            39.9898954004
          ],
          [
            116.3411990029,
            39.990255777
          ],
          [
            116.3412222557,
            39.9906161535
          ],
          [
            116.3412455086,
            39.99097653
          ],
          [
            116.3412687618,
            39.9913369065
          ],
          [
            116.3412920152,
            39.9916972829
          ],
          [
            116.3413152689,
            39.9920576594
          ],
          [
            116.3413385227,
            39.9924180358
          ],
          [
            116.3413617768,
            39.9927784121
          ],
          [
            116.3413850311,
            39.9931387885
          ],
          [
            116.3414082856,
            39.9934991648
          ],
          [
            116.3414315403,
            39.9938595411
          ],
          [
            116.3414547952,
            39.9942199174
          ],
          [
            116.3414780504,
            39.9945802937
          ],
          [
            116.3415013058,
            39.9949406699
          ],
          [
            116.3415245613,
            39.9953010461
          ],
          [
            116.3415478172,
            39.9956614223
          ],
          [
            116.3415710732,
            39.9960217984
          ],
          [
            116.3415943294,
            39.9963821746
          ],
          [
            116.3416175859,
            39.9967425507
          ],
          [
            116.3416408426,
            39.9971029267
          ],
          [
            116.3416640995,
            39.9974633028
          ],
          [
            116.3416873566,
            39.9978236788
          ],
          [
            116.341710614,
            39.9981840548
          ],
          [
            116.3417338715,
            39.9985444308
          ],
          [
            116.3417571293,
            39.9989048068
          ],
          [
            116.3417803873,
            39.9992651827
          ],
          [
            116.3418036455,
            39.9996255586
          ],
          [
            116.341826904,
            39.9999859345
          ],
          [
            116.3418501626,
            40.0003463103
          ],
          [
            116.3418734215,
            40.0007066861
          ],
          [
            116.3418966806,
            40.0010670619
          ],
          [
            116.3419199399,
            40.0014274377
          ],
          [
            116.3419431994,
            40.0017878135
          ],
          [
            116.3419664592,
            40.0021481892
          ],
          [
            116.3419897192,
            40.0025085649
          ],
          [
            116.3420129794,
            40.0028689406
          ],
          [
            116.3420362398,
            40.0032293162
          ],
          [
            116.3420595004,
            40.0035896919
          ],
          [
            116.3420827612,
            40.0039500675
          ],
          [
            116.3421060223,
            40.004310443
          ],
          [
            116.3421292836,
            40.0046708186
          ],
          [
            116.3421525451,
            40.0050311941
          ],
          [
            116.3421758068,
            40.0053915696
          ],
          [
            116.3421990687,
            40.0057519451
          ],
          [
            116.3422206048,
            40.0061123108
          ],
          [
            116.3422381808,
            40.0064726539
          ],
          [
            116.342255757,
            40.006832997
          ],
          [
            116.3422733333,
            40.0071933402
          ],
          [
            116.3422909098,
            40.0075536832
          ],
          [
            116.3423084864,
            40.0079140263
          ],
          [
            116.3423260632,
            40.0082743693
          ],
          [
            116.3423436402,
            40.0086347124
          ],
          [
            116.3423612173,
            40.0089950553
          ],
          [
            116.3423787946,
            40.0093553983
          ],
          [
            116.342396372,
            40.0097157412
          ],
          [
            116.3424139496,
            40.0100760842
          ],
          [
            116.3424315273,
            40.0104364271
          ],
          [
            116.3424491053,
            40.0107967699
          ],
          [
            116.3424666833,
            40.0111571128
          ],
          [
            116.3424842616,
            40.0115174556
          ],
          [
            116.3425018399,
            40.0118777984
          ],
          [
            116.3425194185,
            40.0122381412
          ],
          [
            116.3425369972,
            40.0125984839
          ],
          [
            116.3425545761,
            40.0129588267
          ],
          [
            116.3425721551,
            40.0133191694
          ],
          [
            116.3425897343,
            40.0136795121
          ],
          [
            116.3426073136,
            40.0140398547
          ],
          [
            116.3426248931,
            40.0144001974
          ],
          [
            116.3426424728,
            40.01476054
          ],
          [
            116.3426600526,
            40.0151208826
          ],
          [
            116.3426776326,
            40.0154812251
          ],
          [
            116.3426952127,
            40.0158415677
          ],
          [
            116.342712793,
            40.0162019102
          ],
          [
            116.3427303735,
            40.0165622527
          ],
          [
            116.3427479541,
            40.0169225952
          ],
          [
            116.3427655349,
            40.0172829376
          ],
          [
            116.3427831158,
            40.01764328
          ],
          [
            116.3428006969,
            40.0180036224
          ],
          [
            116.3428182781,
            40.0183639648
          ],
          [
            116.3428358596,
            40.0187243072
          ],
          [
            116.3428534411,
            40.0190846495
          ],
          [
            116.3428710229,
            40.0194449918
          ],
          [
            116.3428886047,
            40.0198053341
          ],
          [
            116.3429061868,
            40.0201656764
          ],
          [
            116.342923769,
            40.0205260186
          ],
          [
            116.3429413514,
            40.0208863608
          ],
          [
            116.3429589339,
            40.021246703
          ],
          [
            116.3429765166,
            40.0216070452
          ],
          [
            116.3429940994,
            40.0219673873
          ],
          [
            116.3430116824,
            40.0223277294
          ],
          [
            116.3430292656,
            40.0226880715
          ],
          [
            116.3430468489,
            40.0230484136
          ],
          [
            116.3430644324,
            40.0234087557
          ],
          [
            116.343082016,
            40.0237690977
          ],
          [
            116.3430995998,
            40.0241294397
          ],
          [
            116.3431171838,
            40.0244897817
          ],
          [
            116.3431347679,
            40.0248501236
          ],
          [
            116.3431523522,
            40.0252104656
          ],
          [
            116.3431699366,
            40.0255708075
          ],
          [
            116.3431875212,
            40.0259311493
          ],
          [
            116.343205106,
            40.0262914912
          ],
          [
            116.3426922693,
            40.0263415617
          ]
        ]
      }
    },
    {
      "type": "Feature",
      "id": "ROAD-009",
      "properties": {
        "layer": "EXISTING_RAIL",
        "name_zh": "京张铁路遗址走向（示意）",
        "source_type": "agent_inferred_from_public_data",
        "confidence": "low",
        "geometry_role": "existing_condition",
        "source_id": "DATA-SRC-PROVISIONAL-BOUNDARIES-20260605",
        "design_note": "京张铁路遗址走向的概念抽象线；不代表铁路线位、轨道线位或工程可行性结论。",
        "usage_note": "承自 provisional_boundaries.geojson 的临时粗略边界；不得作为 official redline、审批依据或精确面积复算依据，官方红线发布后须整包复算。",
        "id": "ROAD-009",
        "length_m_declared": 10060.925
      },
      "geometry": {
        "type": "LineString",
        "coordinates": [
          [
            116.3480330582,
            39.9390002298
          ],
          [
            116.3480383854,
            39.9390494528
          ],
          [
            116.3481499898,
            39.939320266
          ],
          [
            116.3482610443,
            39.9395910761
          ],
          [
            116.348371138,
            39.9398618806
          ],
          [
            116.3484798632,
            39.9401326773
          ],
          [
            116.3485868174,
            39.9404034639
          ],
          [
            116.3486916042,
            39.9406742383
          ],
          [
            116.3487938351,
            39.9409449982
          ],
          [
            116.3488931307,
            39.9412157415
          ],
          [
            116.3489891221,
            39.9414864661
          ],
          [
            116.3490814522,
            39.9417571702
          ],
          [
            116.3491697771,
            39.9420278516
          ],
          [
            116.349253767,
            39.9422985086
          ],
          [
            116.349333108,
            39.9425691395
          ],
          [
            116.3494075024,
            39.9428397426
          ],
          [
            116.3494766706,
            39.9431103162
          ],
          [
            116.3495403514,
            39.9433808591
          ],
          [
            116.3495983035,
            39.9436513697
          ],
          [
            116.3496503058,
            39.9439218469
          ],
          [
            116.3496961589,
            39.9441922896
          ],
          [
            116.349735685,
            39.9444626968
          ],
          [
            116.3497687292,
            39.9447330676
          ],
          [
            116.3497951597,
            39.9450034013
          ],
          [
            116.3498148685,
            39.9452736973
          ],
          [
            116.3498277715,
            39.9455439551
          ],
          [
            116.349833809,
            39.9458141743
          ],
          [
            116.349832946,
            39.9460843549
          ],
          [
            116.349825172,
            39.9463544967
          ],
          [
            116.3498105015,
            39.9466245998
          ],
          [
            116.3497889734,
            39.9468946644
          ],
          [
            116.3497606513,
            39.9471646909
          ],
          [
            116.3497256231,
            39.9474346798
          ],
          [
            116.3496840008,
            39.9477046317
          ],
          [
            116.3496359199,
            39.9479745473
          ],
          [
            116.349581539,
            39.9482444275
          ],
          [
            116.3495210393,
            39.9485142733
          ],
          [
            116.3494546239,
            39.9487840859
          ],
          [
            116.3493825171,
            39.9490538666
          ],
          [
            116.3493049635,
            39.9493236166
          ],
          [
            116.3492222273,
            39.9495933374
          ],
          [
            116.3491345912,
            39.9498630306
          ],
          [
            116.3490423555,
            39.950132698
          ],
          [
            116.3489458368,
            39.9504023412
          ],
          [
            116.3488453672,
            39.9506719621
          ],
          [
            116.348741293,
            39.9509415627
          ],
          [
            116.3486339732,
            39.9512111449
          ],
          [
            116.3485237785,
            39.9514807108
          ],
          [
            116.34841109,
            39.9517502626
          ],
          [
            116.3482962976,
            39.9520198025
          ],
          [
            116.3481797988,
            39.9522893326
          ],
          [
            116.3480619972,
            39.9525588553
          ],
          [
            116.347943301,
            39.9528283728
          ],
          [
            116.3478241218,
            39.9530978875
          ],
          [
            116.3477048726,
            39.9533674016
          ],
          [
            116.3475859671,
            39.9536369176
          ],
          [
            116.3474678174,
            39.9539064376
          ],
          [
            116.3473508329,
            39.9541759641
          ],
          [
            116.3472354192,
            39.9544454993
          ],
          [
            116.3471219759,
            39.9547150454
          ],
          [
            116.3470108956,
            39.9549846048
          ],
          [
            116.3469025627,
            39.9552541794
          ],
          [
            116.3467973515,
            39.9555237716
          ],
          [
            116.3466956253,
            39.9557933833
          ],
          [
            116.3465977347,
            39.9560630165
          ],
          [
            116.3465040169,
            39.9563326732
          ],
          [
            116.3464147938,
            39.9566023551
          ],
          [
            116.3463303716,
            39.9568720639
          ],
          [
            116.346251039,
            39.9571418014
          ],
          [
            116.3461770666,
            39.9574115691
          ],
          [
            116.3461087058,
            39.9576813684
          ],
          [
            116.3460461881,
            39.9579512005
          ],
          [
            116.3459897236,
            39.9582210668
          ],
          [
            116.3459395013,
            39.9584909682
          ],
          [
            116.3458956876,
            39.9587609058
          ],
          [
            116.3458584258,
            39.9590308803
          ],
          [
            116.3458278359,
            39.9593008925
          ],
          [
            116.3458040142,
            39.9595709428
          ],
          [
            116.3457870325,
            39.9598410317
          ],
          [
            116.3457769382,
            39.9601111594
          ],
          [
            116.3457737541,
            39.9603813262
          ],
          [
            116.3457774782,
            39.9606515319
          ],
          [
            116.3457880837,
            39.9609217764
          ],
          [
            116.3458055194,
            39.9611920595
          ],
          [
            116.3458297094,
            39.9614623806
          ],
          [
            116.3458605538,
            39.9617327393
          ],
          [
            116.3458979288,
            39.9620031349
          ],
          [
            116.3459416871,
            39.9622735664
          ],
          [
            116.3459916588,
            39.9625440329
          ],
          [
            116.3460476516,
            39.9628145334
          ],
          [
            116.3461094516,
            39.9630850666
          ],
          [
            116.3461768243,
            39.9633556312
          ],
          [
            116.3462495151,
            39.9636262257
          ],
          [
            116.3463272504,
            39.9638968487
          ],
          [
            116.3464097384,
            39.9641674983
          ],
          [
            116.3464966705,
            39.964438173
          ],
          [
            116.3465877222,
            39.9647088707
          ],
          [
            116.3466814415,
            39.9649795835
          ],
          [
            116.3467689027,
            39.9652502609
          ],
          [
            116.3468594259,
            39.9655209554
          ],
          [
            116.3469526351,
            39.965791665
          ],
          [
            116.3470481444,
            39.9660623875
          ],
          [
            116.34714556,
            39.9663331206
          ],
          [
            116.347244481,
            39.9666038621
          ],
          [
            116.3473445012,
            39.9668746097
          ],
          [
            116.3474452106,
            39.9671453611
          ],
          [
            116.3475461964,
            39.967416114
          ],
          [
            116.3476470451,
            39.967686866
          ],
          [
            116.3477473436,
            39.9679576147
          ],
          [
            116.3478466808,
            39.968228358
          ],
          [
            116.3479446489,
            39.9684990935
          ],
          [
            116.3480408451,
            39.9687698189
          ],
          [
            116.348134873,
            39.969040532
          ],
          [
            116.3482263439,
            39.9693112307
          ],
          [
            116.3483148781,
            39.9695819128
          ],
          [
            116.3484001067,
            39.9698525762
          ],
          [
            116.3484816724,
            39.970123219
          ],
          [
            116.3485592311,
            39.9703938391
          ],
          [
            116.348632453,
            39.9706644349
          ],
          [
            116.3487010239,
            39.9709350044
          ],
          [
            116.3487646462,
            39.9712055461
          ],
          [
            116.34882304,
            39.9714760584
          ],
          [
            116.348875944,
            39.9717465398
          ],
          [
            116.3489231169,
            39.9720169889
          ],
          [
            116.3489643375,
            39.9722874047
          ],
          [
            116.3489994062,
            39.9725577858
          ],
          [
            116.3490281452,
            39.9728281313
          ],
          [
            116.3490503996,
            39.9730984405
          ],
          [
            116.3490660374,
            39.9733687124
          ],
          [
            116.3490749507,
            39.9736389466
          ],
          [
            116.3490770553,
            39.9739091425
          ],
          [
            116.3490722915,
            39.9741792999
          ],
          [
            116.3490606242,
            39.9744494185
          ],
          [
            116.349042043,
            39.9747194982
          ],
          [
            116.3490165623,
            39.9749895392
          ],
          [
            116.3489937758,
            39.9752595952
          ],
          [
            116.3489671076,
            39.9755296295
          ],
          [
            116.3489337306,
            39.975799626
          ],
          [
            116.3488937567,
            39.9760695855
          ],
          [
            116.3488473215,
            39.9763395087
          ],
          [
            116.3487945838,
            39.9766093964
          ],
          [
            116.3487357247,
            39.9768792497
          ],
          [
            116.3486709475,
            39.9771490697
          ],
          [
            116.3486004766,
            39.9774188576
          ],
          [
            116.3485245566,
            39.9776886148
          ],
          [
            116.348443452,
            39.9779583429
          ],
          [
            116.3483574454,
            39.9782280433
          ],
          [
            116.3482668372,
            39.9784977178
          ],
          [
            116.3481719444,
            39.9787673681
          ],
          [
            116.3480730991,
            39.979036996
          ],
          [
            116.3479706476,
            39.9793066036
          ],
          [
            116.3478649492,
            39.9795761928
          ],
          [
            116.3477563748,
            39.9798457657
          ],
          [
            116.3476453055,
            39.9801153245
          ],
          [
            116.3475321315,
            39.9803848713
          ],
          [
            116.3474172504,
            39.9806544083
          ],
          [
            116.3473010659,
            39.9809239379
          ],
          [
            116.3471839865,
            39.9811934623
          ],
          [
            116.3470664239,
            39.9814629839
          ],
          [
            116.3469487914,
            39.9817325049
          ],
          [
            116.3468315026,
            39.9820020278
          ],
          [
            116.3467149699,
            39.9822715547
          ],
          [
            116.3465996031,
            39.9825410881
          ],
          [
            116.3464858076,
            39.9828106302
          ],
          [
            116.3463739833,
            39.9830801834
          ],
          [
            116.3462645231,
            39.9833497497
          ],
          [
            116.3461578114,
            39.9836193314
          ],
          [
            116.3460542227,
            39.9838889306
          ],
          [
            116.3459541203,
            39.9841585494
          ],
          [
            116.3458578553,
            39.9844281898
          ],
          [
            116.3457657648,
            39.9846978536
          ],
          [
            116.3456781709,
            39.9849675427
          ],
          [
            116.3455953798,
            39.9852372589
          ],
          [
            116.3455176804,
            39.9855070037
          ],
          [
            116.3454453435,
            39.9857767787
          ],
          [
            116.3453786206,
            39.9860465854
          ],
          [
            116.3453177431,
            39.9863164251
          ],
          [
            116.3452629214,
            39.9865862989
          ],
          [
            116.3452143445,
            39.986856208
          ],
          [
            116.3451721787,
            39.9871261532
          ],
          [
            116.3451365677,
            39.9873961355
          ],
          [
            116.3451076313,
            39.9876661554
          ],
          [
            116.345085466,
            39.9879362136
          ],
          [
            116.3450701434,
            39.9882063105
          ],
          [
            116.3450617111,
            39.9884764462
          ],
          [
            116.3450601919,
            39.988746621
          ],
          [
            116.3450655837,
            39.9890168349
          ],
          [
            116.3450778599,
            39.9892870876
          ],
          [
            116.345096969,
            39.9895573789
          ],
          [
            116.3451228353,
            39.9898277084
          ],
          [
            116.3451650501,
            39.9900981303
          ],
          [
            116.3452223148,
            39.9903686371
          ],
          [
            116.3452859657,
            39.99063918
          ],
          [
            116.3453558327,
            39.9909097579
          ],
          [
            116.3454317234,
            39.9911803698
          ],
          [
            116.3455134239,
            39.9914510145
          ],
          [
            116.3456006995,
            39.9917216905
          ],
          [
            116.3456932955,
            39.9919923966
          ],
          [
            116.3457909383,
            39.992263131
          ],
          [
            116.345893336,
            39.9925338922
          ],
          [
            116.3460001798,
            39.9928046783
          ],
          [
            116.346111145,
            39.9930754876
          ],
          [
            116.346225892,
            39.9933463181
          ],
          [
            116.346344068,
            39.9936171679
          ],
          [
            116.3464653075,
            39.9938880347
          ],
          [
            116.3465892343,
            39.9941589166
          ],
          [
            116.3467154624,
            39.9944298113
          ],
          [
            116.3468435979,
            39.9947007166
          ],
          [
            116.3469732396,
            39.9949716303
          ],
          [
            116.3471039813,
            39.99524255
          ],
          [
            116.3472354125,
            39.9955134734
          ],
          [
            116.3473671207,
            39.9957843982
          ],
          [
            116.3474986919,
            39.9960553221
          ],
          [
            116.3476297129,
            39.9963262427
          ],
          [
            116.3477597725,
            39.9965971578
          ],
          [
            116.3478884626,
            39.996868065
          ],
          [
            116.3480153804,
            39.9971389621
          ],
          [
            116.3481401292,
            39.9974098468
          ],
          [
            116.3482623201,
            39.997680717
          ],
          [
            116.3483815735,
            39.9979515705
          ],
          [
            116.34849752,
            39.9982224054
          ],
          [
            116.3486098024,
            39.9984932195
          ],
          [
            116.3487180764,
            39.9987640109
          ],
          [
            116.3488220121,
            39.9990347779
          ],
          [
            116.3489212951,
            39.9993055186
          ],
          [
            116.3490156277,
            39.9995762315
          ],
          [
            116.3491047298,
            39.9998469148
          ],
          [
            116.3491883402,
            40.0001175673
          ],
          [
            116.3492662172,
            40.0003881875
          ],
          [
            116.3493381398,
            40.0006587741
          ],
          [
            116.3494039082,
            40.0009293262
          ],
          [
            116.3494633445,
            40.0011998427
          ],
          [
            116.3495162937,
            40.0014703228
          ],
          [
            116.349562624,
            40.0017407656
          ],
          [
            116.349602227,
            40.0020111707
          ],
          [
            116.3496350189,
            40.0022815375
          ],
          [
            116.3496609397,
            40.0025518658
          ],
          [
            116.3496799544,
            40.0028221553
          ],
          [
            116.3496920526,
            40.0030924059
          ],
          [
            116.3496972487,
            40.0033626179
          ],
          [
            116.3496955817,
            40.0036327913
          ],
          [
            116.3496871153,
            40.0039029265
          ],
          [
            116.3496719375,
            40.004173024
          ],
          [
            116.3496501601,
            40.0044430845
          ],
          [
            116.349621919,
            40.0047131088
          ],
          [
            116.3495873728,
            40.0049830976
          ],
          [
            116.3495467029,
            40.005253052
          ],
          [
            116.3495001126,
            40.0055229731
          ],
          [
            116.3494478263,
            40.0057928623
          ],
          [
            116.3493899367,
            40.0060627199
          ],
          [
            116.3493248802,
            40.0063325373
          ],
          [
            116.3492549198,
            40.0066023271
          ],
          [
            116.3491803561,
            40.006872091
          ],
          [
            116.3491015061,
            40.0071418307
          ],
          [
            116.3490187021,
            40.0074115482
          ],
          [
            116.3489322906,
            40.0076812454
          ],
          [
            116.3488426309,
            40.0079509242
          ],
          [
            116.3487500941,
            40.0082205867
          ],
          [
            116.3486550616,
            40.0084902351
          ],
          [
            116.3485579236,
            40.0087598716
          ],
          [
            116.3484590779,
            40.0090294985
          ],
          [
            116.3483589284,
            40.0092991178
          ],
          [
            116.3482578838,
            40.0095687321
          ],
          [
            116.3481563559,
            40.0098383435
          ],
          [
            116.3480547581,
            40.0101079544
          ],
          [
            116.3479535044,
            40.0103775672
          ],
          [
            116.3478530072,
            40.0106471841
          ],
          [
            116.3477536764,
            40.0109168075
          ],
          [
            116.3476559178,
            40.0111864396
          ],
          [
            116.3475601313,
            40.0114560828
          ],
          [
            116.34746671,
            40.0117257391
          ],
          [
            116.3473760385,
            40.0119954109
          ],
          [
            116.3472884914,
            40.0122651001
          ],
          [
            116.3472044322,
            40.012534809
          ],
          [
            116.3471242121,
            40.0128045394
          ],
          [
            116.3470481682,
            40.0130742932
          ],
          [
            116.3469766231,
            40.0133440724
          ],
          [
            116.3469098828,
            40.0136138785
          ],
          [
            116.3468482366,
            40.0138837133
          ],
          [
            116.3467919551,
            40.0141535784
          ],
          [
            116.34674129,
            40.014423475
          ],
          [
            116.3466964729,
            40.0146934045
          ],
          [
            116.3466577143,
            40.0149633682
          ],
          [
            116.3466252031,
            40.0152333671
          ],
          [
            116.3465991059,
            40.0155034021
          ],
          [
            116.3465795663,
            40.0157734741
          ],
          [
            116.3465667042,
            40.0160435838
          ],
          [
            116.3465606161,
            40.0163137316
          ],
          [
            116.3465613737,
            40.0165839179
          ],
          [
            116.3465690246,
            40.0168541432
          ],
          [
            116.3465835915,
            40.0171244074
          ],
          [
            116.3466050725,
            40.0173947106
          ],
          [
            116.3466334407,
            40.0176650526
          ],
          [
            116.3466686449,
            40.0179354332
          ],
          [
            116.3467106092,
            40.0182058518
          ],
          [
            116.3467592335,
            40.018476308
          ],
          [
            116.3468143939,
            40.0187468009
          ],
          [
            116.3468759432,
            40.0190173298
          ],
          [
            116.346943711,
            40.0192878938
          ],
          [
            116.3470175051,
            40.0195584916
          ],
          [
            116.3470971114,
            40.0198291221
          ],
          [
            116.3471822952,
            40.020099784
          ],
          [
            116.3472728015,
            40.0203704758
          ],
          [
            116.3473683566,
            40.0206411959
          ],
          [
            116.3474686686,
            40.0209119427
          ],
          [
            116.3475734285,
            40.0211827145
          ],
          [
            116.3476823115,
            40.0214535094
          ],
          [
            116.3477949779,
            40.0217243255
          ],
          [
            116.3479110747,
            40.0219951607
          ],
          [
            116.3480302362,
            40.0222660131
          ],
          [
            116.3481520861,
            40.0225368804
          ],
          [
            116.3482762383,
            40.0228077606
          ],
          [
            116.3484022986,
            40.0230786513
          ],
          [
            116.3485298658,
            40.0233495504
          ],
          [
            116.3486585334,
            40.0236204555
          ],
          [
            116.3487878908,
            40.0238913643
          ],
          [
            116.3489175252,
            40.0241622746
          ],
          [
            116.3490470226,
            40.0244331839
          ],
          [
            116.3491759696,
            40.0247040899
          ],
          [
            116.3493039546,
            40.0249749904
          ],
          [
            116.3494305697,
            40.0252458831
          ],
          [
            116.3495554117,
            40.0255167657
          ],
          [
            116.3496780838,
            40.0257876359
          ],
          [
            116.3497981969,
            40.0260584916
          ],
          [
            116.3499153712,
            40.0263293308
          ],
          [
            116.3488417438,
            40.0265001712
          ]
        ]
      }
    },
    {
      "type": "Feature",
      "id": "ROAD-010",
      "properties": {
        "layer": "ROAD_CENTERLINE",
        "name_zh": "京张协议主脊·全线慢行主轴",
        "source_type": "agent_generated_design",
        "confidence": "medium",
        "geometry_role": "design_proposal",
        "source_id": "DATA-SRC-PROVISIONAL-BOUNDARIES-20260605",
        "design_note": "贯穿总体设计范围的连续慢行主轴建议：南北贯通的「协议总线」，全长约 9.7 km；概念建议。",
        "usage_note": "概念方案图层，仅供讨论与专业团队深化研究；不构成用地审批、权属、道路红线或强度控制结论。",
        "road_class": "greenway",
        "structure_role": "协议总线",
        "id": "ROAD-010",
        "length_m_declared": 10060.925
      },
      "geometry": {
        "type": "LineString",
        "coordinates": [
          [
            116.3480330582,
            39.9390002298
          ],
          [
            116.3480383854,
            39.9390494528
          ],
          [
            116.3481499898,
            39.939320266
          ],
          [
            116.3482610443,
            39.9395910761
          ],
          [
            116.348371138,
            39.9398618806
          ],
          [
            116.3484798632,
            39.9401326773
          ],
          [
            116.3485868174,
            39.9404034639
          ],
          [
            116.3486916042,
            39.9406742383
          ],
          [
            116.3487938351,
            39.9409449982
          ],
          [
            116.3488931307,
            39.9412157415
          ],
          [
            116.3489891221,
            39.9414864661
          ],
          [
            116.3490814522,
            39.9417571702
          ],
          [
            116.3491697771,
            39.9420278516
          ],
          [
            116.349253767,
            39.9422985086
          ],
          [
            116.349333108,
            39.9425691395
          ],
          [
            116.3494075024,
            39.9428397426
          ],
          [
            116.3494766706,
            39.9431103162
          ],
          [
            116.3495403514,
            39.9433808591
          ],
          [
            116.3495983035,
            39.9436513697
          ],
          [
            116.3496503058,
            39.9439218469
          ],
          [
            116.3496961589,
            39.9441922896
          ],
          [
            116.349735685,
            39.9444626968
          ],
          [
            116.3497687292,
            39.9447330676
          ],
          [
            116.3497951597,
            39.9450034013
          ],
          [
            116.3498148685,
            39.9452736973
          ],
          [
            116.3498277715,
            39.9455439551
          ],
          [
            116.349833809,
            39.9458141743
          ],
          [
            116.349832946,
            39.9460843549
          ],
          [
            116.349825172,
            39.9463544967
          ],
          [
            116.3498105015,
            39.9466245998
          ],
          [
            116.3497889734,
            39.9468946644
          ],
          [
            116.3497606513,
            39.9471646909
          ],
          [
            116.3497256231,
            39.9474346798
          ],
          [
            116.3496840008,
            39.9477046317
          ],
          [
            116.3496359199,
            39.9479745473
          ],
          [
            116.349581539,
            39.9482444275
          ],
          [
            116.3495210393,
            39.9485142733
          ],
          [
            116.3494546239,
            39.9487840859
          ],
          [
            116.3493825171,
            39.9490538666
          ],
          [
            116.3493049635,
            39.9493236166
          ],
          [
            116.3492222273,
            39.9495933374
          ],
          [
            116.3491345912,
            39.9498630306
          ],
          [
            116.3490423555,
            39.950132698
          ],
          [
            116.3489458368,
            39.9504023412
          ],
          [
            116.3488453672,
            39.9506719621
          ],
          [
            116.348741293,
            39.9509415627
          ],
          [
            116.3486339732,
            39.9512111449
          ],
          [
            116.3485237785,
            39.9514807108
          ],
          [
            116.34841109,
            39.9517502626
          ],
          [
            116.3482962976,
            39.9520198025
          ],
          [
            116.3481797988,
            39.9522893326
          ],
          [
            116.3480619972,
            39.9525588553
          ],
          [
            116.347943301,
            39.9528283728
          ],
          [
            116.3478241218,
            39.9530978875
          ],
          [
            116.3477048726,
            39.9533674016
          ],
          [
            116.3475859671,
            39.9536369176
          ],
          [
            116.3474678174,
            39.9539064376
          ],
          [
            116.3473508329,
            39.9541759641
          ],
          [
            116.3472354192,
            39.9544454993
          ],
          [
            116.3471219759,
            39.9547150454
          ],
          [
            116.3470108956,
            39.9549846048
          ],
          [
            116.3469025627,
            39.9552541794
          ],
          [
            116.3467973515,
            39.9555237716
          ],
          [
            116.3466956253,
            39.9557933833
          ],
          [
            116.3465977347,
            39.9560630165
          ],
          [
            116.3465040169,
            39.9563326732
          ],
          [
            116.3464147938,
            39.9566023551
          ],
          [
            116.3463303716,
            39.9568720639
          ],
          [
            116.346251039,
            39.9571418014
          ],
          [
            116.3461770666,
            39.9574115691
          ],
          [
            116.3461087058,
            39.9576813684
          ],
          [
            116.3460461881,
            39.9579512005
          ],
          [
            116.3459897236,
            39.9582210668
          ],
          [
            116.3459395013,
            39.9584909682
          ],
          [
            116.3458956876,
            39.9587609058
          ],
          [
            116.3458584258,
            39.9590308803
          ],
          [
            116.3458278359,
            39.9593008925
          ],
          [
            116.3458040142,
            39.9595709428
          ],
          [
            116.3457870325,
            39.9598410317
          ],
          [
            116.3457769382,
            39.9601111594
          ],
          [
            116.3457737541,
            39.9603813262
          ],
          [
            116.3457774782,
            39.9606515319
          ],
          [
            116.3457880837,
            39.9609217764
          ],
          [
            116.3458055194,
            39.9611920595
          ],
          [
            116.3458297094,
            39.9614623806
          ],
          [
            116.3458605538,
            39.9617327393
          ],
          [
            116.3458979288,
            39.9620031349
          ],
          [
            116.3459416871,
            39.9622735664
          ],
          [
            116.3459916588,
            39.9625440329
          ],
          [
            116.3460476516,
            39.9628145334
          ],
          [
            116.3461094516,
            39.9630850666
          ],
          [
            116.3461768243,
            39.9633556312
          ],
          [
            116.3462495151,
            39.9636262257
          ],
          [
            116.3463272504,
            39.9638968487
          ],
          [
            116.3464097384,
            39.9641674983
          ],
          [
            116.3464966705,
            39.964438173
          ],
          [
            116.3465877222,
            39.9647088707
          ],
          [
            116.3466814415,
            39.9649795835
          ],
          [
            116.3467689027,
            39.9652502609
          ],
          [
            116.3468594259,
            39.9655209554
          ],
          [
            116.3469526351,
            39.965791665
          ],
          [
            116.3470481444,
            39.9660623875
          ],
          [
            116.34714556,
            39.9663331206
          ],
          [
            116.347244481,
            39.9666038621
          ],
          [
            116.3473445012,
            39.9668746097
          ],
          [
            116.3474452106,
            39.9671453611
          ],
          [
            116.3475461964,
            39.967416114
          ],
          [
            116.3476470451,
            39.967686866
          ],
          [
            116.3477473436,
            39.9679576147
          ],
          [
            116.3478466808,
            39.968228358
          ],
          [
            116.3479446489,
            39.9684990935
          ],
          [
            116.3480408451,
            39.9687698189
          ],
          [
            116.348134873,
            39.969040532
          ],
          [
            116.3482263439,
            39.9693112307
          ],
          [
            116.3483148781,
            39.9695819128
          ],
          [
            116.3484001067,
            39.9698525762
          ],
          [
            116.3484816724,
            39.970123219
          ],
          [
            116.3485592311,
            39.9703938391
          ],
          [
            116.348632453,
            39.9706644349
          ],
          [
            116.3487010239,
            39.9709350044
          ],
          [
            116.3487646462,
            39.9712055461
          ],
          [
            116.34882304,
            39.9714760584
          ],
          [
            116.348875944,
            39.9717465398
          ],
          [
            116.3489231169,
            39.9720169889
          ],
          [
            116.3489643375,
            39.9722874047
          ],
          [
            116.3489994062,
            39.9725577858
          ],
          [
            116.3490281452,
            39.9728281313
          ],
          [
            116.3490503996,
            39.9730984405
          ],
          [
            116.3490660374,
            39.9733687124
          ],
          [
            116.3490749507,
            39.9736389466
          ],
          [
            116.3490770553,
            39.9739091425
          ],
          [
            116.3490722915,
            39.9741792999
          ],
          [
            116.3490606242,
            39.9744494185
          ],
          [
            116.349042043,
            39.9747194982
          ],
          [
            116.3490165623,
            39.9749895392
          ],
          [
            116.3489937758,
            39.9752595952
          ],
          [
            116.3489671076,
            39.9755296295
          ],
          [
            116.3489337306,
            39.975799626
          ],
          [
            116.3488937567,
            39.9760695855
          ],
          [
            116.3488473215,
            39.9763395087
          ],
          [
            116.3487945838,
            39.9766093964
          ],
          [
            116.3487357247,
            39.9768792497
          ],
          [
            116.3486709475,
            39.9771490697
          ],
          [
            116.3486004766,
            39.9774188576
          ],
          [
            116.3485245566,
            39.9776886148
          ],
          [
            116.348443452,
            39.9779583429
          ],
          [
            116.3483574454,
            39.9782280433
          ],
          [
            116.3482668372,
            39.9784977178
          ],
          [
            116.3481719444,
            39.9787673681
          ],
          [
            116.3480730991,
            39.979036996
          ],
          [
            116.3479706476,
            39.9793066036
          ],
          [
            116.3478649492,
            39.9795761928
          ],
          [
            116.3477563748,
            39.9798457657
          ],
          [
            116.3476453055,
            39.9801153245
          ],
          [
            116.3475321315,
            39.9803848713
          ],
          [
            116.3474172504,
            39.9806544083
          ],
          [
            116.3473010659,
            39.9809239379
          ],
          [
            116.3471839865,
            39.9811934623
          ],
          [
            116.3470664239,
            39.9814629839
          ],
          [
            116.3469487914,
            39.9817325049
          ],
          [
            116.3468315026,
            39.9820020278
          ],
          [
            116.3467149699,
            39.9822715547
          ],
          [
            116.3465996031,
            39.9825410881
          ],
          [
            116.3464858076,
            39.9828106302
          ],
          [
            116.3463739833,
            39.9830801834
          ],
          [
            116.3462645231,
            39.9833497497
          ],
          [
            116.3461578114,
            39.9836193314
          ],
          [
            116.3460542227,
            39.9838889306
          ],
          [
            116.3459541203,
            39.9841585494
          ],
          [
            116.3458578553,
            39.9844281898
          ],
          [
            116.3457657648,
            39.9846978536
          ],
          [
            116.3456781709,
            39.9849675427
          ],
          [
            116.3455953798,
            39.9852372589
          ],
          [
            116.3455176804,
            39.9855070037
          ],
          [
            116.3454453435,
            39.9857767787
          ],
          [
            116.3453786206,
            39.9860465854
          ],
          [
            116.3453177431,
            39.9863164251
          ],
          [
            116.3452629214,
            39.9865862989
          ],
          [
            116.3452143445,
            39.986856208
          ],
          [
            116.3451721787,
            39.9871261532
          ],
          [
            116.3451365677,
            39.9873961355
          ],
          [
            116.3451076313,
            39.9876661554
          ],
          [
            116.345085466,
            39.9879362136
          ],
          [
            116.3450701434,
            39.9882063105
          ],
          [
            116.3450617111,
            39.9884764462
          ],
          [
            116.3450601919,
            39.988746621
          ],
          [
            116.3450655837,
            39.9890168349
          ],
          [
            116.3450778599,
            39.9892870876
          ],
          [
            116.345096969,
            39.9895573789
          ],
          [
            116.3451228353,
            39.9898277084
          ],
          [
            116.3451650501,
            39.9900981303
          ],
          [
            116.3452223148,
            39.9903686371
          ],
          [
            116.3452859657,
            39.99063918
          ],
          [
            116.3453558327,
            39.9909097579
          ],
          [
            116.3454317234,
            39.9911803698
          ],
          [
            116.3455134239,
            39.9914510145
          ],
          [
            116.3456006995,
            39.9917216905
          ],
          [
            116.3456932955,
            39.9919923966
          ],
          [
            116.3457909383,
            39.992263131
          ],
          [
            116.345893336,
            39.9925338922
          ],
          [
            116.3460001798,
            39.9928046783
          ],
          [
            116.346111145,
            39.9930754876
          ],
          [
            116.346225892,
            39.9933463181
          ],
          [
            116.346344068,
            39.9936171679
          ],
          [
            116.3464653075,
            39.9938880347
          ],
          [
            116.3465892343,
            39.9941589166
          ],
          [
            116.3467154624,
            39.9944298113
          ],
          [
            116.3468435979,
            39.9947007166
          ],
          [
            116.3469732396,
            39.9949716303
          ],
          [
            116.3471039813,
            39.99524255
          ],
          [
            116.3472354125,
            39.9955134734
          ],
          [
            116.3473671207,
            39.9957843982
          ],
          [
            116.3474986919,
            39.9960553221
          ],
          [
            116.3476297129,
            39.9963262427
          ],
          [
            116.3477597725,
            39.9965971578
          ],
          [
            116.3478884626,
            39.996868065
          ],
          [
            116.3480153804,
            39.9971389621
          ],
          [
            116.3481401292,
            39.9974098468
          ],
          [
            116.3482623201,
            39.997680717
          ],
          [
            116.3483815735,
            39.9979515705
          ],
          [
            116.34849752,
            39.9982224054
          ],
          [
            116.3486098024,
            39.9984932195
          ],
          [
            116.3487180764,
            39.9987640109
          ],
          [
            116.3488220121,
            39.9990347779
          ],
          [
            116.3489212951,
            39.9993055186
          ],
          [
            116.3490156277,
            39.9995762315
          ],
          [
            116.3491047298,
            39.9998469148
          ],
          [
            116.3491883402,
            40.0001175673
          ],
          [
            116.3492662172,
            40.0003881875
          ],
          [
            116.3493381398,
            40.0006587741
          ],
          [
            116.3494039082,
            40.0009293262
          ],
          [
            116.3494633445,
            40.0011998427
          ],
          [
            116.3495162937,
            40.0014703228
          ],
          [
            116.349562624,
            40.0017407656
          ],
          [
            116.349602227,
            40.0020111707
          ],
          [
            116.3496350189,
            40.0022815375
          ],
          [
            116.3496609397,
            40.0025518658
          ],
          [
            116.3496799544,
            40.0028221553
          ],
          [
            116.3496920526,
            40.0030924059
          ],
          [
            116.3496972487,
            40.0033626179
          ],
          [
            116.3496955817,
            40.0036327913
          ],
          [
            116.3496871153,
            40.0039029265
          ],
          [
            116.3496719375,
            40.004173024
          ],
          [
            116.3496501601,
            40.0044430845
          ],
          [
            116.349621919,
            40.0047131088
          ],
          [
            116.3495873728,
            40.0049830976
          ],
          [
            116.3495467029,
            40.005253052
          ],
          [
            116.3495001126,
            40.0055229731
          ],
          [
            116.3494478263,
            40.0057928623
          ],
          [
            116.3493899367,
            40.0060627199
          ],
          [
            116.3493248802,
            40.0063325373
          ],
          [
            116.3492549198,
            40.0066023271
          ],
          [
            116.3491803561,
            40.006872091
          ],
          [
            116.3491015061,
            40.0071418307
          ],
          [
            116.3490187021,
            40.0074115482
          ],
          [
            116.3489322906,
            40.0076812454
          ],
          [
            116.3488426309,
            40.0079509242
          ],
          [
            116.3487500941,
            40.0082205867
          ],
          [
            116.3486550616,
            40.0084902351
          ],
          [
            116.3485579236,
            40.0087598716
          ],
          [
            116.3484590779,
            40.0090294985
          ],
          [
            116.3483589284,
            40.0092991178
          ],
          [
            116.3482578838,
            40.0095687321
          ],
          [
            116.3481563559,
            40.0098383435
          ],
          [
            116.3480547581,
            40.0101079544
          ],
          [
            116.3479535044,
            40.0103775672
          ],
          [
            116.3478530072,
            40.0106471841
          ],
          [
            116.3477536764,
            40.0109168075
          ],
          [
            116.3476559178,
            40.0111864396
          ],
          [
            116.3475601313,
            40.0114560828
          ],
          [
            116.34746671,
            40.0117257391
          ],
          [
            116.3473760385,
            40.0119954109
          ],
          [
            116.3472884914,
            40.0122651001
          ],
          [
            116.3472044322,
            40.012534809
          ],
          [
            116.3471242121,
            40.0128045394
          ],
          [
            116.3470481682,
            40.0130742932
          ],
          [
            116.3469766231,
            40.0133440724
          ],
          [
            116.3469098828,
            40.0136138785
          ],
          [
            116.3468482366,
            40.0138837133
          ],
          [
            116.3467919551,
            40.0141535784
          ],
          [
            116.34674129,
            40.014423475
          ],
          [
            116.3466964729,
            40.0146934045
          ],
          [
            116.3466577143,
            40.0149633682
          ],
          [
            116.3466252031,
            40.0152333671
          ],
          [
            116.3465991059,
            40.0155034021
          ],
          [
            116.3465795663,
            40.0157734741
          ],
          [
            116.3465667042,
            40.0160435838
          ],
          [
            116.3465606161,
            40.0163137316
          ],
          [
            116.3465613737,
            40.0165839179
          ],
          [
            116.3465690246,
            40.0168541432
          ],
          [
            116.3465835915,
            40.0171244074
          ],
          [
            116.3466050725,
            40.0173947106
          ],
          [
            116.3466334407,
            40.0176650526
          ],
          [
            116.3466686449,
            40.0179354332
          ],
          [
            116.3467106092,
            40.0182058518
          ],
          [
            116.3467592335,
            40.018476308
          ],
          [
            116.3468143939,
            40.0187468009
          ],
          [
            116.3468759432,
            40.0190173298
          ],
          [
            116.346943711,
            40.0192878938
          ],
          [
            116.3470175051,
            40.0195584916
          ],
          [
            116.3470971114,
            40.0198291221
          ],
          [
            116.3471822952,
            40.020099784
          ],
          [
            116.3472728015,
            40.0203704758
          ],
          [
            116.3473683566,
            40.0206411959
          ],
          [
            116.3474686686,
            40.0209119427
          ],
          [
            116.3475734285,
            40.0211827145
          ],
          [
            116.3476823115,
            40.0214535094
          ],
          [
            116.3477949779,
            40.0217243255
          ],
          [
            116.3479110747,
            40.0219951607
          ],
          [
            116.3480302362,
            40.0222660131
          ],
          [
            116.3481520861,
            40.0225368804
          ],
          [
            116.3482762383,
            40.0228077606
          ],
          [
            116.3484022986,
            40.0230786513
          ],
          [
            116.3485298658,
            40.0233495504
          ],
          [
            116.3486585334,
            40.0236204555
          ],
          [
            116.3487878908,
            40.0238913643
          ],
          [
            116.3489175252,
            40.0241622746
          ],
          [
            116.3490470226,
            40.0244331839
          ],
          [
            116.3491759696,
            40.0247040899
          ],
          [
            116.3493039546,
            40.0249749904
          ],
          [
            116.3494305697,
            40.0252458831
          ],
          [
            116.3495554117,
            40.0255167657
          ],
          [
            116.3496780838,
            40.0257876359
          ],
          [
            116.3497981969,
            40.0260584916
          ],
          [
            116.3499153712,
            40.0263293308
          ],
          [
            116.3488417438,
            40.0265001712
          ]
        ]
      }
    },
    {
      "type": "Feature",
      "id": "ROAD-011",
      "properties": {
        "layer": "ROAD_CENTERLINE",
        "name_zh": "众智园协议回路",
        "source_type": "agent_generated_design",
        "confidence": "medium",
        "geometry_role": "design_proposal",
        "source_id": "DATA-SRC-PROVISIONAL-BOUNDARIES-20260605",
        "design_note": "重点区内闭合慢行回路建议：把感知、知识、流程、人本四层串成可反复运行的城市回路；概念建议。",
        "usage_note": "概念方案图层，仅供讨论与专业团队深化研究；不构成用地审批、权属、道路红线或强度控制结论。",
        "road_class": "cycleway",
        "structure_role": "协议回路",
        "key_area_id": "zhongzhiyuan_ai_acceleration_area",
        "id": "ROAD-011",
        "length_m_declared": 3244.608
      },
      "geometry": {
        "type": "LineString",
        "coordinates": [
          [
            116.3522435899,
            40.0167711242
          ],
          [
            116.3522445435,
            40.0169530874
          ],
          [
            116.3522403851,
            40.017141367
          ],
          [
            116.3522312662,
            40.0173351612
          ],
          [
            116.3522173382,
            40.0175336682
          ],
          [
            116.3521987526,
            40.0177360861
          ],
          [
            116.3521756608,
            40.0179416131
          ],
          [
            116.3521482143,
            40.0181494475
          ],
          [
            116.3521165646,
            40.0183587875
          ],
          [
            116.3520808631,
            40.0185688311
          ],
          [
            116.3520412613,
            40.0187787766
          ],
          [
            116.3519979107,
            40.0189878223
          ],
          [
            116.3519509628,
            40.0191951662
          ],
          [
            116.3519005689,
            40.0194000065
          ],
          [
            116.3518468807,
            40.0196015416
          ],
          [
            116.3517900496,
            40.0197989694
          ],
          [
            116.3517302271,
            40.0199914883
          ],
          [
            116.3516675647,
            40.0201782964
          ],
          [
            116.351602214,
            40.0203585919
          ],
          [
            116.3515343263,
            40.020531573
          ],
          [
            116.3514640534,
            40.0206964379
          ],
          [
            116.3513915466,
            40.0208523847
          ],
          [
            116.3513169576,
            40.0209986117
          ],
          [
            116.3512404378,
            40.021134317
          ],
          [
            116.3511621389,
            40.0212586989
          ],
          [
            116.3510802489,
            40.021373501
          ],
          [
            116.3509930868,
            40.0214811396
          ],
          [
            116.3509009999,
            40.0215818223
          ],
          [
            116.3508043358,
            40.0216757566
          ],
          [
            116.3507034419,
            40.0217631499
          ],
          [
            116.3505986658,
            40.0218442099
          ],
          [
            116.350490355,
            40.021919144
          ],
          [
            116.3503788569,
            40.0219881597
          ],
          [
            116.3502645191,
            40.0220514645
          ],
          [
            116.3501476891,
            40.022109266
          ],
          [
            116.3500287144,
            40.0221617715
          ],
          [
            116.3499079425,
            40.0222091887
          ],
          [
            116.3497857209,
            40.022251725
          ],
          [
            116.3496623971,
            40.022289588
          ],
          [
            116.3495383186,
            40.0223229852
          ],
          [
            116.349413833,
            40.0223521241
          ],
          [
            116.3492892877,
            40.0223772121
          ],
          [
            116.3491650302,
            40.0223984569
          ],
          [
            116.3490414082,
            40.0224160659
          ],
          [
            116.3489187689,
            40.0224302467
          ],
          [
            116.34879746,
            40.0224412068
          ],
          [
            116.348677829,
            40.0224491537
          ],
          [
            116.3485602233,
            40.0224542949
          ],
          [
            116.3484449905,
            40.022456838
          ],
          [
            116.3483293999,
            40.0224570607
          ],
          [
            116.3482107726,
            40.0224549397
          ],
          [
            116.348089534,
            40.0224502312
          ],
          [
            116.3479661095,
            40.0224426913
          ],
          [
            116.3478409242,
            40.0224320761
          ],
          [
            116.3477144036,
            40.0224181418
          ],
          [
            116.3475869731,
            40.0224006444
          ],
          [
            116.3474590578,
            40.0223793401
          ],
          [
            116.3473310831,
            40.022353985
          ],
          [
            116.3472034745,
            40.0223243352
          ],
          [
            116.3470766571,
            40.0222901468
          ],
          [
            116.3469510564,
            40.0222511761
          ],
          [
            116.3468270976,
            40.022207179
          ],
          [
            116.3467052062,
            40.0221579118
          ],
          [
            116.3465858073,
            40.0221031306
          ],
          [
            116.3464693265,
            40.0220425915
          ],
          [
            116.3463561889,
            40.0219760507
          ],
          [
            116.34624682,
            40.0219032642
          ],
          [
            116.346141645,
            40.0218239883
          ],
          [
            116.3460410893,
            40.0217379791
          ],
          [
            116.3459455781,
            40.0216449927
          ],
          [
            116.3458555369,
            40.0215447852
          ],
          [
            116.3457713909,
            40.0214371129
          ],
          [
            116.3456935655,
            40.0213217318
          ],
          [
            116.3456206626,
            40.021196181
          ],
          [
            116.3455510099,
            40.0210587246
          ],
          [
            116.3454846206,
            40.0209102059
          ],
          [
            116.3454215081,
            40.0207514684
          ],
          [
            116.3453616857,
            40.0205833555
          ],
          [
            116.3453051666,
            40.0204067107
          ],
          [
            116.3452519644,
            40.0202223774
          ],
          [
            116.3452020922,
            40.020031199
          ],
          [
            116.3451555633,
            40.019834019
          ],
          [
            116.3451123911,
            40.0196316808
          ],
          [
            116.3450725889,
            40.0194250279
          ],
          [
            116.3450361699,
            40.0192149037
          ],
          [
            116.3450031475,
            40.0190021516
          ],
          [
            116.3449735349,
            40.018787615
          ],
          [
            116.3449473454,
            40.0185721375
          ],
          [
            116.3449245924,
            40.0183565624
          ],
          [
            116.344905289,
            40.0181417331
          ],
          [
            116.3448894487,
            40.0179284932
          ],
          [
            116.3448770846,
            40.017717686
          ],
          [
            116.34486821,
            40.0175101551
          ],
          [
            116.3448628383,
            40.0173067437
          ],
          [
            116.3448609827,
            40.0171082953
          ],
          [
            116.3448626565,
            40.0169156535
          ],
          [
            116.3448678731,
            40.0167296616
          ],
          [
            116.3448771021,
            40.0165465071
          ],
          [
            116.3448907155,
            40.0163620137
          ],
          [
            116.3449085797,
            40.0161764794
          ],
          [
            116.3449305611,
            40.0159902018
          ],
          [
            116.3449565261,
            40.0158034788
          ],
          [
            116.3449863411,
            40.0156166082
          ],
          [
            116.3450198724,
            40.0154298879
          ],
          [
            116.3450569866,
            40.0152436156
          ],
          [
            116.34509755,
            40.0150580892
          ],
          [
            116.3451414289,
            40.0148736065
          ],
          [
            116.3451884899,
            40.0146904652
          ],
          [
            116.3452385994,
            40.0145089633
          ],
          [
            116.3452916237,
            40.0143293984
          ],
          [
            116.3453474293,
            40.0141520685
          ],
          [
            116.3454058826,
            40.0139772713
          ],
          [
            116.34546685,
            40.0138053046
          ],
          [
            116.345530198,
            40.0136364663
          ],
          [
            116.345595793,
            40.0134710542
          ],
          [
            116.3456635014,
            40.0133093661
          ],
          [
            116.3457331897,
            40.0131516998
          ],
          [
            116.3458047243,
            40.0129983531
          ],
          [
            116.3458779717,
            40.0128496239
          ],
          [
            116.3459527982,
            40.0127058099
          ],
          [
            116.3460290705,
            40.0125672089
          ],
          [
            116.3461084375,
            40.0124303483
          ],
          [
            116.3461924244,
            40.0122919967
          ],
          [
            116.346280711,
            40.012152814
          ],
          [
            116.3463729776,
            40.0120134601
          ],
          [
            116.3464689042,
            40.0118745948
          ],
          [
            116.3465681709,
            40.0117368781
          ],
          [
            116.3466704578,
            40.0116009699
          ],
          [
            116.3467754451,
            40.0114675301
          ],
          [
            116.3468828128,
            40.0113372185
          ],
          [
            116.3469922411,
            40.0112106952
          ],
          [
            116.3471034101,
            40.0110886199
          ],
          [
            116.3472159999,
            40.0109716525
          ],
          [
            116.3473296907,
            40.0108604531
          ],
          [
            116.3474441627,
            40.0107556815
          ],
          [
            116.3475590959,
            40.0106579976
          ],
          [
            116.3476741707,
            40.0105680612
          ],
          [
            116.3477890671,
            40.0104865324
          ],
          [
            116.3479034654,
            40.0104140711
          ],
          [
            116.3480170456,
            40.0103513371
          ],
          [
            116.3481294881,
            40.0102989903
          ],
          [
            116.348240473,
            40.0102576907
          ],
          [
            116.3483496805,
            40.0102280982
          ],
          [
            116.3484567908,
            40.0102108728
          ],
          [
            116.3485614841,
            40.0102066742
          ],
          [
            116.3486656679,
            40.0102161105
          ],
          [
            116.3487713076,
            40.0102388804
          ],
          [
            116.3488781696,
            40.0102742802
          ],
          [
            116.3489860208,
            40.0103216062
          ],
          [
            116.3490946278,
            40.0103801547
          ],
          [
            116.3492037573,
            40.0104492218
          ],
          [
            116.3493131759,
            40.0105281039
          ],
          [
            116.3494226502,
            40.0106160974
          ],
          [
            116.3495319471,
            40.0107124983
          ],
          [
            116.349640833,
            40.0108166031
          ],
          [
            116.3497490747,
            40.0109277079
          ],
          [
            116.3498564387,
            40.0110451092
          ],
          [
            116.3499626918,
            40.0111681031
          ],
          [
            116.3500676005,
            40.0112959859
          ],
          [
            116.3501709314,
            40.0114280539
          ],
          [
            116.3502724512,
            40.0115636034
          ],
          [
            116.3503719265,
            40.0117019307
          ],
          [
            116.3504691238,
            40.0118423321
          ],
          [
            116.3505638098,
            40.0119841038
          ],
          [
            116.350655751,
            40.0121265421
          ],
          [
            116.350744714,
            40.0122689434
          ],
          [
            116.3508304655,
            40.0124106038
          ],
          [
            116.3509127718,
            40.0125508198
          ],
          [
            116.3509913997,
            40.0126888875
          ],
          [
            116.3510680496,
            40.0128280293
          ],
          [
            116.3511444104,
            40.0129717638
          ],
          [
            116.3512202312,
            40.0131198318
          ],
          [
            116.3512952614,
            40.0132719739
          ],
          [
            116.3513692501,
            40.013427931
          ],
          [
            116.3514419466,
            40.0135874438
          ],
          [
            116.3515131,
            40.0137502529
          ],
          [
            116.3515824597,
            40.0139160991
          ],
          [
            116.3516497746,
            40.0140847232
          ],
          [
            116.3517147942,
            40.0142558659
          ],
          [
            116.3517772675,
            40.0144292678
          ],
          [
            116.3518369438,
            40.0146046698
          ],
          [
            116.3518935722,
            40.0147818126
          ],
          [
            116.351946902,
            40.0149604369
          ],
          [
            116.3519966823,
            40.0151402834
          ],
          [
            116.3520426622,
            40.015321093
          ],
          [
            116.352084591,
            40.0155026062
          ],
          [
            116.3521222178,
            40.0156845638
          ],
          [
            116.3521552917,
            40.0158667067
          ],
          [
            116.3521835621,
            40.0160487754
          ],
          [
            116.3522067779,
            40.0162305108
          ],
          [
            116.3522246884,
            40.0164116536
          ],
          [
            116.3522370427,
            40.0165919445
          ],
          [
            116.3522435899,
            40.0167711242
          ]
        ]
      }
    },
    {
      "type": "Feature",
      "id": "ROAD-012",
      "properties": {
        "layer": "ROAD_CENTERLINE",
        "name_zh": "原点社区协议回路",
        "source_type": "agent_generated_design",
        "confidence": "medium",
        "geometry_role": "design_proposal",
        "source_id": "DATA-SRC-PROVISIONAL-BOUNDARIES-20260605",
        "design_note": "重点区内闭合慢行回路建议：把感知、知识、流程、人本四层串成可反复运行的城市回路；概念建议。",
        "usage_note": "概念方案图层，仅供讨论与专业团队深化研究；不构成用地审批、权属、道路红线或强度控制结论。",
        "road_class": "cycleway",
        "structure_role": "协议回路",
        "key_area_id": "beijing_ai_origin_community",
        "id": "ROAD-012",
        "length_m_declared": 2084.298
      },
      "geometry": {
        "type": "LineString",
        "coordinates": [
          [
            116.3510695913,
            39.9885201775
          ],
          [
            116.3510716014,
            39.9886165309
          ],
          [
            116.3510691669,
            39.9887162723
          ],
          [
            116.3510623917,
            39.9888189703
          ],
          [
            116.3510513798,
            39.9889241938
          ],
          [
            116.351036235,
            39.9890315114
          ],
          [
            116.3510170613,
            39.989140492
          ],
          [
            116.3509939626,
            39.9892507043
          ],
          [
            116.3509670427,
            39.9893617171
          ],
          [
            116.3509364056,
            39.9894730991
          ],
          [
            116.3509021553,
            39.9895844192
          ],
          [
            116.3508643956,
            39.9896952459
          ],
          [
            116.3508232304,
            39.9898051482
          ],
          [
            116.3507787636,
            39.9899136948
          ],
          [
            116.3507310993,
            39.9900204544
          ],
          [
            116.3506803412,
            39.9901249959
          ],
          [
            116.3506265934,
            39.9902268878
          ],
          [
            116.3505699597,
            39.9903256991
          ],
          [
            116.3505105441,
            39.9904209985
          ],
          [
            116.3504484505,
            39.9905123547
          ],
          [
            116.3503837829,
            39.9905993365
          ],
          [
            116.3503166452,
            39.9906815127
          ],
          [
            116.3502471413,
            39.990758452
          ],
          [
            116.3501753752,
            39.9908297231
          ],
          [
            116.3501014508,
            39.990894895
          ],
          [
            116.3500236632,
            39.9909548652
          ],
          [
            116.3499404773,
            39.9910109005
          ],
          [
            116.3498522521,
            39.9910631229
          ],
          [
            116.3497593464,
            39.9911116544
          ],
          [
            116.3496621193,
            39.991156617
          ],
          [
            116.3495609296,
            39.9911981327
          ],
          [
            116.3494561362,
            39.9912363236
          ],
          [
            116.3493480982,
            39.9912713117
          ],
          [
            116.3492371744,
            39.9913032191
          ],
          [
            116.3491237237,
            39.9913321676
          ],
          [
            116.3490081051,
            39.9913582794
          ],
          [
            116.3488906776,
            39.9913816765
          ],
          [
            116.3487718,
            39.991402481
          ],
          [
            116.3486518313,
            39.9914208148
          ],
          [
            116.3485311304,
            39.9914367999
          ],
          [
            116.3484100563,
            39.9914505585
          ],
          [
            116.3482889678,
            39.9914622126
          ],
          [
            116.348168224,
            39.9914718841
          ],
          [
            116.3480481837,
            39.9914796952
          ],
          [
            116.3479292059,
            39.9914857678
          ],
          [
            116.3478116496,
            39.9914902241
          ],
          [
            116.3476958735,
            39.991493186
          ],
          [
            116.3475822367,
            39.9914947756
          ],
          [
            116.3474710981,
            39.9914951149
          ],
          [
            116.3473598377,
            39.9914942991
          ],
          [
            116.3472458542,
            39.9914922579
          ],
          [
            116.3471295347,
            39.9914888659
          ],
          [
            116.347011266,
            39.9914839974
          ],
          [
            116.3468914352,
            39.9914775267
          ],
          [
            116.3467704293,
            39.9914693284
          ],
          [
            116.3466486353,
            39.9914592767
          ],
          [
            116.3465264401,
            39.9914472461
          ],
          [
            116.3464042307,
            39.9914331109
          ],
          [
            116.3462823942,
            39.9914167455
          ],
          [
            116.3461613175,
            39.9913980245
          ],
          [
            116.3460413876,
            39.991376822
          ],
          [
            116.3459229914,
            39.9913530126
          ],
          [
            116.3458065161,
            39.9913264707
          ],
          [
            116.3456923485,
            39.9912970706
          ],
          [
            116.3455808757,
            39.9912646868
          ],
          [
            116.3454724847,
            39.9912291936
          ],
          [
            116.3453675624,
            39.9911904655
          ],
          [
            116.3452664958,
            39.9911483769
          ],
          [
            116.345169672,
            39.9911028021
          ],
          [
            116.3450774778,
            39.9910536157
          ],
          [
            116.3449903003,
            39.991000692
          ],
          [
            116.3449085265,
            39.9909439053
          ],
          [
            116.3448325434,
            39.9908831303
          ],
          [
            116.344760923,
            39.9908170782
          ],
          [
            116.3446920146,
            39.9907448378
          ],
          [
            116.3446258713,
            39.9906668487
          ],
          [
            116.3445625456,
            39.990583551
          ],
          [
            116.3445020905,
            39.9904953845
          ],
          [
            116.3444445588,
            39.9904027891
          ],
          [
            116.3443900033,
            39.9903062047
          ],
          [
            116.3443384768,
            39.9902060712
          ],
          [
            116.3442900321,
            39.9901028285
          ],
          [
            116.3442447219,
            39.9899969165
          ],
          [
            116.3442025992,
            39.989888775
          ],
          [
            116.3441637167,
            39.9897788439
          ],
          [
            116.3441281272,
            39.9896675632
          ],
          [
            116.3440958834,
            39.9895553727
          ],
          [
            116.3440670383,
            39.9894427123
          ],
          [
            116.3440416445,
            39.9893300219
          ],
          [
            116.3440197549,
            39.9892177414
          ],
          [
            116.3440014222,
            39.9891063106
          ],
          [
            116.3439866993,
            39.9889961696
          ],
          [
            116.343975639,
            39.988887758
          ],
          [
            116.3439682939,
            39.988781516
          ],
          [
            116.343964717,
            39.9886778832
          ],
          [
            116.343964961,
            39.9885772996
          ],
          [
            116.3439690786,
            39.9884802052
          ],
          [
            116.3439775389,
            39.9883846468
          ],
          [
            116.3439906647,
            39.9882884756
          ],
          [
            116.3440082902,
            39.9881918376
          ],
          [
            116.3440302494,
            39.988094879
          ],
          [
            116.3440563762,
            39.987997746
          ],
          [
            116.3440865049,
            39.9879005845
          ],
          [
            116.3441204693,
            39.9878035406
          ],
          [
            116.3441581036,
            39.9877067606
          ],
          [
            116.3441992419,
            39.9876103904
          ],
          [
            116.344243718,
            39.9875145762
          ],
          [
            116.3442913661,
            39.987419464
          ],
          [
            116.3443420203,
            39.9873252
          ],
          [
            116.3443955146,
            39.9872319303
          ],
          [
            116.344451683,
            39.987139801
          ],
          [
            116.3445103597,
            39.9870489581
          ],
          [
            116.3445713786,
            39.9869595478
          ],
          [
            116.3446345738,
            39.9868717161
          ],
          [
            116.3446997794,
            39.9867856092
          ],
          [
            116.3447668294,
            39.9867013732
          ],
          [
            116.3448355579,
            39.9866191541
          ],
          [
            116.344905799,
            39.9865390981
          ],
          [
            116.3449773868,
            39.9864613513
          ],
          [
            116.3450501552,
            39.9863860597
          ],
          [
            116.3451239384,
            39.9863133694
          ],
          [
            116.3452003415,
            39.9862414448
          ],
          [
            116.3452808925,
            39.9861685915
          ],
          [
            116.3453653096,
            39.9860951675
          ],
          [
            116.3454533112,
            39.9860215312
          ],
          [
            116.3455446156,
            39.9859480407
          ],
          [
            116.3456389413,
            39.9858750542
          ],
          [
            116.3457360065,
            39.9858029299
          ],
          [
            116.3458355296,
            39.985732026
          ],
          [
            116.345937229,
            39.9856627006
          ],
          [
            116.3460408231,
            39.9855953121
          ],
          [
            116.3461460301,
            39.9855302185
          ],
          [
            116.3462525685,
            39.9854677781
          ],
          [
            116.3463601566,
            39.9854083491
          ],
          [
            116.3464685128,
            39.9853522896
          ],
          [
            116.3465773555,
            39.9852999579
          ],
          [
            116.3466864031,
            39.9852517122
          ],
          [
            116.3467953739,
            39.9852079106
          ],
          [
            116.3469039864,
            39.9851689115
          ],
          [
            116.3470119589,
            39.9851350729
          ],
          [
            116.3471190098,
            39.9851067531
          ],
          [
            116.3472248576,
            39.9850843103
          ],
          [
            116.3473292206,
            39.9850681026
          ],
          [
            116.3474318172,
            39.9850584884
          ],
          [
            116.3475323658,
            39.9850558259
          ],
          [
            116.3476327129,
            39.9850603949
          ],
          [
            116.3477347265,
            39.9850719909
          ],
          [
            116.3478381578,
            39.9850902448
          ],
          [
            116.3479427577,
            39.9851147878
          ],
          [
            116.3480482772,
            39.9851452507
          ],
          [
            116.3481544673,
            39.9851812647
          ],
          [
            116.3482610791,
            39.9852224608
          ],
          [
            116.3483678636,
            39.98526847
          ],
          [
            116.3484745717,
            39.9853189234
          ],
          [
            116.3485809544,
            39.9853734521
          ],
          [
            116.3486867629,
            39.985431687
          ],
          [
            116.348791748,
            39.9854932592
          ],
          [
            116.3488956607,
            39.9855577998
          ],
          [
            116.348998252,
            39.9856249398
          ],
          [
            116.349099273,
            39.9856943102
          ],
          [
            116.3491984746,
            39.9857655421
          ],
          [
            116.3492956077,
            39.9858382666
          ],
          [
            116.3493904234,
            39.9859121146
          ],
          [
            116.3494826726,
            39.9859867173
          ],
          [
            116.3495721063,
            39.9860617057
          ],
          [
            116.3496584755,
            39.9861367108
          ],
          [
            116.349741531,
            39.9862113637
          ],
          [
            116.3498210239,
            39.9862852955
          ],
          [
            116.3498967051,
            39.9863581371
          ],
          [
            116.3499701531,
            39.9864315954
          ],
          [
            116.3500429748,
            39.9865075292
          ],
          [
            116.3501149644,
            39.9865857982
          ],
          [
            116.3501859156,
            39.9866662619
          ],
          [
            116.3502556225,
            39.9867487799
          ],
          [
            116.3503238791,
            39.9868332118
          ],
          [
            116.3503904793,
            39.9869194171
          ],
          [
            116.3504552171,
            39.9870072555
          ],
          [
            116.3505178864,
            39.9870965865
          ],
          [
            116.3505782811,
            39.9871872697
          ],
          [
            116.3506361953,
            39.9872791647
          ],
          [
            116.3506914228,
            39.987372131
          ],
          [
            116.3507437577,
            39.9874660282
          ],
          [
            116.3507929938,
            39.9875607159
          ],
          [
            116.3508389251,
            39.9876560537
          ],
          [
            116.3508813456,
            39.9877519012
          ],
          [
            116.3509200492,
            39.9878481178
          ],
          [
            116.3509548298,
            39.9879445633
          ],
          [
            116.3509854813,
            39.9880410972
          ],
          [
            116.3510117978,
            39.988137579
          ],
          [
            116.3510335731,
            39.9882338684
          ],
          [
            116.3510506011,
            39.9883298249
          ],
          [
            116.3510626759,
            39.988425308
          ],
          [
            116.3510695913,
            39.9885201775
          ]
        ]
      }
    },
    {
      "type": "Feature",
      "id": "ROAD-013",
      "properties": {
        "layer": "ROAD_CENTERLINE",
        "name_zh": "大钟寺协议回路",
        "source_type": "agent_generated_design",
        "confidence": "medium",
        "geometry_role": "design_proposal",
        "source_id": "DATA-SRC-PROVISIONAL-BOUNDARIES-20260605",
        "design_note": "重点区内闭合慢行回路建议：把感知、知识、流程、人本四层串成可反复运行的城市回路；概念建议。",
        "usage_note": "概念方案图层，仅供讨论与专业团队深化研究；不构成用地审批、权属、道路红线或强度控制结论。",
        "road_class": "cycleway",
        "structure_role": "协议回路",
        "key_area_id": "dazhongsi_ai_industry_cluster",
        "id": "ROAD-013",
        "length_m_declared": 1756.996
      },
      "geometry": {
        "type": "LineString",
        "coordinates": [
          [
            116.3527096633,
            39.9469437638
          ],
          [
            116.3527104423,
            39.9469971601
          ],
          [
            116.3527042999,
            39.9470522196
          ],
          [
            116.3526915155,
            39.9471087267
          ],
          [
            116.3526723682,
            39.9471664659
          ],
          [
            116.3526471374,
            39.9472252216
          ],
          [
            116.3526161024,
            39.9472847783
          ],
          [
            116.3525795424,
            39.9473449206
          ],
          [
            116.3525377367,
            39.9474054328
          ],
          [
            116.3524909646,
            39.9474660995
          ],
          [
            116.3524395054,
            39.9475267051
          ],
          [
            116.3523836383,
            39.9475870341
          ],
          [
            116.3523236426,
            39.9476468709
          ],
          [
            116.3522597977,
            39.9477060002
          ],
          [
            116.3521923828,
            39.9477642062
          ],
          [
            116.3521216772,
            39.9478212736
          ],
          [
            116.3520479601,
            39.9478769867
          ],
          [
            116.351971511,
            39.94793113
          ],
          [
            116.3518926091,
            39.9479834881
          ],
          [
            116.3518115337,
            39.9480338454
          ],
          [
            116.351728564,
            39.9480819864
          ],
          [
            116.3516439795,
            39.9481276955
          ],
          [
            116.3515580593,
            39.9481707572
          ],
          [
            116.3514710829,
            39.9482109561
          ],
          [
            116.3513833295,
            39.9482480766
          ],
          [
            116.3512927352,
            39.948282681
          ],
          [
            116.351197255,
            39.9483154963
          ],
          [
            116.3510971967,
            39.9483465539
          ],
          [
            116.3509928679,
            39.948375885
          ],
          [
            116.3508845762,
            39.9484035209
          ],
          [
            116.3507726295,
            39.948429493
          ],
          [
            116.3506573353,
            39.9484538326
          ],
          [
            116.3505390014,
            39.9484765711
          ],
          [
            116.3504179354,
            39.9484977396
          ],
          [
            116.3502944451,
            39.9485173697
          ],
          [
            116.3501688381,
            39.9485354925
          ],
          [
            116.3500414221,
            39.9485521394
          ],
          [
            116.3499125049,
            39.9485673418
          ],
          [
            116.349782394,
            39.9485811309
          ],
          [
            116.3496513973,
            39.9485935381
          ],
          [
            116.3495198223,
            39.9486045948
          ],
          [
            116.3493879768,
            39.9486143322
          ],
          [
            116.3492561685,
            39.9486227817
          ],
          [
            116.349124705,
            39.9486299746
          ],
          [
            116.3489938941,
            39.9486359423
          ],
          [
            116.3488640434,
            39.9486407161
          ],
          [
            116.3487354607,
            39.9486443273
          ],
          [
            116.3486084536,
            39.9486468073
          ],
          [
            116.3484833299,
            39.9486481875
          ],
          [
            116.3483571188,
            39.9486485936
          ],
          [
            116.3482269919,
            39.9486480915
          ],
          [
            116.3480934699,
            39.9486466226
          ],
          [
            116.3479570736,
            39.9486441279
          ],
          [
            116.3478183237,
            39.9486405489
          ],
          [
            116.3476777412,
            39.9486358268
          ],
          [
            116.3475358466,
            39.9486299029
          ],
          [
            116.3473931609,
            39.9486227183
          ],
          [
            116.3472502048,
            39.9486142146
          ],
          [
            116.347107499,
            39.9486043328
          ],
          [
            116.3469655644,
            39.9485930143
          ],
          [
            116.3468249218,
            39.9485802005
          ],
          [
            116.3466860918,
            39.9485658325
          ],
          [
            116.3465495954,
            39.9485498516
          ],
          [
            116.3464159532,
            39.9485321993
          ],
          [
            116.346285686,
            39.9485128167
          ],
          [
            116.3461593147,
            39.9484916452
          ],
          [
            116.34603736,
            39.948468626
          ],
          [
            116.3459203427,
            39.9484437005
          ],
          [
            116.3458087836,
            39.94841681
          ],
          [
            116.3457032034,
            39.9483878958
          ],
          [
            116.3456041229,
            39.9483568992
          ],
          [
            116.3455120628,
            39.9483237615
          ],
          [
            116.3454275441,
            39.948288424
          ],
          [
            116.3453492196,
            39.9482501193
          ],
          [
            116.3452753427,
            39.9482082852
          ],
          [
            116.3452058346,
            39.9481631702
          ],
          [
            116.3451406165,
            39.948115023
          ],
          [
            116.3450796095,
            39.9480640923
          ],
          [
            116.3450227349,
            39.9480106268
          ],
          [
            116.3449699137,
            39.9479548752
          ],
          [
            116.3449210672,
            39.9478970862
          ],
          [
            116.3448761166,
            39.9478375083
          ],
          [
            116.3448349829,
            39.9477763904
          ],
          [
            116.3447975874,
            39.9477139811
          ],
          [
            116.3447638512,
            39.9476505291
          ],
          [
            116.3447336956,
            39.947586283
          ],
          [
            116.3447070416,
            39.9475214916
          ],
          [
            116.3446838105,
            39.9474564034
          ],
          [
            116.3446639233,
            39.9473912673
          ],
          [
            116.3446473014,
            39.9473263318
          ],
          [
            116.3446338657,
            39.9472618456
          ],
          [
            116.3446235376,
            39.9471980574
          ],
          [
            116.3446162381,
            39.947135216
          ],
          [
            116.3446118884,
            39.9470735699
          ],
          [
            116.3446104098,
            39.9470133678
          ],
          [
            116.3446117233,
            39.9469548584
          ],
          [
            116.3446157502,
            39.9468982905
          ],
          [
            116.3446228366,
            39.9468424459
          ],
          [
            116.3446333644,
            39.9467860156
          ],
          [
            116.3446473085,
            39.9467291121
          ],
          [
            116.3446646436,
            39.9466718477
          ],
          [
            116.3446853445,
            39.9466143346
          ],
          [
            116.3447093861,
            39.9465566852
          ],
          [
            116.3447367432,
            39.9464990118
          ],
          [
            116.3447673904,
            39.9464414267
          ],
          [
            116.3448013027,
            39.9463840423
          ],
          [
            116.3448384549,
            39.9463269709
          ],
          [
            116.3448788216,
            39.9462703247
          ],
          [
            116.3449223778,
            39.9462142162
          ],
          [
            116.3449690983,
            39.9461587576
          ],
          [
            116.3450189578,
            39.9461040612
          ],
          [
            116.3450719311,
            39.9460502394
          ],
          [
            116.345127993,
            39.9459974045
          ],
          [
            116.3451871184,
            39.9459456688
          ],
          [
            116.345249282,
            39.9458951446
          ],
          [
            116.3453144587,
            39.9458459443
          ],
          [
            116.3453826233,
            39.9457981802
          ],
          [
            116.3454537505,
            39.9457519645
          ],
          [
            116.3455278151,
            39.9457074096
          ],
          [
            116.3456047921,
            39.9456646279
          ],
          [
            116.3456846561,
            39.9456237316
          ],
          [
            116.3457691015,
            39.9455837373
          ],
          [
            116.3458595586,
            39.9455436961
          ],
          [
            116.3459556062,
            39.9455037717
          ],
          [
            116.3460568231,
            39.9454641277
          ],
          [
            116.3461627881,
            39.9454249279
          ],
          [
            116.34627308,
            39.945386336
          ],
          [
            116.3463872777,
            39.9453485157
          ],
          [
            116.34650496,
            39.9453116308
          ],
          [
            116.3466257056,
            39.945275845
          ],
          [
            116.3467490935,
            39.9452413219
          ],
          [
            116.3468747024,
            39.9452082254
          ],
          [
            116.3470021112,
            39.9451767192
          ],
          [
            116.3471308987,
            39.945146967
          ],
          [
            116.3472606438,
            39.9451191325
          ],
          [
            116.3473909253,
            39.9450933794
          ],
          [
            116.347521322,
            39.9450698716
          ],
          [
            116.3476514127,
            39.9450487727
          ],
          [
            116.3477807764,
            39.9450302465
          ],
          [
            116.3479089918,
            39.9450144567
          ],
          [
            116.3480356379,
            39.9450015671
          ],
          [
            116.3481602934,
            39.9449917414
          ],
          [
            116.3482825371,
            39.9449851434
          ],
          [
            116.3484019481,
            39.9449819368
          ],
          [
            116.348518105,
            39.9449822854
          ],
          [
            116.3486331294,
            39.9449864346
          ],
          [
            116.3487492866,
            39.944994388
          ],
          [
            116.348866371,
            39.9450059462
          ],
          [
            116.3489841772,
            39.9450209099
          ],
          [
            116.3491024996,
            39.9450390797
          ],
          [
            116.3492211329,
            39.9450602565
          ],
          [
            116.3493398715,
            39.9450842408
          ],
          [
            116.3494585099,
            39.9451108334
          ],
          [
            116.3495768426,
            39.945139835
          ],
          [
            116.3496946641,
            39.9451710463
          ],
          [
            116.3498117689,
            39.9452042679
          ],
          [
            116.3499279516,
            39.9452393006
          ],
          [
            116.3500430066,
            39.9452759451
          ],
          [
            116.3501567284,
            39.9453140021
          ],
          [
            116.3502689115,
            39.9453532722
          ],
          [
            116.3503793504,
            39.9453935562
          ],
          [
            116.3504878397,
            39.9454346548
          ],
          [
            116.3505941736,
            39.9454763686
          ],
          [
            116.3506981469,
            39.9455184985
          ],
          [
            116.3507995539,
            39.9455608451
          ],
          [
            116.3508981892,
            39.945603209
          ],
          [
            116.3509938472,
            39.9456453911
          ],
          [
            116.3510863223,
            39.9456871919
          ],
          [
            116.3511754092,
            39.9457284123
          ],
          [
            116.3512632038,
            39.9457699997
          ],
          [
            116.3513516881,
            39.9458129795
          ],
          [
            116.3514404849,
            39.9458572691
          ],
          [
            116.3515292173,
            39.9459027861
          ],
          [
            116.3516175081,
            39.9459494478
          ],
          [
            116.3517049803,
            39.9459971717
          ],
          [
            116.351791257,
            39.9460458754
          ],
          [
            116.3518759609,
            39.9460954762
          ],
          [
            116.3519587152,
            39.9461458917
          ],
          [
            116.3520391427,
            39.9461970393
          ],
          [
            116.3521168663,
            39.9462488365
          ],
          [
            116.3521915091,
            39.9463012007
          ],
          [
            116.3522626939,
            39.9463540495
          ],
          [
            116.3523300438,
            39.9464073003
          ],
          [
            116.3523931816,
            39.9464608706
          ],
          [
            116.3524517302,
            39.9465146779
          ],
          [
            116.3525053127,
            39.9465686396
          ],
          [
            116.3525535519,
            39.9466226732
          ],
          [
            116.3525960709,
            39.9466766962
          ],
          [
            116.3526324924,
            39.9467306261
          ],
          [
            116.3526624395,
            39.9467843803
          ],
          [
            116.352685535,
            39.9468378764
          ],
          [
            116.352701402,
            39.9468910317
          ],
          [
            116.3527096633,
            39.9469437638
          ]
        ]
      }
    },
    {
      "type": "Feature",
      "id": "ROAD-014",
      "properties": {
        "layer": "ROAD_CENTERLINE",
        "name_zh": "东西缝合接驳线 C01",
        "source_type": "agent_generated_design",
        "confidence": "medium",
        "geometry_role": "design_proposal",
        "source_id": "DATA-SRC-PROVISIONAL-BOUNDARIES-20260605",
        "design_note": "东西向步行与无障碍缝合线建议：跨越现状割裂界面连接主脊与两侧街区；概念建议，不涉及桥隧结论。",
        "usage_note": "概念方案图层，仅供讨论与专业团队深化研究；不构成用地审批、权属、道路红线或强度控制结论。",
        "road_class": "pedestrian",
        "structure_role": "东西缝合接口",
        "id": "ROAD-014",
        "length_m_declared": 1015.663
      },
      "geometry": {
        "type": "LineString",
        "coordinates": [
          [
            116.34283056,
            40.0221951284
          ],
          [
            116.3436778863,
            40.0222853225
          ],
          [
            116.3445258303,
            40.0223111959
          ],
          [
            116.3453738562,
            40.0223285652
          ],
          [
            116.3462219673,
            40.0223370618
          ],
          [
            116.3470701642,
            40.0223365771
          ],
          [
            116.3479184452,
            40.0223272653
          ],
          [
            116.348766806,
            40.0223095394
          ],
          [
            116.34961524,
            40.022284059
          ],
          [
            116.3504637385,
            40.0222517106
          ],
          [
            116.351312291,
            40.0222135821
          ],
          [
            116.3521608853,
            40.0221709304
          ],
          [
            116.3530095083,
            40.0221251451
          ],
          [
            116.3538581456,
            40.0220777073
          ],
          [
            116.354706783,
            40.0220301463
          ]
        ]
      }
    },
    {
      "type": "Feature",
      "id": "ROAD-015",
      "properties": {
        "layer": "ROAD_CENTERLINE",
        "name_zh": "东西缝合接驳线 C02",
        "source_type": "agent_generated_design",
        "confidence": "medium",
        "geometry_role": "design_proposal",
        "source_id": "DATA-SRC-PROVISIONAL-BOUNDARIES-20260605",
        "design_note": "东西向步行与无障碍缝合线建议：跨越现状割裂界面连接主脊与两侧街区；概念建议，不涉及桥隧结论。",
        "usage_note": "概念方案图层，仅供讨论与专业团队深化研究；不构成用地审批、权属、道路红线或强度控制结论。",
        "road_class": "pedestrian",
        "structure_role": "东西缝合接口",
        "id": "ROAD-015",
        "length_m_declared": 1012.962
      },
      "geometry": {
        "type": "LineString",
        "coordinates": [
          [
            116.3425312592,
            40.0161139181
          ],
          [
            116.3433762544,
            40.0161726344
          ],
          [
            116.3442220018,
            40.0161529185
          ],
          [
            116.345067821,
            40.0161256494
          ],
          [
            116.3459137027,
            40.0160917666
          ],
          [
            116.3467596358,
            40.0160524035
          ],
          [
            116.3476056079,
            40.0160088537
          ],
          [
            116.3484516052,
            40.0159625336
          ],
          [
            116.3492976135,
            40.0159149407
          ],
          [
            116.3501436182,
            40.0158676093
          ],
          [
            116.3509896048,
            40.0158220662
          ],
          [
            116.3518355594,
            40.0157797853
          ],
          [
            116.3526814692,
            40.015742145
          ],
          [
            116.3535273225,
            40.0157103872
          ],
          [
            116.3543731096,
            40.0156855813
          ]
        ]
      }
    },
    {
      "type": "Feature",
      "id": "ROAD-016",
      "properties": {
        "layer": "ROAD_CENTERLINE",
        "name_zh": "东西缝合接驳线 C03",
        "source_type": "agent_generated_design",
        "confidence": "medium",
        "geometry_role": "design_proposal",
        "source_id": "DATA-SRC-PROVISIONAL-BOUNDARIES-20260605",
        "design_note": "东西向步行与无障碍缝合线建议：跨越现状割裂界面连接主脊与两侧街区；概念建议，不涉及桥隧结论。",
        "usage_note": "概念方案图层，仅供讨论与专业团队深化研究；不构成用地审批、权属、道路红线或强度控制结论。",
        "road_class": "pedestrian",
        "structure_role": "东西缝合接口",
        "id": "ROAD-016",
        "length_m_declared": 1008.763
      },
      "geometry": {
        "type": "LineString",
        "coordinates": [
          [
            116.3419324072,
            40.0042746567
          ],
          [
            116.3427751209,
            40.0042610877
          ],
          [
            116.3436181523,
            40.0042143264
          ],
          [
            116.344461191,
            40.0041666741
          ],
          [
            116.3453042224,
            40.0041196676
          ],
          [
            116.346147232,
            40.0040748246
          ],
          [
            116.3469902061,
            40.004033599
          ],
          [
            116.347833132,
            40.0039973388
          ],
          [
            116.3486759984,
            40.003967246
          ],
          [
            116.3495187958,
            40.0039443418
          ],
          [
            116.3503615169,
            40.0039294362
          ],
          [
            116.3512041565,
            40.0039231049
          ],
          [
            116.3520467118,
            40.0039256717
          ],
          [
            116.3528891827,
            40.0039371997
          ],
          [
            116.3537315712,
            40.0039574889
          ]
        ]
      }
    },
    {
      "type": "Feature",
      "id": "ROAD-017",
      "properties": {
        "layer": "ROAD_CENTERLINE",
        "name_zh": "东西缝合接驳线 C04",
        "source_type": "agent_generated_design",
        "confidence": "medium",
        "geometry_role": "design_proposal",
        "source_id": "DATA-SRC-PROVISIONAL-BOUNDARIES-20260605",
        "design_note": "东西向步行与无障碍缝合线建议：跨越现状割裂界面连接主脊与两侧街区；概念建议，不涉及桥隧结论。",
        "usage_note": "概念方案图层，仅供讨论与专业团队深化研究；不构成用地审批、权属、道路红线或强度控制结论。",
        "road_class": "pedestrian",
        "structure_role": "东西缝合接口",
        "id": "ROAD-017",
        "length_m_declared": 1014.742
      },
      "geometry": {
        "type": "LineString",
        "coordinates": [
          [
            116.3414808304,
            39.9970436444
          ],
          [
            116.3423290023,
            39.9969717206
          ],
          [
            116.3431768165,
            39.996936959
          ],
          [
            116.3440245681,
            39.9969086383
          ],
          [
            116.3448722483,
            39.9968877294
          ],
          [
            116.3457198501,
            39.9968749858
          ],
          [
            116.3465673688,
            39.9968709214
          ],
          [
            116.3474148024,
            39.9968757956
          ],
          [
            116.3482621512,
            39.9968896054
          ],
          [
            116.349109418,
            39.9969120858
          ],
          [
            116.3499566082,
            39.9969427173
          ],
          [
            116.3508037291,
            39.9969807415
          ],
          [
            116.3516507902,
            39.9970251828
          ],
          [
            116.3524978029,
            39.9970748775
          ],
          [
            116.3533447797,
            39.9971285076
          ]
        ]
      }
    },
    {
      "type": "Feature",
      "id": "ROAD-018",
      "properties": {
        "layer": "ROAD_CENTERLINE",
        "name_zh": "东西缝合接驳线 C05",
        "source_type": "agent_generated_design",
        "confidence": "medium",
        "geometry_role": "design_proposal",
        "source_id": "DATA-SRC-PROVISIONAL-BOUNDARIES-20260605",
        "design_note": "东西向步行与无障碍缝合线建议：跨越现状割裂界面连接主脊与两侧街区；概念建议，不涉及桥隧结论。",
        "usage_note": "概念方案图层，仅供讨论与专业团队深化研究；不构成用地审批、权属、道路红线或强度控制结论。",
        "road_class": "pedestrian",
        "structure_role": "东西缝合接口",
        "id": "ROAD-018",
        "length_m_declared": 1037.101
      },
      "geometry": {
        "type": "LineString",
        "coordinates": [
          [
            116.3409355801,
            39.9884495288
          ],
          [
            116.3418017105,
            39.9883773971
          ],
          [
            116.3426670782,
            39.9883846537
          ],
          [
            116.343532361,
            39.9884008038
          ],
          [
            116.3443975623,
            39.9884255178
          ],
          [
            116.3452626881,
            39.9884582148
          ],
          [
            116.3461277464,
            39.9884980795
          ],
          [
            116.3469927472,
            39.9885440866
          ],
          [
            116.3478577023,
            39.9885950303
          ],
          [
            116.3487226246,
            39.9886495601
          ],
          [
            116.3495875282,
            39.98870622
          ],
          [
            116.3504524274,
            39.9887634914
          ],
          [
            116.3513173368,
            39.9888198376
          ],
          [
            116.3521822706,
            39.988873749
          ],
          [
            116.3530472424,
            39.9889237868
          ]
        ]
      }
    },
    {
      "type": "Feature",
      "id": "ROAD-019",
      "properties": {
        "layer": "ROAD_CENTERLINE",
        "name_zh": "东西缝合接驳线 C06",
        "source_type": "agent_generated_design",
        "confidence": "medium",
        "geometry_role": "design_proposal",
        "source_id": "DATA-SRC-PROVISIONAL-BOUNDARIES-20260605",
        "design_note": "东西向步行与无障碍缝合线建议：跨越现状割裂界面连接主脊与两侧街区；概念建议，不涉及桥隧结论。",
        "usage_note": "概念方案图层，仅供讨论与专业团队深化研究；不构成用地审批、权属、道路红线或强度控制结论。",
        "road_class": "pedestrian",
        "structure_role": "东西缝合接口",
        "id": "ROAD-019",
        "length_m_declared": 1190.098
      },
      "geometry": {
        "type": "LineString",
        "coordinates": [
          [
            116.3401330971,
            39.9760644633
          ],
          [
            116.3411269623,
            39.9760510623
          ],
          [
            116.3421202372,
            39.9760991898
          ],
          [
            116.3431134693,
            39.9761519262
          ],
          [
            116.3441066722,
            39.976207891
          ],
          [
            116.34509986,
            39.9762656082
          ],
          [
            116.3460930474,
            39.9763235508
          ],
          [
            116.3470862489,
            39.9763801844
          ],
          [
            116.3480794787,
            39.976434013
          ],
          [
            116.3490727502,
            39.9764836225
          ],
          [
            116.3500660753,
            39.9765277224
          ],
          [
            116.3510594646,
            39.9765651832
          ],
          [
            116.3520529265,
            39.97659507
          ],
          [
            116.3530464674,
            39.9766166695
          ],
          [
            116.3540400915,
            39.9766295114
          ]
        ]
      }
    },
    {
      "type": "Feature",
      "id": "ROAD-020",
      "properties": {
        "layer": "ROAD_CENTERLINE",
        "name_zh": "东西缝合接驳线 C07",
        "source_type": "agent_generated_design",
        "confidence": "medium",
        "geometry_role": "design_proposal",
        "source_id": "DATA-SRC-PROVISIONAL-BOUNDARIES-20260605",
        "design_note": "东西向步行与无障碍缝合线建议：跨越现状割裂界面连接主脊与两侧街区；概念建议，不涉及桥隧结论。",
        "usage_note": "概念方案图层，仅供讨论与专业团队深化研究；不构成用地审批、权属、道路红线或强度控制结论。",
        "road_class": "pedestrian",
        "structure_role": "东西缝合接口",
        "id": "ROAD-020",
        "length_m_declared": 1231.566
      },
      "geometry": {
        "type": "LineString",
        "coordinates": [
          [
            116.3402167683,
            39.969044918
          ],
          [
            116.3412449863,
            39.9691041306
          ],
          [
            116.3422732339,
            39.9691604431
          ],
          [
            116.3433015136,
            39.969213587
          ],
          [
            116.3443298385,
            39.9692621756
          ],
          [
            116.3453582203,
            39.969304955
          ],
          [
            116.346386669,
            39.9693408415
          ],
          [
            116.3474151928,
            39.9693689535
          ],
          [
            116.3484437975,
            39.9693886365
          ],
          [
            116.3494724865,
            39.9693994832
          ],
          [
            116.350501261,
            39.9694013451
          ],
          [
            116.3515301194,
            39.9693943367
          ],
          [
            116.3525590578,
            39.9693788322
          ],
          [
            116.3535880699,
            39.9693554547
          ],
          [
            116.3546171474,
            39.969325058
          ]
        ]
      }
    },
    {
      "type": "Feature",
      "id": "ROAD-021",
      "properties": {
        "layer": "ROAD_CENTERLINE",
        "name_zh": "东西缝合接驳线 C08",
        "source_type": "agent_generated_design",
        "confidence": "medium",
        "geometry_role": "design_proposal",
        "source_id": "DATA-SRC-PROVISIONAL-BOUNDARIES-20260605",
        "design_note": "东西向步行与无障碍缝合线建议：跨越现状割裂界面连接主脊与两侧街区；概念建议，不涉及桥隧结论。",
        "usage_note": "概念方案图层，仅供讨论与专业团队深化研究；不构成用地审批、权属、道路红线或强度控制结论。",
        "road_class": "pedestrian",
        "structure_role": "东西缝合接口",
        "id": "ROAD-021",
        "length_m_declared": 1235.912
      },
      "geometry": {
        "type": "LineString",
        "coordinates": [
          [
            116.34050269,
            39.9588713812
          ],
          [
            116.3415336189,
            39.9589626404
          ],
          [
            116.3425651743,
            39.9589887592
          ],
          [
            116.3435968124,
            39.9590063234
          ],
          [
            116.344628536,
            39.9590149896
          ],
          [
            116.3456603455,
            39.9590146748
          ],
          [
            116.3466922387,
            39.9590055591
          ],
          [
            116.3477242112,
            39.9589880804
          ],
          [
            116.3487562561,
            39.9589629213
          ],
          [
            116.3497883644,
            39.9589309895
          ],
          [
            116.3508205253,
            39.9588933909
          ],
          [
            116.3518527267,
            39.9588513972
          ],
          [
            116.352884955,
            39.9588064087
          ],
          [
            116.3539171962,
            39.9587599133
          ],
          [
            116.3549494359,
            39.9587134427
          ]
        ]
      }
    },
    {
      "type": "Feature",
      "id": "ROAD-022",
      "properties": {
        "layer": "ROAD_CENTERLINE",
        "name_zh": "东西缝合接驳线 C09",
        "source_type": "agent_generated_design",
        "confidence": "medium",
        "geometry_role": "design_proposal",
        "source_id": "DATA-SRC-PROVISIONAL-BOUNDARIES-20260605",
        "design_note": "东西向步行与无障碍缝合线建议：跨越现状割裂界面连接主脊与两侧街区；概念建议，不涉及桥隧结论。",
        "usage_note": "概念方案图层，仅供讨论与专业团队深化研究；不构成用地审批、权属、道路红线或强度控制结论。",
        "road_class": "pedestrian",
        "structure_role": "东西缝合接口",
        "id": "ROAD-022",
        "length_m_declared": 1221.993
      },
      "geometry": {
        "type": "LineString",
        "coordinates": [
          [
            116.3406698434,
            39.9528794676
          ],
          [
            116.3416891205,
            39.9529380649
          ],
          [
            116.3427091469,
            39.9529185717
          ],
          [
            116.3437292442,
            39.9528916051
          ],
          [
            116.3447494029,
            39.952858125
          ],
          [
            116.3457696117,
            39.9528192821
          ],
          [
            116.346789858,
            39.9527763838
          ],
          [
            116.3478101281,
            39.9527308565
          ],
          [
            116.3488304075,
            39.952684203
          ],
          [
            116.3498506816,
            39.9526379591
          ],
          [
            116.3508709362,
            39.9525936483
          ],
          [
            116.3518911574,
            39.9525527371
          ],
          [
            116.3529113324,
            39.9525165922
          ],
          [
            116.3539314501,
            39.9524864401
          ],
          [
            116.3549515007,
            39.9524633315
          ]
        ]
      }
    },
    {
      "type": "Feature",
      "id": "ROAD-023",
      "properties": {
        "layer": "ROAD_CENTERLINE",
        "name_zh": "东西缝合接驳线 C10",
        "source_type": "agent_generated_design",
        "confidence": "medium",
        "geometry_role": "design_proposal",
        "source_id": "DATA-SRC-PROVISIONAL-BOUNDARIES-20260605",
        "design_note": "东西向步行与无障碍缝合线建议：跨越现状割裂界面连接主脊与两侧街区；概念建议，不涉及桥隧结论。",
        "usage_note": "概念方案图层，仅供讨论与专业团队深化研究；不构成用地审批、权属、道路红线或强度控制结论。",
        "road_class": "pedestrian",
        "structure_role": "东西缝合接口",
        "id": "ROAD-023",
        "length_m_declared": 1201.818
      },
      "geometry": {
        "type": "LineString",
        "coordinates": [
          [
            116.340901105,
            39.9444644954
          ],
          [
            116.3419046493,
            39.9444504452
          ],
          [
            116.3429084989,
            39.9444044452
          ],
          [
            116.3439123543,
            39.9443577019
          ],
          [
            116.3449162008,
            39.9443117523
          ],
          [
            116.345920024,
            39.9442681098
          ],
          [
            116.3469238103,
            39.9442282198
          ],
          [
            116.3479275471,
            39.9441934176
          ],
          [
            116.3489312235,
            39.944164889
          ],
          [
            116.3499348303,
            39.9441436357
          ],
          [
            116.3509383603,
            39.9441304457
          ],
          [
            116.3519418086,
            39.9441258707
          ],
          [
            116.3529451729,
            39.9441302091
          ],
          [
            116.3539484531,
            39.9441434983
          ],
          [
            116.3549516518,
            39.9441655125
          ]
        ]
      }
    },
    {
      "type": "Feature",
      "id": "ROAD-024",
      "properties": {
        "layer": "ROAD_CENTERLINE",
        "name_zh": "清河站接驳线（示意）",
        "source_type": "agent_generated_design",
        "confidence": "low",
        "geometry_role": "design_proposal",
        "source_id": "DATA-SRC-PROVISIONAL-BOUNDARIES-20260605",
        "design_note": "轨道站点接驳慢行连接建议；站点位置为公告任务线索的粗略示意，不代表轨道线位或站位结论。",
        "usage_note": "概念方案图层，仅供讨论与专业团队深化研究；不构成用地审批、权属、道路红线或强度控制结论。",
        "road_class": "transit_connection",
        "structure_role": "轨道接驳",
        "id": "ROAD-024",
        "length_m_declared": 408.795
      },
      "geometry": {
        "type": "LineString",
        "coordinates": [
          [
            116.3483391558,
            40.0229434215
          ],
          [
            116.3529064562,
            40.0240497435
          ]
        ]
      }
    },
    {
      "type": "Feature",
      "id": "ROAD-025",
      "properties": {
        "layer": "ROAD_CENTERLINE",
        "name_zh": "五道口—清华东路西口接驳线（示意）",
        "source_type": "agent_generated_design",
        "confidence": "low",
        "geometry_role": "design_proposal",
        "source_id": "DATA-SRC-PROVISIONAL-BOUNDARIES-20260605",
        "design_note": "轨道站点接驳慢行连接建议；站点位置为公告任务线索的粗略示意，不代表轨道线位或站位结论。",
        "usage_note": "概念方案图层，仅供讨论与专业团队深化研究；不构成用地审批、权属、道路红线或强度控制结论。",
        "road_class": "transit_connection",
        "structure_role": "轨道接驳",
        "id": "ROAD-025",
        "length_m_declared": 538.894
      },
      "geometry": {
        "type": "LineString",
        "coordinates": [
          [
            116.3450599654,
            39.9887018053
          ],
          [
            116.3512005689,
            39.9898170752
          ]
        ]
      }
    },
    {
      "type": "Feature",
      "id": "ROAD-026",
      "properties": {
        "layer": "ROAD_CENTERLINE",
        "name_zh": "大钟寺站接驳线（示意）",
        "source_type": "agent_generated_design",
        "confidence": "low",
        "geometry_role": "design_proposal",
        "source_id": "DATA-SRC-PROVISIONAL-BOUNDARIES-20260605",
        "design_note": "轨道站点接驳慢行连接建议；站点位置为公告任务线索的粗略示意，不代表轨道线位或站位结论。",
        "usage_note": "概念方案图层，仅供讨论与专业团队深化研究；不构成用地审批、权属、道路红线或强度控制结论。",
        "road_class": "transit_connection",
        "structure_role": "轨道接驳",
        "id": "ROAD-026",
        "length_m_declared": 310.138
      },
      "geometry": {
        "type": "LineString",
        "coordinates": [
          [
            116.3497658155,
            39.9471199052
          ],
          [
            116.353101811,
            39.9482193092
          ]
        ]
      }
    }
  ]
}
