{
  "type": "FeatureCollection",
  "features": [
    {
      "type": "Feature",
      "id": "B-001-00",
      "properties": {
        "id": "B-001-00",
        "layer": "BUILDING_FOOTPRINT",
        "source_type": "agent_inferred_from_public_data",
        "confidence": "low",
        "geometry_role": "provisional_constraint",
        "official_boundary": false,
        "boundary_precision": "provisional_rough",
        "building_use": "#e8643c",
        "source_id": "DATA-SRC-PROVISIONAL-BOUNDARIES-20260605"
      },
      "geometry": {
        "type": "Polygon",
        "coordinates": [
          [
            [
              116.340948,
              39.94920833333333
            ],
            [
              116.340948,
              39.94716666666667
            ],
            [
              116.34047314814815,
              39.94716666666667
            ],
            [
              116.34041643518518,
              39.94920833333333
            ],
            [
              116.340948,
              39.94920833333333
            ]
          ]
        ]
      }
    },
    {
      "type": "Feature",
      "id": "B-001-01",
      "properties": {
        "id": "B-001-01",
        "layer": "BUILDING_FOOTPRINT",
        "source_type": "agent_inferred_from_public_data",
        "confidence": "low",
        "geometry_role": "provisional_constraint",
        "official_boundary": false,
        "boundary_precision": "provisional_rough",
        "building_use": "#e8643c",
        "source_id": "DATA-SRC-PROVISIONAL-BOUNDARIES-20260605"
      },
      "geometry": {
        "type": "Polygon",
        "coordinates": [
          [
            [
              116.340948,
              39.952416666666664
            ],
            [
              116.340948,
              39.950375
            ],
            [
              116.34038402777777,
              39.950375
            ],
            [
              116.34032731481481,
              39.952416666666664
            ],
            [
              116.340948,
              39.952416666666664
            ]
          ]
        ]
      }
    },
    {
      "type": "Feature",
      "id": "B-001-10",
      "properties": {
        "id": "B-001-10",
        "layer": "BUILDING_FOOTPRINT",
        "source_type": "agent_inferred_from_public_data",
        "confidence": "low",
        "geometry_role": "provisional_constraint",
        "official_boundary": false,
        "boundary_precision": "provisional_rough",
        "building_use": "#e8643c",
        "source_id": "DATA-SRC-PROVISIONAL-BOUNDARIES-20260605"
      },
      "geometry": {
        "type": "Polygon",
        "coordinates": [
          [
            [
              116.34144719999999,
              39.94920833333333
            ],
            [
              116.3423208,
              39.94920833333333
            ],
            [
              116.3423208,
              39.94716666666667
            ],
            [
              116.34144719999999,
              39.94716666666667
            ],
            [
              116.34144719999999,
              39.94920833333333
            ]
          ]
        ]
      }
    },
    {
      "type": "Feature",
      "id": "B-001-11",
      "properties": {
        "id": "B-001-11",
        "layer": "BUILDING_FOOTPRINT",
        "source_type": "agent_inferred_from_public_data",
        "confidence": "low",
        "geometry_role": "provisional_constraint",
        "official_boundary": false,
        "boundary_precision": "provisional_rough",
        "building_use": "#e8643c",
        "source_id": "DATA-SRC-PROVISIONAL-BOUNDARIES-20260605"
      },
      "geometry": {
        "type": "Polygon",
        "coordinates": [
          [
            [
              116.34144719999999,
              39.952416666666664
            ],
            [
              116.3423208,
              39.952416666666664
            ],
            [
              116.3423208,
              39.950375
            ],
            [
              116.34144719999999,
              39.950375
            ],
            [
              116.34144719999999,
              39.952416666666664
            ]
          ]
        ]
      }
    },
    {
      "type": "Feature",
      "id": "B-002-00",
      "properties": {
        "id": "B-002-00",
        "layer": "BUILDING_FOOTPRINT",
        "source_type": "agent_inferred_from_public_data",
        "confidence": "low",
        "geometry_role": "provisional_constraint",
        "official_boundary": false,
        "boundary_precision": "provisional_rough",
        "building_use": "#f7a440",
        "source_id": "DATA-SRC-PROVISIONAL-BOUNDARIES-20260605"
      },
      "geometry": {
        "type": "Polygon",
        "coordinates": [
          [
            [
              116.340948,
              39.9565
            ],
            [
              116.340948,
              39.954458333333335
            ],
            [
              116.34027060185184,
              39.954458333333335
            ],
            [
              116.34021388888888,
              39.9565
            ],
            [
              116.340948,
              39.9565
            ]
          ]
        ]
      }
    },
    {
      "type": "Feature",
      "id": "B-002-01",
      "properties": {
        "id": "B-002-01",
        "layer": "BUILDING_FOOTPRINT",
        "source_type": "agent_inferred_from_public_data",
        "confidence": "low",
        "geometry_role": "provisional_constraint",
        "official_boundary": false,
        "boundary_precision": "provisional_rough",
        "building_use": "#f7a440",
        "source_id": "DATA-SRC-PROVISIONAL-BOUNDARIES-20260605"
      },
      "geometry": {
        "type": "Polygon",
        "coordinates": [
          [
            [
              116.340948,
              39.95970833333333
            ],
            [
              116.340948,
              39.95766666666667
            ],
            [
              116.34018148148148,
              39.95766666666667
            ],
            [
              116.34012476851852,
              39.95970833333333
            ],
            [
              116.340948,
              39.95970833333333
            ]
          ]
        ]
      }
    },
    {
      "type": "Feature",
      "id": "B-002-10",
      "properties": {
        "id": "B-002-10",
        "layer": "BUILDING_FOOTPRINT",
        "source_type": "agent_inferred_from_public_data",
        "confidence": "low",
        "geometry_role": "provisional_constraint",
        "official_boundary": false,
        "boundary_precision": "provisional_rough",
        "building_use": "#f7a440",
        "source_id": "DATA-SRC-PROVISIONAL-BOUNDARIES-20260605"
      },
      "geometry": {
        "type": "Polygon",
        "coordinates": [
          [
            [
              116.34144719999999,
              39.9565
            ],
            [
              116.3423208,
              39.9565
            ],
            [
              116.3423208,
              39.954458333333335
            ],
            [
              116.34144719999999,
              39.954458333333335
            ],
            [
              116.34144719999999,
              39.9565
            ]
          ]
        ]
      }
    },
    {
      "type": "Feature",
      "id": "B-002-11",
      "properties": {
        "id": "B-002-11",
        "layer": "BUILDING_FOOTPRINT",
        "source_type": "agent_inferred_from_public_data",
        "confidence": "low",
        "geometry_role": "provisional_constraint",
        "official_boundary": false,
        "boundary_precision": "provisional_rough",
        "building_use": "#f7a440",
        "source_id": "DATA-SRC-PROVISIONAL-BOUNDARIES-20260605"
      },
      "geometry": {
        "type": "Polygon",
        "coordinates": [
          [
            [
              116.34144719999999,
              39.95970833333333
            ],
            [
              116.3423208,
              39.95970833333333
            ],
            [
              116.3423208,
              39.95766666666667
            ],
            [
              116.34144719999999,
              39.95766666666667
            ],
            [
              116.34144719999999,
              39.95970833333333
            ]
          ]
        ]
      }
    },
    {
      "type": "Feature",
      "id": "B-003-00",
      "properties": {
        "id": "B-003-00",
        "layer": "BUILDING_FOOTPRINT",
        "source_type": "agent_inferred_from_public_data",
        "confidence": "low",
        "geometry_role": "provisional_constraint",
        "official_boundary": false,
        "boundary_precision": "provisional_rough",
        "building_use": "#f7a440",
        "source_id": "DATA-SRC-PROVISIONAL-BOUNDARIES-20260605"
      },
      "geometry": {
        "type": "Polygon",
        "coordinates": [
          [
            [
              116.34007439999999,
              39.963791666666665
            ],
            [
              116.340948,
              39.963791666666665
            ],
            [
              116.340948,
              39.96175
            ],
            [
              116.34007439999999,
              39.96175
            ],
            [
              116.34007439999999,
              39.963791666666665
            ]
          ]
        ]
      }
    },
    {
      "type": "Feature",
      "id": "B-003-01",
      "properties": {
        "id": "B-003-01",
        "layer": "BUILDING_FOOTPRINT",
        "source_type": "agent_inferred_from_public_data",
        "confidence": "low",
        "geometry_role": "provisional_constraint",
        "official_boundary": false,
        "boundary_precision": "provisional_rough",
        "building_use": "#f7a440",
        "source_id": "DATA-SRC-PROVISIONAL-BOUNDARIES-20260605"
      },
      "geometry": {
        "type": "Polygon",
        "coordinates": [
          [
            [
              116.34007439999999,
              39.967
            ],
            [
              116.340948,
              39.967
            ],
            [
              116.340948,
              39.964958333333335
            ],
            [
              116.34007439999999,
              39.964958333333335
            ],
            [
              116.34007439999999,
              39.967
            ]
          ]
        ]
      }
    },
    {
      "type": "Feature",
      "id": "B-003-10",
      "properties": {
        "id": "B-003-10",
        "layer": "BUILDING_FOOTPRINT",
        "source_type": "agent_inferred_from_public_data",
        "confidence": "low",
        "geometry_role": "provisional_constraint",
        "official_boundary": false,
        "boundary_precision": "provisional_rough",
        "building_use": "#f7a440",
        "source_id": "DATA-SRC-PROVISIONAL-BOUNDARIES-20260605"
      },
      "geometry": {
        "type": "Polygon",
        "coordinates": [
          [
            [
              116.34144719999999,
              39.963791666666665
            ],
            [
              116.3423208,
              39.963791666666665
            ],
            [
              116.3423208,
              39.96175
            ],
            [
              116.34144719999999,
              39.96175
            ],
            [
              116.34144719999999,
              39.963791666666665
            ]
          ]
        ]
      }
    },
    {
      "type": "Feature",
      "id": "B-003-11",
      "properties": {
        "id": "B-003-11",
        "layer": "BUILDING_FOOTPRINT",
        "source_type": "agent_inferred_from_public_data",
        "confidence": "low",
        "geometry_role": "provisional_constraint",
        "official_boundary": false,
        "boundary_precision": "provisional_rough",
        "building_use": "#f7a440",
        "source_id": "DATA-SRC-PROVISIONAL-BOUNDARIES-20260605"
      },
      "geometry": {
        "type": "Polygon",
        "coordinates": [
          [
            [
              116.34144719999999,
              39.967
            ],
            [
              116.3423208,
              39.967
            ],
            [
              116.3423208,
              39.964958333333335
            ],
            [
              116.34144719999999,
              39.964958333333335
            ],
            [
              116.34144719999999,
              39.967
            ]
          ]
        ]
      }
    },
    {
      "type": "Feature",
      "id": "B-004-00",
      "properties": {
        "id": "B-004-00",
        "layer": "BUILDING_FOOTPRINT",
        "source_type": "agent_inferred_from_public_data",
        "confidence": "low",
        "geometry_role": "provisional_constraint",
        "official_boundary": false,
        "boundary_precision": "provisional_rough",
        "building_use": "#f7a440",
        "source_id": "DATA-SRC-PROVISIONAL-BOUNDARIES-20260605"
      },
      "geometry": {
        "type": "Polygon",
        "coordinates": [
          [
            [
              116.34007439999999,
              39.97108333333333
            ],
            [
              116.340948,
              39.97108333333333
            ],
            [
              116.340948,
              39.96904166666667
            ],
            [
              116.34007439999999,
              39.96904166666667
            ],
            [
              116.34007439999999,
              39.97108333333333
            ]
          ]
        ]
      }
    },
    {
      "type": "Feature",
      "id": "B-004-01",
      "properties": {
        "id": "B-004-01",
        "layer": "BUILDING_FOOTPRINT",
        "source_type": "agent_inferred_from_public_data",
        "confidence": "low",
        "geometry_role": "provisional_constraint",
        "official_boundary": false,
        "boundary_precision": "provisional_rough",
        "building_use": "#f7a440",
        "source_id": "DATA-SRC-PROVISIONAL-BOUNDARIES-20260605"
      },
      "geometry": {
        "type": "Polygon",
        "coordinates": [
          [
            [
              116.34007439999999,
              39.974291666666666
            ],
            [
              116.340948,
              39.974291666666666
            ],
            [
              116.340948,
              39.97225
            ],
            [
              116.34007439999999,
              39.97225
            ],
            [
              116.34007439999999,
              39.974291666666666
            ]
          ]
        ]
      }
    },
    {
      "type": "Feature",
      "id": "B-004-10",
      "properties": {
        "id": "B-004-10",
        "layer": "BUILDING_FOOTPRINT",
        "source_type": "agent_inferred_from_public_data",
        "confidence": "low",
        "geometry_role": "provisional_constraint",
        "official_boundary": false,
        "boundary_precision": "provisional_rough",
        "building_use": "#f7a440",
        "source_id": "DATA-SRC-PROVISIONAL-BOUNDARIES-20260605"
      },
      "geometry": {
        "type": "Polygon",
        "coordinates": [
          [
            [
              116.34144719999999,
              39.97108333333333
            ],
            [
              116.3423208,
              39.97108333333333
            ],
            [
              116.3423208,
              39.96904166666667
            ],
            [
              116.34144719999999,
              39.96904166666667
            ],
            [
              116.34144719999999,
              39.97108333333333
            ]
          ]
        ]
      }
    },
    {
      "type": "Feature",
      "id": "B-004-11",
      "properties": {
        "id": "B-004-11",
        "layer": "BUILDING_FOOTPRINT",
        "source_type": "agent_inferred_from_public_data",
        "confidence": "low",
        "geometry_role": "provisional_constraint",
        "official_boundary": false,
        "boundary_precision": "provisional_rough",
        "building_use": "#f7a440",
        "source_id": "DATA-SRC-PROVISIONAL-BOUNDARIES-20260605"
      },
      "geometry": {
        "type": "Polygon",
        "coordinates": [
          [
            [
              116.34144719999999,
              39.974291666666666
            ],
            [
              116.3423208,
              39.974291666666666
            ],
            [
              116.3423208,
              39.97225
            ],
            [
              116.34144719999999,
              39.97225
            ],
            [
              116.34144719999999,
              39.974291666666666
            ]
          ]
        ]
      }
    },
    {
      "type": "Feature",
      "id": "B-005-00",
      "properties": {
        "id": "B-005-00",
        "layer": "BUILDING_FOOTPRINT",
        "source_type": "agent_inferred_from_public_data",
        "confidence": "low",
        "geometry_role": "provisional_constraint",
        "official_boundary": false,
        "boundary_precision": "provisional_rough",
        "building_use": "#f7a440",
        "source_id": "DATA-SRC-PROVISIONAL-BOUNDARIES-20260605"
      },
      "geometry": {
        "type": "Polygon",
        "coordinates": [
          [
            [
              116.34007439999999,
              39.978375
            ],
            [
              116.340948,
              39.978375
            ],
            [
              116.340948,
              39.976333333333336
            ],
            [
              116.34007439999999,
              39.976333333333336
            ],
            [
              116.34007439999999,
              39.978375
            ]
          ]
        ]
      }
    },
    {
      "type": "Feature",
      "id": "B-005-01",
      "properties": {
        "id": "B-005-01",
        "layer": "BUILDING_FOOTPRINT",
        "source_type": "agent_inferred_from_public_data",
        "confidence": "low",
        "geometry_role": "provisional_constraint",
        "official_boundary": false,
        "boundary_precision": "provisional_rough",
        "building_use": "#f7a440",
        "source_id": "DATA-SRC-PROVISIONAL-BOUNDARIES-20260605"
      },
      "geometry": {
        "type": "Polygon",
        "coordinates": [
          [
            [
              116.340948,
              39.98158333333333
            ],
            [
              116.340948,
              39.97954166666666
            ],
            [
              116.34007439999999,
              39.97954166666666
            ],
            [
              116.34007439999999,
              39.98080319999995
            ],
            [
              116.3401247311828,
              39.98158333333333
            ],
            [
              116.340948,
              39.98158333333333
            ]
          ]
        ]
      }
    },
    {
      "type": "Feature",
      "id": "B-005-10",
      "properties": {
        "id": "B-005-10",
        "layer": "BUILDING_FOOTPRINT",
        "source_type": "agent_inferred_from_public_data",
        "confidence": "low",
        "geometry_role": "provisional_constraint",
        "official_boundary": false,
        "boundary_precision": "provisional_rough",
        "building_use": "#f7a440",
        "source_id": "DATA-SRC-PROVISIONAL-BOUNDARIES-20260605"
      },
      "geometry": {
        "type": "Polygon",
        "coordinates": [
          [
            [
              116.34144719999999,
              39.978375
            ],
            [
              116.3423208,
              39.978375
            ],
            [
              116.3423208,
              39.976333333333336
            ],
            [
              116.34144719999999,
              39.976333333333336
            ],
            [
              116.34144719999999,
              39.978375
            ]
          ]
        ]
      }
    },
    {
      "type": "Feature",
      "id": "B-005-11",
      "properties": {
        "id": "B-005-11",
        "layer": "BUILDING_FOOTPRINT",
        "source_type": "agent_inferred_from_public_data",
        "confidence": "low",
        "geometry_role": "provisional_constraint",
        "official_boundary": false,
        "boundary_precision": "provisional_rough",
        "building_use": "#f7a440",
        "source_id": "DATA-SRC-PROVISIONAL-BOUNDARIES-20260605"
      },
      "geometry": {
        "type": "Polygon",
        "coordinates": [
          [
            [
              116.34144719999999,
              39.98158333333333
            ],
            [
              116.3423208,
              39.98158333333333
            ],
            [
              116.3423208,
              39.97954166666666
            ],
            [
              116.34144719999999,
              39.97954166666666
            ],
            [
              116.34144719999999,
              39.98158333333333
            ]
          ]
        ]
      }
    },
    {
      "type": "Feature",
      "id": "B-006-00",
      "properties": {
        "id": "B-006-00",
        "layer": "BUILDING_FOOTPRINT",
        "source_type": "agent_inferred_from_public_data",
        "confidence": "low",
        "geometry_role": "provisional_constraint",
        "official_boundary": false,
        "boundary_precision": "provisional_rough",
        "building_use": "#f4b6c2",
        "source_id": "DATA-SRC-PROVISIONAL-BOUNDARIES-20260605"
      },
      "geometry": {
        "type": "Polygon",
        "coordinates": [
          [
            [
              116.340948,
              39.98566666666666
            ],
            [
              116.340948,
              39.983624999999996
            ],
            [
              116.3402564516129,
              39.983624999999996
            ],
            [
              116.340388172043,
              39.98566666666666
            ],
            [
              116.340948,
              39.98566666666666
            ]
          ]
        ]
      }
    },
    {
      "type": "Feature",
      "id": "B-006-01",
      "properties": {
        "id": "B-006-01",
        "layer": "BUILDING_FOOTPRINT",
        "source_type": "agent_inferred_from_public_data",
        "confidence": "low",
        "geometry_role": "provisional_constraint",
        "official_boundary": false,
        "boundary_precision": "provisional_rough",
        "building_use": "#f4b6c2",
        "source_id": "DATA-SRC-PROVISIONAL-BOUNDARIES-20260605"
      },
      "geometry": {
        "type": "Polygon",
        "coordinates": [
          [
            [
              116.340948,
              39.98887499999999
            ],
            [
              116.340948,
              39.98683333333333
            ],
            [
              116.3404634408602,
              39.98683333333333
            ],
            [
              116.34059516129032,
              39.98887499999999
            ],
            [
              116.340948,
              39.98887499999999
            ]
          ]
        ]
      }
    },
    {
      "type": "Feature",
      "id": "B-006-10",
      "properties": {
        "id": "B-006-10",
        "layer": "BUILDING_FOOTPRINT",
        "source_type": "agent_inferred_from_public_data",
        "confidence": "low",
        "geometry_role": "provisional_constraint",
        "official_boundary": false,
        "boundary_precision": "provisional_rough",
        "building_use": "#f4b6c2",
        "source_id": "DATA-SRC-PROVISIONAL-BOUNDARIES-20260605"
      },
      "geometry": {
        "type": "Polygon",
        "coordinates": [
          [
            [
              116.34144719999999,
              39.98566666666666
            ],
            [
              116.3423208,
              39.98566666666666
            ],
            [
              116.3423208,
              39.983624999999996
            ],
            [
              116.34144719999999,
              39.983624999999996
            ],
            [
              116.34144719999999,
              39.98566666666666
            ]
          ]
        ]
      }
    },
    {
      "type": "Feature",
      "id": "B-006-11",
      "properties": {
        "id": "B-006-11",
        "layer": "BUILDING_FOOTPRINT",
        "source_type": "agent_inferred_from_public_data",
        "confidence": "low",
        "geometry_role": "provisional_constraint",
        "official_boundary": false,
        "boundary_precision": "provisional_rough",
        "building_use": "#f4b6c2",
        "source_id": "DATA-SRC-PROVISIONAL-BOUNDARIES-20260605"
      },
      "geometry": {
        "type": "Polygon",
        "coordinates": [
          [
            [
              116.34144719999999,
              39.98887499999999
            ],
            [
              116.3423208,
              39.98887499999999
            ],
            [
              116.3423208,
              39.98683333333333
            ],
            [
              116.34144719999999,
              39.98683333333333
            ],
            [
              116.34144719999999,
              39.98887499999999
            ]
          ]
        ]
      }
    },
    {
      "type": "Feature",
      "id": "B-007-00",
      "properties": {
        "id": "B-007-00",
        "layer": "BUILDING_FOOTPRINT",
        "source_type": "agent_inferred_from_public_data",
        "confidence": "low",
        "geometry_role": "provisional_constraint",
        "official_boundary": false,
        "boundary_precision": "provisional_rough",
        "building_use": "#f4b6c2",
        "source_id": "DATA-SRC-PROVISIONAL-BOUNDARIES-20260605"
      },
      "geometry": {
        "type": "Polygon",
        "coordinates": [
          [
            [
              116.340948,
              39.99295833333333
            ],
            [
              116.340948,
              39.990916666666664
            ],
            [
              116.34072688172043,
              39.990916666666664
            ],
            [
              116.34085860215053,
              39.99295833333333
            ],
            [
              116.340948,
              39.99295833333333
            ]
          ]
        ]
      }
    },
    {
      "type": "Feature",
      "id": "B-007-01",
      "properties": {
        "id": "B-007-01",
        "layer": "BUILDING_FOOTPRINT",
        "source_type": "agent_inferred_from_public_data",
        "confidence": "low",
        "geometry_role": "provisional_constraint",
        "official_boundary": false,
        "boundary_precision": "provisional_rough",
        "building_use": "#f4b6c2",
        "source_id": "DATA-SRC-PROVISIONAL-BOUNDARIES-20260605"
      },
      "geometry": {
        "type": "Polygon",
        "coordinates": [
          [
            [
              116.340948,
              39.994125
            ],
            [
              116.34093387096775,
              39.994125
            ],
            [
              116.340948,
              39.99434399999997
            ],
            [
              116.340948,
              39.994125
            ]
          ]
        ]
      }
    },
    {
      "type": "Feature",
      "id": "B-007-10",
      "properties": {
        "id": "B-007-10",
        "layer": "BUILDING_FOOTPRINT",
        "source_type": "agent_inferred_from_public_data",
        "confidence": "low",
        "geometry_role": "provisional_constraint",
        "official_boundary": false,
        "boundary_precision": "provisional_rough",
        "building_use": "#f4b6c2",
        "source_id": "DATA-SRC-PROVISIONAL-BOUNDARIES-20260605"
      },
      "geometry": {
        "type": "Polygon",
        "coordinates": [
          [
            [
              116.34144719999999,
              39.99295833333333
            ],
            [
              116.3423208,
              39.99295833333333
            ],
            [
              116.3423208,
              39.990916666666664
            ],
            [
              116.34144719999999,
              39.990916666666664
            ],
            [
              116.34144719999999,
              39.99295833333333
            ]
          ]
        ]
      }
    },
    {
      "type": "Feature",
      "id": "B-007-11",
      "properties": {
        "id": "B-007-11",
        "layer": "BUILDING_FOOTPRINT",
        "source_type": "agent_inferred_from_public_data",
        "confidence": "low",
        "geometry_role": "provisional_constraint",
        "official_boundary": false,
        "boundary_precision": "provisional_rough",
        "building_use": "#f4b6c2",
        "source_id": "DATA-SRC-PROVISIONAL-BOUNDARIES-20260605"
      },
      "geometry": {
        "type": "Polygon",
        "coordinates": [
          [
            [
              116.34144719999999,
              39.99616666666666
            ],
            [
              116.3423208,
              39.99616666666666
            ],
            [
              116.3423208,
              39.994125
            ],
            [
              116.34144719999999,
              39.994125
            ],
            [
              116.34144719999999,
              39.99616666666666
            ]
          ]
        ]
      }
    },
    {
      "type": "Feature",
      "id": "B-008-10",
      "properties": {
        "id": "B-008-10",
        "layer": "BUILDING_FOOTPRINT",
        "source_type": "agent_inferred_from_public_data",
        "confidence": "low",
        "geometry_role": "provisional_constraint",
        "official_boundary": false,
        "boundary_precision": "provisional_rough",
        "building_use": "#f7a440",
        "source_id": "DATA-SRC-PROVISIONAL-BOUNDARIES-20260605"
      },
      "geometry": {
        "type": "Polygon",
        "coordinates": [
          [
            [
              116.34144719999999,
              40.000249999999994
            ],
            [
              116.3423208,
              40.000249999999994
            ],
            [
              116.3423208,
              39.99820833333333
            ],
            [
              116.34144719999999,
              39.99820833333333
            ],
            [
              116.34144719999999,
              40.000249999999994
            ]
          ]
        ]
      }
    },
    {
      "type": "Feature",
      "id": "B-008-11",
      "properties": {
        "id": "B-008-11",
        "layer": "BUILDING_FOOTPRINT",
        "source_type": "agent_inferred_from_public_data",
        "confidence": "low",
        "geometry_role": "provisional_constraint",
        "official_boundary": false,
        "boundary_precision": "provisional_rough",
        "building_use": "#f7a440",
        "source_id": "DATA-SRC-PROVISIONAL-BOUNDARIES-20260605"
      },
      "geometry": {
        "type": "Polygon",
        "coordinates": [
          [
            [
              116.3423208,
              40.00345833333333
            ],
            [
              116.3423208,
              40.001416666666664
            ],
            [
              116.34144719999999,
              40.001416666666664
            ],
            [
              116.34144719999999,
              40.002081599999826
            ],
            [
              116.34153602150538,
              40.00345833333333
            ],
            [
              116.3423208,
              40.00345833333333
            ]
          ]
        ]
      }
    },
    {
      "type": "Feature",
      "id": "B-009-10",
      "properties": {
        "id": "B-009-10",
        "layer": "BUILDING_FOOTPRINT",
        "source_type": "agent_inferred_from_public_data",
        "confidence": "low",
        "geometry_role": "provisional_constraint",
        "official_boundary": false,
        "boundary_precision": "provisional_rough",
        "building_use": "#f7a440",
        "source_id": "DATA-SRC-PROVISIONAL-BOUNDARIES-20260605"
      },
      "geometry": {
        "type": "Polygon",
        "coordinates": [
          [
            [
              116.3423208,
              40.00754166666666
            ],
            [
              116.3423208,
              40.0055
            ],
            [
              116.34166774193548,
              40.0055
            ],
            [
              116.3417,
              40.006
            ],
            [
              116.34177520325204,
              40.00754166666666
            ],
            [
              116.3423208,
              40.00754166666666
            ]
          ]
        ]
      }
    },
    {
      "type": "Feature",
      "id": "B-009-11",
      "properties": {
        "id": "B-009-11",
        "layer": "BUILDING_FOOTPRINT",
        "source_type": "agent_inferred_from_public_data",
        "confidence": "low",
        "geometry_role": "provisional_constraint",
        "official_boundary": false,
        "boundary_precision": "provisional_rough",
        "building_use": "#f7a440",
        "source_id": "DATA-SRC-PROVISIONAL-BOUNDARIES-20260605"
      },
      "geometry": {
        "type": "Polygon",
        "coordinates": [
          [
            [
              116.3423208,
              40.010749999999994
            ],
            [
              116.3423208,
              40.00870833333333
            ],
            [
              116.34183211382114,
              40.00870833333333
            ],
            [
              116.34193170731707,
              40.010749999999994
            ],
            [
              116.3423208,
              40.010749999999994
            ]
          ]
        ]
      }
    },
    {
      "type": "Feature",
      "id": "B-010-10",
      "properties": {
        "id": "B-010-10",
        "layer": "BUILDING_FOOTPRINT",
        "source_type": "agent_inferred_from_public_data",
        "confidence": "low",
        "geometry_role": "provisional_constraint",
        "official_boundary": false,
        "boundary_precision": "provisional_rough",
        "building_use": "#f7a440",
        "source_id": "DATA-SRC-PROVISIONAL-BOUNDARIES-20260605"
      },
      "geometry": {
        "type": "Polygon",
        "coordinates": [
          [
            [
              116.3423208,
              40.01483333333333
            ],
            [
              116.3423208,
              40.012791666666665
            ],
            [
              116.342031300813,
              40.012791666666665
            ],
            [
              116.34213089430894,
              40.01483333333333
            ],
            [
              116.3423208,
              40.01483333333333
            ]
          ]
        ]
      }
    },
    {
      "type": "Feature",
      "id": "B-010-11",
      "properties": {
        "id": "B-010-11",
        "layer": "BUILDING_FOOTPRINT",
        "source_type": "agent_inferred_from_public_data",
        "confidence": "low",
        "geometry_role": "provisional_constraint",
        "official_boundary": false,
        "boundary_precision": "provisional_rough",
        "building_use": "#f7a440",
        "source_id": "DATA-SRC-PROVISIONAL-BOUNDARIES-20260605"
      },
      "geometry": {
        "type": "Polygon",
        "coordinates": [
          [
            [
              116.3423208,
              40.01804166666666
            ],
            [
              116.3423208,
              40.016
            ],
            [
              116.34218780487805,
              40.016
            ],
            [
              116.34228739837398,
              40.01804166666666
            ],
            [
              116.3423208,
              40.01804166666666
            ]
          ]
        ]
      }
    },
    {
      "type": "Feature",
      "id": "B-013-00",
      "properties": {
        "id": "B-013-00",
        "layer": "BUILDING_FOOTPRINT",
        "source_type": "agent_inferred_from_public_data",
        "confidence": "low",
        "geometry_role": "provisional_constraint",
        "official_boundary": false,
        "boundary_precision": "provisional_rough",
        "building_use": "#e8643c",
        "source_id": "DATA-SRC-PROVISIONAL-BOUNDARIES-20260605"
      },
      "geometry": {
        "type": "Polygon",
        "coordinates": [
          [
            [
              116.34319439999999,
              39.94920833333333
            ],
            [
              116.344068,
              39.94920833333333
            ],
            [
              116.344068,
              39.94716666666667
            ],
            [
              116.34319439999999,
              39.94716666666667
            ],
            [
              116.34319439999999,
              39.94920833333333
            ]
          ]
        ]
      }
    },
    {
      "type": "Feature",
      "id": "B-013-01",
      "properties": {
        "id": "B-013-01",
        "layer": "BUILDING_FOOTPRINT",
        "source_type": "agent_inferred_from_public_data",
        "confidence": "low",
        "geometry_role": "provisional_constraint",
        "official_boundary": false,
        "boundary_precision": "provisional_rough",
        "building_use": "#e8643c",
        "source_id": "DATA-SRC-PROVISIONAL-BOUNDARIES-20260605"
      },
      "geometry": {
        "type": "Polygon",
        "coordinates": [
          [
            [
              116.34319439999999,
              39.952416666666664
            ],
            [
              116.344068,
              39.952416666666664
            ],
            [
              116.344068,
              39.950375
            ],
            [
              116.34319439999999,
              39.950375
            ],
            [
              116.34319439999999,
              39.952416666666664
            ]
          ]
        ]
      }
    },
    {
      "type": "Feature",
      "id": "B-013-10",
      "properties": {
        "id": "B-013-10",
        "layer": "BUILDING_FOOTPRINT",
        "source_type": "agent_inferred_from_public_data",
        "confidence": "low",
        "geometry_role": "provisional_constraint",
        "official_boundary": false,
        "boundary_precision": "provisional_rough",
        "building_use": "#e8643c",
        "source_id": "DATA-SRC-PROVISIONAL-BOUNDARIES-20260605"
      },
      "geometry": {
        "type": "Polygon",
        "coordinates": [
          [
            [
              116.3445672,
              39.94920833333333
            ],
            [
              116.34544079999999,
              39.94920833333333
            ],
            [
              116.34544079999999,
              39.94716666666667
            ],
            [
              116.3445672,
              39.94716666666667
            ],
            [
              116.3445672,
              39.94920833333333
            ]
          ]
        ]
      }
    },
    {
      "type": "Feature",
      "id": "B-013-11",
      "properties": {
        "id": "B-013-11",
        "layer": "BUILDING_FOOTPRINT",
        "source_type": "agent_inferred_from_public_data",
        "confidence": "low",
        "geometry_role": "provisional_constraint",
        "official_boundary": false,
        "boundary_precision": "provisional_rough",
        "building_use": "#e8643c",
        "source_id": "DATA-SRC-PROVISIONAL-BOUNDARIES-20260605"
      },
      "geometry": {
        "type": "Polygon",
        "coordinates": [
          [
            [
              116.3445672,
              39.952416666666664
            ],
            [
              116.34544079999999,
              39.952416666666664
            ],
            [
              116.34544079999999,
              39.950375
            ],
            [
              116.3445672,
              39.950375
            ],
            [
              116.3445672,
              39.952416666666664
            ]
          ]
        ]
      }
    },
    {
      "type": "Feature",
      "id": "B-014-00",
      "properties": {
        "id": "B-014-00",
        "layer": "BUILDING_FOOTPRINT",
        "source_type": "agent_inferred_from_public_data",
        "confidence": "low",
        "geometry_role": "provisional_constraint",
        "official_boundary": false,
        "boundary_precision": "provisional_rough",
        "building_use": "#f7a440",
        "source_id": "DATA-SRC-PROVISIONAL-BOUNDARIES-20260605"
      },
      "geometry": {
        "type": "Polygon",
        "coordinates": [
          [
            [
              116.34319439999999,
              39.9565
            ],
            [
              116.344068,
              39.9565
            ],
            [
              116.344068,
              39.954458333333335
            ],
            [
              116.34319439999999,
              39.954458333333335
            ],
            [
              116.34319439999999,
              39.9565
            ]
          ]
        ]
      }
    },
    {
      "type": "Feature",
      "id": "B-014-01",
      "properties": {
        "id": "B-014-01",
        "layer": "BUILDING_FOOTPRINT",
        "source_type": "agent_inferred_from_public_data",
        "confidence": "low",
        "geometry_role": "provisional_constraint",
        "official_boundary": false,
        "boundary_precision": "provisional_rough",
        "building_use": "#f7a440",
        "source_id": "DATA-SRC-PROVISIONAL-BOUNDARIES-20260605"
      },
      "geometry": {
        "type": "Polygon",
        "coordinates": [
          [
            [
              116.34319439999999,
              39.95970833333333
            ],
            [
              116.344068,
              39.95970833333333
            ],
            [
              116.344068,
              39.95766666666667
            ],
            [
              116.34319439999999,
              39.95766666666667
            ],
            [
              116.34319439999999,
              39.95970833333333
            ]
          ]
        ]
      }
    },
    {
      "type": "Feature",
      "id": "B-014-10",
      "properties": {
        "id": "B-014-10",
        "layer": "BUILDING_FOOTPRINT",
        "source_type": "agent_inferred_from_public_data",
        "confidence": "low",
        "geometry_role": "provisional_constraint",
        "official_boundary": false,
        "boundary_precision": "provisional_rough",
        "building_use": "#f7a440",
        "source_id": "DATA-SRC-PROVISIONAL-BOUNDARIES-20260605"
      },
      "geometry": {
        "type": "Polygon",
        "coordinates": [
          [
            [
              116.3445672,
              39.9565
            ],
            [
              116.34544079999999,
              39.9565
            ],
            [
              116.34544079999999,
              39.954458333333335
            ],
            [
              116.3445672,
              39.954458333333335
            ],
            [
              116.3445672,
              39.9565
            ]
          ]
        ]
      }
    },
    {
      "type": "Feature",
      "id": "B-014-11",
      "properties": {
        "id": "B-014-11",
        "layer": "BUILDING_FOOTPRINT",
        "source_type": "agent_inferred_from_public_data",
        "confidence": "low",
        "geometry_role": "provisional_constraint",
        "official_boundary": false,
        "boundary_precision": "provisional_rough",
        "building_use": "#f7a440",
        "source_id": "DATA-SRC-PROVISIONAL-BOUNDARIES-20260605"
      },
      "geometry": {
        "type": "Polygon",
        "coordinates": [
          [
            [
              116.3445672,
              39.95970833333333
            ],
            [
              116.34544079999999,
              39.95970833333333
            ],
            [
              116.34544079999999,
              39.95766666666667
            ],
            [
              116.3445672,
              39.95766666666667
            ],
            [
              116.3445672,
              39.95970833333333
            ]
          ]
        ]
      }
    },
    {
      "type": "Feature",
      "id": "B-015-00",
      "properties": {
        "id": "B-015-00",
        "layer": "BUILDING_FOOTPRINT",
        "source_type": "agent_inferred_from_public_data",
        "confidence": "low",
        "geometry_role": "provisional_constraint",
        "official_boundary": false,
        "boundary_precision": "provisional_rough",
        "building_use": "#f7a440",
        "source_id": "DATA-SRC-PROVISIONAL-BOUNDARIES-20260605"
      },
      "geometry": {
        "type": "Polygon",
        "coordinates": [
          [
            [
              116.34319439999999,
              39.963791666666665
            ],
            [
              116.344068,
              39.963791666666665
            ],
            [
              116.344068,
              39.96175
            ],
            [
              116.34319439999999,
              39.96175
            ],
            [
              116.34319439999999,
              39.963791666666665
            ]
          ]
        ]
      }
    },
    {
      "type": "Feature",
      "id": "B-015-01",
      "properties": {
        "id": "B-015-01",
        "layer": "BUILDING_FOOTPRINT",
        "source_type": "agent_inferred_from_public_data",
        "confidence": "low",
        "geometry_role": "provisional_constraint",
        "official_boundary": false,
        "boundary_precision": "provisional_rough",
        "building_use": "#f7a440",
        "source_id": "DATA-SRC-PROVISIONAL-BOUNDARIES-20260605"
      },
      "geometry": {
        "type": "Polygon",
        "coordinates": [
          [
            [
              116.34319439999999,
              39.967
            ],
            [
              116.344068,
              39.967
            ],
            [
              116.344068,
              39.964958333333335
            ],
            [
              116.34319439999999,
              39.964958333333335
            ],
            [
              116.34319439999999,
              39.967
            ]
          ]
        ]
      }
    },
    {
      "type": "Feature",
      "id": "B-015-10",
      "properties": {
        "id": "B-015-10",
        "layer": "BUILDING_FOOTPRINT",
        "source_type": "agent_inferred_from_public_data",
        "confidence": "low",
        "geometry_role": "provisional_constraint",
        "official_boundary": false,
        "boundary_precision": "provisional_rough",
        "building_use": "#f7a440",
        "source_id": "DATA-SRC-PROVISIONAL-BOUNDARIES-20260605"
      },
      "geometry": {
        "type": "Polygon",
        "coordinates": [
          [
            [
              116.3445672,
              39.963791666666665
            ],
            [
              116.34544079999999,
              39.963791666666665
            ],
            [
              116.34544079999999,
              39.96175
            ],
            [
              116.3445672,
              39.96175
            ],
            [
              116.3445672,
              39.963791666666665
            ]
          ]
        ]
      }
    },
    {
      "type": "Feature",
      "id": "B-015-11",
      "properties": {
        "id": "B-015-11",
        "layer": "BUILDING_FOOTPRINT",
        "source_type": "agent_inferred_from_public_data",
        "confidence": "low",
        "geometry_role": "provisional_constraint",
        "official_boundary": false,
        "boundary_precision": "provisional_rough",
        "building_use": "#f7a440",
        "source_id": "DATA-SRC-PROVISIONAL-BOUNDARIES-20260605"
      },
      "geometry": {
        "type": "Polygon",
        "coordinates": [
          [
            [
              116.3445672,
              39.967
            ],
            [
              116.34544079999999,
              39.967
            ],
            [
              116.34544079999999,
              39.964958333333335
            ],
            [
              116.3445672,
              39.964958333333335
            ],
            [
              116.3445672,
              39.967
            ]
          ]
        ]
      }
    },
    {
      "type": "Feature",
      "id": "B-016-00",
      "properties": {
        "id": "B-016-00",
        "layer": "BUILDING_FOOTPRINT",
        "source_type": "agent_inferred_from_public_data",
        "confidence": "low",
        "geometry_role": "provisional_constraint",
        "official_boundary": false,
        "boundary_precision": "provisional_rough",
        "building_use": "#f7a440",
        "source_id": "DATA-SRC-PROVISIONAL-BOUNDARIES-20260605"
      },
      "geometry": {
        "type": "Polygon",
        "coordinates": [
          [
            [
              116.34319439999999,
              39.97108333333333
            ],
            [
              116.344068,
              39.97108333333333
            ],
            [
              116.344068,
              39.96904166666667
            ],
            [
              116.34319439999999,
              39.96904166666667
            ],
            [
              116.34319439999999,
              39.97108333333333
            ]
          ]
        ]
      }
    },
    {
      "type": "Feature",
      "id": "B-016-01",
      "properties": {
        "id": "B-016-01",
        "layer": "BUILDING_FOOTPRINT",
        "source_type": "agent_inferred_from_public_data",
        "confidence": "low",
        "geometry_role": "provisional_constraint",
        "official_boundary": false,
        "boundary_precision": "provisional_rough",
        "building_use": "#f7a440",
        "source_id": "DATA-SRC-PROVISIONAL-BOUNDARIES-20260605"
      },
      "geometry": {
        "type": "Polygon",
        "coordinates": [
          [
            [
              116.34319439999999,
              39.974291666666666
            ],
            [
              116.344068,
              39.974291666666666
            ],
            [
              116.344068,
              39.97225
            ],
            [
              116.34319439999999,
              39.97225
            ],
            [
              116.34319439999999,
              39.974291666666666
            ]
          ]
        ]
      }
    },
    {
      "type": "Feature",
      "id": "B-016-10",
      "properties": {
        "id": "B-016-10",
        "layer": "BUILDING_FOOTPRINT",
        "source_type": "agent_inferred_from_public_data",
        "confidence": "low",
        "geometry_role": "provisional_constraint",
        "official_boundary": false,
        "boundary_precision": "provisional_rough",
        "building_use": "#f7a440",
        "source_id": "DATA-SRC-PROVISIONAL-BOUNDARIES-20260605"
      },
      "geometry": {
        "type": "Polygon",
        "coordinates": [
          [
            [
              116.3445672,
              39.97108333333333
            ],
            [
              116.34544079999999,
              39.97108333333333
            ],
            [
              116.34544079999999,
              39.96904166666667
            ],
            [
              116.3445672,
              39.96904166666667
            ],
            [
              116.3445672,
              39.97108333333333
            ]
          ]
        ]
      }
    },
    {
      "type": "Feature",
      "id": "B-016-11",
      "properties": {
        "id": "B-016-11",
        "layer": "BUILDING_FOOTPRINT",
        "source_type": "agent_inferred_from_public_data",
        "confidence": "low",
        "geometry_role": "provisional_constraint",
        "official_boundary": false,
        "boundary_precision": "provisional_rough",
        "building_use": "#f7a440",
        "source_id": "DATA-SRC-PROVISIONAL-BOUNDARIES-20260605"
      },
      "geometry": {
        "type": "Polygon",
        "coordinates": [
          [
            [
              116.3445672,
              39.974291666666666
            ],
            [
              116.34544079999999,
              39.974291666666666
            ],
            [
              116.34544079999999,
              39.97225
            ],
            [
              116.3445672,
              39.97225
            ],
            [
              116.3445672,
              39.974291666666666
            ]
          ]
        ]
      }
    },
    {
      "type": "Feature",
      "id": "B-017-00",
      "properties": {
        "id": "B-017-00",
        "layer": "BUILDING_FOOTPRINT",
        "source_type": "agent_inferred_from_public_data",
        "confidence": "low",
        "geometry_role": "provisional_constraint",
        "official_boundary": false,
        "boundary_precision": "provisional_rough",
        "building_use": "#f7a440",
        "source_id": "DATA-SRC-PROVISIONAL-BOUNDARIES-20260605"
      },
      "geometry": {
        "type": "Polygon",
        "coordinates": [
          [
            [
              116.34319439999999,
              39.978375
            ],
            [
              116.344068,
              39.978375
            ],
            [
              116.344068,
              39.976333333333336
            ],
            [
              116.34319439999999,
              39.976333333333336
            ],
            [
              116.34319439999999,
              39.978375
            ]
          ]
        ]
      }
    },
    {
      "type": "Feature",
      "id": "B-017-01",
      "properties": {
        "id": "B-017-01",
        "layer": "BUILDING_FOOTPRINT",
        "source_type": "agent_inferred_from_public_data",
        "confidence": "low",
        "geometry_role": "provisional_constraint",
        "official_boundary": false,
        "boundary_precision": "provisional_rough",
        "building_use": "#f7a440",
        "source_id": "DATA-SRC-PROVISIONAL-BOUNDARIES-20260605"
      },
      "geometry": {
        "type": "Polygon",
        "coordinates": [
          [
            [
              116.34319439999999,
              39.98158333333333
            ],
            [
              116.344068,
              39.98158333333333
            ],
            [
              116.344068,
              39.97954166666666
            ],
            [
              116.34319439999999,
              39.97954166666666
            ],
            [
              116.34319439999999,
              39.98158333333333
            ]
          ]
        ]
      }
    },
    {
      "type": "Feature",
      "id": "B-017-10",
      "properties": {
        "id": "B-017-10",
        "layer": "BUILDING_FOOTPRINT",
        "source_type": "agent_inferred_from_public_data",
        "confidence": "low",
        "geometry_role": "provisional_constraint",
        "official_boundary": false,
        "boundary_precision": "provisional_rough",
        "building_use": "#f7a440",
        "source_id": "DATA-SRC-PROVISIONAL-BOUNDARIES-20260605"
      },
      "geometry": {
        "type": "Polygon",
        "coordinates": [
          [
            [
              116.3445672,
              39.978375
            ],
            [
              116.34544079999999,
              39.978375
            ],
            [
              116.34544079999999,
              39.976333333333336
            ],
            [
              116.3445672,
              39.976333333333336
            ],
            [
              116.3445672,
              39.978375
            ]
          ]
        ]
      }
    },
    {
      "type": "Feature",
      "id": "B-017-11",
      "properties": {
        "id": "B-017-11",
        "layer": "BUILDING_FOOTPRINT",
        "source_type": "agent_inferred_from_public_data",
        "confidence": "low",
        "geometry_role": "provisional_constraint",
        "official_boundary": false,
        "boundary_precision": "provisional_rough",
        "building_use": "#f7a440",
        "source_id": "DATA-SRC-PROVISIONAL-BOUNDARIES-20260605"
      },
      "geometry": {
        "type": "Polygon",
        "coordinates": [
          [
            [
              116.3445672,
              39.98158333333333
            ],
            [
              116.34544079999999,
              39.98158333333333
            ],
            [
              116.34544079999999,
              39.97954166666666
            ],
            [
              116.3445672,
              39.97954166666666
            ],
            [
              116.3445672,
              39.98158333333333
            ]
          ]
        ]
      }
    },
    {
      "type": "Feature",
      "id": "B-018-00",
      "properties": {
        "id": "B-018-00",
        "layer": "BUILDING_FOOTPRINT",
        "source_type": "agent_inferred_from_public_data",
        "confidence": "low",
        "geometry_role": "provisional_constraint",
        "official_boundary": false,
        "boundary_precision": "provisional_rough",
        "building_use": "#f4b6c2",
        "source_id": "DATA-SRC-PROVISIONAL-BOUNDARIES-20260605"
      },
      "geometry": {
        "type": "Polygon",
        "coordinates": [
          [
            [
              116.34319439999999,
              39.98566666666666
            ],
            [
              116.344068,
              39.98566666666666
            ],
            [
              116.344068,
              39.983624999999996
            ],
            [
              116.34319439999999,
              39.983624999999996
            ],
            [
              116.34319439999999,
              39.98566666666666
            ]
          ]
        ]
      }
    },
    {
      "type": "Feature",
      "id": "B-018-01",
      "properties": {
        "id": "B-018-01",
        "layer": "BUILDING_FOOTPRINT",
        "source_type": "agent_inferred_from_public_data",
        "confidence": "low",
        "geometry_role": "provisional_constraint",
        "official_boundary": false,
        "boundary_precision": "provisional_rough",
        "building_use": "#f4b6c2",
        "source_id": "DATA-SRC-PROVISIONAL-BOUNDARIES-20260605"
      },
      "geometry": {
        "type": "Polygon",
        "coordinates": [
          [
            [
              116.34319439999999,
              39.98887499999999
            ],
            [
              116.344068,
              39.98887499999999
            ],
            [
              116.344068,
              39.98683333333333
            ],
            [
              116.34319439999999,
              39.98683333333333
            ],
            [
              116.34319439999999,
              39.98887499999999
            ]
          ]
        ]
      }
    },
    {
      "type": "Feature",
      "id": "B-018-10",
      "properties": {
        "id": "B-018-10",
        "layer": "BUILDING_FOOTPRINT",
        "source_type": "agent_inferred_from_public_data",
        "confidence": "low",
        "geometry_role": "provisional_constraint",
        "official_boundary": false,
        "boundary_precision": "provisional_rough",
        "building_use": "#f4b6c2",
        "source_id": "DATA-SRC-PROVISIONAL-BOUNDARIES-20260605"
      },
      "geometry": {
        "type": "Polygon",
        "coordinates": [
          [
            [
              116.3445672,
              39.98566666666666
            ],
            [
              116.34544079999999,
              39.98566666666666
            ],
            [
              116.34544079999999,
              39.983624999999996
            ],
            [
              116.3445672,
              39.983624999999996
            ],
            [
              116.3445672,
              39.98566666666666
            ]
          ]
        ]
      }
    },
    {
      "type": "Feature",
      "id": "B-018-11",
      "properties": {
        "id": "B-018-11",
        "layer": "BUILDING_FOOTPRINT",
        "source_type": "agent_inferred_from_public_data",
        "confidence": "low",
        "geometry_role": "provisional_constraint",
        "official_boundary": false,
        "boundary_precision": "provisional_rough",
        "building_use": "#f4b6c2",
        "source_id": "DATA-SRC-PROVISIONAL-BOUNDARIES-20260605"
      },
      "geometry": {
        "type": "Polygon",
        "coordinates": [
          [
            [
              116.3445672,
              39.98887499999999
            ],
            [
              116.34544079999999,
              39.98887499999999
            ],
            [
              116.34544079999999,
              39.98683333333333
            ],
            [
              116.3445672,
              39.98683333333333
            ],
            [
              116.3445672,
              39.98887499999999
            ]
          ]
        ]
      }
    },
    {
      "type": "Feature",
      "id": "B-019-00",
      "properties": {
        "id": "B-019-00",
        "layer": "BUILDING_FOOTPRINT",
        "source_type": "agent_inferred_from_public_data",
        "confidence": "low",
        "geometry_role": "provisional_constraint",
        "official_boundary": false,
        "boundary_precision": "provisional_rough",
        "building_use": "#f4b6c2",
        "source_id": "DATA-SRC-PROVISIONAL-BOUNDARIES-20260605"
      },
      "geometry": {
        "type": "Polygon",
        "coordinates": [
          [
            [
              116.34319439999999,
              39.99295833333333
            ],
            [
              116.344068,
              39.99295833333333
            ],
            [
              116.344068,
              39.990916666666664
            ],
            [
              116.34319439999999,
              39.990916666666664
            ],
            [
              116.34319439999999,
              39.99295833333333
            ]
          ]
        ]
      }
    },
    {
      "type": "Feature",
      "id": "B-019-01",
      "properties": {
        "id": "B-019-01",
        "layer": "BUILDING_FOOTPRINT",
        "source_type": "agent_inferred_from_public_data",
        "confidence": "low",
        "geometry_role": "provisional_constraint",
        "official_boundary": false,
        "boundary_precision": "provisional_rough",
        "building_use": "#f4b6c2",
        "source_id": "DATA-SRC-PROVISIONAL-BOUNDARIES-20260605"
      },
      "geometry": {
        "type": "Polygon",
        "coordinates": [
          [
            [
              116.34319439999999,
              39.99616666666666
            ],
            [
              116.344068,
              39.99616666666666
            ],
            [
              116.344068,
              39.994125
            ],
            [
              116.34319439999999,
              39.994125
            ],
            [
              116.34319439999999,
              39.99616666666666
            ]
          ]
        ]
      }
    },
    {
      "type": "Feature",
      "id": "B-019-10",
      "properties": {
        "id": "B-019-10",
        "layer": "BUILDING_FOOTPRINT",
        "source_type": "agent_inferred_from_public_data",
        "confidence": "low",
        "geometry_role": "provisional_constraint",
        "official_boundary": false,
        "boundary_precision": "provisional_rough",
        "building_use": "#f4b6c2",
        "source_id": "DATA-SRC-PROVISIONAL-BOUNDARIES-20260605"
      },
      "geometry": {
        "type": "Polygon",
        "coordinates": [
          [
            [
              116.3445672,
              39.99295833333333
            ],
            [
              116.34544079999999,
              39.99295833333333
            ],
            [
              116.34544079999999,
              39.990916666666664
            ],
            [
              116.3445672,
              39.990916666666664
            ],
            [
              116.3445672,
              39.99295833333333
            ]
          ]
        ]
      }
    },
    {
      "type": "Feature",
      "id": "B-019-11",
      "properties": {
        "id": "B-019-11",
        "layer": "BUILDING_FOOTPRINT",
        "source_type": "agent_inferred_from_public_data",
        "confidence": "low",
        "geometry_role": "provisional_constraint",
        "official_boundary": false,
        "boundary_precision": "provisional_rough",
        "building_use": "#f4b6c2",
        "source_id": "DATA-SRC-PROVISIONAL-BOUNDARIES-20260605"
      },
      "geometry": {
        "type": "Polygon",
        "coordinates": [
          [
            [
              116.3445672,
              39.99616666666666
            ],
            [
              116.34544079999999,
              39.99616666666666
            ],
            [
              116.34544079999999,
              39.994125
            ],
            [
              116.3445672,
              39.994125
            ],
            [
              116.3445672,
              39.99616666666666
            ]
          ]
        ]
      }
    },
    {
      "type": "Feature",
      "id": "B-020-00",
      "properties": {
        "id": "B-020-00",
        "layer": "BUILDING_FOOTPRINT",
        "source_type": "agent_inferred_from_public_data",
        "confidence": "low",
        "geometry_role": "provisional_constraint",
        "official_boundary": false,
        "boundary_precision": "provisional_rough",
        "building_use": "#f7a440",
        "source_id": "DATA-SRC-PROVISIONAL-BOUNDARIES-20260605"
      },
      "geometry": {
        "type": "Polygon",
        "coordinates": [
          [
            [
              116.34319439999999,
              40.000249999999994
            ],
            [
              116.344068,
              40.000249999999994
            ],
            [
              116.344068,
              39.99820833333333
            ],
            [
              116.34319439999999,
              39.99820833333333
            ],
            [
              116.34319439999999,
              40.000249999999994
            ]
          ]
        ]
      }
    },
    {
      "type": "Feature",
      "id": "B-020-01",
      "properties": {
        "id": "B-020-01",
        "layer": "BUILDING_FOOTPRINT",
        "source_type": "agent_inferred_from_public_data",
        "confidence": "low",
        "geometry_role": "provisional_constraint",
        "official_boundary": false,
        "boundary_precision": "provisional_rough",
        "building_use": "#f7a440",
        "source_id": "DATA-SRC-PROVISIONAL-BOUNDARIES-20260605"
      },
      "geometry": {
        "type": "Polygon",
        "coordinates": [
          [
            [
              116.34319439999999,
              40.00345833333333
            ],
            [
              116.344068,
              40.00345833333333
            ],
            [
              116.344068,
              40.001416666666664
            ],
            [
              116.34319439999999,
              40.001416666666664
            ],
            [
              116.34319439999999,
              40.00345833333333
            ]
          ]
        ]
      }
    },
    {
      "type": "Feature",
      "id": "B-020-10",
      "properties": {
        "id": "B-020-10",
        "layer": "BUILDING_FOOTPRINT",
        "source_type": "agent_inferred_from_public_data",
        "confidence": "low",
        "geometry_role": "provisional_constraint",
        "official_boundary": false,
        "boundary_precision": "provisional_rough",
        "building_use": "#f7a440",
        "source_id": "DATA-SRC-PROVISIONAL-BOUNDARIES-20260605"
      },
      "geometry": {
        "type": "Polygon",
        "coordinates": [
          [
            [
              116.3445672,
              40.000249999999994
            ],
            [
              116.34544079999999,
              40.000249999999994
            ],
            [
              116.34544079999999,
              39.99820833333333
            ],
            [
              116.3445672,
              39.99820833333333
            ],
            [
              116.3445672,
              40.000249999999994
            ]
          ]
        ]
      }
    },
    {
      "type": "Feature",
      "id": "B-020-11",
      "properties": {
        "id": "B-020-11",
        "layer": "BUILDING_FOOTPRINT",
        "source_type": "agent_inferred_from_public_data",
        "confidence": "low",
        "geometry_role": "provisional_constraint",
        "official_boundary": false,
        "boundary_precision": "provisional_rough",
        "building_use": "#f7a440",
        "source_id": "DATA-SRC-PROVISIONAL-BOUNDARIES-20260605"
      },
      "geometry": {
        "type": "Polygon",
        "coordinates": [
          [
            [
              116.3445672,
              40.00345833333333
            ],
            [
              116.34544079999999,
              40.00345833333333
            ],
            [
              116.34544079999999,
              40.001416666666664
            ],
            [
              116.3445672,
              40.001416666666664
            ],
            [
              116.3445672,
              40.00345833333333
            ]
          ]
        ]
      }
    },
    {
      "type": "Feature",
      "id": "B-021-00",
      "properties": {
        "id": "B-021-00",
        "layer": "BUILDING_FOOTPRINT",
        "source_type": "agent_inferred_from_public_data",
        "confidence": "low",
        "geometry_role": "provisional_constraint",
        "official_boundary": false,
        "boundary_precision": "provisional_rough",
        "building_use": "#f7a440",
        "source_id": "DATA-SRC-PROVISIONAL-BOUNDARIES-20260605"
      },
      "geometry": {
        "type": "Polygon",
        "coordinates": [
          [
            [
              116.34319439999999,
              40.00754166666666
            ],
            [
              116.344068,
              40.00754166666666
            ],
            [
              116.344068,
              40.0055
            ],
            [
              116.34319439999999,
              40.0055
            ],
            [
              116.34319439999999,
              40.00754166666666
            ]
          ]
        ]
      }
    },
    {
      "type": "Feature",
      "id": "B-021-01",
      "properties": {
        "id": "B-021-01",
        "layer": "BUILDING_FOOTPRINT",
        "source_type": "agent_inferred_from_public_data",
        "confidence": "low",
        "geometry_role": "provisional_constraint",
        "official_boundary": false,
        "boundary_precision": "provisional_rough",
        "building_use": "#f7a440",
        "source_id": "DATA-SRC-PROVISIONAL-BOUNDARIES-20260605"
      },
      "geometry": {
        "type": "Polygon",
        "coordinates": [
          [
            [
              116.34319439999999,
              40.010749999999994
            ],
            [
              116.344068,
              40.010749999999994
            ],
            [
              116.344068,
              40.00870833333333
            ],
            [
              116.34319439999999,
              40.00870833333333
            ],
            [
              116.34319439999999,
              40.010749999999994
            ]
          ]
        ]
      }
    },
    {
      "type": "Feature",
      "id": "B-021-10",
      "properties": {
        "id": "B-021-10",
        "layer": "BUILDING_FOOTPRINT",
        "source_type": "agent_inferred_from_public_data",
        "confidence": "low",
        "geometry_role": "provisional_constraint",
        "official_boundary": false,
        "boundary_precision": "provisional_rough",
        "building_use": "#f7a440",
        "source_id": "DATA-SRC-PROVISIONAL-BOUNDARIES-20260605"
      },
      "geometry": {
        "type": "Polygon",
        "coordinates": [
          [
            [
              116.3445672,
              40.00754166666666
            ],
            [
              116.34544079999999,
              40.00754166666666
            ],
            [
              116.34544079999999,
              40.0055
            ],
            [
              116.3445672,
              40.0055
            ],
            [
              116.3445672,
              40.00754166666666
            ]
          ]
        ]
      }
    },
    {
      "type": "Feature",
      "id": "B-021-11",
      "properties": {
        "id": "B-021-11",
        "layer": "BUILDING_FOOTPRINT",
        "source_type": "agent_inferred_from_public_data",
        "confidence": "low",
        "geometry_role": "provisional_constraint",
        "official_boundary": false,
        "boundary_precision": "provisional_rough",
        "building_use": "#f7a440",
        "source_id": "DATA-SRC-PROVISIONAL-BOUNDARIES-20260605"
      },
      "geometry": {
        "type": "Polygon",
        "coordinates": [
          [
            [
              116.3445672,
              40.010749999999994
            ],
            [
              116.34544079999999,
              40.010749999999994
            ],
            [
              116.34544079999999,
              40.00870833333333
            ],
            [
              116.3445672,
              40.00870833333333
            ],
            [
              116.3445672,
              40.010749999999994
            ]
          ]
        ]
      }
    },
    {
      "type": "Feature",
      "id": "B-022-00",
      "properties": {
        "id": "B-022-00",
        "layer": "BUILDING_FOOTPRINT",
        "source_type": "agent_inferred_from_public_data",
        "confidence": "low",
        "geometry_role": "provisional_constraint",
        "official_boundary": false,
        "boundary_precision": "provisional_rough",
        "building_use": "#f7a440",
        "source_id": "DATA-SRC-PROVISIONAL-BOUNDARIES-20260605"
      },
      "geometry": {
        "type": "Polygon",
        "coordinates": [
          [
            [
              116.34319439999999,
              40.01483333333333
            ],
            [
              116.344068,
              40.01483333333333
            ],
            [
              116.344068,
              40.012791666666665
            ],
            [
              116.34319439999999,
              40.012791666666665
            ],
            [
              116.34319439999999,
              40.01483333333333
            ]
          ]
        ]
      }
    },
    {
      "type": "Feature",
      "id": "B-022-01",
      "properties": {
        "id": "B-022-01",
        "layer": "BUILDING_FOOTPRINT",
        "source_type": "agent_inferred_from_public_data",
        "confidence": "low",
        "geometry_role": "provisional_constraint",
        "official_boundary": false,
        "boundary_precision": "provisional_rough",
        "building_use": "#f7a440",
        "source_id": "DATA-SRC-PROVISIONAL-BOUNDARIES-20260605"
      },
      "geometry": {
        "type": "Polygon",
        "coordinates": [
          [
            [
              116.34319439999999,
              40.01804166666666
            ],
            [
              116.344068,
              40.01804166666666
            ],
            [
              116.344068,
              40.016
            ],
            [
              116.34319439999999,
              40.016
            ],
            [
              116.34319439999999,
              40.01804166666666
            ]
          ]
        ]
      }
    },
    {
      "type": "Feature",
      "id": "B-022-10",
      "properties": {
        "id": "B-022-10",
        "layer": "BUILDING_FOOTPRINT",
        "source_type": "agent_inferred_from_public_data",
        "confidence": "low",
        "geometry_role": "provisional_constraint",
        "official_boundary": false,
        "boundary_precision": "provisional_rough",
        "building_use": "#f7a440",
        "source_id": "DATA-SRC-PROVISIONAL-BOUNDARIES-20260605"
      },
      "geometry": {
        "type": "Polygon",
        "coordinates": [
          [
            [
              116.3445672,
              40.01483333333333
            ],
            [
              116.34544079999999,
              40.01483333333333
            ],
            [
              116.34544079999999,
              40.012791666666665
            ],
            [
              116.3445672,
              40.012791666666665
            ],
            [
              116.3445672,
              40.01483333333333
            ]
          ]
        ]
      }
    },
    {
      "type": "Feature",
      "id": "B-022-11",
      "properties": {
        "id": "B-022-11",
        "layer": "BUILDING_FOOTPRINT",
        "source_type": "agent_inferred_from_public_data",
        "confidence": "low",
        "geometry_role": "provisional_constraint",
        "official_boundary": false,
        "boundary_precision": "provisional_rough",
        "building_use": "#f7a440",
        "source_id": "DATA-SRC-PROVISIONAL-BOUNDARIES-20260605"
      },
      "geometry": {
        "type": "Polygon",
        "coordinates": [
          [
            [
              116.3445672,
              40.01804166666666
            ],
            [
              116.34544079999999,
              40.01804166666666
            ],
            [
              116.34544079999999,
              40.016
            ],
            [
              116.3445672,
              40.016
            ],
            [
              116.3445672,
              40.01804166666666
            ]
          ]
        ]
      }
    },
    {
      "type": "Feature",
      "id": "B-023-00",
      "properties": {
        "id": "B-023-00",
        "layer": "BUILDING_FOOTPRINT",
        "source_type": "agent_inferred_from_public_data",
        "confidence": "low",
        "geometry_role": "provisional_constraint",
        "official_boundary": false,
        "boundary_precision": "provisional_rough",
        "building_use": "#f7a440",
        "source_id": "DATA-SRC-PROVISIONAL-BOUNDARIES-20260605"
      },
      "geometry": {
        "type": "Polygon",
        "coordinates": [
          [
            [
              116.34319439999999,
              40.022124999999996
            ],
            [
              116.344068,
              40.022124999999996
            ],
            [
              116.344068,
              40.02008333333333
            ],
            [
              116.34319439999999,
              40.02008333333333
            ],
            [
              116.34319439999999,
              40.022124999999996
            ]
          ]
        ]
      }
    },
    {
      "type": "Feature",
      "id": "B-023-01",
      "properties": {
        "id": "B-023-01",
        "layer": "BUILDING_FOOTPRINT",
        "source_type": "agent_inferred_from_public_data",
        "confidence": "low",
        "geometry_role": "provisional_constraint",
        "official_boundary": false,
        "boundary_precision": "provisional_rough",
        "building_use": "#f7a440",
        "source_id": "DATA-SRC-PROVISIONAL-BOUNDARIES-20260605"
      },
      "geometry": {
        "type": "Polygon",
        "coordinates": [
          [
            [
              116.34319439999999,
              40.02533333333333
            ],
            [
              116.344068,
              40.02533333333333
            ],
            [
              116.344068,
              40.023291666666665
            ],
            [
              116.34319439999999,
              40.023291666666665
            ],
            [
              116.34319439999999,
              40.02533333333333
            ]
          ]
        ]
      }
    },
    {
      "type": "Feature",
      "id": "B-023-10",
      "properties": {
        "id": "B-023-10",
        "layer": "BUILDING_FOOTPRINT",
        "source_type": "agent_inferred_from_public_data",
        "confidence": "low",
        "geometry_role": "provisional_constraint",
        "official_boundary": false,
        "boundary_precision": "provisional_rough",
        "building_use": "#f7a440",
        "source_id": "DATA-SRC-PROVISIONAL-BOUNDARIES-20260605"
      },
      "geometry": {
        "type": "Polygon",
        "coordinates": [
          [
            [
              116.3445672,
              40.022124999999996
            ],
            [
              116.34544079999999,
              40.022124999999996
            ],
            [
              116.34544079999999,
              40.02008333333333
            ],
            [
              116.3445672,
              40.02008333333333
            ],
            [
              116.3445672,
              40.022124999999996
            ]
          ]
        ]
      }
    },
    {
      "type": "Feature",
      "id": "B-023-11",
      "properties": {
        "id": "B-023-11",
        "layer": "BUILDING_FOOTPRINT",
        "source_type": "agent_inferred_from_public_data",
        "confidence": "low",
        "geometry_role": "provisional_constraint",
        "official_boundary": false,
        "boundary_precision": "provisional_rough",
        "building_use": "#f7a440",
        "source_id": "DATA-SRC-PROVISIONAL-BOUNDARIES-20260605"
      },
      "geometry": {
        "type": "Polygon",
        "coordinates": [
          [
            [
              116.3445672,
              40.02533333333333
            ],
            [
              116.34544079999999,
              40.02533333333333
            ],
            [
              116.34544079999999,
              40.023291666666665
            ],
            [
              116.3445672,
              40.023291666666665
            ],
            [
              116.3445672,
              40.02533333333333
            ]
          ]
        ]
      }
    },
    {
      "type": "Feature",
      "id": "B-037-00",
      "properties": {
        "id": "B-037-00",
        "layer": "BUILDING_FOOTPRINT",
        "source_type": "agent_inferred_from_public_data",
        "confidence": "low",
        "geometry_role": "provisional_constraint",
        "official_boundary": false,
        "boundary_precision": "provisional_rough",
        "building_use": "#e8643c",
        "source_id": "DATA-SRC-PROVISIONAL-BOUNDARIES-20260605"
      },
      "geometry": {
        "type": "Polygon",
        "coordinates": [
          [
            [
              116.34943439999999,
              39.94920833333333
            ],
            [
              116.350308,
              39.94920833333333
            ],
            [
              116.350308,
              39.94716666666667
            ],
            [
              116.34943439999999,
              39.94716666666667
            ],
            [
              116.34943439999999,
              39.94920833333333
            ]
          ]
        ]
      }
    },
    {
      "type": "Feature",
      "id": "B-037-01",
      "properties": {
        "id": "B-037-01",
        "layer": "BUILDING_FOOTPRINT",
        "source_type": "agent_inferred_from_public_data",
        "confidence": "low",
        "geometry_role": "provisional_constraint",
        "official_boundary": false,
        "boundary_precision": "provisional_rough",
        "building_use": "#e8643c",
        "source_id": "DATA-SRC-PROVISIONAL-BOUNDARIES-20260605"
      },
      "geometry": {
        "type": "Polygon",
        "coordinates": [
          [
            [
              116.34943439999999,
              39.952416666666664
            ],
            [
              116.350308,
              39.952416666666664
            ],
            [
              116.350308,
              39.950375
            ],
            [
              116.34943439999999,
              39.950375
            ],
            [
              116.34943439999999,
              39.952416666666664
            ]
          ]
        ]
      }
    },
    {
      "type": "Feature",
      "id": "B-037-10",
      "properties": {
        "id": "B-037-10",
        "layer": "BUILDING_FOOTPRINT",
        "source_type": "agent_inferred_from_public_data",
        "confidence": "low",
        "geometry_role": "provisional_constraint",
        "official_boundary": false,
        "boundary_precision": "provisional_rough",
        "building_use": "#e8643c",
        "source_id": "DATA-SRC-PROVISIONAL-BOUNDARIES-20260605"
      },
      "geometry": {
        "type": "Polygon",
        "coordinates": [
          [
            [
              116.3508072,
              39.94920833333333
            ],
            [
              116.3516808,
              39.94920833333333
            ],
            [
              116.3516808,
              39.94716666666667
            ],
            [
              116.3508072,
              39.94716666666667
            ],
            [
              116.3508072,
              39.94920833333333
            ]
          ]
        ]
      }
    },
    {
      "type": "Feature",
      "id": "B-037-11",
      "properties": {
        "id": "B-037-11",
        "layer": "BUILDING_FOOTPRINT",
        "source_type": "agent_inferred_from_public_data",
        "confidence": "low",
        "geometry_role": "provisional_constraint",
        "official_boundary": false,
        "boundary_precision": "provisional_rough",
        "building_use": "#e8643c",
        "source_id": "DATA-SRC-PROVISIONAL-BOUNDARIES-20260605"
      },
      "geometry": {
        "type": "Polygon",
        "coordinates": [
          [
            [
              116.3508072,
              39.952416666666664
            ],
            [
              116.3516808,
              39.952416666666664
            ],
            [
              116.3516808,
              39.950375
            ],
            [
              116.3508072,
              39.950375
            ],
            [
              116.3508072,
              39.952416666666664
            ]
          ]
        ]
      }
    },
    {
      "type": "Feature",
      "id": "B-042-00",
      "properties": {
        "id": "B-042-00",
        "layer": "BUILDING_FOOTPRINT",
        "source_type": "agent_inferred_from_public_data",
        "confidence": "low",
        "geometry_role": "provisional_constraint",
        "official_boundary": false,
        "boundary_precision": "provisional_rough",
        "building_use": "#5bc8e8",
        "source_id": "DATA-SRC-PROVISIONAL-BOUNDARIES-20260605"
      },
      "geometry": {
        "type": "Polygon",
        "coordinates": [
          [
            [
              116.34943439999999,
              39.98566666666666
            ],
            [
              116.350308,
              39.98566666666666
            ],
            [
              116.350308,
              39.983624999999996
            ],
            [
              116.34943439999999,
              39.983624999999996
            ],
            [
              116.34943439999999,
              39.98566666666666
            ]
          ]
        ]
      }
    },
    {
      "type": "Feature",
      "id": "B-042-01",
      "properties": {
        "id": "B-042-01",
        "layer": "BUILDING_FOOTPRINT",
        "source_type": "agent_inferred_from_public_data",
        "confidence": "low",
        "geometry_role": "provisional_constraint",
        "official_boundary": false,
        "boundary_precision": "provisional_rough",
        "building_use": "#5bc8e8",
        "source_id": "DATA-SRC-PROVISIONAL-BOUNDARIES-20260605"
      },
      "geometry": {
        "type": "Polygon",
        "coordinates": [
          [
            [
              116.34943439999999,
              39.98887499999999
            ],
            [
              116.350308,
              39.98887499999999
            ],
            [
              116.350308,
              39.98683333333333
            ],
            [
              116.34943439999999,
              39.98683333333333
            ],
            [
              116.34943439999999,
              39.98887499999999
            ]
          ]
        ]
      }
    },
    {
      "type": "Feature",
      "id": "B-042-10",
      "properties": {
        "id": "B-042-10",
        "layer": "BUILDING_FOOTPRINT",
        "source_type": "agent_inferred_from_public_data",
        "confidence": "low",
        "geometry_role": "provisional_constraint",
        "official_boundary": false,
        "boundary_precision": "provisional_rough",
        "building_use": "#5bc8e8",
        "source_id": "DATA-SRC-PROVISIONAL-BOUNDARIES-20260605"
      },
      "geometry": {
        "type": "Polygon",
        "coordinates": [
          [
            [
              116.3508072,
              39.98566666666666
            ],
            [
              116.3516808,
              39.98566666666666
            ],
            [
              116.3516808,
              39.983624999999996
            ],
            [
              116.3508072,
              39.983624999999996
            ],
            [
              116.3508072,
              39.98566666666666
            ]
          ]
        ]
      }
    },
    {
      "type": "Feature",
      "id": "B-042-11",
      "properties": {
        "id": "B-042-11",
        "layer": "BUILDING_FOOTPRINT",
        "source_type": "agent_inferred_from_public_data",
        "confidence": "low",
        "geometry_role": "provisional_constraint",
        "official_boundary": false,
        "boundary_precision": "provisional_rough",
        "building_use": "#5bc8e8",
        "source_id": "DATA-SRC-PROVISIONAL-BOUNDARIES-20260605"
      },
      "geometry": {
        "type": "Polygon",
        "coordinates": [
          [
            [
              116.3508072,
              39.98887499999999
            ],
            [
              116.3516808,
              39.98887499999999
            ],
            [
              116.3516808,
              39.98683333333333
            ],
            [
              116.3508072,
              39.98683333333333
            ],
            [
              116.3508072,
              39.98887499999999
            ]
          ]
        ]
      }
    },
    {
      "type": "Feature",
      "id": "B-043-00",
      "properties": {
        "id": "B-043-00",
        "layer": "BUILDING_FOOTPRINT",
        "source_type": "agent_inferred_from_public_data",
        "confidence": "low",
        "geometry_role": "provisional_constraint",
        "official_boundary": false,
        "boundary_precision": "provisional_rough",
        "building_use": "#5bc8e8",
        "source_id": "DATA-SRC-PROVISIONAL-BOUNDARIES-20260605"
      },
      "geometry": {
        "type": "Polygon",
        "coordinates": [
          [
            [
              116.34943439999999,
              39.99295833333333
            ],
            [
              116.350308,
              39.99295833333333
            ],
            [
              116.350308,
              39.990916666666664
            ],
            [
              116.34943439999999,
              39.990916666666664
            ],
            [
              116.34943439999999,
              39.99295833333333
            ]
          ]
        ]
      }
    },
    {
      "type": "Feature",
      "id": "B-043-01",
      "properties": {
        "id": "B-043-01",
        "layer": "BUILDING_FOOTPRINT",
        "source_type": "agent_inferred_from_public_data",
        "confidence": "low",
        "geometry_role": "provisional_constraint",
        "official_boundary": false,
        "boundary_precision": "provisional_rough",
        "building_use": "#5bc8e8",
        "source_id": "DATA-SRC-PROVISIONAL-BOUNDARIES-20260605"
      },
      "geometry": {
        "type": "Polygon",
        "coordinates": [
          [
            [
              116.34943439999999,
              39.99616666666666
            ],
            [
              116.350308,
              39.99616666666666
            ],
            [
              116.350308,
              39.994125
            ],
            [
              116.34943439999999,
              39.994125
            ],
            [
              116.34943439999999,
              39.99616666666666
            ]
          ]
        ]
      }
    },
    {
      "type": "Feature",
      "id": "B-043-10",
      "properties": {
        "id": "B-043-10",
        "layer": "BUILDING_FOOTPRINT",
        "source_type": "agent_inferred_from_public_data",
        "confidence": "low",
        "geometry_role": "provisional_constraint",
        "official_boundary": false,
        "boundary_precision": "provisional_rough",
        "building_use": "#5bc8e8",
        "source_id": "DATA-SRC-PROVISIONAL-BOUNDARIES-20260605"
      },
      "geometry": {
        "type": "Polygon",
        "coordinates": [
          [
            [
              116.3508072,
              39.99295833333333
            ],
            [
              116.3516808,
              39.99295833333333
            ],
            [
              116.3516808,
              39.990916666666664
            ],
            [
              116.3508072,
              39.990916666666664
            ],
            [
              116.3508072,
              39.99295833333333
            ]
          ]
        ]
      }
    },
    {
      "type": "Feature",
      "id": "B-043-11",
      "properties": {
        "id": "B-043-11",
        "layer": "BUILDING_FOOTPRINT",
        "source_type": "agent_inferred_from_public_data",
        "confidence": "low",
        "geometry_role": "provisional_constraint",
        "official_boundary": false,
        "boundary_precision": "provisional_rough",
        "building_use": "#5bc8e8",
        "source_id": "DATA-SRC-PROVISIONAL-BOUNDARIES-20260605"
      },
      "geometry": {
        "type": "Polygon",
        "coordinates": [
          [
            [
              116.3508072,
              39.99616666666666
            ],
            [
              116.3516808,
              39.99616666666666
            ],
            [
              116.3516808,
              39.994125
            ],
            [
              116.3508072,
              39.994125
            ],
            [
              116.3508072,
              39.99616666666666
            ]
          ]
        ]
      }
    },
    {
      "type": "Feature",
      "id": "B-044-00",
      "properties": {
        "id": "B-044-00",
        "layer": "BUILDING_FOOTPRINT",
        "source_type": "agent_inferred_from_public_data",
        "confidence": "low",
        "geometry_role": "provisional_constraint",
        "official_boundary": false,
        "boundary_precision": "provisional_rough",
        "building_use": "#5bc8e8",
        "source_id": "DATA-SRC-PROVISIONAL-BOUNDARIES-20260605"
      },
      "geometry": {
        "type": "Polygon",
        "coordinates": [
          [
            [
              116.34943439999999,
              40.000249999999994
            ],
            [
              116.350308,
              40.000249999999994
            ],
            [
              116.350308,
              39.99820833333333
            ],
            [
              116.34943439999999,
              39.99820833333333
            ],
            [
              116.34943439999999,
              40.000249999999994
            ]
          ]
        ]
      }
    },
    {
      "type": "Feature",
      "id": "B-044-01",
      "properties": {
        "id": "B-044-01",
        "layer": "BUILDING_FOOTPRINT",
        "source_type": "agent_inferred_from_public_data",
        "confidence": "low",
        "geometry_role": "provisional_constraint",
        "official_boundary": false,
        "boundary_precision": "provisional_rough",
        "building_use": "#5bc8e8",
        "source_id": "DATA-SRC-PROVISIONAL-BOUNDARIES-20260605"
      },
      "geometry": {
        "type": "Polygon",
        "coordinates": [
          [
            [
              116.34943439999999,
              40.00345833333333
            ],
            [
              116.350308,
              40.00345833333333
            ],
            [
              116.350308,
              40.001416666666664
            ],
            [
              116.34943439999999,
              40.001416666666664
            ],
            [
              116.34943439999999,
              40.00345833333333
            ]
          ]
        ]
      }
    },
    {
      "type": "Feature",
      "id": "B-044-10",
      "properties": {
        "id": "B-044-10",
        "layer": "BUILDING_FOOTPRINT",
        "source_type": "agent_inferred_from_public_data",
        "confidence": "low",
        "geometry_role": "provisional_constraint",
        "official_boundary": false,
        "boundary_precision": "provisional_rough",
        "building_use": "#5bc8e8",
        "source_id": "DATA-SRC-PROVISIONAL-BOUNDARIES-20260605"
      },
      "geometry": {
        "type": "Polygon",
        "coordinates": [
          [
            [
              116.3508072,
              40.000249999999994
            ],
            [
              116.3516808,
              40.000249999999994
            ],
            [
              116.3516808,
              39.99820833333333
            ],
            [
              116.3508072,
              39.99820833333333
            ],
            [
              116.3508072,
              40.000249999999994
            ]
          ]
        ]
      }
    },
    {
      "type": "Feature",
      "id": "B-044-11",
      "properties": {
        "id": "B-044-11",
        "layer": "BUILDING_FOOTPRINT",
        "source_type": "agent_inferred_from_public_data",
        "confidence": "low",
        "geometry_role": "provisional_constraint",
        "official_boundary": false,
        "boundary_precision": "provisional_rough",
        "building_use": "#5bc8e8",
        "source_id": "DATA-SRC-PROVISIONAL-BOUNDARIES-20260605"
      },
      "geometry": {
        "type": "Polygon",
        "coordinates": [
          [
            [
              116.3508072,
              40.00345833333333
            ],
            [
              116.3516808,
              40.00345833333333
            ],
            [
              116.3516808,
              40.001416666666664
            ],
            [
              116.3508072,
              40.001416666666664
            ],
            [
              116.3508072,
              40.00345833333333
            ]
          ]
        ]
      }
    },
    {
      "type": "Feature",
      "id": "B-045-00",
      "properties": {
        "id": "B-045-00",
        "layer": "BUILDING_FOOTPRINT",
        "source_type": "agent_inferred_from_public_data",
        "confidence": "low",
        "geometry_role": "provisional_constraint",
        "official_boundary": false,
        "boundary_precision": "provisional_rough",
        "building_use": "#f7a440",
        "source_id": "DATA-SRC-PROVISIONAL-BOUNDARIES-20260605"
      },
      "geometry": {
        "type": "Polygon",
        "coordinates": [
          [
            [
              116.34943439999999,
              40.00754166666666
            ],
            [
              116.350308,
              40.00754166666666
            ],
            [
              116.350308,
              40.0055
            ],
            [
              116.34943439999999,
              40.0055
            ],
            [
              116.34943439999999,
              40.00754166666666
            ]
          ]
        ]
      }
    },
    {
      "type": "Feature",
      "id": "B-045-01",
      "properties": {
        "id": "B-045-01",
        "layer": "BUILDING_FOOTPRINT",
        "source_type": "agent_inferred_from_public_data",
        "confidence": "low",
        "geometry_role": "provisional_constraint",
        "official_boundary": false,
        "boundary_precision": "provisional_rough",
        "building_use": "#f7a440",
        "source_id": "DATA-SRC-PROVISIONAL-BOUNDARIES-20260605"
      },
      "geometry": {
        "type": "Polygon",
        "coordinates": [
          [
            [
              116.34943439999999,
              40.010749999999994
            ],
            [
              116.350308,
              40.010749999999994
            ],
            [
              116.350308,
              40.00870833333333
            ],
            [
              116.34943439999999,
              40.00870833333333
            ],
            [
              116.34943439999999,
              40.010749999999994
            ]
          ]
        ]
      }
    },
    {
      "type": "Feature",
      "id": "B-045-10",
      "properties": {
        "id": "B-045-10",
        "layer": "BUILDING_FOOTPRINT",
        "source_type": "agent_inferred_from_public_data",
        "confidence": "low",
        "geometry_role": "provisional_constraint",
        "official_boundary": false,
        "boundary_precision": "provisional_rough",
        "building_use": "#f7a440",
        "source_id": "DATA-SRC-PROVISIONAL-BOUNDARIES-20260605"
      },
      "geometry": {
        "type": "Polygon",
        "coordinates": [
          [
            [
              116.3508072,
              40.00754166666666
            ],
            [
              116.3516808,
              40.00754166666666
            ],
            [
              116.3516808,
              40.0055
            ],
            [
              116.3508072,
              40.0055
            ],
            [
              116.3508072,
              40.00754166666666
            ]
          ]
        ]
      }
    },
    {
      "type": "Feature",
      "id": "B-045-11",
      "properties": {
        "id": "B-045-11",
        "layer": "BUILDING_FOOTPRINT",
        "source_type": "agent_inferred_from_public_data",
        "confidence": "low",
        "geometry_role": "provisional_constraint",
        "official_boundary": false,
        "boundary_precision": "provisional_rough",
        "building_use": "#f7a440",
        "source_id": "DATA-SRC-PROVISIONAL-BOUNDARIES-20260605"
      },
      "geometry": {
        "type": "Polygon",
        "coordinates": [
          [
            [
              116.3508072,
              40.010749999999994
            ],
            [
              116.3516808,
              40.010749999999994
            ],
            [
              116.3516808,
              40.00870833333333
            ],
            [
              116.3508072,
              40.00870833333333
            ],
            [
              116.3508072,
              40.010749999999994
            ]
          ]
        ]
      }
    },
    {
      "type": "Feature",
      "id": "B-046-00",
      "properties": {
        "id": "B-046-00",
        "layer": "BUILDING_FOOTPRINT",
        "source_type": "agent_inferred_from_public_data",
        "confidence": "low",
        "geometry_role": "provisional_constraint",
        "official_boundary": false,
        "boundary_precision": "provisional_rough",
        "building_use": "#f7a440",
        "source_id": "DATA-SRC-PROVISIONAL-BOUNDARIES-20260605"
      },
      "geometry": {
        "type": "Polygon",
        "coordinates": [
          [
            [
              116.34943439999999,
              40.01483333333333
            ],
            [
              116.350308,
              40.01483333333333
            ],
            [
              116.350308,
              40.012791666666665
            ],
            [
              116.34943439999999,
              40.012791666666665
            ],
            [
              116.34943439999999,
              40.01483333333333
            ]
          ]
        ]
      }
    },
    {
      "type": "Feature",
      "id": "B-046-01",
      "properties": {
        "id": "B-046-01",
        "layer": "BUILDING_FOOTPRINT",
        "source_type": "agent_inferred_from_public_data",
        "confidence": "low",
        "geometry_role": "provisional_constraint",
        "official_boundary": false,
        "boundary_precision": "provisional_rough",
        "building_use": "#f7a440",
        "source_id": "DATA-SRC-PROVISIONAL-BOUNDARIES-20260605"
      },
      "geometry": {
        "type": "Polygon",
        "coordinates": [
          [
            [
              116.34943439999999,
              40.01804166666666
            ],
            [
              116.350308,
              40.01804166666666
            ],
            [
              116.350308,
              40.016
            ],
            [
              116.34943439999999,
              40.016
            ],
            [
              116.34943439999999,
              40.01804166666666
            ]
          ]
        ]
      }
    },
    {
      "type": "Feature",
      "id": "B-046-10",
      "properties": {
        "id": "B-046-10",
        "layer": "BUILDING_FOOTPRINT",
        "source_type": "agent_inferred_from_public_data",
        "confidence": "low",
        "geometry_role": "provisional_constraint",
        "official_boundary": false,
        "boundary_precision": "provisional_rough",
        "building_use": "#f7a440",
        "source_id": "DATA-SRC-PROVISIONAL-BOUNDARIES-20260605"
      },
      "geometry": {
        "type": "Polygon",
        "coordinates": [
          [
            [
              116.3508072,
              40.01483333333333
            ],
            [
              116.3516808,
              40.01483333333333
            ],
            [
              116.3516808,
              40.012791666666665
            ],
            [
              116.3508072,
              40.012791666666665
            ],
            [
              116.3508072,
              40.01483333333333
            ]
          ]
        ]
      }
    },
    {
      "type": "Feature",
      "id": "B-046-11",
      "properties": {
        "id": "B-046-11",
        "layer": "BUILDING_FOOTPRINT",
        "source_type": "agent_inferred_from_public_data",
        "confidence": "low",
        "geometry_role": "provisional_constraint",
        "official_boundary": false,
        "boundary_precision": "provisional_rough",
        "building_use": "#f7a440",
        "source_id": "DATA-SRC-PROVISIONAL-BOUNDARIES-20260605"
      },
      "geometry": {
        "type": "Polygon",
        "coordinates": [
          [
            [
              116.3508072,
              40.01804166666666
            ],
            [
              116.3516808,
              40.01804166666666
            ],
            [
              116.3516808,
              40.016
            ],
            [
              116.3508072,
              40.016
            ],
            [
              116.3508072,
              40.01804166666666
            ]
          ]
        ]
      }
    },
    {
      "type": "Feature",
      "id": "B-047-00",
      "properties": {
        "id": "B-047-00",
        "layer": "BUILDING_FOOTPRINT",
        "source_type": "agent_inferred_from_public_data",
        "confidence": "low",
        "geometry_role": "provisional_constraint",
        "official_boundary": false,
        "boundary_precision": "provisional_rough",
        "building_use": "#f7a440",
        "source_id": "DATA-SRC-PROVISIONAL-BOUNDARIES-20260605"
      },
      "geometry": {
        "type": "Polygon",
        "coordinates": [
          [
            [
              116.34943439999999,
              40.022124999999996
            ],
            [
              116.350308,
              40.022124999999996
            ],
            [
              116.350308,
              40.02008333333333
            ],
            [
              116.34943439999999,
              40.02008333333333
            ],
            [
              116.34943439999999,
              40.022124999999996
            ]
          ]
        ]
      }
    },
    {
      "type": "Feature",
      "id": "B-047-01",
      "properties": {
        "id": "B-047-01",
        "layer": "BUILDING_FOOTPRINT",
        "source_type": "agent_inferred_from_public_data",
        "confidence": "low",
        "geometry_role": "provisional_constraint",
        "official_boundary": false,
        "boundary_precision": "provisional_rough",
        "building_use": "#f7a440",
        "source_id": "DATA-SRC-PROVISIONAL-BOUNDARIES-20260605"
      },
      "geometry": {
        "type": "Polygon",
        "coordinates": [
          [
            [
              116.34943439999999,
              40.02533333333333
            ],
            [
              116.350308,
              40.02533333333333
            ],
            [
              116.350308,
              40.023291666666665
            ],
            [
              116.34943439999999,
              40.023291666666665
            ],
            [
              116.34943439999999,
              40.02533333333333
            ]
          ]
        ]
      }
    },
    {
      "type": "Feature",
      "id": "B-047-10",
      "properties": {
        "id": "B-047-10",
        "layer": "BUILDING_FOOTPRINT",
        "source_type": "agent_inferred_from_public_data",
        "confidence": "low",
        "geometry_role": "provisional_constraint",
        "official_boundary": false,
        "boundary_precision": "provisional_rough",
        "building_use": "#f7a440",
        "source_id": "DATA-SRC-PROVISIONAL-BOUNDARIES-20260605"
      },
      "geometry": {
        "type": "Polygon",
        "coordinates": [
          [
            [
              116.3508072,
              40.022124999999996
            ],
            [
              116.3516808,
              40.022124999999996
            ],
            [
              116.3516808,
              40.02008333333333
            ],
            [
              116.3508072,
              40.02008333333333
            ],
            [
              116.3508072,
              40.022124999999996
            ]
          ]
        ]
      }
    },
    {
      "type": "Feature",
      "id": "B-047-11",
      "properties": {
        "id": "B-047-11",
        "layer": "BUILDING_FOOTPRINT",
        "source_type": "agent_inferred_from_public_data",
        "confidence": "low",
        "geometry_role": "provisional_constraint",
        "official_boundary": false,
        "boundary_precision": "provisional_rough",
        "building_use": "#f7a440",
        "source_id": "DATA-SRC-PROVISIONAL-BOUNDARIES-20260605"
      },
      "geometry": {
        "type": "Polygon",
        "coordinates": [
          [
            [
              116.3508072,
              40.02533333333333
            ],
            [
              116.3516808,
              40.02533333333333
            ],
            [
              116.3516808,
              40.023291666666665
            ],
            [
              116.3508072,
              40.023291666666665
            ],
            [
              116.3508072,
              40.02533333333333
            ]
          ]
        ]
      }
    },
    {
      "type": "Feature",
      "id": "B-049-00",
      "properties": {
        "id": "B-049-00",
        "layer": "BUILDING_FOOTPRINT",
        "source_type": "agent_inferred_from_public_data",
        "confidence": "low",
        "geometry_role": "provisional_constraint",
        "official_boundary": false,
        "boundary_precision": "provisional_rough",
        "building_use": "#e8643c",
        "source_id": "DATA-SRC-PROVISIONAL-BOUNDARIES-20260605"
      },
      "geometry": {
        "type": "Polygon",
        "coordinates": [
          [
            [
              116.3525544,
              39.94920833333333
            ],
            [
              116.35342800000001,
              39.94920833333333
            ],
            [
              116.35342800000001,
              39.94716666666667
            ],
            [
              116.3525544,
              39.94716666666667
            ],
            [
              116.3525544,
              39.94920833333333
            ]
          ]
        ]
      }
    },
    {
      "type": "Feature",
      "id": "B-049-01",
      "properties": {
        "id": "B-049-01",
        "layer": "BUILDING_FOOTPRINT",
        "source_type": "agent_inferred_from_public_data",
        "confidence": "low",
        "geometry_role": "provisional_constraint",
        "official_boundary": false,
        "boundary_precision": "provisional_rough",
        "building_use": "#e8643c",
        "source_id": "DATA-SRC-PROVISIONAL-BOUNDARIES-20260605"
      },
      "geometry": {
        "type": "Polygon",
        "coordinates": [
          [
            [
              116.3525544,
              39.952416666666664
            ],
            [
              116.35342800000001,
              39.952416666666664
            ],
            [
              116.35342800000001,
              39.950375
            ],
            [
              116.3525544,
              39.950375
            ],
            [
              116.3525544,
              39.952416666666664
            ]
          ]
        ]
      }
    },
    {
      "type": "Feature",
      "id": "B-049-10",
      "properties": {
        "id": "B-049-10",
        "layer": "BUILDING_FOOTPRINT",
        "source_type": "agent_inferred_from_public_data",
        "confidence": "low",
        "geometry_role": "provisional_constraint",
        "official_boundary": false,
        "boundary_precision": "provisional_rough",
        "building_use": "#e8643c",
        "source_id": "DATA-SRC-PROVISIONAL-BOUNDARIES-20260605"
      },
      "geometry": {
        "type": "Polygon",
        "coordinates": [
          [
            [
              116.3539272,
              39.94920833333333
            ],
            [
              116.3548008,
              39.94920833333333
            ],
            [
              116.3548008,
              39.94716666666667
            ],
            [
              116.3539272,
              39.94716666666667
            ],
            [
              116.3539272,
              39.94920833333333
            ]
          ]
        ]
      }
    },
    {
      "type": "Feature",
      "id": "B-049-11",
      "properties": {
        "id": "B-049-11",
        "layer": "BUILDING_FOOTPRINT",
        "source_type": "agent_inferred_from_public_data",
        "confidence": "low",
        "geometry_role": "provisional_constraint",
        "official_boundary": false,
        "boundary_precision": "provisional_rough",
        "building_use": "#e8643c",
        "source_id": "DATA-SRC-PROVISIONAL-BOUNDARIES-20260605"
      },
      "geometry": {
        "type": "Polygon",
        "coordinates": [
          [
            [
              116.3539272,
              39.952416666666664
            ],
            [
              116.3548008,
              39.952416666666664
            ],
            [
              116.3548008,
              39.950375
            ],
            [
              116.3539272,
              39.950375
            ],
            [
              116.3539272,
              39.952416666666664
            ]
          ]
        ]
      }
    },
    {
      "type": "Feature",
      "id": "B-054-00",
      "properties": {
        "id": "B-054-00",
        "layer": "BUILDING_FOOTPRINT",
        "source_type": "agent_inferred_from_public_data",
        "confidence": "low",
        "geometry_role": "provisional_constraint",
        "official_boundary": false,
        "boundary_precision": "provisional_rough",
        "building_use": "#5bc8e8",
        "source_id": "DATA-SRC-PROVISIONAL-BOUNDARIES-20260605"
      },
      "geometry": {
        "type": "Polygon",
        "coordinates": [
          [
            [
              116.3525544,
              39.98566666666666
            ],
            [
              116.35342800000001,
              39.98566666666666
            ],
            [
              116.35342800000001,
              39.983624999999996
            ],
            [
              116.3525544,
              39.983624999999996
            ],
            [
              116.3525544,
              39.98566666666666
            ]
          ]
        ]
      }
    },
    {
      "type": "Feature",
      "id": "B-054-01",
      "properties": {
        "id": "B-054-01",
        "layer": "BUILDING_FOOTPRINT",
        "source_type": "agent_inferred_from_public_data",
        "confidence": "low",
        "geometry_role": "provisional_constraint",
        "official_boundary": false,
        "boundary_precision": "provisional_rough",
        "building_use": "#5bc8e8",
        "source_id": "DATA-SRC-PROVISIONAL-BOUNDARIES-20260605"
      },
      "geometry": {
        "type": "Polygon",
        "coordinates": [
          [
            [
              116.35342800000001,
              39.98683333333333
            ],
            [
              116.3525544,
              39.98683333333333
            ],
            [
              116.3525544,
              39.98887499999999
            ],
            [
              116.35339,
              39.98887499999999
            ],
            [
              116.35342800000001,
              39.98839999999995
            ],
            [
              116.35342800000001,
              39.98683333333333
            ]
          ]
        ]
      }
    },
    {
      "type": "Feature",
      "id": "B-055-00",
      "properties": {
        "id": "B-055-00",
        "layer": "BUILDING_FOOTPRINT",
        "source_type": "agent_inferred_from_public_data",
        "confidence": "low",
        "geometry_role": "provisional_constraint",
        "official_boundary": false,
        "boundary_precision": "provisional_rough",
        "building_use": "#5bc8e8",
        "source_id": "DATA-SRC-PROVISIONAL-BOUNDARIES-20260605"
      },
      "geometry": {
        "type": "Polygon",
        "coordinates": [
          [
            [
              116.3525544,
              39.990916666666664
            ],
            [
              116.3525544,
              39.99295833333333
            ],
            [
              116.35342800000001,
              39.99295833333333
            ],
            [
              116.35342800000001,
              39.99233600000007
            ],
            [
              116.3533502283105,
              39.990916666666664
            ],
            [
              116.3525544,
              39.990916666666664
            ]
          ]
        ]
      }
    },
    {
      "type": "Feature",
      "id": "B-055-01",
      "properties": {
        "id": "B-055-01",
        "layer": "BUILDING_FOOTPRINT",
        "source_type": "agent_inferred_from_public_data",
        "confidence": "low",
        "geometry_role": "provisional_constraint",
        "official_boundary": false,
        "boundary_precision": "provisional_rough",
        "building_use": "#5bc8e8",
        "source_id": "DATA-SRC-PROVISIONAL-BOUNDARIES-20260605"
      },
      "geometry": {
        "type": "Polygon",
        "coordinates": [
          [
            [
              116.3525544,
              39.99616666666666
            ],
            [
              116.35342800000001,
              39.99616666666666
            ],
            [
              116.35342800000001,
              39.994125
            ],
            [
              116.3525544,
              39.994125
            ],
            [
              116.3525544,
              39.99616666666666
            ]
          ]
        ]
      }
    },
    {
      "type": "Feature",
      "id": "B-056-00",
      "properties": {
        "id": "B-056-00",
        "layer": "BUILDING_FOOTPRINT",
        "source_type": "agent_inferred_from_public_data",
        "confidence": "low",
        "geometry_role": "provisional_constraint",
        "official_boundary": false,
        "boundary_precision": "provisional_rough",
        "building_use": "#5bc8e8",
        "source_id": "DATA-SRC-PROVISIONAL-BOUNDARIES-20260605"
      },
      "geometry": {
        "type": "Polygon",
        "coordinates": [
          [
            [
              116.3525544,
              40.000249999999994
            ],
            [
              116.35342800000001,
              40.000249999999994
            ],
            [
              116.35342800000001,
              39.99820833333333
            ],
            [
              116.3525544,
              39.99820833333333
            ],
            [
              116.3525544,
              40.000249999999994
            ]
          ]
        ]
      }
    },
    {
      "type": "Feature",
      "id": "B-056-01",
      "properties": {
        "id": "B-056-01",
        "layer": "BUILDING_FOOTPRINT",
        "source_type": "agent_inferred_from_public_data",
        "confidence": "low",
        "geometry_role": "provisional_constraint",
        "official_boundary": false,
        "boundary_precision": "provisional_rough",
        "building_use": "#5bc8e8",
        "source_id": "DATA-SRC-PROVISIONAL-BOUNDARIES-20260605"
      },
      "geometry": {
        "type": "Polygon",
        "coordinates": [
          [
            [
              116.3525544,
              40.00345833333333
            ],
            [
              116.35342800000001,
              40.00345833333333
            ],
            [
              116.35342800000001,
              40.001416666666664
            ],
            [
              116.3525544,
              40.001416666666664
            ],
            [
              116.3525544,
              40.00345833333333
            ]
          ]
        ]
      }
    },
    {
      "type": "Feature",
      "id": "B-056-11",
      "properties": {
        "id": "B-056-11",
        "layer": "BUILDING_FOOTPRINT",
        "source_type": "agent_inferred_from_public_data",
        "confidence": "low",
        "geometry_role": "provisional_constraint",
        "official_boundary": false,
        "boundary_precision": "provisional_rough",
        "building_use": "#5bc8e8",
        "source_id": "DATA-SRC-PROVISIONAL-BOUNDARIES-20260605"
      },
      "geometry": {
        "type": "Polygon",
        "coordinates": [
          [
            [
              116.3539272,
              40.00345833333333
            ],
            [
              116.35403744292238,
              40.00345833333333
            ],
            [
              116.3539272,
              40.00144639999997
            ],
            [
              116.3539272,
              40.00345833333333
            ]
          ]
        ]
      }
    },
    {
      "type": "Feature",
      "id": "B-057-00",
      "properties": {
        "id": "B-057-00",
        "layer": "BUILDING_FOOTPRINT",
        "source_type": "agent_inferred_from_public_data",
        "confidence": "low",
        "geometry_role": "provisional_constraint",
        "official_boundary": false,
        "boundary_precision": "provisional_rough",
        "building_use": "#f7a440",
        "source_id": "DATA-SRC-PROVISIONAL-BOUNDARIES-20260605"
      },
      "geometry": {
        "type": "Polygon",
        "coordinates": [
          [
            [
              116.3525544,
              40.00754166666666
            ],
            [
              116.35342800000001,
              40.00754166666666
            ],
            [
              116.35342800000001,
              40.0055
            ],
            [
              116.3525544,
              40.0055
            ],
            [
              116.3525544,
              40.00754166666666
            ]
          ]
        ]
      }
    },
    {
      "type": "Feature",
      "id": "B-057-01",
      "properties": {
        "id": "B-057-01",
        "layer": "BUILDING_FOOTPRINT",
        "source_type": "agent_inferred_from_public_data",
        "confidence": "low",
        "geometry_role": "provisional_constraint",
        "official_boundary": false,
        "boundary_precision": "provisional_rough",
        "building_use": "#f7a440",
        "source_id": "DATA-SRC-PROVISIONAL-BOUNDARIES-20260605"
      },
      "geometry": {
        "type": "Polygon",
        "coordinates": [
          [
            [
              116.3525544,
              40.010749999999994
            ],
            [
              116.35342800000001,
              40.010749999999994
            ],
            [
              116.35342800000001,
              40.00870833333333
            ],
            [
              116.3525544,
              40.00870833333333
            ],
            [
              116.3525544,
              40.010749999999994
            ]
          ]
        ]
      }
    },
    {
      "type": "Feature",
      "id": "B-057-10",
      "properties": {
        "id": "B-057-10",
        "layer": "BUILDING_FOOTPRINT",
        "source_type": "agent_inferred_from_public_data",
        "confidence": "low",
        "geometry_role": "provisional_constraint",
        "official_boundary": false,
        "boundary_precision": "provisional_rough",
        "building_use": "#f7a440",
        "source_id": "DATA-SRC-PROVISIONAL-BOUNDARIES-20260605"
      },
      "geometry": {
        "type": "Polygon",
        "coordinates": [
          [
            [
              116.3539272,
              40.0055
            ],
            [
              116.3539272,
              40.00754166666666
            ],
            [
              116.35426118721462,
              40.00754166666666
            ],
            [
              116.3541493150685,
              40.0055
            ],
            [
              116.3539272,
              40.0055
            ]
          ]
        ]
      }
    },
    {
      "type": "Feature",
      "id": "B-057-11",
      "properties": {
        "id": "B-057-11",
        "layer": "BUILDING_FOOTPRINT",
        "source_type": "agent_inferred_from_public_data",
        "confidence": "low",
        "geometry_role": "provisional_constraint",
        "official_boundary": false,
        "boundary_precision": "provisional_rough",
        "building_use": "#f7a440",
        "source_id": "DATA-SRC-PROVISIONAL-BOUNDARIES-20260605"
      },
      "geometry": {
        "type": "Polygon",
        "coordinates": [
          [
            [
              116.3539272,
              40.00870833333333
            ],
            [
              116.3539272,
              40.010749999999994
            ],
            [
              116.35443698630137,
              40.010749999999994
            ],
            [
              116.35432511415526,
              40.00870833333333
            ],
            [
              116.3539272,
              40.00870833333333
            ]
          ]
        ]
      }
    },
    {
      "type": "Feature",
      "id": "B-058-00",
      "properties": {
        "id": "B-058-00",
        "layer": "BUILDING_FOOTPRINT",
        "source_type": "agent_inferred_from_public_data",
        "confidence": "low",
        "geometry_role": "provisional_constraint",
        "official_boundary": false,
        "boundary_precision": "provisional_rough",
        "building_use": "#f7a440",
        "source_id": "DATA-SRC-PROVISIONAL-BOUNDARIES-20260605"
      },
      "geometry": {
        "type": "Polygon",
        "coordinates": [
          [
            [
              116.3525544,
              40.01483333333333
            ],
            [
              116.35342800000001,
              40.01483333333333
            ],
            [
              116.35342800000001,
              40.012791666666665
            ],
            [
              116.3525544,
              40.012791666666665
            ],
            [
              116.3525544,
              40.01483333333333
            ]
          ]
        ]
      }
    },
    {
      "type": "Feature",
      "id": "B-058-01",
      "properties": {
        "id": "B-058-01",
        "layer": "BUILDING_FOOTPRINT",
        "source_type": "agent_inferred_from_public_data",
        "confidence": "low",
        "geometry_role": "provisional_constraint",
        "official_boundary": false,
        "boundary_precision": "provisional_rough",
        "building_use": "#f7a440",
        "source_id": "DATA-SRC-PROVISIONAL-BOUNDARIES-20260605"
      },
      "geometry": {
        "type": "Polygon",
        "coordinates": [
          [
            [
              116.3525544,
              40.01804166666666
            ],
            [
              116.35342800000001,
              40.01804166666666
            ],
            [
              116.35342800000001,
              40.016
            ],
            [
              116.3525544,
              40.016
            ],
            [
              116.3525544,
              40.01804166666666
            ]
          ]
        ]
      }
    },
    {
      "type": "Feature",
      "id": "B-058-10",
      "properties": {
        "id": "B-058-10",
        "layer": "BUILDING_FOOTPRINT",
        "source_type": "agent_inferred_from_public_data",
        "confidence": "low",
        "geometry_role": "provisional_constraint",
        "official_boundary": false,
        "boundary_precision": "provisional_rough",
        "building_use": "#f7a440",
        "source_id": "DATA-SRC-PROVISIONAL-BOUNDARIES-20260605"
      },
      "geometry": {
        "type": "Polygon",
        "coordinates": [
          [
            [
              116.3539272,
              40.012791666666665
            ],
            [
              116.3539272,
              40.01483333333333
            ],
            [
              116.35466073059361,
              40.01483333333333
            ],
            [
              116.35454885844749,
              40.012791666666665
            ],
            [
              116.3539272,
              40.012791666666665
            ]
          ]
        ]
      }
    },
    {
      "type": "Feature",
      "id": "B-058-11",
      "properties": {
        "id": "B-058-11",
        "layer": "BUILDING_FOOTPRINT",
        "source_type": "agent_inferred_from_public_data",
        "confidence": "low",
        "geometry_role": "provisional_constraint",
        "official_boundary": false,
        "boundary_precision": "provisional_rough",
        "building_use": "#f7a440",
        "source_id": "DATA-SRC-PROVISIONAL-BOUNDARIES-20260605"
      },
      "geometry": {
        "type": "Polygon",
        "coordinates": [
          [
            [
              116.3539272,
              40.016
            ],
            [
              116.3539272,
              40.01804166666666
            ],
            [
              116.3548008,
              40.01804166666666
            ],
            [
              116.3548008,
              40.01738960000011
            ],
            [
              116.35472465753425,
              40.016
            ],
            [
              116.3539272,
              40.016
            ]
          ]
        ]
      }
    },
    {
      "type": "Feature",
      "id": "B-059-00",
      "properties": {
        "id": "B-059-00",
        "layer": "BUILDING_FOOTPRINT",
        "source_type": "agent_inferred_from_public_data",
        "confidence": "low",
        "geometry_role": "provisional_constraint",
        "official_boundary": false,
        "boundary_precision": "provisional_rough",
        "building_use": "#f7a440",
        "source_id": "DATA-SRC-PROVISIONAL-BOUNDARIES-20260605"
      },
      "geometry": {
        "type": "Polygon",
        "coordinates": [
          [
            [
              116.3525544,
              40.022124999999996
            ],
            [
              116.35342800000001,
              40.022124999999996
            ],
            [
              116.35342800000001,
              40.02008333333333
            ],
            [
              116.3525544,
              40.02008333333333
            ],
            [
              116.3525544,
              40.022124999999996
            ]
          ]
        ]
      }
    },
    {
      "type": "Feature",
      "id": "B-059-01",
      "properties": {
        "id": "B-059-01",
        "layer": "BUILDING_FOOTPRINT",
        "source_type": "agent_inferred_from_public_data",
        "confidence": "low",
        "geometry_role": "provisional_constraint",
        "official_boundary": false,
        "boundary_precision": "provisional_rough",
        "building_use": "#f7a440",
        "source_id": "DATA-SRC-PROVISIONAL-BOUNDARIES-20260605"
      },
      "geometry": {
        "type": "Polygon",
        "coordinates": [
          [
            [
              116.3525544,
              40.02533333333333
            ],
            [
              116.35342800000001,
              40.02533333333333
            ],
            [
              116.35342800000001,
              40.023291666666665
            ],
            [
              116.3525544,
              40.023291666666665
            ],
            [
              116.3525544,
              40.02533333333333
            ]
          ]
        ]
      }
    },
    {
      "type": "Feature",
      "id": "B-059-10",
      "properties": {
        "id": "B-059-10",
        "layer": "BUILDING_FOOTPRINT",
        "source_type": "agent_inferred_from_public_data",
        "confidence": "low",
        "geometry_role": "provisional_constraint",
        "official_boundary": false,
        "boundary_precision": "provisional_rough",
        "building_use": "#f7a440",
        "source_id": "DATA-SRC-PROVISIONAL-BOUNDARIES-20260605"
      },
      "geometry": {
        "type": "Polygon",
        "coordinates": [
          [
            [
              116.3539272,
              40.022124999999996
            ],
            [
              116.3548008,
              40.022124999999996
            ],
            [
              116.3548008,
              40.02008333333333
            ],
            [
              116.3539272,
              40.02008333333333
            ],
            [
              116.3539272,
              40.022124999999996
            ]
          ]
        ]
      }
    },
    {
      "type": "Feature",
      "id": "B-059-11",
      "properties": {
        "id": "B-059-11",
        "layer": "BUILDING_FOOTPRINT",
        "source_type": "agent_inferred_from_public_data",
        "confidence": "low",
        "geometry_role": "provisional_constraint",
        "official_boundary": false,
        "boundary_precision": "provisional_rough",
        "building_use": "#f7a440",
        "source_id": "DATA-SRC-PROVISIONAL-BOUNDARIES-20260605"
      },
      "geometry": {
        "type": "Polygon",
        "coordinates": [
          [
            [
              116.3539272,
              40.02533333333333
            ],
            [
              116.3548008,
              40.02533333333333
            ],
            [
              116.3548008,
              40.023291666666665
            ],
            [
              116.3539272,
              40.023291666666665
            ],
            [
              116.3539272,
              40.02533333333333
            ]
          ]
        ]
      }
    }
  ],
  "metadata": {
    "boundary_status": "provisional"
  }
}