{
 "type": "FeatureCollection",
 "features": [
  {
   "type": "Feature",
   "id": "BLDG-001",
   "properties": {
    "id": "BLDG-001",
    "layer": "BUILDING_FOOTPRINT",
    "source_type": "agent_generated_design",
    "confidence": "low",
    "geometry_role": "design_proposal",
    "building_type": "mixed_use",
    "concept_floors": 8,
    "name_zh": "南门户智能商务段·商业服务业用地·概念建筑基底001",
    "name_en": "Concept footprint 001",
    "area_sqm_declared": 14660.562
   },
   "geometry": {
    "type": "Polygon",
    "coordinates": [
     [
      [
       116.34602,
       39.93918
      ],
      [
       116.34087506943105,
       39.93918
      ],
      [
       116.34086673609772,
       39.93948
      ],
      [
       116.34602,
       39.93948
      ],
      [
       116.34602,
       39.93918
      ]
     ]
    ]
   }
  },
  {
   "type": "Feature",
   "id": "BLDG-002",
   "properties": {
    "id": "BLDG-002",
    "layer": "BUILDING_FOOTPRINT",
    "source_type": "agent_generated_design",
    "confidence": "low",
    "geometry_role": "design_proposal",
    "building_type": "mixed_use",
    "concept_floors": 8,
    "name_zh": "南门户智能商务段·商业服务业用地·概念建筑基底002",
    "name_en": "Concept footprint 002",
    "area_sqm_declared": 14725.241
   },
   "geometry": {
    "type": "Polygon",
    "coordinates": [
     [
      [
       116.34602,
       39.94
      ],
      [
       116.34085229165328,
       39.94
      ],
      [
       116.34084395831994,
       39.9403
      ],
      [
       116.34602,
       39.9403
      ],
      [
       116.34602,
       39.94
      ]
     ]
    ]
   }
  },
  {
   "type": "Feature",
   "id": "BLDG-003",
   "properties": {
    "id": "BLDG-003",
    "layer": "BUILDING_FOOTPRINT",
    "source_type": "agent_generated_design",
    "confidence": "low",
    "geometry_role": "design_proposal",
    "building_type": "mixed_use",
    "concept_floors": 8,
    "name_zh": "南门户智能商务段·商业服务业用地·概念建筑基底003",
    "name_en": "Concept footprint 003",
    "area_sqm_declared": 14789.919
   },
   "geometry": {
    "type": "Polygon",
    "coordinates": [
     [
      [
       116.34602,
       39.940819999999995
      ],
      [
       116.34082951387549,
       39.940819999999995
      ],
      [
       116.34082118054216,
       39.94112
      ],
      [
       116.34602,
       39.94112
      ],
      [
       116.34602,
       39.940819999999995
      ]
     ]
    ]
   }
  },
  {
   "type": "Feature",
   "id": "BLDG-004",
   "properties": {
    "id": "BLDG-004",
    "layer": "BUILDING_FOOTPRINT",
    "source_type": "agent_generated_design",
    "confidence": "low",
    "geometry_role": "design_proposal",
    "building_type": "mixed_use",
    "concept_floors": 8,
    "name_zh": "南门户智能商务段·商业服务业用地·概念建筑基底004",
    "name_en": "Concept footprint 004",
    "area_sqm_declared": 14854.596
   },
   "geometry": {
    "type": "Polygon",
    "coordinates": [
     [
      [
       116.34602,
       39.94163999999999
      ],
      [
       116.34080673609772,
       39.94163999999999
      ],
      [
       116.34079840276439,
       39.941939999999995
      ],
      [
       116.34602,
       39.941939999999995
      ],
      [
       116.34602,
       39.94163999999999
      ]
     ]
    ]
   }
  },
  {
   "type": "Feature",
   "id": "BLDG-005",
   "properties": {
    "id": "BLDG-005",
    "layer": "BUILDING_FOOTPRINT",
    "source_type": "agent_generated_design",
    "confidence": "low",
    "geometry_role": "design_proposal",
    "building_type": "mixed_use",
    "concept_floors": 8,
    "name_zh": "南门户智能商务段·商业服务业用地·概念建筑基底005",
    "name_en": "Concept footprint 005",
    "area_sqm_declared": 14919.27
   },
   "geometry": {
    "type": "Polygon",
    "coordinates": [
     [
      [
       116.34602,
       39.94245999999999
      ],
      [
       116.34078395831995,
       39.94245999999999
      ],
      [
       116.3407756249866,
       39.94275999999999
      ],
      [
       116.34602,
       39.94275999999999
      ],
      [
       116.34602,
       39.94245999999999
      ]
     ]
    ]
   }
  },
  {
   "type": "Feature",
   "id": "BLDG-006",
   "properties": {
    "id": "BLDG-006",
    "layer": "BUILDING_FOOTPRINT",
    "source_type": "agent_generated_design",
    "confidence": "low",
    "geometry_role": "design_proposal",
    "building_type": "mixed_use",
    "concept_floors": 8,
    "name_zh": "南门户智能商务段·商业服务业用地·概念建筑基底006",
    "name_en": "Concept footprint 006",
    "area_sqm_declared": 14983.944
   },
   "geometry": {
    "type": "Polygon",
    "coordinates": [
     [
      [
       116.34602,
       39.94327999999999
      ],
      [
       116.34076118054217,
       39.94327999999999
      ],
      [
       116.34075284720883,
       39.94357999999999
      ],
      [
       116.34602,
       39.94357999999999
      ],
      [
       116.34602,
       39.94327999999999
      ]
     ]
    ]
   }
  },
  {
   "type": "Feature",
   "id": "BLDG-007",
   "properties": {
    "id": "BLDG-007",
    "layer": "BUILDING_FOOTPRINT",
    "source_type": "agent_generated_design",
    "confidence": "low",
    "geometry_role": "design_proposal",
    "building_type": "mixed_use",
    "concept_floors": 8,
    "name_zh": "南门户智能商务段·商业服务业用地·概念建筑基底007",
    "name_en": "Concept footprint 007",
    "area_sqm_declared": 18620.712
   },
   "geometry": {
    "type": "Polygon",
    "coordinates": [
     [
      [
       116.35512,
       39.93918
      ],
      [
       116.34858,
       39.93918
      ],
      [
       116.34858,
       39.93948
      ],
      [
       116.35512,
       39.93948
      ],
      [
       116.35512,
       39.93918
      ]
     ]
    ]
   }
  },
  {
   "type": "Feature",
   "id": "BLDG-008",
   "properties": {
    "id": "BLDG-008",
    "layer": "BUILDING_FOOTPRINT",
    "source_type": "agent_generated_design",
    "confidence": "low",
    "geometry_role": "design_proposal",
    "building_type": "mixed_use",
    "concept_floors": 8,
    "name_zh": "南门户智能商务段·商业服务业用地·概念建筑基底008",
    "name_en": "Concept footprint 008",
    "area_sqm_declared": 18620.492
   },
   "geometry": {
    "type": "Polygon",
    "coordinates": [
     [
      [
       116.35512,
       39.94
      ],
      [
       116.34858,
       39.94
      ],
      [
       116.34858,
       39.9403
      ],
      [
       116.35512,
       39.9403
      ],
      [
       116.35512,
       39.94
      ]
     ]
    ]
   }
  },
  {
   "type": "Feature",
   "id": "BLDG-009",
   "properties": {
    "id": "BLDG-009",
    "layer": "BUILDING_FOOTPRINT",
    "source_type": "agent_generated_design",
    "confidence": "low",
    "geometry_role": "design_proposal",
    "building_type": "mixed_use",
    "concept_floors": 8,
    "name_zh": "南门户智能商务段·商业服务业用地·概念建筑基底009",
    "name_en": "Concept footprint 009",
    "area_sqm_declared": 18620.272
   },
   "geometry": {
    "type": "Polygon",
    "coordinates": [
     [
      [
       116.35512,
       39.940819999999995
      ],
      [
       116.34858,
       39.940819999999995
      ],
      [
       116.34858,
       39.94112
      ],
      [
       116.35512,
       39.94112
      ],
      [
       116.35512,
       39.940819999999995
      ]
     ]
    ]
   }
  },
  {
   "type": "Feature",
   "id": "BLDG-010",
   "properties": {
    "id": "BLDG-010",
    "layer": "BUILDING_FOOTPRINT",
    "source_type": "agent_generated_design",
    "confidence": "low",
    "geometry_role": "design_proposal",
    "building_type": "mixed_use",
    "concept_floors": 8,
    "name_zh": "南门户智能商务段·商业服务业用地·概念建筑基底010",
    "name_en": "Concept footprint 010",
    "area_sqm_declared": 18620.053
   },
   "geometry": {
    "type": "Polygon",
    "coordinates": [
     [
      [
       116.35512,
       39.94163999999999
      ],
      [
       116.34858,
       39.94163999999999
      ],
      [
       116.34858,
       39.941939999999995
      ],
      [
       116.35512,
       39.941939999999995
      ],
      [
       116.35512,
       39.94163999999999
      ]
     ]
    ]
   }
  },
  {
   "type": "Feature",
   "id": "BLDG-011",
   "properties": {
    "id": "BLDG-011",
    "layer": "BUILDING_FOOTPRINT",
    "source_type": "agent_generated_design",
    "confidence": "low",
    "geometry_role": "design_proposal",
    "building_type": "mixed_use",
    "concept_floors": 8,
    "name_zh": "南门户智能商务段·商业服务业用地·概念建筑基底011",
    "name_en": "Concept footprint 011",
    "area_sqm_declared": 18619.833
   },
   "geometry": {
    "type": "Polygon",
    "coordinates": [
     [
      [
       116.35512,
       39.94245999999999
      ],
      [
       116.34858,
       39.94245999999999
      ],
      [
       116.34858,
       39.94275999999999
      ],
      [
       116.35512,
       39.94275999999999
      ],
      [
       116.35512,
       39.94245999999999
      ]
     ]
    ]
   }
  },
  {
   "type": "Feature",
   "id": "BLDG-012",
   "properties": {
    "id": "BLDG-012",
    "layer": "BUILDING_FOOTPRINT",
    "source_type": "agent_generated_design",
    "confidence": "low",
    "geometry_role": "design_proposal",
    "building_type": "mixed_use",
    "concept_floors": 8,
    "name_zh": "南门户智能商务段·商业服务业用地·概念建筑基底012",
    "name_en": "Concept footprint 012",
    "area_sqm_declared": 18619.613
   },
   "geometry": {
    "type": "Polygon",
    "coordinates": [
     [
      [
       116.35512,
       39.94327999999999
      ],
      [
       116.34858,
       39.94327999999999
      ],
      [
       116.34858,
       39.94357999999999
      ],
      [
       116.35512,
       39.94357999999999
      ],
      [
       116.35512,
       39.94327999999999
      ]
     ]
    ]
   }
  },
  {
   "type": "Feature",
   "id": "BLDG-013",
   "properties": {
    "id": "BLDG-013",
    "layer": "BUILDING_FOOTPRINT",
    "source_type": "agent_generated_design",
    "confidence": "low",
    "geometry_role": "design_proposal",
    "building_type": "mixed_use",
    "concept_floors": 8,
    "name_zh": "大钟寺智能原生消费段·商业服务业用地·概念建筑基底013",
    "name_en": "Concept footprint 013",
    "area_sqm_declared": 15054.925
   },
   "geometry": {
    "type": "Polygon",
    "coordinates": [
     [
      [
       116.34602,
       39.94418
      ],
      [
       116.34073618054217,
       39.94418
      ],
      [
       116.34072784720883,
       39.944480000000006
      ],
      [
       116.34602,
       39.944480000000006
      ],
      [
       116.34602,
       39.94418
      ]
     ]
    ]
   }
  },
  {
   "type": "Feature",
   "id": "BLDG-014",
   "properties": {
    "id": "BLDG-014",
    "layer": "BUILDING_FOOTPRINT",
    "source_type": "agent_generated_design",
    "confidence": "low",
    "geometry_role": "design_proposal",
    "building_type": "mixed_use",
    "concept_floors": 8,
    "name_zh": "大钟寺智能原生消费段·商业服务业用地·概念建筑基底014",
    "name_en": "Concept footprint 014",
    "area_sqm_declared": 15119.595
   },
   "geometry": {
    "type": "Polygon",
    "coordinates": [
     [
      [
       116.34602,
       39.945
      ],
      [
       116.3407134027644,
       39.945
      ],
      [
       116.34070506943105,
       39.9453
      ],
      [
       116.34602,
       39.9453
      ],
      [
       116.34602,
       39.945
      ]
     ]
    ]
   }
  },
  {
   "type": "Feature",
   "id": "BLDG-015",
   "properties": {
    "id": "BLDG-015",
    "layer": "BUILDING_FOOTPRINT",
    "source_type": "agent_generated_design",
    "confidence": "low",
    "geometry_role": "design_proposal",
    "building_type": "mixed_use",
    "concept_floors": 8,
    "name_zh": "大钟寺智能原生消费段·商业服务业用地·概念建筑基底015",
    "name_en": "Concept footprint 015",
    "area_sqm_declared": 15184.264
   },
   "geometry": {
    "type": "Polygon",
    "coordinates": [
     [
      [
       116.34602,
       39.94582
      ],
      [
       116.3406906249866,
       39.94582
      ],
      [
       116.34068229165328,
       39.94612
      ],
      [
       116.34602,
       39.94612
      ],
      [
       116.34602,
       39.94582
      ]
     ]
    ]
   }
  },
  {
   "type": "Feature",
   "id": "BLDG-016",
   "properties": {
    "id": "BLDG-016",
    "layer": "BUILDING_FOOTPRINT",
    "source_type": "agent_generated_design",
    "confidence": "low",
    "geometry_role": "design_proposal",
    "building_type": "mixed_use",
    "concept_floors": 8,
    "name_zh": "大钟寺智能原生消费段·商业服务业用地·概念建筑基底016",
    "name_en": "Concept footprint 016",
    "area_sqm_declared": 15248.931
   },
   "geometry": {
    "type": "Polygon",
    "coordinates": [
     [
      [
       116.34602,
       39.946639999999995
      ],
      [
       116.34066784720883,
       39.946639999999995
      ],
      [
       116.3406595138755,
       39.94694
      ],
      [
       116.34602,
       39.94694
      ],
      [
       116.34602,
       39.946639999999995
      ]
     ]
    ]
   }
  },
  {
   "type": "Feature",
   "id": "BLDG-017",
   "properties": {
    "id": "BLDG-017",
    "layer": "BUILDING_FOOTPRINT",
    "source_type": "agent_generated_design",
    "confidence": "low",
    "geometry_role": "design_proposal",
    "building_type": "mixed_use",
    "concept_floors": 8,
    "name_zh": "大钟寺智能原生消费段·商业服务业用地·概念建筑基底017",
    "name_en": "Concept footprint 017",
    "area_sqm_declared": 15313.596
   },
   "geometry": {
    "type": "Polygon",
    "coordinates": [
     [
      [
       116.34602,
       39.94745999999999
      ],
      [
       116.34064506943105,
       39.94745999999999
      ],
      [
       116.34063673609772,
       39.947759999999995
      ],
      [
       116.34602,
       39.947759999999995
      ],
      [
       116.34602,
       39.94745999999999
      ]
     ]
    ]
   }
  },
  {
   "type": "Feature",
   "id": "BLDG-018",
   "properties": {
    "id": "BLDG-018",
    "layer": "BUILDING_FOOTPRINT",
    "source_type": "agent_generated_design",
    "confidence": "low",
    "geometry_role": "design_proposal",
    "building_type": "mixed_use",
    "concept_floors": 8,
    "name_zh": "大钟寺智能原生消费段·商业服务业用地·概念建筑基底018",
    "name_en": "Concept footprint 018",
    "area_sqm_declared": 15378.26
   },
   "geometry": {
    "type": "Polygon",
    "coordinates": [
     [
      [
       116.34602,
       39.94827999999999
      ],
      [
       116.34062229165328,
       39.94827999999999
      ],
      [
       116.34061395831993,
       39.94857999999999
      ],
      [
       116.34602,
       39.94857999999999
      ],
      [
       116.34602,
       39.94827999999999
      ]
     ]
    ]
   }
  },
  {
   "type": "Feature",
   "id": "BLDG-019",
   "properties": {
    "id": "BLDG-019",
    "layer": "BUILDING_FOOTPRINT",
    "source_type": "agent_generated_design",
    "confidence": "low",
    "geometry_role": "design_proposal",
    "building_type": "mixed_use",
    "concept_floors": 8,
    "name_zh": "大钟寺智能原生消费段·商业服务业用地·概念建筑基底019",
    "name_en": "Concept footprint 019",
    "area_sqm_declared": 15442.923
   },
   "geometry": {
    "type": "Polygon",
    "coordinates": [
     [
      [
       116.34602,
       39.94909999999999
      ],
      [
       116.34059951387549,
       39.94909999999999
      ],
      [
       116.34059118054216,
       39.94939999999999
      ],
      [
       116.34602,
       39.94939999999999
      ],
      [
       116.34602,
       39.94909999999999
      ]
     ]
    ]
   }
  },
  {
   "type": "Feature",
   "id": "BLDG-020",
   "properties": {
    "id": "BLDG-020",
    "layer": "BUILDING_FOOTPRINT",
    "source_type": "agent_generated_design",
    "confidence": "low",
    "geometry_role": "design_proposal",
    "building_type": "mixed_use",
    "concept_floors": 8,
    "name_zh": "大钟寺智能原生消费段·商业服务业用地·概念建筑基底020",
    "name_en": "Concept footprint 020",
    "area_sqm_declared": 18619.372
   },
   "geometry": {
    "type": "Polygon",
    "coordinates": [
     [
      [
       116.35512,
       39.94418
      ],
      [
       116.34858,
       39.94418
      ],
      [
       116.34858,
       39.944480000000006
      ],
      [
       116.35512,
       39.944480000000006
      ],
      [
       116.35512,
       39.94418
      ]
     ]
    ]
   }
  },
  {
   "type": "Feature",
   "id": "BLDG-021",
   "properties": {
    "id": "BLDG-021",
    "layer": "BUILDING_FOOTPRINT",
    "source_type": "agent_generated_design",
    "confidence": "low",
    "geometry_role": "design_proposal",
    "building_type": "mixed_use",
    "concept_floors": 8,
    "name_zh": "大钟寺智能原生消费段·商业服务业用地·概念建筑基底021",
    "name_en": "Concept footprint 021",
    "area_sqm_declared": 18619.153
   },
   "geometry": {
    "type": "Polygon",
    "coordinates": [
     [
      [
       116.35512,
       39.945
      ],
      [
       116.34858,
       39.945
      ],
      [
       116.34858,
       39.9453
      ],
      [
       116.35512,
       39.9453
      ],
      [
       116.35512,
       39.945
      ]
     ]
    ]
   }
  },
  {
   "type": "Feature",
   "id": "BLDG-022",
   "properties": {
    "id": "BLDG-022",
    "layer": "BUILDING_FOOTPRINT",
    "source_type": "agent_generated_design",
    "confidence": "low",
    "geometry_role": "design_proposal",
    "building_type": "mixed_use",
    "concept_floors": 8,
    "name_zh": "大钟寺智能原生消费段·商业服务业用地·概念建筑基底022",
    "name_en": "Concept footprint 022",
    "area_sqm_declared": 18618.933
   },
   "geometry": {
    "type": "Polygon",
    "coordinates": [
     [
      [
       116.35512,
       39.94582
      ],
      [
       116.34858,
       39.94582
      ],
      [
       116.34858,
       39.94612
      ],
      [
       116.35512,
       39.94612
      ],
      [
       116.35512,
       39.94582
      ]
     ]
    ]
   }
  },
  {
   "type": "Feature",
   "id": "BLDG-023",
   "properties": {
    "id": "BLDG-023",
    "layer": "BUILDING_FOOTPRINT",
    "source_type": "agent_generated_design",
    "confidence": "low",
    "geometry_role": "design_proposal",
    "building_type": "mixed_use",
    "concept_floors": 8,
    "name_zh": "大钟寺智能原生消费段·商业服务业用地·概念建筑基底023",
    "name_en": "Concept footprint 023",
    "area_sqm_declared": 18618.713
   },
   "geometry": {
    "type": "Polygon",
    "coordinates": [
     [
      [
       116.35512,
       39.946639999999995
      ],
      [
       116.34858,
       39.946639999999995
      ],
      [
       116.34858,
       39.94694
      ],
      [
       116.35512,
       39.94694
      ],
      [
       116.35512,
       39.946639999999995
      ]
     ]
    ]
   }
  },
  {
   "type": "Feature",
   "id": "BLDG-024",
   "properties": {
    "id": "BLDG-024",
    "layer": "BUILDING_FOOTPRINT",
    "source_type": "agent_generated_design",
    "confidence": "low",
    "geometry_role": "design_proposal",
    "building_type": "mixed_use",
    "concept_floors": 8,
    "name_zh": "大钟寺智能原生消费段·商业服务业用地·概念建筑基底024",
    "name_en": "Concept footprint 024",
    "area_sqm_declared": 18618.494
   },
   "geometry": {
    "type": "Polygon",
    "coordinates": [
     [
      [
       116.35512,
       39.94745999999999
      ],
      [
       116.34858,
       39.94745999999999
      ],
      [
       116.34858,
       39.947759999999995
      ],
      [
       116.35512,
       39.947759999999995
      ],
      [
       116.35512,
       39.94745999999999
      ]
     ]
    ]
   }
  },
  {
   "type": "Feature",
   "id": "BLDG-025",
   "properties": {
    "id": "BLDG-025",
    "layer": "BUILDING_FOOTPRINT",
    "source_type": "agent_generated_design",
    "confidence": "low",
    "geometry_role": "design_proposal",
    "building_type": "mixed_use",
    "concept_floors": 8,
    "name_zh": "大钟寺智能原生消费段·商业服务业用地·概念建筑基底025",
    "name_en": "Concept footprint 025",
    "area_sqm_declared": 18618.274
   },
   "geometry": {
    "type": "Polygon",
    "coordinates": [
     [
      [
       116.35512,
       39.94827999999999
      ],
      [
       116.34858,
       39.94827999999999
      ],
      [
       116.34858,
       39.94857999999999
      ],
      [
       116.35512,
       39.94857999999999
      ],
      [
       116.35512,
       39.94827999999999
      ]
     ]
    ]
   }
  },
  {
   "type": "Feature",
   "id": "BLDG-026",
   "properties": {
    "id": "BLDG-026",
    "layer": "BUILDING_FOOTPRINT",
    "source_type": "agent_generated_design",
    "confidence": "low",
    "geometry_role": "design_proposal",
    "building_type": "mixed_use",
    "concept_floors": 8,
    "name_zh": "大钟寺智能原生消费段·商业服务业用地·概念建筑基底026",
    "name_en": "Concept footprint 026",
    "area_sqm_declared": 18618.054
   },
   "geometry": {
    "type": "Polygon",
    "coordinates": [
     [
      [
       116.35512,
       39.94909999999999
      ],
      [
       116.34858,
       39.94909999999999
      ],
      [
       116.34858,
       39.94939999999999
      ],
      [
       116.35512,
       39.94939999999999
      ],
      [
       116.35512,
       39.94909999999999
      ]
     ]
    ]
   }
  },
  {
   "type": "Feature",
   "id": "BLDG-027",
   "properties": {
    "id": "BLDG-027",
    "layer": "BUILDING_FOOTPRINT",
    "source_type": "agent_generated_design",
    "confidence": "low",
    "geometry_role": "design_proposal",
    "building_type": "residential",
    "concept_floors": 12,
    "name_zh": "缝合居住与研发过渡段·城镇住宅用地·概念建筑基底027",
    "name_en": "Concept footprint 027",
    "area_sqm_declared": 15515.469
   },
   "geometry": {
    "type": "Polygon",
    "coordinates": [
     [
      [
       116.34602,
       39.95002
      ],
      [
       116.34057395831994,
       39.95002
      ],
      [
       116.34056562498661,
       39.950320000000005
      ],
      [
       116.34602,
       39.950320000000005
      ],
      [
       116.34602,
       39.95002
      ]
     ]
    ]
   }
  },
  {
   "type": "Feature",
   "id": "BLDG-028",
   "properties": {
    "id": "BLDG-028",
    "layer": "BUILDING_FOOTPRINT",
    "source_type": "agent_generated_design",
    "confidence": "low",
    "geometry_role": "design_proposal",
    "building_type": "residential",
    "concept_floors": 12,
    "name_zh": "缝合居住与研发过渡段·城镇住宅用地·概念建筑基底028",
    "name_en": "Concept footprint 028",
    "area_sqm_declared": 15580.128
   },
   "geometry": {
    "type": "Polygon",
    "coordinates": [
     [
      [
       116.34602,
       39.95084
      ],
      [
       116.34055118054216,
       39.95084
      ],
      [
       116.34054284720882,
       39.95114
      ],
      [
       116.34602,
       39.95114
      ],
      [
       116.34602,
       39.95084
      ]
     ]
    ]
   }
  },
  {
   "type": "Feature",
   "id": "BLDG-029",
   "properties": {
    "id": "BLDG-029",
    "layer": "BUILDING_FOOTPRINT",
    "source_type": "agent_generated_design",
    "confidence": "low",
    "geometry_role": "design_proposal",
    "building_type": "residential",
    "concept_floors": 12,
    "name_zh": "缝合居住与研发过渡段·城镇住宅用地·概念建筑基底029",
    "name_en": "Concept footprint 029",
    "area_sqm_declared": 15644.786
   },
   "geometry": {
    "type": "Polygon",
    "coordinates": [
     [
      [
       116.34602,
       39.95166
      ],
      [
       116.34052840276438,
       39.95166
      ],
      [
       116.34052006943105,
       39.95196
      ],
      [
       116.34602,
       39.95196
      ],
      [
       116.34602,
       39.95166
      ]
     ]
    ]
   }
  },
  {
   "type": "Feature",
   "id": "BLDG-030",
   "properties": {
    "id": "BLDG-030",
    "layer": "BUILDING_FOOTPRINT",
    "source_type": "agent_generated_design",
    "confidence": "low",
    "geometry_role": "design_proposal",
    "building_type": "residential",
    "concept_floors": 12,
    "name_zh": "缝合居住与研发过渡段·城镇住宅用地·概念建筑基底030",
    "name_en": "Concept footprint 030",
    "area_sqm_declared": 15709.442
   },
   "geometry": {
    "type": "Polygon",
    "coordinates": [
     [
      [
       116.34602,
       39.952479999999994
      ],
      [
       116.3405056249866,
       39.952479999999994
      ],
      [
       116.34049729165328,
       39.95278
      ],
      [
       116.34602,
       39.95278
      ],
      [
       116.34602,
       39.952479999999994
      ]
     ]
    ]
   }
  },
  {
   "type": "Feature",
   "id": "BLDG-031",
   "properties": {
    "id": "BLDG-031",
    "layer": "BUILDING_FOOTPRINT",
    "source_type": "agent_generated_design",
    "confidence": "low",
    "geometry_role": "design_proposal",
    "building_type": "residential",
    "concept_floors": 12,
    "name_zh": "缝合居住与研发过渡段·城镇住宅用地·概念建筑基底031",
    "name_en": "Concept footprint 031",
    "area_sqm_declared": 15774.097
   },
   "geometry": {
    "type": "Polygon",
    "coordinates": [
     [
      [
       116.34602,
       39.95329999999999
      ],
      [
       116.34048284720883,
       39.95329999999999
      ],
      [
       116.34047451387549,
       39.953599999999994
      ],
      [
       116.34602,
       39.953599999999994
      ],
      [
       116.34602,
       39.95329999999999
      ]
     ]
    ]
   }
  },
  {
   "type": "Feature",
   "id": "BLDG-032",
   "properties": {
    "id": "BLDG-032",
    "layer": "BUILDING_FOOTPRINT",
    "source_type": "agent_generated_design",
    "confidence": "low",
    "geometry_role": "design_proposal",
    "building_type": "residential",
    "concept_floors": 12,
    "name_zh": "缝合居住与研发过渡段·城镇住宅用地·概念建筑基底032",
    "name_en": "Concept footprint 032",
    "area_sqm_declared": 15838.75
   },
   "geometry": {
    "type": "Polygon",
    "coordinates": [
     [
      [
       116.34602,
       39.95411999999999
      ],
      [
       116.34046006943105,
       39.95411999999999
      ],
      [
       116.34045173609772,
       39.95441999999999
      ],
      [
       116.34602,
       39.95441999999999
      ],
      [
       116.34602,
       39.95411999999999
      ]
     ]
    ]
   }
  },
  {
   "type": "Feature",
   "id": "BLDG-033",
   "properties": {
    "id": "BLDG-033",
    "layer": "BUILDING_FOOTPRINT",
    "source_type": "agent_generated_design",
    "confidence": "low",
    "geometry_role": "design_proposal",
    "building_type": "residential",
    "concept_floors": 12,
    "name_zh": "缝合居住与研发过渡段·城镇住宅用地·概念建筑基底033",
    "name_en": "Concept footprint 033",
    "area_sqm_declared": 15903.401
   },
   "geometry": {
    "type": "Polygon",
    "coordinates": [
     [
      [
       116.34602,
       39.954939999999986
      ],
      [
       116.34043729165327,
       39.954939999999986
      ],
      [
       116.34042895831995,
       39.95523999999999
      ],
      [
       116.34602,
       39.95523999999999
      ],
      [
       116.34602,
       39.954939999999986
      ]
     ]
    ]
   }
  },
  {
   "type": "Feature",
   "id": "BLDG-034",
   "properties": {
    "id": "BLDG-034",
    "layer": "BUILDING_FOOTPRINT",
    "source_type": "agent_generated_design",
    "confidence": "low",
    "geometry_role": "design_proposal",
    "building_type": "residential",
    "concept_floors": 12,
    "name_zh": "缝合居住与研发过渡段·城镇住宅用地·概念建筑基底034",
    "name_en": "Concept footprint 034",
    "area_sqm_declared": 15968.051
   },
   "geometry": {
    "type": "Polygon",
    "coordinates": [
     [
      [
       116.34602,
       39.955759999999984
      ],
      [
       116.3404145138755,
       39.955759999999984
      ],
      [
       116.34040618054216,
       39.95605999999999
      ],
      [
       116.34602,
       39.95605999999999
      ],
      [
       116.34602,
       39.955759999999984
      ]
     ]
    ]
   }
  },
  {
   "type": "Feature",
   "id": "BLDG-035",
   "properties": {
    "id": "BLDG-035",
    "layer": "BUILDING_FOOTPRINT",
    "source_type": "agent_generated_design",
    "confidence": "low",
    "geometry_role": "design_proposal",
    "building_type": "residential",
    "concept_floors": 12,
    "name_zh": "缝合居住与研发过渡段·城镇住宅用地·概念建筑基底035",
    "name_en": "Concept footprint 035",
    "area_sqm_declared": 16032.7
   },
   "geometry": {
    "type": "Polygon",
    "coordinates": [
     [
      [
       116.34602,
       39.95657999999998
      ],
      [
       116.34039173609771,
       39.95657999999998
      ],
      [
       116.34038340276439,
       39.956879999999984
      ],
      [
       116.34602,
       39.956879999999984
      ],
      [
       116.34602,
       39.95657999999998
      ]
     ]
    ]
   }
  },
  {
   "type": "Feature",
   "id": "BLDG-036",
   "properties": {
    "id": "BLDG-036",
    "layer": "BUILDING_FOOTPRINT",
    "source_type": "agent_generated_design",
    "confidence": "low",
    "geometry_role": "design_proposal",
    "building_type": "ai_r_and_d",
    "concept_floors": 10,
    "name_zh": "缝合居住与研发过渡段·科研用地·概念建筑基底036",
    "name_en": "Concept footprint 036",
    "area_sqm_declared": 18617.808
   },
   "geometry": {
    "type": "Polygon",
    "coordinates": [
     [
      [
       116.35512,
       39.95002
      ],
      [
       116.34858,
       39.95002
      ],
      [
       116.34858,
       39.950320000000005
      ],
      [
       116.35512,
       39.950320000000005
      ],
      [
       116.35512,
       39.95002
      ]
     ]
    ]
   }
  },
  {
   "type": "Feature",
   "id": "BLDG-037",
   "properties": {
    "id": "BLDG-037",
    "layer": "BUILDING_FOOTPRINT",
    "source_type": "agent_generated_design",
    "confidence": "low",
    "geometry_role": "design_proposal",
    "building_type": "ai_r_and_d",
    "concept_floors": 10,
    "name_zh": "缝合居住与研发过渡段·科研用地·概念建筑基底037",
    "name_en": "Concept footprint 037",
    "area_sqm_declared": 18617.588
   },
   "geometry": {
    "type": "Polygon",
    "coordinates": [
     [
      [
       116.35512,
       39.95084
      ],
      [
       116.34858,
       39.95084
      ],
      [
       116.34858,
       39.95114
      ],
      [
       116.35512,
       39.95114
      ],
      [
       116.35512,
       39.95084
      ]
     ]
    ]
   }
  },
  {
   "type": "Feature",
   "id": "BLDG-038",
   "properties": {
    "id": "BLDG-038",
    "layer": "BUILDING_FOOTPRINT",
    "source_type": "agent_generated_design",
    "confidence": "low",
    "geometry_role": "design_proposal",
    "building_type": "ai_r_and_d",
    "concept_floors": 10,
    "name_zh": "缝合居住与研发过渡段·科研用地·概念建筑基底038",
    "name_en": "Concept footprint 038",
    "area_sqm_declared": 18617.368
   },
   "geometry": {
    "type": "Polygon",
    "coordinates": [
     [
      [
       116.35512,
       39.95166
      ],
      [
       116.34858,
       39.95166
      ],
      [
       116.34858,
       39.95196
      ],
      [
       116.35512,
       39.95196
      ],
      [
       116.35512,
       39.95166
      ]
     ]
    ]
   }
  },
  {
   "type": "Feature",
   "id": "BLDG-039",
   "properties": {
    "id": "BLDG-039",
    "layer": "BUILDING_FOOTPRINT",
    "source_type": "agent_generated_design",
    "confidence": "low",
    "geometry_role": "design_proposal",
    "building_type": "ai_r_and_d",
    "concept_floors": 10,
    "name_zh": "缝合居住与研发过渡段·科研用地·概念建筑基底039",
    "name_en": "Concept footprint 039",
    "area_sqm_declared": 18617.149
   },
   "geometry": {
    "type": "Polygon",
    "coordinates": [
     [
      [
       116.35512,
       39.952479999999994
      ],
      [
       116.34858,
       39.952479999999994
      ],
      [
       116.34858,
       39.95278
      ],
      [
       116.35512,
       39.95278
      ],
      [
       116.35512,
       39.952479999999994
      ]
     ]
    ]
   }
  },
  {
   "type": "Feature",
   "id": "BLDG-040",
   "properties": {
    "id": "BLDG-040",
    "layer": "BUILDING_FOOTPRINT",
    "source_type": "agent_generated_design",
    "confidence": "low",
    "geometry_role": "design_proposal",
    "building_type": "ai_r_and_d",
    "concept_floors": 10,
    "name_zh": "缝合居住与研发过渡段·科研用地·概念建筑基底040",
    "name_en": "Concept footprint 040",
    "area_sqm_declared": 18616.929
   },
   "geometry": {
    "type": "Polygon",
    "coordinates": [
     [
      [
       116.35512,
       39.95329999999999
      ],
      [
       116.34858,
       39.95329999999999
      ],
      [
       116.34858,
       39.953599999999994
      ],
      [
       116.35512,
       39.953599999999994
      ],
      [
       116.35512,
       39.95329999999999
      ]
     ]
    ]
   }
  },
  {
   "type": "Feature",
   "id": "BLDG-041",
   "properties": {
    "id": "BLDG-041",
    "layer": "BUILDING_FOOTPRINT",
    "source_type": "agent_generated_design",
    "confidence": "low",
    "geometry_role": "design_proposal",
    "building_type": "ai_r_and_d",
    "concept_floors": 10,
    "name_zh": "缝合居住与研发过渡段·科研用地·概念建筑基底041",
    "name_en": "Concept footprint 041",
    "area_sqm_declared": 18616.709
   },
   "geometry": {
    "type": "Polygon",
    "coordinates": [
     [
      [
       116.35512,
       39.95411999999999
      ],
      [
       116.34858,
       39.95411999999999
      ],
      [
       116.34858,
       39.95441999999999
      ],
      [
       116.35512,
       39.95441999999999
      ],
      [
       116.35512,
       39.95411999999999
      ]
     ]
    ]
   }
  },
  {
   "type": "Feature",
   "id": "BLDG-042",
   "properties": {
    "id": "BLDG-042",
    "layer": "BUILDING_FOOTPRINT",
    "source_type": "agent_generated_design",
    "confidence": "low",
    "geometry_role": "design_proposal",
    "building_type": "ai_r_and_d",
    "concept_floors": 10,
    "name_zh": "缝合居住与研发过渡段·科研用地·概念建筑基底042",
    "name_en": "Concept footprint 042",
    "area_sqm_declared": 18616.49
   },
   "geometry": {
    "type": "Polygon",
    "coordinates": [
     [
      [
       116.35512,
       39.954939999999986
      ],
      [
       116.34858,
       39.954939999999986
      ],
      [
       116.34858,
       39.95523999999999
      ],
      [
       116.35512,
       39.95523999999999
      ],
      [
       116.35512,
       39.954939999999986
      ]
     ]
    ]
   }
  },
  {
   "type": "Feature",
   "id": "BLDG-043",
   "properties": {
    "id": "BLDG-043",
    "layer": "BUILDING_FOOTPRINT",
    "source_type": "agent_generated_design",
    "confidence": "low",
    "geometry_role": "design_proposal",
    "building_type": "ai_r_and_d",
    "concept_floors": 10,
    "name_zh": "缝合居住与研发过渡段·科研用地·概念建筑基底043",
    "name_en": "Concept footprint 043",
    "area_sqm_declared": 18616.27
   },
   "geometry": {
    "type": "Polygon",
    "coordinates": [
     [
      [
       116.35512,
       39.955759999999984
      ],
      [
       116.34858,
       39.955759999999984
      ],
      [
       116.34858,
       39.95605999999999
      ],
      [
       116.35512,
       39.95605999999999
      ],
      [
       116.35512,
       39.955759999999984
      ]
     ]
    ]
   }
  },
  {
   "type": "Feature",
   "id": "BLDG-044",
   "properties": {
    "id": "BLDG-044",
    "layer": "BUILDING_FOOTPRINT",
    "source_type": "agent_generated_design",
    "confidence": "low",
    "geometry_role": "design_proposal",
    "building_type": "ai_r_and_d",
    "concept_floors": 10,
    "name_zh": "缝合居住与研发过渡段·科研用地·概念建筑基底044",
    "name_en": "Concept footprint 044",
    "area_sqm_declared": 18616.05
   },
   "geometry": {
    "type": "Polygon",
    "coordinates": [
     [
      [
       116.35512,
       39.95657999999998
      ],
      [
       116.34858,
       39.95657999999998
      ],
      [
       116.34858,
       39.956879999999984
      ],
      [
       116.35512,
       39.956879999999984
      ],
      [
       116.35512,
       39.95657999999998
      ]
     ]
    ]
   }
  },
  {
   "type": "Feature",
   "id": "BLDG-045",
   "properties": {
    "id": "BLDG-045",
    "layer": "BUILDING_FOOTPRINT",
    "source_type": "agent_generated_design",
    "confidence": "low",
    "geometry_role": "design_proposal",
    "building_type": "cultural",
    "concept_floors": 3,
    "name_zh": "京张文化记忆段·文化用地·概念建筑基底045",
    "name_en": "Concept footprint 045",
    "area_sqm_declared": 16119.421
   },
   "geometry": {
    "type": "Polygon",
    "coordinates": [
     [
      [
       116.34602,
       39.95768
      ],
      [
       116.34036118054216,
       39.95768
      ],
      [
       116.34035284720883,
       39.957980000000006
      ],
      [
       116.34602,
       39.957980000000006
      ],
      [
       116.34602,
       39.95768
      ]
     ]
    ]
   }
  },
  {
   "type": "Feature",
   "id": "BLDG-046",
   "properties": {
    "id": "BLDG-046",
    "layer": "BUILDING_FOOTPRINT",
    "source_type": "agent_generated_design",
    "confidence": "low",
    "geometry_role": "design_proposal",
    "building_type": "cultural",
    "concept_floors": 3,
    "name_zh": "京张文化记忆段·文化用地·概念建筑基底046",
    "name_en": "Concept footprint 046",
    "area_sqm_declared": 16184.066
   },
   "geometry": {
    "type": "Polygon",
    "coordinates": [
     [
      [
       116.34602,
       39.9585
      ],
      [
       116.34033840276439,
       39.9585
      ],
      [
       116.34033006943105,
       39.958800000000004
      ],
      [
       116.34602,
       39.958800000000004
      ],
      [
       116.34602,
       39.9585
      ]
     ]
    ]
   }
  },
  {
   "type": "Feature",
   "id": "BLDG-047",
   "properties": {
    "id": "BLDG-047",
    "layer": "BUILDING_FOOTPRINT",
    "source_type": "agent_generated_design",
    "confidence": "low",
    "geometry_role": "design_proposal",
    "building_type": "cultural",
    "concept_floors": 3,
    "name_zh": "京张文化记忆段·文化用地·概念建筑基底047",
    "name_en": "Concept footprint 047",
    "area_sqm_declared": 16248.709
   },
   "geometry": {
    "type": "Polygon",
    "coordinates": [
     [
      [
       116.34602,
       39.95932
      ],
      [
       116.3403156249866,
       39.95932
      ],
      [
       116.34030729165328,
       39.95962
      ],
      [
       116.34602,
       39.95962
      ],
      [
       116.34602,
       39.95932
      ]
     ]
    ]
   }
  },
  {
   "type": "Feature",
   "id": "BLDG-048",
   "properties": {
    "id": "BLDG-048",
    "layer": "BUILDING_FOOTPRINT",
    "source_type": "agent_generated_design",
    "confidence": "low",
    "geometry_role": "design_proposal",
    "building_type": "cultural",
    "concept_floors": 3,
    "name_zh": "京张文化记忆段·文化用地·概念建筑基底048",
    "name_en": "Concept footprint 048",
    "area_sqm_declared": 16313.351
   },
   "geometry": {
    "type": "Polygon",
    "coordinates": [
     [
      [
       116.34602,
       39.960139999999996
      ],
      [
       116.34029284720883,
       39.960139999999996
      ],
      [
       116.34028451387549,
       39.96044
      ],
      [
       116.34602,
       39.96044
      ],
      [
       116.34602,
       39.960139999999996
      ]
     ]
    ]
   }
  },
  {
   "type": "Feature",
   "id": "BLDG-049",
   "properties": {
    "id": "BLDG-049",
    "layer": "BUILDING_FOOTPRINT",
    "source_type": "agent_generated_design",
    "confidence": "low",
    "geometry_role": "design_proposal",
    "building_type": "cultural",
    "concept_floors": 3,
    "name_zh": "京张文化记忆段·文化用地·概念建筑基底049",
    "name_en": "Concept footprint 049",
    "area_sqm_declared": 16377.991
   },
   "geometry": {
    "type": "Polygon",
    "coordinates": [
     [
      [
       116.34602,
       39.96095999999999
      ],
      [
       116.34027006943104,
       39.96095999999999
      ],
      [
       116.34026173609772,
       39.961259999999996
      ],
      [
       116.34602,
       39.961259999999996
      ],
      [
       116.34602,
       39.96095999999999
      ]
     ]
    ]
   }
  },
  {
   "type": "Feature",
   "id": "BLDG-050",
   "properties": {
    "id": "BLDG-050",
    "layer": "BUILDING_FOOTPRINT",
    "source_type": "agent_generated_design",
    "confidence": "low",
    "geometry_role": "design_proposal",
    "building_type": "cultural",
    "concept_floors": 3,
    "name_zh": "京张文化记忆段·文化用地·概念建筑基底050",
    "name_en": "Concept footprint 050",
    "area_sqm_declared": 16442.63
   },
   "geometry": {
    "type": "Polygon",
    "coordinates": [
     [
      [
       116.34602,
       39.96177999999999
      ],
      [
       116.34024729165327,
       39.96177999999999
      ],
      [
       116.34023895831993,
       39.96207999999999
      ],
      [
       116.34602,
       39.96207999999999
      ],
      [
       116.34602,
       39.96177999999999
      ]
     ]
    ]
   }
  },
  {
   "type": "Feature",
   "id": "BLDG-051",
   "properties": {
    "id": "BLDG-051",
    "layer": "BUILDING_FOOTPRINT",
    "source_type": "agent_generated_design",
    "confidence": "low",
    "geometry_role": "design_proposal",
    "building_type": "cultural",
    "concept_floors": 3,
    "name_zh": "京张文化记忆段·文化用地·概念建筑基底051",
    "name_en": "Concept footprint 051",
    "area_sqm_declared": 16507.267
   },
   "geometry": {
    "type": "Polygon",
    "coordinates": [
     [
      [
       116.34602,
       39.96259999999999
      ],
      [
       116.3402245138755,
       39.96259999999999
      ],
      [
       116.34021618054216,
       39.96289999999999
      ],
      [
       116.34602,
       39.96289999999999
      ],
      [
       116.34602,
       39.96259999999999
      ]
     ]
    ]
   }
  },
  {
   "type": "Feature",
   "id": "BLDG-052",
   "properties": {
    "id": "BLDG-052",
    "layer": "BUILDING_FOOTPRINT",
    "source_type": "agent_generated_design",
    "confidence": "low",
    "geometry_role": "design_proposal",
    "building_type": "cultural",
    "concept_floors": 3,
    "name_zh": "京张文化记忆段·文化用地·概念建筑基底052",
    "name_en": "Concept footprint 052",
    "area_sqm_declared": 16571.903
   },
   "geometry": {
    "type": "Polygon",
    "coordinates": [
     [
      [
       116.34602,
       39.963419999999985
      ],
      [
       116.34020173609771,
       39.963419999999985
      ],
      [
       116.34019340276438,
       39.96371999999999
      ],
      [
       116.34602,
       39.96371999999999
      ],
      [
       116.34602,
       39.963419999999985
      ]
     ]
    ]
   }
  },
  {
   "type": "Feature",
   "id": "BLDG-053",
   "properties": {
    "id": "BLDG-053",
    "layer": "BUILDING_FOOTPRINT",
    "source_type": "agent_generated_design",
    "confidence": "low",
    "geometry_role": "design_proposal",
    "building_type": "cultural",
    "concept_floors": 3,
    "name_zh": "京张文化记忆段·文化用地·概念建筑基底053",
    "name_en": "Concept footprint 053",
    "area_sqm_declared": 16636.537
   },
   "geometry": {
    "type": "Polygon",
    "coordinates": [
     [
      [
       116.34602,
       39.96423999999998
      ],
      [
       116.34017895831994,
       39.96423999999998
      ],
      [
       116.3401706249866,
       39.964539999999985
      ],
      [
       116.34602,
       39.964539999999985
      ],
      [
       116.34602,
       39.96423999999998
      ]
     ]
    ]
   }
  },
  {
   "type": "Feature",
   "id": "BLDG-054",
   "properties": {
    "id": "BLDG-054",
    "layer": "BUILDING_FOOTPRINT",
    "source_type": "agent_generated_design",
    "confidence": "low",
    "geometry_role": "design_proposal",
    "building_type": "cultural",
    "concept_floors": 3,
    "name_zh": "京张文化记忆段·文化用地·概念建筑基底054",
    "name_en": "Concept footprint 054",
    "area_sqm_declared": 16701.17
   },
   "geometry": {
    "type": "Polygon",
    "coordinates": [
     [
      [
       116.34602,
       39.96505999999998
      ],
      [
       116.34015618054215,
       39.96505999999998
      ],
      [
       116.34014784720883,
       39.96535999999998
      ],
      [
       116.34602,
       39.96535999999998
      ],
      [
       116.34602,
       39.96505999999998
      ]
     ]
    ]
   }
  },
  {
   "type": "Feature",
   "id": "BLDG-055",
   "properties": {
    "id": "BLDG-055",
    "layer": "BUILDING_FOOTPRINT",
    "source_type": "agent_generated_design",
    "confidence": "low",
    "geometry_role": "design_proposal",
    "building_type": "cultural",
    "concept_floors": 3,
    "name_zh": "京张文化记忆段·文化用地·概念建筑基底055",
    "name_en": "Concept footprint 055",
    "area_sqm_declared": 16765.801
   },
   "geometry": {
    "type": "Polygon",
    "coordinates": [
     [
      [
       116.34602,
       39.96587999999998
      ],
      [
       116.34013340276438,
       39.96587999999998
      ],
      [
       116.34012506943104,
       39.96617999999998
      ],
      [
       116.34602,
       39.96617999999998
      ],
      [
       116.34602,
       39.96587999999998
      ]
     ]
    ]
   }
  },
  {
   "type": "Feature",
   "id": "BLDG-056",
   "properties": {
    "id": "BLDG-056",
    "layer": "BUILDING_FOOTPRINT",
    "source_type": "agent_generated_design",
    "confidence": "low",
    "geometry_role": "design_proposal",
    "building_type": "residential",
    "concept_floors": 12,
    "name_zh": "京张文化记忆段·城镇住宅用地·概念建筑基底056",
    "name_en": "Concept footprint 056",
    "area_sqm_declared": 18615.755
   },
   "geometry": {
    "type": "Polygon",
    "coordinates": [
     [
      [
       116.35512,
       39.95768
      ],
      [
       116.34858,
       39.95768
      ],
      [
       116.34858,
       39.957980000000006
      ],
      [
       116.35512,
       39.957980000000006
      ],
      [
       116.35512,
       39.95768
      ]
     ]
    ]
   }
  },
  {
   "type": "Feature",
   "id": "BLDG-057",
   "properties": {
    "id": "BLDG-057",
    "layer": "BUILDING_FOOTPRINT",
    "source_type": "agent_generated_design",
    "confidence": "low",
    "geometry_role": "design_proposal",
    "building_type": "residential",
    "concept_floors": 12,
    "name_zh": "京张文化记忆段·城镇住宅用地·概念建筑基底057",
    "name_en": "Concept footprint 057",
    "area_sqm_declared": 18615.536
   },
   "geometry": {
    "type": "Polygon",
    "coordinates": [
     [
      [
       116.35512,
       39.9585
      ],
      [
       116.34858,
       39.9585
      ],
      [
       116.34858,
       39.958800000000004
      ],
      [
       116.35512,
       39.958800000000004
      ],
      [
       116.35512,
       39.9585
      ]
     ]
    ]
   }
  },
  {
   "type": "Feature",
   "id": "BLDG-058",
   "properties": {
    "id": "BLDG-058",
    "layer": "BUILDING_FOOTPRINT",
    "source_type": "agent_generated_design",
    "confidence": "low",
    "geometry_role": "design_proposal",
    "building_type": "residential",
    "concept_floors": 12,
    "name_zh": "京张文化记忆段·城镇住宅用地·概念建筑基底058",
    "name_en": "Concept footprint 058",
    "area_sqm_declared": 18615.316
   },
   "geometry": {
    "type": "Polygon",
    "coordinates": [
     [
      [
       116.35512,
       39.95932
      ],
      [
       116.34858,
       39.95932
      ],
      [
       116.34858,
       39.95962
      ],
      [
       116.35512,
       39.95962
      ],
      [
       116.35512,
       39.95932
      ]
     ]
    ]
   }
  },
  {
   "type": "Feature",
   "id": "BLDG-059",
   "properties": {
    "id": "BLDG-059",
    "layer": "BUILDING_FOOTPRINT",
    "source_type": "agent_generated_design",
    "confidence": "low",
    "geometry_role": "design_proposal",
    "building_type": "residential",
    "concept_floors": 12,
    "name_zh": "京张文化记忆段·城镇住宅用地·概念建筑基底059",
    "name_en": "Concept footprint 059",
    "area_sqm_declared": 18615.096
   },
   "geometry": {
    "type": "Polygon",
    "coordinates": [
     [
      [
       116.35512,
       39.960139999999996
      ],
      [
       116.34858,
       39.960139999999996
      ],
      [
       116.34858,
       39.96044
      ],
      [
       116.35512,
       39.96044
      ],
      [
       116.35512,
       39.960139999999996
      ]
     ]
    ]
   }
  },
  {
   "type": "Feature",
   "id": "BLDG-060",
   "properties": {
    "id": "BLDG-060",
    "layer": "BUILDING_FOOTPRINT",
    "source_type": "agent_generated_design",
    "confidence": "low",
    "geometry_role": "design_proposal",
    "building_type": "residential",
    "concept_floors": 12,
    "name_zh": "京张文化记忆段·城镇住宅用地·概念建筑基底060",
    "name_en": "Concept footprint 060",
    "area_sqm_declared": 18614.876
   },
   "geometry": {
    "type": "Polygon",
    "coordinates": [
     [
      [
       116.35512,
       39.96095999999999
      ],
      [
       116.34858,
       39.96095999999999
      ],
      [
       116.34858,
       39.961259999999996
      ],
      [
       116.35512,
       39.961259999999996
      ],
      [
       116.35512,
       39.96095999999999
      ]
     ]
    ]
   }
  },
  {
   "type": "Feature",
   "id": "BLDG-061",
   "properties": {
    "id": "BLDG-061",
    "layer": "BUILDING_FOOTPRINT",
    "source_type": "agent_generated_design",
    "confidence": "low",
    "geometry_role": "design_proposal",
    "building_type": "residential",
    "concept_floors": 12,
    "name_zh": "京张文化记忆段·城镇住宅用地·概念建筑基底061",
    "name_en": "Concept footprint 061",
    "area_sqm_declared": 18614.657
   },
   "geometry": {
    "type": "Polygon",
    "coordinates": [
     [
      [
       116.35512,
       39.96177999999999
      ],
      [
       116.34858,
       39.96177999999999
      ],
      [
       116.34858,
       39.96207999999999
      ],
      [
       116.35512,
       39.96207999999999
      ],
      [
       116.35512,
       39.96177999999999
      ]
     ]
    ]
   }
  },
  {
   "type": "Feature",
   "id": "BLDG-062",
   "properties": {
    "id": "BLDG-062",
    "layer": "BUILDING_FOOTPRINT",
    "source_type": "agent_generated_design",
    "confidence": "low",
    "geometry_role": "design_proposal",
    "building_type": "residential",
    "concept_floors": 12,
    "name_zh": "京张文化记忆段·城镇住宅用地·概念建筑基底062",
    "name_en": "Concept footprint 062",
    "area_sqm_declared": 18614.437
   },
   "geometry": {
    "type": "Polygon",
    "coordinates": [
     [
      [
       116.35512,
       39.96259999999999
      ],
      [
       116.34858,
       39.96259999999999
      ],
      [
       116.34858,
       39.96289999999999
      ],
      [
       116.35512,
       39.96289999999999
      ],
      [
       116.35512,
       39.96259999999999
      ]
     ]
    ]
   }
  },
  {
   "type": "Feature",
   "id": "BLDG-063",
   "properties": {
    "id": "BLDG-063",
    "layer": "BUILDING_FOOTPRINT",
    "source_type": "agent_generated_design",
    "confidence": "low",
    "geometry_role": "design_proposal",
    "building_type": "residential",
    "concept_floors": 12,
    "name_zh": "京张文化记忆段·城镇住宅用地·概念建筑基底063",
    "name_en": "Concept footprint 063",
    "area_sqm_declared": 18614.217
   },
   "geometry": {
    "type": "Polygon",
    "coordinates": [
     [
      [
       116.35512,
       39.963419999999985
      ],
      [
       116.34858,
       39.963419999999985
      ],
      [
       116.34858,
       39.96371999999999
      ],
      [
       116.35512,
       39.96371999999999
      ],
      [
       116.35512,
       39.963419999999985
      ]
     ]
    ]
   }
  },
  {
   "type": "Feature",
   "id": "BLDG-064",
   "properties": {
    "id": "BLDG-064",
    "layer": "BUILDING_FOOTPRINT",
    "source_type": "agent_generated_design",
    "confidence": "low",
    "geometry_role": "design_proposal",
    "building_type": "residential",
    "concept_floors": 12,
    "name_zh": "京张文化记忆段·城镇住宅用地·概念建筑基底064",
    "name_en": "Concept footprint 064",
    "area_sqm_declared": 18613.997
   },
   "geometry": {
    "type": "Polygon",
    "coordinates": [
     [
      [
       116.35512,
       39.96423999999998
      ],
      [
       116.34858,
       39.96423999999998
      ],
      [
       116.34858,
       39.964539999999985
      ],
      [
       116.35512,
       39.964539999999985
      ],
      [
       116.35512,
       39.96423999999998
      ]
     ]
    ]
   }
  },
  {
   "type": "Feature",
   "id": "BLDG-065",
   "properties": {
    "id": "BLDG-065",
    "layer": "BUILDING_FOOTPRINT",
    "source_type": "agent_generated_design",
    "confidence": "low",
    "geometry_role": "design_proposal",
    "building_type": "residential",
    "concept_floors": 12,
    "name_zh": "京张文化记忆段·城镇住宅用地·概念建筑基底065",
    "name_en": "Concept footprint 065",
    "area_sqm_declared": 18564.305
   },
   "geometry": {
    "type": "Polygon",
    "coordinates": [
     [
      [
       116.35509062491866,
       39.96535999999998
      ],
      [
       116.35511462491867,
       39.96505999999998
      ],
      [
       116.34858,
       39.96505999999998
      ],
      [
       116.34858,
       39.96535999999998
      ],
      [
       116.35509062491866,
       39.96535999999998
      ]
     ]
    ]
   }
  },
  {
   "type": "Feature",
   "id": "BLDG-066",
   "properties": {
    "id": "BLDG-066",
    "layer": "BUILDING_FOOTPRINT",
    "source_type": "agent_generated_design",
    "confidence": "low",
    "geometry_role": "design_proposal",
    "building_type": "residential",
    "concept_floors": 12,
    "name_zh": "京张文化记忆段·城镇住宅用地·概念建筑基底066",
    "name_en": "Concept footprint 066",
    "area_sqm_declared": 18377.381
   },
   "geometry": {
    "type": "Polygon",
    "coordinates": [
     [
      [
       116.35502502491867,
       39.96617999999998
      ],
      [
       116.35504902491867,
       39.96587999999998
      ],
      [
       116.34858,
       39.96587999999998
      ],
      [
       116.34858,
       39.96617999999998
      ],
      [
       116.35502502491867,
       39.96617999999998
      ]
     ]
    ]
   }
  },
  {
   "type": "Feature",
   "id": "BLDG-067",
   "properties": {
    "id": "BLDG-067",
    "layer": "BUILDING_FOOTPRINT",
    "source_type": "agent_generated_design",
    "confidence": "low",
    "geometry_role": "design_proposal",
    "building_type": "residential",
    "concept_floors": 12,
    "name_zh": "学院路教育协同段·城镇住宅用地·概念建筑基底067",
    "name_en": "Concept footprint 067",
    "area_sqm_declared": 16828.854
   },
   "geometry": {
    "type": "Polygon",
    "coordinates": [
     [
      [
       116.34602,
       39.966680000000004
      ],
      [
       116.34011118054215,
       39.966680000000004
      ],
      [
       116.34010284720883,
       39.96698000000001
      ],
      [
       116.34602,
       39.96698000000001
      ],
      [
       116.34602,
       39.966680000000004
      ]
     ]
    ]
   }
  },
  {
   "type": "Feature",
   "id": "BLDG-068",
   "properties": {
    "id": "BLDG-068",
    "layer": "BUILDING_FOOTPRINT",
    "source_type": "agent_generated_design",
    "confidence": "low",
    "geometry_role": "design_proposal",
    "building_type": "residential",
    "concept_floors": 12,
    "name_zh": "学院路教育协同段·城镇住宅用地·概念建筑基底068",
    "name_en": "Concept footprint 068",
    "area_sqm_declared": 16893.482
   },
   "geometry": {
    "type": "Polygon",
    "coordinates": [
     [
      [
       116.34602,
       39.9675
      ],
      [
       116.34008840276438,
       39.9675
      ],
      [
       116.34008006943104,
       39.967800000000004
      ],
      [
       116.34602,
       39.967800000000004
      ],
      [
       116.34602,
       39.9675
      ]
     ]
    ]
   }
  },
  {
   "type": "Feature",
   "id": "BLDG-069",
   "properties": {
    "id": "BLDG-069",
    "layer": "BUILDING_FOOTPRINT",
    "source_type": "agent_generated_design",
    "confidence": "low",
    "geometry_role": "design_proposal",
    "building_type": "residential",
    "concept_floors": 12,
    "name_zh": "学院路教育协同段·城镇住宅用地·概念建筑基底069",
    "name_en": "Concept footprint 069",
    "area_sqm_declared": 16958.109
   },
   "geometry": {
    "type": "Polygon",
    "coordinates": [
     [
      [
       116.34602,
       39.96832
      ],
      [
       116.3400656249866,
       39.96832
      ],
      [
       116.34005729165327,
       39.96862
      ],
      [
       116.34602,
       39.96862
      ],
      [
       116.34602,
       39.96832
      ]
     ]
    ]
   }
  },
  {
   "type": "Feature",
   "id": "BLDG-070",
   "properties": {
    "id": "BLDG-070",
    "layer": "BUILDING_FOOTPRINT",
    "source_type": "agent_generated_design",
    "confidence": "low",
    "geometry_role": "design_proposal",
    "building_type": "residential",
    "concept_floors": 12,
    "name_zh": "学院路教育协同段·城镇住宅用地·概念建筑基底070",
    "name_en": "Concept footprint 070",
    "area_sqm_declared": 17022.734
   },
   "geometry": {
    "type": "Polygon",
    "coordinates": [
     [
      [
       116.34602,
       39.969139999999996
      ],
      [
       116.34004284720882,
       39.969139999999996
      ],
      [
       116.34003451387548,
       39.96944
      ],
      [
       116.34602,
       39.96944
      ],
      [
       116.34602,
       39.969139999999996
      ]
     ]
    ]
   }
  },
  {
   "type": "Feature",
   "id": "BLDG-071",
   "properties": {
    "id": "BLDG-071",
    "layer": "BUILDING_FOOTPRINT",
    "source_type": "agent_generated_design",
    "confidence": "low",
    "geometry_role": "design_proposal",
    "building_type": "residential",
    "concept_floors": 12,
    "name_zh": "学院路教育协同段·城镇住宅用地·概念建筑基底071",
    "name_en": "Concept footprint 071",
    "area_sqm_declared": 17087.357
   },
   "geometry": {
    "type": "Polygon",
    "coordinates": [
     [
      [
       116.34602,
       39.96995999999999
      ],
      [
       116.34002006943105,
       39.96995999999999
      ],
      [
       116.34001173609771,
       39.970259999999996
      ],
      [
       116.34602,
       39.970259999999996
      ],
      [
       116.34602,
       39.96995999999999
      ]
     ]
    ]
   }
  },
  {
   "type": "Feature",
   "id": "BLDG-072",
   "properties": {
    "id": "BLDG-072",
    "layer": "BUILDING_FOOTPRINT",
    "source_type": "agent_generated_design",
    "confidence": "low",
    "geometry_role": "design_proposal",
    "building_type": "residential",
    "concept_floors": 12,
    "name_zh": "学院路教育协同段·城镇住宅用地·概念建筑基底072",
    "name_en": "Concept footprint 072",
    "area_sqm_declared": 17151.979
   },
   "geometry": {
    "type": "Polygon",
    "coordinates": [
     [
      [
       116.34602,
       39.97077999999999
      ],
      [
       116.33999729165326,
       39.97077999999999
      ],
      [
       116.33998895831994,
       39.97107999999999
      ],
      [
       116.34602,
       39.97107999999999
      ],
      [
       116.34602,
       39.97077999999999
      ]
     ]
    ]
   }
  },
  {
   "type": "Feature",
   "id": "BLDG-073",
   "properties": {
    "id": "BLDG-073",
    "layer": "BUILDING_FOOTPRINT",
    "source_type": "agent_generated_design",
    "confidence": "low",
    "geometry_role": "design_proposal",
    "building_type": "residential",
    "concept_floors": 12,
    "name_zh": "学院路教育协同段·城镇住宅用地·概念建筑基底073",
    "name_en": "Concept footprint 073",
    "area_sqm_declared": 17216.6
   },
   "geometry": {
    "type": "Polygon",
    "coordinates": [
     [
      [
       116.34602,
       39.97159999999999
      ],
      [
       116.33997451387549,
       39.97159999999999
      ],
      [
       116.33996618054215,
       39.97189999999999
      ],
      [
       116.34602,
       39.97189999999999
      ],
      [
       116.34602,
       39.97159999999999
      ]
     ]
    ]
   }
  },
  {
   "type": "Feature",
   "id": "BLDG-074",
   "properties": {
    "id": "BLDG-074",
    "layer": "BUILDING_FOOTPRINT",
    "source_type": "agent_generated_design",
    "confidence": "low",
    "geometry_role": "design_proposal",
    "building_type": "residential",
    "concept_floors": 12,
    "name_zh": "学院路教育协同段·城镇住宅用地·概念建筑基底074",
    "name_en": "Concept footprint 074",
    "area_sqm_declared": 17281.218
   },
   "geometry": {
    "type": "Polygon",
    "coordinates": [
     [
      [
       116.34602,
       39.972419999999985
      ],
      [
       116.33995173609772,
       39.972419999999985
      ],
      [
       116.33994340276438,
       39.97271999999999
      ],
      [
       116.34602,
       39.97271999999999
      ],
      [
       116.34602,
       39.972419999999985
      ]
     ]
    ]
   }
  },
  {
   "type": "Feature",
   "id": "BLDG-075",
   "properties": {
    "id": "BLDG-075",
    "layer": "BUILDING_FOOTPRINT",
    "source_type": "agent_generated_design",
    "confidence": "low",
    "geometry_role": "design_proposal",
    "building_type": "residential",
    "concept_floors": 12,
    "name_zh": "学院路教育协同段·城镇住宅用地·概念建筑基底075",
    "name_en": "Concept footprint 075",
    "area_sqm_declared": 17345.836
   },
   "geometry": {
    "type": "Polygon",
    "coordinates": [
     [
      [
       116.34602,
       39.97323999999998
      ],
      [
       116.33992895831993,
       39.97323999999998
      ],
      [
       116.3399206249866,
       39.973539999999986
      ],
      [
       116.34602,
       39.973539999999986
      ],
      [
       116.34602,
       39.97323999999998
      ]
     ]
    ]
   }
  },
  {
   "type": "Feature",
   "id": "BLDG-076",
   "properties": {
    "id": "BLDG-076",
    "layer": "BUILDING_FOOTPRINT",
    "source_type": "agent_generated_design",
    "confidence": "low",
    "geometry_role": "design_proposal",
    "building_type": "residential",
    "concept_floors": 12,
    "name_zh": "学院路教育协同段·城镇住宅用地·概念建筑基底076",
    "name_en": "Concept footprint 076",
    "area_sqm_declared": 17410.452
   },
   "geometry": {
    "type": "Polygon",
    "coordinates": [
     [
      [
       116.34602,
       39.97405999999998
      ],
      [
       116.33990618054216,
       39.97405999999998
      ],
      [
       116.33989784720882,
       39.97435999999998
      ],
      [
       116.34602,
       39.97435999999998
      ],
      [
       116.34602,
       39.97405999999998
      ]
     ]
    ]
   }
  },
  {
   "type": "Feature",
   "id": "BLDG-077",
   "properties": {
    "id": "BLDG-077",
    "layer": "BUILDING_FOOTPRINT",
    "source_type": "agent_generated_design",
    "confidence": "low",
    "geometry_role": "design_proposal",
    "building_type": "residential",
    "concept_floors": 12,
    "name_zh": "学院路教育协同段·城镇住宅用地·概念建筑基底077",
    "name_en": "Concept footprint 077",
    "area_sqm_declared": 17460.345
   },
   "geometry": {
    "type": "Polygon",
    "coordinates": [
     [
      [
       116.34602,
       39.97487999999998
      ],
      [
       116.33988340276439,
       39.97487999999998
      ],
      [
       116.33988016116388,
       39.974996697618096
      ],
      [
       116.339891987124,
       39.97517999999998
      ],
      [
       116.34602,
       39.97517999999998
      ],
      [
       116.34602,
       39.97487999999998
      ]
     ]
    ]
   }
  },
  {
   "type": "Feature",
   "id": "BLDG-078",
   "properties": {
    "id": "BLDG-078",
    "layer": "BUILDING_FOOTPRINT",
    "source_type": "agent_generated_design",
    "confidence": "low",
    "geometry_role": "design_proposal",
    "building_type": "education",
    "concept_floors": 6,
    "name_zh": "学院路教育协同段·教育用地·概念建筑基底078",
    "name_en": "Concept footprint 078",
    "area_sqm_declared": 18195.021
   },
   "geometry": {
    "type": "Polygon",
    "coordinates": [
     [
      [
       116.35496102491867,
       39.96698000000001
      ],
      [
       116.35498502491866,
       39.966680000000004
      ],
      [
       116.34858,
       39.966680000000004
      ],
      [
       116.34858,
       39.96698000000001
      ],
      [
       116.35496102491867,
       39.96698000000001
      ]
     ]
    ]
   }
  },
  {
   "type": "Feature",
   "id": "BLDG-079",
   "properties": {
    "id": "BLDG-079",
    "layer": "BUILDING_FOOTPRINT",
    "source_type": "agent_generated_design",
    "confidence": "low",
    "geometry_role": "design_proposal",
    "building_type": "education",
    "concept_floors": 6,
    "name_zh": "学院路教育协同段·教育用地·概念建筑基底079",
    "name_en": "Concept footprint 079",
    "area_sqm_declared": 18008.107
   },
   "geometry": {
    "type": "Polygon",
    "coordinates": [
     [
      [
       116.35489542491867,
       39.967800000000004
      ],
      [
       116.35491942491866,
       39.9675
      ],
      [
       116.34858,
       39.9675
      ],
      [
       116.34858,
       39.967800000000004
      ],
      [
       116.35489542491867,
       39.967800000000004
      ]
     ]
    ]
   }
  },
  {
   "type": "Feature",
   "id": "BLDG-080",
   "properties": {
    "id": "BLDG-080",
    "layer": "BUILDING_FOOTPRINT",
    "source_type": "agent_generated_design",
    "confidence": "low",
    "geometry_role": "design_proposal",
    "building_type": "education",
    "concept_floors": 6,
    "name_zh": "学院路教育协同段·教育用地·概念建筑基底080",
    "name_en": "Concept footprint 080",
    "area_sqm_declared": 17821.196
   },
   "geometry": {
    "type": "Polygon",
    "coordinates": [
     [
      [
       116.35482982491867,
       39.96862
      ],
      [
       116.35485382491866,
       39.96832
      ],
      [
       116.34858,
       39.96832
      ],
      [
       116.34858,
       39.96862
      ],
      [
       116.35482982491867,
       39.96862
      ]
     ]
    ]
   }
  },
  {
   "type": "Feature",
   "id": "BLDG-081",
   "properties": {
    "id": "BLDG-081",
    "layer": "BUILDING_FOOTPRINT",
    "source_type": "agent_generated_design",
    "confidence": "low",
    "geometry_role": "design_proposal",
    "building_type": "education",
    "concept_floors": 6,
    "name_zh": "学院路教育协同段·教育用地·概念建筑基底081",
    "name_en": "Concept footprint 081",
    "area_sqm_declared": 17634.29
   },
   "geometry": {
    "type": "Polygon",
    "coordinates": [
     [
      [
       116.35476422491867,
       39.96944
      ],
      [
       116.35478822491866,
       39.969139999999996
      ],
      [
       116.34858,
       39.969139999999996
      ],
      [
       116.34858,
       39.96944
      ],
      [
       116.35476422491867,
       39.96944
      ]
     ]
    ]
   }
  },
  {
   "type": "Feature",
   "id": "BLDG-082",
   "properties": {
    "id": "BLDG-082",
    "layer": "BUILDING_FOOTPRINT",
    "source_type": "agent_generated_design",
    "confidence": "low",
    "geometry_role": "design_proposal",
    "building_type": "education",
    "concept_floors": 6,
    "name_zh": "学院路教育协同段·教育用地·概念建筑基底082",
    "name_en": "Concept footprint 082",
    "area_sqm_declared": 17447.389
   },
   "geometry": {
    "type": "Polygon",
    "coordinates": [
     [
      [
       116.35469862491867,
       39.970259999999996
      ],
      [
       116.35472262491867,
       39.96995999999999
      ],
      [
       116.34858,
       39.96995999999999
      ],
      [
       116.34858,
       39.970259999999996
      ],
      [
       116.35469862491867,
       39.970259999999996
      ]
     ]
    ]
   }
  },
  {
   "type": "Feature",
   "id": "BLDG-083",
   "properties": {
    "id": "BLDG-083",
    "layer": "BUILDING_FOOTPRINT",
    "source_type": "agent_generated_design",
    "confidence": "low",
    "geometry_role": "design_proposal",
    "building_type": "education",
    "concept_floors": 6,
    "name_zh": "学院路教育协同段·教育用地·概念建筑基底083",
    "name_en": "Concept footprint 083",
    "area_sqm_declared": 17260.492
   },
   "geometry": {
    "type": "Polygon",
    "coordinates": [
     [
      [
       116.35463302491867,
       39.97107999999999
      ],
      [
       116.35465702491867,
       39.97077999999999
      ],
      [
       116.34858,
       39.97077999999999
      ],
      [
       116.34858,
       39.97107999999999
      ],
      [
       116.35463302491867,
       39.97107999999999
      ]
     ]
    ]
   }
  },
  {
   "type": "Feature",
   "id": "BLDG-084",
   "properties": {
    "id": "BLDG-084",
    "layer": "BUILDING_FOOTPRINT",
    "source_type": "agent_generated_design",
    "confidence": "low",
    "geometry_role": "design_proposal",
    "building_type": "education",
    "concept_floors": 6,
    "name_zh": "学院路教育协同段·教育用地·概念建筑基底084",
    "name_en": "Concept footprint 084",
    "area_sqm_declared": 17073.599
   },
   "geometry": {
    "type": "Polygon",
    "coordinates": [
     [
      [
       116.35456742491867,
       39.97189999999999
      ],
      [
       116.35459142491867,
       39.97159999999999
      ],
      [
       116.34858,
       39.97159999999999
      ],
      [
       116.34858,
       39.97189999999999
      ],
      [
       116.35456742491867,
       39.97189999999999
      ]
     ]
    ]
   }
  },
  {
   "type": "Feature",
   "id": "BLDG-085",
   "properties": {
    "id": "BLDG-085",
    "layer": "BUILDING_FOOTPRINT",
    "source_type": "agent_generated_design",
    "confidence": "low",
    "geometry_role": "design_proposal",
    "building_type": "education",
    "concept_floors": 6,
    "name_zh": "学院路教育协同段·教育用地·概念建筑基底085",
    "name_en": "Concept footprint 085",
    "area_sqm_declared": 16886.71
   },
   "geometry": {
    "type": "Polygon",
    "coordinates": [
     [
      [
       116.35450182491867,
       39.97271999999999
      ],
      [
       116.35452582491867,
       39.972419999999985
      ],
      [
       116.34858,
       39.972419999999985
      ],
      [
       116.34858,
       39.97271999999999
      ],
      [
       116.35450182491867,
       39.97271999999999
      ]
     ]
    ]
   }
  },
  {
   "type": "Feature",
   "id": "BLDG-086",
   "properties": {
    "id": "BLDG-086",
    "layer": "BUILDING_FOOTPRINT",
    "source_type": "agent_generated_design",
    "confidence": "low",
    "geometry_role": "design_proposal",
    "building_type": "education",
    "concept_floors": 6,
    "name_zh": "学院路教育协同段·教育用地·概念建筑基底086",
    "name_en": "Concept footprint 086",
    "area_sqm_declared": 16699.827
   },
   "geometry": {
    "type": "Polygon",
    "coordinates": [
     [
      [
       116.35443622491867,
       39.973539999999986
      ],
      [
       116.35446022491867,
       39.97323999999998
      ],
      [
       116.34858,
       39.97323999999998
      ],
      [
       116.34858,
       39.973539999999986
      ],
      [
       116.35443622491867,
       39.973539999999986
      ]
     ]
    ]
   }
  },
  {
   "type": "Feature",
   "id": "BLDG-087",
   "properties": {
    "id": "BLDG-087",
    "layer": "BUILDING_FOOTPRINT",
    "source_type": "agent_generated_design",
    "confidence": "low",
    "geometry_role": "design_proposal",
    "building_type": "education",
    "concept_floors": 6,
    "name_zh": "学院路教育协同段·教育用地·概念建筑基底087",
    "name_en": "Concept footprint 087",
    "area_sqm_declared": 16512.947
   },
   "geometry": {
    "type": "Polygon",
    "coordinates": [
     [
      [
       116.35437062491867,
       39.97435999999998
      ],
      [
       116.35439462491867,
       39.97405999999998
      ],
      [
       116.34858,
       39.97405999999998
      ],
      [
       116.34858,
       39.97435999999998
      ],
      [
       116.35437062491867,
       39.97435999999998
      ]
     ]
    ]
   }
  },
  {
   "type": "Feature",
   "id": "BLDG-088",
   "properties": {
    "id": "BLDG-088",
    "layer": "BUILDING_FOOTPRINT",
    "source_type": "agent_generated_design",
    "confidence": "low",
    "geometry_role": "design_proposal",
    "building_type": "education",
    "concept_floors": 6,
    "name_zh": "学院路教育协同段·教育用地·概念建筑基底088",
    "name_en": "Concept footprint 088",
    "area_sqm_declared": 16326.072
   },
   "geometry": {
    "type": "Polygon",
    "coordinates": [
     [
      [
       116.35430502491867,
       39.97517999999998
      ],
      [
       116.35432902491867,
       39.97487999999998
      ],
      [
       116.34858,
       39.97487999999998
      ],
      [
       116.34858,
       39.97517999999998
      ],
      [
       116.35430502491867,
       39.97517999999998
      ]
     ]
    ]
   }
  },
  {
   "type": "Feature",
   "id": "BLDG-089",
   "properties": {
    "id": "BLDG-089",
    "layer": "BUILDING_FOOTPRINT",
    "source_type": "agent_generated_design",
    "confidence": "low",
    "geometry_role": "design_proposal",
    "building_type": "community_service",
    "concept_floors": 4,
    "name_zh": "社区服务与研发段·城镇社区服务设施用地·概念建筑基底089",
    "name_en": "Concept footprint 089",
    "area_sqm_declared": 17319.221
   },
   "geometry": {
    "type": "Polygon",
    "coordinates": [
     [
      [
       116.34602,
       39.97568
      ],
      [
       116.33992424518853,
       39.97568
      ],
      [
       116.33994360002724,
       39.97598
      ],
      [
       116.34602,
       39.97598
      ],
      [
       116.34602,
       39.97568
      ]
     ]
    ]
   }
  },
  {
   "type": "Feature",
   "id": "BLDG-090",
   "properties": {
    "id": "BLDG-090",
    "layer": "BUILDING_FOOTPRINT",
    "source_type": "agent_generated_design",
    "confidence": "low",
    "geometry_role": "design_proposal",
    "building_type": "community_service",
    "concept_floors": 4,
    "name_zh": "社区服务与研发段·城镇社区服务设施用地·概念建筑基底090",
    "name_en": "Concept footprint 090",
    "area_sqm_declared": 17168.471
   },
   "geometry": {
    "type": "Polygon",
    "coordinates": [
     [
      [
       116.34602,
       39.976499999999994
      ],
      [
       116.33997714841433,
       39.976499999999994
      ],
      [
       116.33999650325305,
       39.9768
      ],
      [
       116.34602,
       39.9768
      ],
      [
       116.34602,
       39.976499999999994
      ]
     ]
    ]
   }
  },
  {
   "type": "Feature",
   "id": "BLDG-091",
   "properties": {
    "id": "BLDG-091",
    "layer": "BUILDING_FOOTPRINT",
    "source_type": "agent_generated_design",
    "confidence": "low",
    "geometry_role": "design_proposal",
    "building_type": "community_service",
    "concept_floors": 4,
    "name_zh": "社区服务与研发段·城镇社区服务设施用地·概念建筑基底091",
    "name_en": "Concept footprint 091",
    "area_sqm_declared": 17017.724
   },
   "geometry": {
    "type": "Polygon",
    "coordinates": [
     [
      [
       116.34602,
       39.97731999999999
      ],
      [
       116.34003005164014,
       39.97731999999999
      ],
      [
       116.34004940647884,
       39.977619999999995
      ],
      [
       116.34602,
       39.977619999999995
      ],
      [
       116.34602,
       39.97731999999999
      ]
     ]
    ]
   }
  },
  {
   "type": "Feature",
   "id": "BLDG-092",
   "properties": {
    "id": "BLDG-092",
    "layer": "BUILDING_FOOTPRINT",
    "source_type": "agent_generated_design",
    "confidence": "low",
    "geometry_role": "design_proposal",
    "building_type": "community_service",
    "concept_floors": 4,
    "name_zh": "社区服务与研发段·城镇社区服务设施用地·概念建筑基底092",
    "name_en": "Concept footprint 092",
    "area_sqm_declared": 16866.982
   },
   "geometry": {
    "type": "Polygon",
    "coordinates": [
     [
      [
       116.34602,
       39.97813999999999
      ],
      [
       116.34008295486593,
       39.97813999999999
      ],
      [
       116.34010230970465,
       39.97843999999999
      ],
      [
       116.34602,
       39.97843999999999
      ],
      [
       116.34602,
       39.97813999999999
      ]
     ]
    ]
   }
  },
  {
   "type": "Feature",
   "id": "BLDG-093",
   "properties": {
    "id": "BLDG-093",
    "layer": "BUILDING_FOOTPRINT",
    "source_type": "agent_generated_design",
    "confidence": "low",
    "geometry_role": "design_proposal",
    "building_type": "community_service",
    "concept_floors": 4,
    "name_zh": "社区服务与研发段·城镇社区服务设施用地·概念建筑基底093",
    "name_en": "Concept footprint 093",
    "area_sqm_declared": 16716.242
   },
   "geometry": {
    "type": "Polygon",
    "coordinates": [
     [
      [
       116.34602,
       39.97895999999999
      ],
      [
       116.34013585809174,
       39.97895999999999
      ],
      [
       116.34015521293045,
       39.97925999999999
      ],
      [
       116.34602,
       39.97925999999999
      ],
      [
       116.34602,
       39.97895999999999
      ]
     ]
    ]
   }
  },
  {
   "type": "Feature",
   "id": "BLDG-094",
   "properties": {
    "id": "BLDG-094",
    "layer": "BUILDING_FOOTPRINT",
    "source_type": "agent_generated_design",
    "confidence": "low",
    "geometry_role": "design_proposal",
    "building_type": "community_service",
    "concept_floors": 4,
    "name_zh": "社区服务与研发段·城镇社区服务设施用地·概念建筑基底094",
    "name_en": "Concept footprint 094",
    "area_sqm_declared": 16565.506
   },
   "geometry": {
    "type": "Polygon",
    "coordinates": [
     [
      [
       116.34602,
       39.979779999999984
      ],
      [
       116.34018876131755,
       39.979779999999984
      ],
      [
       116.34020811615626,
       39.98007999999999
      ],
      [
       116.34602,
       39.98007999999999
      ],
      [
       116.34602,
       39.979779999999984
      ]
     ]
    ]
   }
  },
  {
   "type": "Feature",
   "id": "BLDG-095",
   "properties": {
    "id": "BLDG-095",
    "layer": "BUILDING_FOOTPRINT",
    "source_type": "agent_generated_design",
    "confidence": "low",
    "geometry_role": "design_proposal",
    "building_type": "community_service",
    "concept_floors": 4,
    "name_zh": "社区服务与研发段·城镇社区服务设施用地·概念建筑基底095",
    "name_en": "Concept footprint 095",
    "area_sqm_declared": 16414.774
   },
   "geometry": {
    "type": "Polygon",
    "coordinates": [
     [
      [
       116.34602,
       39.98059999999998
      ],
      [
       116.34024166454336,
       39.98059999999998
      ],
      [
       116.34026101938207,
       39.980899999999984
      ],
      [
       116.34602,
       39.980899999999984
      ],
      [
       116.34602,
       39.98059999999998
      ]
     ]
    ]
   }
  },
  {
   "type": "Feature",
   "id": "BLDG-096",
   "properties": {
    "id": "BLDG-096",
    "layer": "BUILDING_FOOTPRINT",
    "source_type": "agent_generated_design",
    "confidence": "low",
    "geometry_role": "design_proposal",
    "building_type": "community_service",
    "concept_floors": 4,
    "name_zh": "社区服务与研发段·城镇社区服务设施用地·概念建筑基底096",
    "name_en": "Concept footprint 096",
    "area_sqm_declared": 16264.045
   },
   "geometry": {
    "type": "Polygon",
    "coordinates": [
     [
      [
       116.34602,
       39.98141999999998
      ],
      [
       116.34029456776916,
       39.98141999999998
      ],
      [
       116.34031392260786,
       39.98171999999998
      ],
      [
       116.34602,
       39.98171999999998
      ],
      [
       116.34602,
       39.98141999999998
      ]
     ]
    ]
   }
  },
  {
   "type": "Feature",
   "id": "BLDG-097",
   "properties": {
    "id": "BLDG-097",
    "layer": "BUILDING_FOOTPRINT",
    "source_type": "agent_generated_design",
    "confidence": "low",
    "geometry_role": "design_proposal",
    "building_type": "community_service",
    "concept_floors": 4,
    "name_zh": "社区服务与研发段·城镇社区服务设施用地·概念建筑基底097",
    "name_en": "Concept footprint 097",
    "area_sqm_declared": 16113.32
   },
   "geometry": {
    "type": "Polygon",
    "coordinates": [
     [
      [
       116.34602,
       39.982239999999976
      ],
      [
       116.34034747099497,
       39.982239999999976
      ],
      [
       116.34036682583367,
       39.98253999999998
      ],
      [
       116.34602,
       39.98253999999998
      ],
      [
       116.34602,
       39.982239999999976
      ]
     ]
    ]
   }
  },
  {
   "type": "Feature",
   "id": "BLDG-098",
   "properties": {
    "id": "BLDG-098",
    "layer": "BUILDING_FOOTPRINT",
    "source_type": "agent_generated_design",
    "confidence": "low",
    "geometry_role": "design_proposal",
    "building_type": "community_service",
    "concept_floors": 4,
    "name_zh": "社区服务与研发段·城镇社区服务设施用地·概念建筑基底098",
    "name_en": "Concept footprint 098",
    "area_sqm_declared": 13837.438
   },
   "geometry": {
    "type": "Polygon",
    "coordinates": [
     [
      [
       116.34602,
       39.98305999999997
      ],
      [
       116.34040037422076,
       39.98305999999997
      ],
      [
       116.34041714841432,
       39.98332
      ],
      [
       116.34602,
       39.98332
      ],
      [
       116.34602,
       39.98305999999997
      ]
     ]
    ]
   }
  },
  {
   "type": "Feature",
   "id": "BLDG-099",
   "properties": {
    "id": "BLDG-099",
    "layer": "BUILDING_FOOTPRINT",
    "source_type": "agent_generated_design",
    "confidence": "low",
    "geometry_role": "design_proposal",
    "building_type": "ai_r_and_d",
    "concept_floors": 10,
    "name_zh": "社区服务与研发段·科研用地·概念建筑基底099",
    "name_en": "Concept footprint 099",
    "area_sqm_declared": 16143.759
   },
   "geometry": {
    "type": "Polygon",
    "coordinates": [
     [
      [
       116.35424102491866,
       39.97598
      ],
      [
       116.35426502491866,
       39.97568
      ],
      [
       116.34858,
       39.97568
      ],
      [
       116.34858,
       39.97598
      ],
      [
       116.35424102491866,
       39.97598
      ]
     ]
    ]
   }
  },
  {
   "type": "Feature",
   "id": "BLDG-100",
   "properties": {
    "id": "BLDG-100",
    "layer": "BUILDING_FOOTPRINT",
    "source_type": "agent_generated_design",
    "confidence": "low",
    "geometry_role": "design_proposal",
    "building_type": "ai_r_and_d",
    "concept_floors": 10,
    "name_zh": "社区服务与研发段·科研用地·概念建筑基底100",
    "name_en": "Concept footprint 100",
    "area_sqm_declared": 15956.892
   },
   "geometry": {
    "type": "Polygon",
    "coordinates": [
     [
      [
       116.35417542491867,
       39.9768
      ],
      [
       116.35419942491866,
       39.976499999999994
      ],
      [
       116.34858,
       39.976499999999994
      ],
      [
       116.34858,
       39.9768
      ],
      [
       116.35417542491867,
       39.9768
      ]
     ]
    ]
   }
  },
  {
   "type": "Feature",
   "id": "BLDG-101",
   "properties": {
    "id": "BLDG-101",
    "layer": "BUILDING_FOOTPRINT",
    "source_type": "agent_generated_design",
    "confidence": "low",
    "geometry_role": "design_proposal",
    "building_type": "ai_r_and_d",
    "concept_floors": 10,
    "name_zh": "社区服务与研发段·科研用地·概念建筑基底101",
    "name_en": "Concept footprint 101",
    "area_sqm_declared": 15770.03
   },
   "geometry": {
    "type": "Polygon",
    "coordinates": [
     [
      [
       116.35410982491867,
       39.977619999999995
      ],
      [
       116.35413382491866,
       39.97731999999999
      ],
      [
       116.34858,
       39.97731999999999
      ],
      [
       116.34858,
       39.977619999999995
      ],
      [
       116.35410982491867,
       39.977619999999995
      ]
     ]
    ]
   }
  },
  {
   "type": "Feature",
   "id": "BLDG-102",
   "properties": {
    "id": "BLDG-102",
    "layer": "BUILDING_FOOTPRINT",
    "source_type": "agent_generated_design",
    "confidence": "low",
    "geometry_role": "design_proposal",
    "building_type": "ai_r_and_d",
    "concept_floors": 10,
    "name_zh": "社区服务与研发段·科研用地·概念建筑基底102",
    "name_en": "Concept footprint 102",
    "area_sqm_declared": 15583.173
   },
   "geometry": {
    "type": "Polygon",
    "coordinates": [
     [
      [
       116.35404422491867,
       39.97843999999999
      ],
      [
       116.35406822491866,
       39.97813999999999
      ],
      [
       116.34858,
       39.97813999999999
      ],
      [
       116.34858,
       39.97843999999999
      ],
      [
       116.35404422491867,
       39.97843999999999
      ]
     ]
    ]
   }
  },
  {
   "type": "Feature",
   "id": "BLDG-103",
   "properties": {
    "id": "BLDG-103",
    "layer": "BUILDING_FOOTPRINT",
    "source_type": "agent_generated_design",
    "confidence": "low",
    "geometry_role": "design_proposal",
    "building_type": "ai_r_and_d",
    "concept_floors": 10,
    "name_zh": "社区服务与研发段·科研用地·概念建筑基底103",
    "name_en": "Concept footprint 103",
    "area_sqm_declared": 15396.319
   },
   "geometry": {
    "type": "Polygon",
    "coordinates": [
     [
      [
       116.35397862491867,
       39.97925999999999
      ],
      [
       116.35400262491866,
       39.97895999999999
      ],
      [
       116.34858,
       39.97895999999999
      ],
      [
       116.34858,
       39.97925999999999
      ],
      [
       116.35397862491867,
       39.97925999999999
      ]
     ]
    ]
   }
  },
  {
   "type": "Feature",
   "id": "BLDG-104",
   "properties": {
    "id": "BLDG-104",
    "layer": "BUILDING_FOOTPRINT",
    "source_type": "agent_generated_design",
    "confidence": "low",
    "geometry_role": "design_proposal",
    "building_type": "ai_r_and_d",
    "concept_floors": 10,
    "name_zh": "社区服务与研发段·科研用地·概念建筑基底104",
    "name_en": "Concept footprint 104",
    "area_sqm_declared": 15209.471
   },
   "geometry": {
    "type": "Polygon",
    "coordinates": [
     [
      [
       116.35391302491867,
       39.98007999999999
      ],
      [
       116.35393702491866,
       39.979779999999984
      ],
      [
       116.34858,
       39.979779999999984
      ],
      [
       116.34858,
       39.98007999999999
      ],
      [
       116.35391302491867,
       39.98007999999999
      ]
     ]
    ]
   }
  },
  {
   "type": "Feature",
   "id": "BLDG-105",
   "properties": {
    "id": "BLDG-105",
    "layer": "BUILDING_FOOTPRINT",
    "source_type": "agent_generated_design",
    "confidence": "low",
    "geometry_role": "design_proposal",
    "building_type": "ai_r_and_d",
    "concept_floors": 10,
    "name_zh": "社区服务与研发段·科研用地·概念建筑基底105",
    "name_en": "Concept footprint 105",
    "area_sqm_declared": 15022.626
   },
   "geometry": {
    "type": "Polygon",
    "coordinates": [
     [
      [
       116.35384742491867,
       39.980899999999984
      ],
      [
       116.35387142491867,
       39.98059999999998
      ],
      [
       116.34858,
       39.98059999999998
      ],
      [
       116.34858,
       39.980899999999984
      ],
      [
       116.35384742491867,
       39.980899999999984
      ]
     ]
    ]
   }
  },
  {
   "type": "Feature",
   "id": "BLDG-106",
   "properties": {
    "id": "BLDG-106",
    "layer": "BUILDING_FOOTPRINT",
    "source_type": "agent_generated_design",
    "confidence": "low",
    "geometry_role": "design_proposal",
    "building_type": "ai_r_and_d",
    "concept_floors": 10,
    "name_zh": "社区服务与研发段·科研用地·概念建筑基底106",
    "name_en": "Concept footprint 106",
    "area_sqm_declared": 14835.786
   },
   "geometry": {
    "type": "Polygon",
    "coordinates": [
     [
      [
       116.35378182491867,
       39.98171999999998
      ],
      [
       116.35380582491867,
       39.98141999999998
      ],
      [
       116.34858,
       39.98141999999998
      ],
      [
       116.34858,
       39.98171999999998
      ],
      [
       116.35378182491867,
       39.98171999999998
      ]
     ]
    ]
   }
  },
  {
   "type": "Feature",
   "id": "BLDG-107",
   "properties": {
    "id": "BLDG-107",
    "layer": "BUILDING_FOOTPRINT",
    "source_type": "agent_generated_design",
    "confidence": "low",
    "geometry_role": "design_proposal",
    "building_type": "ai_r_and_d",
    "concept_floors": 10,
    "name_zh": "社区服务与研发段·科研用地·概念建筑基底107",
    "name_en": "Concept footprint 107",
    "area_sqm_declared": 14648.95
   },
   "geometry": {
    "type": "Polygon",
    "coordinates": [
     [
      [
       116.35371622491867,
       39.98253999999998
      ],
      [
       116.35374022491867,
       39.982239999999976
      ],
      [
       116.34858,
       39.982239999999976
      ],
      [
       116.34858,
       39.98253999999998
      ],
      [
       116.35371622491867,
       39.98253999999998
      ]
     ]
    ]
   }
  },
  {
   "type": "Feature",
   "id": "BLDG-108",
   "properties": {
    "id": "BLDG-108",
    "layer": "BUILDING_FOOTPRINT",
    "source_type": "agent_generated_design",
    "confidence": "low",
    "geometry_role": "design_proposal",
    "building_type": "ai_r_and_d",
    "concept_floors": 10,
    "name_zh": "社区服务与研发段·科研用地·概念建筑基底108",
    "name_en": "Concept footprint 108",
    "area_sqm_declared": 12537.786
   },
   "geometry": {
    "type": "Polygon",
    "coordinates": [
     [
      [
       116.34858,
       39.98332
      ],
      [
       116.35365382491867,
       39.98332
      ],
      [
       116.35367462491867,
       39.98305999999997
      ],
      [
       116.34858,
       39.98305999999997
      ],
      [
       116.34858,
       39.98332
      ]
     ]
    ]
   }
  },
  {
   "type": "Feature",
   "id": "BLDG-109",
   "properties": {
    "id": "BLDG-109",
    "layer": "BUILDING_FOOTPRINT",
    "source_type": "agent_generated_design",
    "confidence": "low",
    "geometry_role": "design_proposal",
    "building_type": "ai_r_and_d",
    "concept_floors": 10,
    "name_zh": "AI原点社区段·科研用地·概念建筑基底109",
    "name_en": "Concept footprint 109",
    "area_sqm_declared": 15848.64
   },
   "geometry": {
    "type": "Polygon",
    "coordinates": [
     [
      [
       116.34602,
       39.98368
      ],
      [
       116.34044037422078,
       39.98368
      ],
      [
       116.34045972905949,
       39.98398
      ],
      [
       116.34602,
       39.98398
      ],
      [
       116.34602,
       39.98368
      ]
     ]
    ]
   }
  },
  {
   "type": "Feature",
   "id": "BLDG-110",
   "properties": {
    "id": "BLDG-110",
    "layer": "BUILDING_FOOTPRINT",
    "source_type": "agent_generated_design",
    "confidence": "low",
    "geometry_role": "design_proposal",
    "building_type": "ai_r_and_d",
    "concept_floors": 10,
    "name_zh": "AI原点社区段·科研用地·概念建筑基底110",
    "name_en": "Concept footprint 110",
    "area_sqm_declared": 15697.925
   },
   "geometry": {
    "type": "Polygon",
    "coordinates": [
     [
      [
       116.34602,
       39.9845
      ],
      [
       116.34049327744658,
       39.9845
      ],
      [
       116.3405126322853,
       39.9848
      ],
      [
       116.34602,
       39.9848
      ],
      [
       116.34602,
       39.9845
      ]
     ]
    ]
   }
  },
  {
   "type": "Feature",
   "id": "BLDG-111",
   "properties": {
    "id": "BLDG-111",
    "layer": "BUILDING_FOOTPRINT",
    "source_type": "agent_generated_design",
    "confidence": "low",
    "geometry_role": "design_proposal",
    "building_type": "ai_r_and_d",
    "concept_floors": 10,
    "name_zh": "AI原点社区段·科研用地·概念建筑基底111",
    "name_en": "Concept footprint 111",
    "area_sqm_declared": 15547.213
   },
   "geometry": {
    "type": "Polygon",
    "coordinates": [
     [
      [
       116.34602,
       39.985319999999994
      ],
      [
       116.34054618067239,
       39.985319999999994
      ],
      [
       116.3405655355111,
       39.98562
      ],
      [
       116.34602,
       39.98562
      ],
      [
       116.34602,
       39.985319999999994
      ]
     ]
    ]
   }
  },
  {
   "type": "Feature",
   "id": "BLDG-112",
   "properties": {
    "id": "BLDG-112",
    "layer": "BUILDING_FOOTPRINT",
    "source_type": "agent_generated_design",
    "confidence": "low",
    "geometry_role": "design_proposal",
    "building_type": "ai_r_and_d",
    "concept_floors": 10,
    "name_zh": "AI原点社区段·科研用地·概念建筑基底112",
    "name_en": "Concept footprint 112",
    "area_sqm_declared": 15396.505
   },
   "geometry": {
    "type": "Polygon",
    "coordinates": [
     [
      [
       116.34602,
       39.98613999999999
      ],
      [
       116.3405990838982,
       39.98613999999999
      ],
      [
       116.34061843873691,
       39.986439999999995
      ],
      [
       116.34602,
       39.986439999999995
      ],
      [
       116.34602,
       39.98613999999999
      ]
     ]
    ]
   }
  },
  {
   "type": "Feature",
   "id": "BLDG-113",
   "properties": {
    "id": "BLDG-113",
    "layer": "BUILDING_FOOTPRINT",
    "source_type": "agent_generated_design",
    "confidence": "low",
    "geometry_role": "design_proposal",
    "building_type": "ai_r_and_d",
    "concept_floors": 10,
    "name_zh": "AI原点社区段·科研用地·概念建筑基底113",
    "name_en": "Concept footprint 113",
    "area_sqm_declared": 15245.8
   },
   "geometry": {
    "type": "Polygon",
    "coordinates": [
     [
      [
       116.34602,
       39.98695999999999
      ],
      [
       116.340651987124,
       39.98695999999999
      ],
      [
       116.34067134196272,
       39.98725999999999
      ],
      [
       116.34602,
       39.98725999999999
      ],
      [
       116.34602,
       39.98695999999999
      ]
     ]
    ]
   }
  },
  {
   "type": "Feature",
   "id": "BLDG-114",
   "properties": {
    "id": "BLDG-114",
    "layer": "BUILDING_FOOTPRINT",
    "source_type": "agent_generated_design",
    "confidence": "low",
    "geometry_role": "design_proposal",
    "building_type": "ai_r_and_d",
    "concept_floors": 10,
    "name_zh": "AI原点社区段·科研用地·概念建筑基底114",
    "name_en": "Concept footprint 114",
    "area_sqm_declared": 15095.099
   },
   "geometry": {
    "type": "Polygon",
    "coordinates": [
     [
      [
       116.34602,
       39.98777999999999
      ],
      [
       116.34070489034981,
       39.98777999999999
      ],
      [
       116.34072424518853,
       39.98807999999999
      ],
      [
       116.34602,
       39.98807999999999
      ],
      [
       116.34602,
       39.98777999999999
      ]
     ]
    ]
   }
  },
  {
   "type": "Feature",
   "id": "BLDG-115",
   "properties": {
    "id": "BLDG-115",
    "layer": "BUILDING_FOOTPRINT",
    "source_type": "agent_generated_design",
    "confidence": "low",
    "geometry_role": "design_proposal",
    "building_type": "ai_r_and_d",
    "concept_floors": 10,
    "name_zh": "AI原点社区段·科研用地·概念建筑基底115",
    "name_en": "Concept footprint 115",
    "area_sqm_declared": 14944.401
   },
   "geometry": {
    "type": "Polygon",
    "coordinates": [
     [
      [
       116.34602,
       39.988599999999984
      ],
      [
       116.34075779357562,
       39.988599999999984
      ],
      [
       116.34077714841433,
       39.98889999999999
      ],
      [
       116.34602,
       39.98889999999999
      ],
      [
       116.34602,
       39.988599999999984
      ]
     ]
    ]
   }
  },
  {
   "type": "Feature",
   "id": "BLDG-116",
   "properties": {
    "id": "BLDG-116",
    "layer": "BUILDING_FOOTPRINT",
    "source_type": "agent_generated_design",
    "confidence": "low",
    "geometry_role": "design_proposal",
    "building_type": "ai_r_and_d",
    "concept_floors": 10,
    "name_zh": "AI原点社区段·科研用地·概念建筑基底116",
    "name_en": "Concept footprint 116",
    "area_sqm_declared": 14793.707
   },
   "geometry": {
    "type": "Polygon",
    "coordinates": [
     [
      [
       116.34602,
       39.98941999999998
      ],
      [
       116.34081069680143,
       39.98941999999998
      ],
      [
       116.34083005164014,
       39.989719999999984
      ],
      [
       116.34602,
       39.989719999999984
      ],
      [
       116.34602,
       39.98941999999998
      ]
     ]
    ]
   }
  },
  {
   "type": "Feature",
   "id": "BLDG-117",
   "properties": {
    "id": "BLDG-117",
    "layer": "BUILDING_FOOTPRINT",
    "source_type": "agent_generated_design",
    "confidence": "low",
    "geometry_role": "design_proposal",
    "building_type": "ai_r_and_d",
    "concept_floors": 10,
    "name_zh": "AI原点社区段·科研用地·概念建筑基底117",
    "name_en": "Concept footprint 117",
    "area_sqm_declared": 14643.016
   },
   "geometry": {
    "type": "Polygon",
    "coordinates": [
     [
      [
       116.34602,
       39.99023999999998
      ],
      [
       116.34086360002723,
       39.99023999999998
      ],
      [
       116.34088295486595,
       39.99053999999998
      ],
      [
       116.34602,
       39.99053999999998
      ],
      [
       116.34602,
       39.99023999999998
      ]
     ]
    ]
   }
  },
  {
   "type": "Feature",
   "id": "BLDG-118",
   "properties": {
    "id": "BLDG-118",
    "layer": "BUILDING_FOOTPRINT",
    "source_type": "agent_generated_design",
    "confidence": "low",
    "geometry_role": "design_proposal",
    "building_type": "ai_r_and_d",
    "concept_floors": 10,
    "name_zh": "AI原点社区段·科研用地·概念建筑基底118",
    "name_en": "Concept footprint 118",
    "area_sqm_declared": 14492.329
   },
   "geometry": {
    "type": "Polygon",
    "coordinates": [
     [
      [
       116.34602,
       39.991059999999976
      ],
      [
       116.34091650325304,
       39.991059999999976
      ],
      [
       116.34093585809175,
       39.99135999999998
      ],
      [
       116.34602,
       39.99135999999998
      ],
      [
       116.34602,
       39.991059999999976
      ]
     ]
    ]
   }
  },
  {
   "type": "Feature",
   "id": "BLDG-119",
   "properties": {
    "id": "BLDG-119",
    "layer": "BUILDING_FOOTPRINT",
    "source_type": "agent_generated_design",
    "confidence": "low",
    "geometry_role": "design_proposal",
    "building_type": "ai_r_and_d",
    "concept_floors": 10,
    "name_zh": "AI原点社区段·科研用地·概念建筑基底119",
    "name_en": "Concept footprint 119",
    "area_sqm_declared": 14341.646
   },
   "geometry": {
    "type": "Polygon",
    "coordinates": [
     [
      [
       116.34602,
       39.99187999999997
      ],
      [
       116.34096940647885,
       39.99187999999997
      ],
      [
       116.34098876131756,
       39.992179999999976
      ],
      [
       116.34602,
       39.992179999999976
      ],
      [
       116.34602,
       39.99187999999997
      ]
     ]
    ]
   }
  },
  {
   "type": "Feature",
   "id": "BLDG-120",
   "properties": {
    "id": "BLDG-120",
    "layer": "BUILDING_FOOTPRINT",
    "source_type": "agent_generated_design",
    "confidence": "low",
    "geometry_role": "design_proposal",
    "building_type": "ai_r_and_d",
    "concept_floors": 10,
    "name_zh": "AI原点社区段·科研用地·概念建筑基底120",
    "name_en": "Concept footprint 120",
    "area_sqm_declared": 14190.966
   },
   "geometry": {
    "type": "Polygon",
    "coordinates": [
     [
      [
       116.34602,
       39.99269999999997
      ],
      [
       116.34102230970466,
       39.99269999999997
      ],
      [
       116.34104166454337,
       39.992999999999974
      ],
      [
       116.34602,
       39.992999999999974
      ],
      [
       116.34602,
       39.99269999999997
      ]
     ]
    ]
   }
  },
  {
   "type": "Feature",
   "id": "BLDG-121",
   "properties": {
    "id": "BLDG-121",
    "layer": "BUILDING_FOOTPRINT",
    "source_type": "agent_generated_design",
    "confidence": "low",
    "geometry_role": "design_proposal",
    "building_type": "residential",
    "concept_floors": 12,
    "name_zh": "AI原点社区段·城镇住宅用地·概念建筑基底121",
    "name_en": "Concept footprint 121",
    "area_sqm_declared": 14320.859
   },
   "geometry": {
    "type": "Polygon",
    "coordinates": [
     [
      [
       116.35360102491866,
       39.98398
      ],
      [
       116.35362502491866,
       39.98368
      ],
      [
       116.34858,
       39.98368
      ],
      [
       116.34858,
       39.98398
      ],
      [
       116.35360102491866,
       39.98398
      ]
     ]
    ]
   }
  },
  {
   "type": "Feature",
   "id": "BLDG-122",
   "properties": {
    "id": "BLDG-122",
    "layer": "BUILDING_FOOTPRINT",
    "source_type": "agent_generated_design",
    "confidence": "low",
    "geometry_role": "design_proposal",
    "building_type": "residential",
    "concept_floors": 12,
    "name_zh": "AI原点社区段·城镇住宅用地·概念建筑基底122",
    "name_en": "Concept footprint 122",
    "area_sqm_declared": 14134.036
   },
   "geometry": {
    "type": "Polygon",
    "coordinates": [
     [
      [
       116.35353542491866,
       39.9848
      ],
      [
       116.35355942491866,
       39.9845
      ],
      [
       116.34858,
       39.9845
      ],
      [
       116.34858,
       39.9848
      ],
      [
       116.35353542491866,
       39.9848
      ]
     ]
    ]
   }
  },
  {
   "type": "Feature",
   "id": "BLDG-123",
   "properties": {
    "id": "BLDG-123",
    "layer": "BUILDING_FOOTPRINT",
    "source_type": "agent_generated_design",
    "confidence": "low",
    "geometry_role": "design_proposal",
    "building_type": "residential",
    "concept_floors": 12,
    "name_zh": "AI原点社区段·城镇住宅用地·概念建筑基底123",
    "name_en": "Concept footprint 123",
    "area_sqm_declared": 13947.217
   },
   "geometry": {
    "type": "Polygon",
    "coordinates": [
     [
      [
       116.35346982491866,
       39.98562
      ],
      [
       116.35349382491866,
       39.985319999999994
      ],
      [
       116.34858,
       39.985319999999994
      ],
      [
       116.34858,
       39.98562
      ],
      [
       116.35346982491866,
       39.98562
      ]
     ]
    ]
   }
  },
  {
   "type": "Feature",
   "id": "BLDG-124",
   "properties": {
    "id": "BLDG-124",
    "layer": "BUILDING_FOOTPRINT",
    "source_type": "agent_generated_design",
    "confidence": "low",
    "geometry_role": "design_proposal",
    "building_type": "residential",
    "concept_floors": 12,
    "name_zh": "AI原点社区段·城镇住宅用地·概念建筑基底124",
    "name_en": "Concept footprint 124",
    "area_sqm_declared": 13760.402
   },
   "geometry": {
    "type": "Polygon",
    "coordinates": [
     [
      [
       116.35340422491866,
       39.986439999999995
      ],
      [
       116.35342822491866,
       39.98613999999999
      ],
      [
       116.34858,
       39.98613999999999
      ],
      [
       116.34858,
       39.986439999999995
      ],
      [
       116.35340422491866,
       39.986439999999995
      ]
     ]
    ]
   }
  },
  {
   "type": "Feature",
   "id": "BLDG-125",
   "properties": {
    "id": "BLDG-125",
    "layer": "BUILDING_FOOTPRINT",
    "source_type": "agent_generated_design",
    "confidence": "low",
    "geometry_role": "design_proposal",
    "building_type": "residential",
    "concept_floors": 12,
    "name_zh": "AI原点社区段·城镇住宅用地·概念建筑基底125",
    "name_en": "Concept footprint 125",
    "area_sqm_declared": 13573.592
   },
   "geometry": {
    "type": "Polygon",
    "coordinates": [
     [
      [
       116.35333862491866,
       39.98725999999999
      ],
      [
       116.35336262491866,
       39.98695999999999
      ],
      [
       116.34858,
       39.98695999999999
      ],
      [
       116.34858,
       39.98725999999999
      ],
      [
       116.35333862491866,
       39.98725999999999
      ]
     ]
    ]
   }
  },
  {
   "type": "Feature",
   "id": "BLDG-126",
   "properties": {
    "id": "BLDG-126",
    "layer": "BUILDING_FOOTPRINT",
    "source_type": "agent_generated_design",
    "confidence": "low",
    "geometry_role": "design_proposal",
    "building_type": "residential",
    "concept_floors": 12,
    "name_zh": "AI原点社区段·城镇住宅用地·概念建筑基底126",
    "name_en": "Concept footprint 126",
    "area_sqm_declared": 13386.786
   },
   "geometry": {
    "type": "Polygon",
    "coordinates": [
     [
      [
       116.35327302491866,
       39.98807999999999
      ],
      [
       116.35329702491866,
       39.98777999999999
      ],
      [
       116.34858,
       39.98777999999999
      ],
      [
       116.34858,
       39.98807999999999
      ],
      [
       116.35327302491866,
       39.98807999999999
      ]
     ]
    ]
   }
  },
  {
   "type": "Feature",
   "id": "BLDG-127",
   "properties": {
    "id": "BLDG-127",
    "layer": "BUILDING_FOOTPRINT",
    "source_type": "agent_generated_design",
    "confidence": "low",
    "geometry_role": "design_proposal",
    "building_type": "residential",
    "concept_floors": 12,
    "name_zh": "AI原点社区段·城镇住宅用地·概念建筑基底127",
    "name_en": "Concept footprint 127",
    "area_sqm_declared": 13199.984
   },
   "geometry": {
    "type": "Polygon",
    "coordinates": [
     [
      [
       116.35320742491866,
       39.98889999999999
      ],
      [
       116.35323142491866,
       39.988599999999984
      ],
      [
       116.34858,
       39.988599999999984
      ],
      [
       116.34858,
       39.98889999999999
      ],
      [
       116.35320742491866,
       39.98889999999999
      ]
     ]
    ]
   }
  },
  {
   "type": "Feature",
   "id": "BLDG-128",
   "properties": {
    "id": "BLDG-128",
    "layer": "BUILDING_FOOTPRINT",
    "source_type": "agent_generated_design",
    "confidence": "low",
    "geometry_role": "design_proposal",
    "building_type": "residential",
    "concept_floors": 12,
    "name_zh": "AI原点社区段·城镇住宅用地·概念建筑基底128",
    "name_en": "Concept footprint 128",
    "area_sqm_declared": 13013.187
   },
   "geometry": {
    "type": "Polygon",
    "coordinates": [
     [
      [
       116.35314182491867,
       39.989719999999984
      ],
      [
       116.35316582491866,
       39.98941999999998
      ],
      [
       116.34858,
       39.98941999999998
      ],
      [
       116.34858,
       39.989719999999984
      ],
      [
       116.35314182491867,
       39.989719999999984
      ]
     ]
    ]
   }
  },
  {
   "type": "Feature",
   "id": "BLDG-129",
   "properties": {
    "id": "BLDG-129",
    "layer": "BUILDING_FOOTPRINT",
    "source_type": "agent_generated_design",
    "confidence": "low",
    "geometry_role": "design_proposal",
    "building_type": "residential",
    "concept_floors": 12,
    "name_zh": "AI原点社区段·城镇住宅用地·概念建筑基底129",
    "name_en": "Concept footprint 129",
    "area_sqm_declared": 12976.846
   },
   "geometry": {
    "type": "Polygon",
    "coordinates": [
     [
      [
       116.35314931902407,
       39.99053999999998
      ],
      [
       116.35313288066791,
       39.99023999999998
      ],
      [
       116.34858,
       39.99023999999998
      ],
      [
       116.34858,
       39.99053999999998
      ],
      [
       116.35314931902407,
       39.99053999999998
      ]
     ]
    ]
   }
  },
  {
   "type": "Feature",
   "id": "BLDG-130",
   "properties": {
    "id": "BLDG-130",
    "layer": "BUILDING_FOOTPRINT",
    "source_type": "agent_generated_design",
    "confidence": "low",
    "geometry_role": "design_proposal",
    "building_type": "residential",
    "concept_floors": 12,
    "name_zh": "AI原点社区段·城镇住宅用地·概念建筑基底130",
    "name_en": "Concept footprint 130",
    "area_sqm_declared": 13104.527
   },
   "geometry": {
    "type": "Polygon",
    "coordinates": [
     [
      [
       116.35319425053092,
       39.99135999999998
      ],
      [
       116.35317781217476,
       39.991059999999976
      ],
      [
       116.34858,
       39.991059999999976
      ],
      [
       116.34858,
       39.99135999999998
      ],
      [
       116.35319425053092,
       39.99135999999998
      ]
     ]
    ]
   }
  },
  {
   "type": "Feature",
   "id": "BLDG-131",
   "properties": {
    "id": "BLDG-131",
    "layer": "BUILDING_FOOTPRINT",
    "source_type": "agent_generated_design",
    "confidence": "low",
    "geometry_role": "design_proposal",
    "building_type": "residential",
    "concept_floors": 12,
    "name_zh": "AI原点社区段·城镇住宅用地·概念建筑基底131",
    "name_en": "Concept footprint 131",
    "area_sqm_declared": 13232.204
   },
   "geometry": {
    "type": "Polygon",
    "coordinates": [
     [
      [
       116.35323918203777,
       39.992179999999976
      ],
      [
       116.35322274368161,
       39.99187999999997
      ],
      [
       116.34858,
       39.99187999999997
      ],
      [
       116.34858,
       39.992179999999976
      ],
      [
       116.35323918203777,
       39.992179999999976
      ]
     ]
    ]
   }
  },
  {
   "type": "Feature",
   "id": "BLDG-132",
   "properties": {
    "id": "BLDG-132",
    "layer": "BUILDING_FOOTPRINT",
    "source_type": "agent_generated_design",
    "confidence": "low",
    "geometry_role": "design_proposal",
    "building_type": "residential",
    "concept_floors": 12,
    "name_zh": "AI原点社区段·城镇住宅用地·概念建筑基底132",
    "name_en": "Concept footprint 132",
    "area_sqm_declared": 13359.878
   },
   "geometry": {
    "type": "Polygon",
    "coordinates": [
     [
      [
       116.35328411354462,
       39.992999999999974
      ],
      [
       116.35326767518846,
       39.99269999999997
      ],
      [
       116.34858,
       39.99269999999997
      ],
      [
       116.34858,
       39.992999999999974
      ],
      [
       116.35328411354462,
       39.992999999999974
      ]
     ]
    ]
   }
  },
  {
   "type": "Feature",
   "id": "BLDG-133",
   "properties": {
    "id": "BLDG-133",
    "layer": "BUILDING_FOOTPRINT",
    "source_type": "agent_generated_design",
    "confidence": "low",
    "geometry_role": "design_proposal",
    "building_type": "residential",
    "concept_floors": 12,
    "name_zh": "生活与体育活力段·城镇住宅用地·概念建筑基底133",
    "name_en": "Concept footprint 133",
    "area_sqm_declared": 14010.89
   },
   "geometry": {
    "type": "Polygon",
    "coordinates": [
     [
      [
       116.34602,
       39.99368
      ],
      [
       116.34108553551111,
       39.99368
      ],
      [
       116.34110489034983,
       39.99398
      ],
      [
       116.34602,
       39.99398
      ],
      [
       116.34602,
       39.99368
      ]
     ]
    ]
   }
  },
  {
   "type": "Feature",
   "id": "BLDG-134",
   "properties": {
    "id": "BLDG-134",
    "layer": "BUILDING_FOOTPRINT",
    "source_type": "agent_generated_design",
    "confidence": "low",
    "geometry_role": "design_proposal",
    "building_type": "residential",
    "concept_floors": 12,
    "name_zh": "生活与体育活力段·城镇住宅用地·概念建筑基底134",
    "name_en": "Concept footprint 134",
    "area_sqm_declared": 13860.218
   },
   "geometry": {
    "type": "Polygon",
    "coordinates": [
     [
      [
       116.34602,
       39.994499999999995
      ],
      [
       116.34113843873692,
       39.994499999999995
      ],
      [
       116.34115779357563,
       39.9948
      ],
      [
       116.34602,
       39.9948
      ],
      [
       116.34602,
       39.994499999999995
      ]
     ]
    ]
   }
  },
  {
   "type": "Feature",
   "id": "BLDG-135",
   "properties": {
    "id": "BLDG-135",
    "layer": "BUILDING_FOOTPRINT",
    "source_type": "agent_generated_design",
    "confidence": "low",
    "geometry_role": "design_proposal",
    "building_type": "residential",
    "concept_floors": 12,
    "name_zh": "生活与体育活力段·城镇住宅用地·概念建筑基底135",
    "name_en": "Concept footprint 135",
    "area_sqm_declared": 13709.549
   },
   "geometry": {
    "type": "Polygon",
    "coordinates": [
     [
      [
       116.34602,
       39.99531999999999
      ],
      [
       116.34119134196273,
       39.99531999999999
      ],
      [
       116.34121069680143,
       39.995619999999995
      ],
      [
       116.34602,
       39.995619999999995
      ],
      [
       116.34602,
       39.99531999999999
      ]
     ]
    ]
   }
  },
  {
   "type": "Feature",
   "id": "BLDG-136",
   "properties": {
    "id": "BLDG-136",
    "layer": "BUILDING_FOOTPRINT",
    "source_type": "agent_generated_design",
    "confidence": "low",
    "geometry_role": "design_proposal",
    "building_type": "residential",
    "concept_floors": 12,
    "name_zh": "生活与体育活力段·城镇住宅用地·概念建筑基底136",
    "name_en": "Concept footprint 136",
    "area_sqm_declared": 13558.884
   },
   "geometry": {
    "type": "Polygon",
    "coordinates": [
     [
      [
       116.34602,
       39.99613999999999
      ],
      [
       116.34124424518852,
       39.99613999999999
      ],
      [
       116.34126360002723,
       39.99643999999999
      ],
      [
       116.34602,
       39.99643999999999
      ],
      [
       116.34602,
       39.99613999999999
      ]
     ]
    ]
   }
  },
  {
   "type": "Feature",
   "id": "BLDG-137",
   "properties": {
    "id": "BLDG-137",
    "layer": "BUILDING_FOOTPRINT",
    "source_type": "agent_generated_design",
    "confidence": "low",
    "geometry_role": "design_proposal",
    "building_type": "residential",
    "concept_floors": 12,
    "name_zh": "生活与体育活力段·城镇住宅用地·概念建筑基底137",
    "name_en": "Concept footprint 137",
    "area_sqm_declared": 13408.223
   },
   "geometry": {
    "type": "Polygon",
    "coordinates": [
     [
      [
       116.34602,
       39.99695999999999
      ],
      [
       116.34129714841433,
       39.99695999999999
      ],
      [
       116.34131650325304,
       39.99725999999999
      ],
      [
       116.34602,
       39.99725999999999
      ],
      [
       116.34602,
       39.99695999999999
      ]
     ]
    ]
   }
  },
  {
   "type": "Feature",
   "id": "BLDG-138",
   "properties": {
    "id": "BLDG-138",
    "layer": "BUILDING_FOOTPRINT",
    "source_type": "agent_generated_design",
    "confidence": "low",
    "geometry_role": "design_proposal",
    "building_type": "residential",
    "concept_floors": 12,
    "name_zh": "生活与体育活力段·城镇住宅用地·概念建筑基底138",
    "name_en": "Concept footprint 138",
    "area_sqm_declared": 13257.565
   },
   "geometry": {
    "type": "Polygon",
    "coordinates": [
     [
      [
       116.34602,
       39.997779999999985
      ],
      [
       116.34135005164013,
       39.997779999999985
      ],
      [
       116.34136940647885,
       39.99807999999999
      ],
      [
       116.34602,
       39.99807999999999
      ],
      [
       116.34602,
       39.997779999999985
      ]
     ]
    ]
   }
  },
  {
   "type": "Feature",
   "id": "BLDG-139",
   "properties": {
    "id": "BLDG-139",
    "layer": "BUILDING_FOOTPRINT",
    "source_type": "agent_generated_design",
    "confidence": "low",
    "geometry_role": "design_proposal",
    "building_type": "residential",
    "concept_floors": 12,
    "name_zh": "生活与体育活力段·城镇住宅用地·概念建筑基底139",
    "name_en": "Concept footprint 139",
    "area_sqm_declared": 13106.911
   },
   "geometry": {
    "type": "Polygon",
    "coordinates": [
     [
      [
       116.34602,
       39.99859999999998
      ],
      [
       116.34140295486594,
       39.99859999999998
      ],
      [
       116.34142230970465,
       39.998899999999985
      ],
      [
       116.34602,
       39.998899999999985
      ],
      [
       116.34602,
       39.99859999999998
      ]
     ]
    ]
   }
  },
  {
   "type": "Feature",
   "id": "BLDG-140",
   "properties": {
    "id": "BLDG-140",
    "layer": "BUILDING_FOOTPRINT",
    "source_type": "agent_generated_design",
    "confidence": "low",
    "geometry_role": "design_proposal",
    "building_type": "residential",
    "concept_floors": 12,
    "name_zh": "生活与体育活力段·城镇住宅用地·概念建筑基底140",
    "name_en": "Concept footprint 140",
    "area_sqm_declared": 12956.26
   },
   "geometry": {
    "type": "Polygon",
    "coordinates": [
     [
      [
       116.34602,
       39.99941999999998
      ],
      [
       116.34145585809175,
       39.99941999999998
      ],
      [
       116.34147521293045,
       39.99971999999998
      ],
      [
       116.34602,
       39.99971999999998
      ],
      [
       116.34602,
       39.99941999999998
      ]
     ]
    ]
   }
  },
  {
   "type": "Feature",
   "id": "BLDG-141",
   "properties": {
    "id": "BLDG-141",
    "layer": "BUILDING_FOOTPRINT",
    "source_type": "agent_generated_design",
    "confidence": "low",
    "geometry_role": "design_proposal",
    "building_type": "residential",
    "concept_floors": 12,
    "name_zh": "生活与体育活力段·城镇住宅用地·概念建筑基底141",
    "name_en": "Concept footprint 141",
    "area_sqm_declared": 3420.219
   },
   "geometry": {
    "type": "Polygon",
    "coordinates": [
     [
      [
       116.34602,
       40.00023999999998
      ],
      [
       116.34150876131756,
       40.00023999999998
      ],
      [
       116.34151392260787,
       40.00032
      ],
      [
       116.34602,
       40.00032
      ],
      [
       116.34602,
       40.00023999999998
      ]
     ]
    ]
   }
  },
  {
   "type": "Feature",
   "id": "BLDG-142",
   "properties": {
    "id": "BLDG-142",
    "layer": "BUILDING_FOOTPRINT",
    "source_type": "agent_generated_design",
    "confidence": "low",
    "geometry_role": "design_proposal",
    "building_type": "community_service",
    "concept_floors": 2,
    "name_zh": "生活与体育活力段·体育用地·概念建筑基底142",
    "name_en": "Concept footprint 142",
    "area_sqm_declared": 13512.461
   },
   "geometry": {
    "type": "Polygon",
    "coordinates": [
     [
      [
       116.35333781217477,
       39.99398
      ],
      [
       116.3533213738186,
       39.99368
      ],
      [
       116.34858,
       39.99368
      ],
      [
       116.34858,
       39.99398
      ],
      [
       116.35333781217477,
       39.99398
      ]
     ]
    ]
   }
  },
  {
   "type": "Feature",
   "id": "BLDG-143",
   "properties": {
    "id": "BLDG-143",
    "layer": "BUILDING_FOOTPRINT",
    "source_type": "agent_generated_design",
    "confidence": "low",
    "geometry_role": "design_proposal",
    "building_type": "community_service",
    "concept_floors": 2,
    "name_zh": "生活与体育活力段·体育用地·概念建筑基底143",
    "name_en": "Concept footprint 143",
    "area_sqm_declared": 13640.128
   },
   "geometry": {
    "type": "Polygon",
    "coordinates": [
     [
      [
       116.3533827436816,
       39.9948
      ],
      [
       116.35336630532545,
       39.994499999999995
      ],
      [
       116.34858,
       39.994499999999995
      ],
      [
       116.34858,
       39.9948
      ],
      [
       116.3533827436816,
       39.9948
      ]
     ]
    ]
   }
  },
  {
   "type": "Feature",
   "id": "BLDG-144",
   "properties": {
    "id": "BLDG-144",
    "layer": "BUILDING_FOOTPRINT",
    "source_type": "agent_generated_design",
    "confidence": "low",
    "geometry_role": "design_proposal",
    "building_type": "community_service",
    "concept_floors": 2,
    "name_zh": "生活与体育活力段·体育用地·概念建筑基底144",
    "name_en": "Concept footprint 144",
    "area_sqm_declared": 13767.793
   },
   "geometry": {
    "type": "Polygon",
    "coordinates": [
     [
      [
       116.35342767518846,
       39.995619999999995
      ],
      [
       116.3534112368323,
       39.99531999999999
      ],
      [
       116.34858,
       39.99531999999999
      ],
      [
       116.34858,
       39.995619999999995
      ],
      [
       116.35342767518846,
       39.995619999999995
      ]
     ]
    ]
   }
  },
  {
   "type": "Feature",
   "id": "BLDG-145",
   "properties": {
    "id": "BLDG-145",
    "layer": "BUILDING_FOOTPRINT",
    "source_type": "agent_generated_design",
    "confidence": "low",
    "geometry_role": "design_proposal",
    "building_type": "community_service",
    "concept_floors": 2,
    "name_zh": "生活与体育活力段·体育用地·概念建筑基底145",
    "name_en": "Concept footprint 145",
    "area_sqm_declared": 13895.455
   },
   "geometry": {
    "type": "Polygon",
    "coordinates": [
     [
      [
       116.3534726066953,
       39.99643999999999
      ],
      [
       116.35345616833915,
       39.99613999999999
      ],
      [
       116.34858,
       39.99613999999999
      ],
      [
       116.34858,
       39.99643999999999
      ],
      [
       116.3534726066953,
       39.99643999999999
      ]
     ]
    ]
   }
  },
  {
   "type": "Feature",
   "id": "BLDG-146",
   "properties": {
    "id": "BLDG-146",
    "layer": "BUILDING_FOOTPRINT",
    "source_type": "agent_generated_design",
    "confidence": "low",
    "geometry_role": "design_proposal",
    "building_type": "community_service",
    "concept_floors": 2,
    "name_zh": "生活与体育活力段·体育用地·概念建筑基底146",
    "name_en": "Concept footprint 146",
    "area_sqm_declared": 14023.113
   },
   "geometry": {
    "type": "Polygon",
    "coordinates": [
     [
      [
       116.35351753820215,
       39.99725999999999
      ],
      [
       116.353501099846,
       39.99695999999999
      ],
      [
       116.34858,
       39.99695999999999
      ],
      [
       116.34858,
       39.99725999999999
      ],
      [
       116.35351753820215,
       39.99725999999999
      ]
     ]
    ]
   }
  },
  {
   "type": "Feature",
   "id": "BLDG-147",
   "properties": {
    "id": "BLDG-147",
    "layer": "BUILDING_FOOTPRINT",
    "source_type": "agent_generated_design",
    "confidence": "low",
    "geometry_role": "design_proposal",
    "building_type": "community_service",
    "concept_floors": 2,
    "name_zh": "生活与体育活力段·体育用地·概念建筑基底147",
    "name_en": "Concept footprint 147",
    "area_sqm_declared": 14150.769
   },
   "geometry": {
    "type": "Polygon",
    "coordinates": [
     [
      [
       116.353562469709,
       39.99807999999999
      ],
      [
       116.35354603135283,
       39.997779999999985
      ],
      [
       116.34858,
       39.997779999999985
      ],
      [
       116.34858,
       39.99807999999999
      ],
      [
       116.353562469709,
       39.99807999999999
      ]
     ]
    ]
   }
  },
  {
   "type": "Feature",
   "id": "BLDG-148",
   "properties": {
    "id": "BLDG-148",
    "layer": "BUILDING_FOOTPRINT",
    "source_type": "agent_generated_design",
    "confidence": "low",
    "geometry_role": "design_proposal",
    "building_type": "community_service",
    "concept_floors": 2,
    "name_zh": "生活与体育活力段·体育用地·概念建筑基底148",
    "name_en": "Concept footprint 148",
    "area_sqm_declared": 14278.421
   },
   "geometry": {
    "type": "Polygon",
    "coordinates": [
     [
      [
       116.35360740121585,
       39.998899999999985
      ],
      [
       116.35359096285968,
       39.99859999999998
      ],
      [
       116.34858,
       39.99859999999998
      ],
      [
       116.34858,
       39.998899999999985
      ],
      [
       116.35360740121585,
       39.998899999999985
      ]
     ]
    ]
   }
  },
  {
   "type": "Feature",
   "id": "BLDG-149",
   "properties": {
    "id": "BLDG-149",
    "layer": "BUILDING_FOOTPRINT",
    "source_type": "agent_generated_design",
    "confidence": "low",
    "geometry_role": "design_proposal",
    "building_type": "community_service",
    "concept_floors": 2,
    "name_zh": "生活与体育活力段·体育用地·概念建筑基底149",
    "name_en": "Concept footprint 149",
    "area_sqm_declared": 14406.071
   },
   "geometry": {
    "type": "Polygon",
    "coordinates": [
     [
      [
       116.3536523327227,
       39.99971999999998
      ],
      [
       116.35363589436653,
       39.99941999999998
      ],
      [
       116.34858,
       39.99941999999998
      ],
      [
       116.34858,
       39.99971999999998
      ],
      [
       116.3536523327227,
       39.99971999999998
      ]
     ]
    ]
   }
  },
  {
   "type": "Feature",
   "id": "BLDG-150",
   "properties": {
    "id": "BLDG-150",
    "layer": "BUILDING_FOOTPRINT",
    "source_type": "agent_generated_design",
    "confidence": "low",
    "geometry_role": "design_proposal",
    "building_type": "community_service",
    "concept_floors": 2,
    "name_zh": "生活与体育活力段·体育用地·概念建筑基底150",
    "name_en": "Concept footprint 150",
    "area_sqm_declared": 3871.092
   },
   "geometry": {
    "type": "Polygon",
    "coordinates": [
     [
      [
       116.34858,
       40.00032
      ],
      [
       116.35368520943503,
       40.00032
      ],
      [
       116.35368082587338,
       40.00023999999998
      ],
      [
       116.34858,
       40.00023999999998
      ],
      [
       116.34858,
       40.00032
      ]
     ]
    ]
   }
  },
  {
   "type": "Feature",
   "id": "BLDG-151",
   "properties": {
    "id": "BLDG-151",
    "layer": "BUILDING_FOOTPRINT",
    "source_type": "agent_generated_design",
    "confidence": "low",
    "geometry_role": "design_proposal",
    "building_type": "community_service",
    "concept_floors": 6,
    "name_zh": "绿楔与医疗保障段·医疗卫生用地·概念建筑基底151",
    "name_en": "Concept footprint 151",
    "area_sqm_declared": 14602.209
   },
   "geometry": {
    "type": "Polygon",
    "coordinates": [
     [
      [
       116.3537213738186,
       40.000980000000006
      ],
      [
       116.35370493546243,
       40.00068
      ],
      [
       116.34858,
       40.00068
      ],
      [
       116.34858,
       40.000980000000006
      ],
      [
       116.3537213738186,
       40.000980000000006
      ]
     ]
    ]
   }
  },
  {
   "type": "Feature",
   "id": "BLDG-152",
   "properties": {
    "id": "BLDG-152",
    "layer": "BUILDING_FOOTPRINT",
    "source_type": "agent_generated_design",
    "confidence": "low",
    "geometry_role": "design_proposal",
    "building_type": "community_service",
    "concept_floors": 6,
    "name_zh": "绿楔与医疗保障段·医疗卫生用地·概念建筑基底152",
    "name_en": "Concept footprint 152",
    "area_sqm_declared": 14729.851
   },
   "geometry": {
    "type": "Polygon",
    "coordinates": [
     [
      [
       116.35376630532544,
       40.0018
      ],
      [
       116.35374986696928,
       40.0015
      ],
      [
       116.34858,
       40.0015
      ],
      [
       116.34858,
       40.0018
      ],
      [
       116.35376630532544,
       40.0018
      ]
     ]
    ]
   }
  },
  {
   "type": "Feature",
   "id": "BLDG-153",
   "properties": {
    "id": "BLDG-153",
    "layer": "BUILDING_FOOTPRINT",
    "source_type": "agent_generated_design",
    "confidence": "low",
    "geometry_role": "design_proposal",
    "building_type": "community_service",
    "concept_floors": 6,
    "name_zh": "绿楔与医疗保障段·医疗卫生用地·概念建筑基底153",
    "name_en": "Concept footprint 153",
    "area_sqm_declared": 14857.49
   },
   "geometry": {
    "type": "Polygon",
    "coordinates": [
     [
      [
       116.35381123683229,
       40.00262
      ],
      [
       116.35379479847613,
       40.00232
      ],
      [
       116.34858,
       40.00232
      ],
      [
       116.34858,
       40.00262
      ],
      [
       116.35381123683229,
       40.00262
      ]
     ]
    ]
   }
  },
  {
   "type": "Feature",
   "id": "BLDG-154",
   "properties": {
    "id": "BLDG-154",
    "layer": "BUILDING_FOOTPRINT",
    "source_type": "agent_generated_design",
    "confidence": "low",
    "geometry_role": "design_proposal",
    "building_type": "community_service",
    "concept_floors": 6,
    "name_zh": "绿楔与医疗保障段·医疗卫生用地·概念建筑基底154",
    "name_en": "Concept footprint 154",
    "area_sqm_declared": 14985.126
   },
   "geometry": {
    "type": "Polygon",
    "coordinates": [
     [
      [
       116.35385616833914,
       40.00344
      ],
      [
       116.35383972998298,
       40.003139999999995
      ],
      [
       116.34858,
       40.003139999999995
      ],
      [
       116.34858,
       40.00344
      ],
      [
       116.35385616833914,
       40.00344
      ]
     ]
    ]
   }
  },
  {
   "type": "Feature",
   "id": "BLDG-155",
   "properties": {
    "id": "BLDG-155",
    "layer": "BUILDING_FOOTPRINT",
    "source_type": "agent_generated_design",
    "confidence": "low",
    "geometry_role": "design_proposal",
    "building_type": "community_service",
    "concept_floors": 6,
    "name_zh": "绿楔与医疗保障段·医疗卫生用地·概念建筑基底155",
    "name_en": "Concept footprint 155",
    "area_sqm_declared": 15112.759
   },
   "geometry": {
    "type": "Polygon",
    "coordinates": [
     [
      [
       116.35390109984598,
       40.004259999999995
      ],
      [
       116.35388466148983,
       40.00395999999999
      ],
      [
       116.34858,
       40.00395999999999
      ],
      [
       116.34858,
       40.004259999999995
      ],
      [
       116.35390109984598,
       40.004259999999995
      ]
     ]
    ]
   }
  },
  {
   "type": "Feature",
   "id": "BLDG-156",
   "properties": {
    "id": "BLDG-156",
    "layer": "BUILDING_FOOTPRINT",
    "source_type": "agent_generated_design",
    "confidence": "low",
    "geometry_role": "design_proposal",
    "building_type": "community_service",
    "concept_floors": 6,
    "name_zh": "绿楔与医疗保障段·医疗卫生用地·概念建筑基底156",
    "name_en": "Concept footprint 156",
    "area_sqm_declared": 15240.388
   },
   "geometry": {
    "type": "Polygon",
    "coordinates": [
     [
      [
       116.35394603135283,
       40.00507999999999
      ],
      [
       116.35392959299666,
       40.00477999999999
      ],
      [
       116.34858,
       40.00477999999999
      ],
      [
       116.34858,
       40.00507999999999
      ],
      [
       116.35394603135283,
       40.00507999999999
      ]
     ]
    ]
   }
  },
  {
   "type": "Feature",
   "id": "BLDG-157",
   "properties": {
    "id": "BLDG-157",
    "layer": "BUILDING_FOOTPRINT",
    "source_type": "agent_generated_design",
    "confidence": "low",
    "geometry_role": "design_proposal",
    "building_type": "community_service",
    "concept_floors": 6,
    "name_zh": "绿楔与医疗保障段·医疗卫生用地·概念建筑基底157",
    "name_en": "Concept footprint 157",
    "area_sqm_declared": 15368.015
   },
   "geometry": {
    "type": "Polygon",
    "coordinates": [
     [
      [
       116.35399096285968,
       40.00589999999999
      ],
      [
       116.35397452450351,
       40.00559999999999
      ],
      [
       116.34858,
       40.00559999999999
      ],
      [
       116.34858,
       40.00589999999999
      ],
      [
       116.35399096285968,
       40.00589999999999
      ]
     ]
    ]
   }
  },
  {
   "type": "Feature",
   "id": "BLDG-158",
   "properties": {
    "id": "BLDG-158",
    "layer": "BUILDING_FOOTPRINT",
    "source_type": "agent_generated_design",
    "confidence": "low",
    "geometry_role": "design_proposal",
    "building_type": "community_service",
    "concept_floors": 6,
    "name_zh": "绿楔与医疗保障段·医疗卫生用地·概念建筑基底158",
    "name_en": "Concept footprint 158",
    "area_sqm_declared": 15495.639
   },
   "geometry": {
    "type": "Polygon",
    "coordinates": [
     [
      [
       116.35403589436653,
       40.00671999999999
      ],
      [
       116.35401945601036,
       40.006419999999984
      ],
      [
       116.34858,
       40.006419999999984
      ],
      [
       116.34858,
       40.00671999999999
      ],
      [
       116.35403589436653,
       40.00671999999999
      ]
     ]
    ]
   }
  },
  {
   "type": "Feature",
   "id": "BLDG-159",
   "properties": {
    "id": "BLDG-159",
    "layer": "BUILDING_FOOTPRINT",
    "source_type": "agent_generated_design",
    "confidence": "low",
    "geometry_role": "design_proposal",
    "building_type": "community_service",
    "concept_floors": 6,
    "name_zh": "绿楔与医疗保障段·医疗卫生用地·概念建筑基底159",
    "name_en": "Concept footprint 159",
    "area_sqm_declared": 4161.637
   },
   "geometry": {
    "type": "Polygon",
    "coordinates": [
     [
      [
       116.34858,
       40.00732
      ],
      [
       116.35406877107886,
       40.00732
      ],
      [
       116.35406438751721,
       40.00723999999998
      ],
      [
       116.34858,
       40.00723999999998
      ],
      [
       116.34858,
       40.00732
      ]
     ]
    ]
   }
  },
  {
   "type": "Feature",
   "id": "BLDG-160",
   "properties": {
    "id": "BLDG-160",
    "layer": "BUILDING_FOOTPRINT",
    "source_type": "agent_generated_design",
    "confidence": "low",
    "geometry_role": "design_proposal",
    "building_type": "ai_r_and_d",
    "concept_floors": 10,
    "name_zh": "众智园加速区南段·科研用地·概念建筑基底160",
    "name_en": "Concept footprint 160",
    "area_sqm_declared": 11521.293
   },
   "geometry": {
    "type": "Polygon",
    "coordinates": [
     [
      [
       116.34602,
       40.00768
      ],
      [
       116.34196216525051,
       40.00768
      ],
      [
       116.34197679939685,
       40.00798
      ],
      [
       116.34602,
       40.00798
      ],
      [
       116.34602,
       40.00768
      ]
     ]
    ]
   }
  },
  {
   "type": "Feature",
   "id": "BLDG-161",
   "properties": {
    "id": "BLDG-161",
    "layer": "BUILDING_FOOTPRINT",
    "source_type": "agent_generated_design",
    "confidence": "low",
    "geometry_role": "design_proposal",
    "building_type": "ai_r_and_d",
    "concept_floors": 10,
    "name_zh": "众智园加速区南段·科研用地·概念建筑基底161",
    "name_en": "Concept footprint 161",
    "area_sqm_declared": 11407.382
   },
   "geometry": {
    "type": "Polygon",
    "coordinates": [
     [
      [
       116.34602,
       40.0085
      ],
      [
       116.3420021652505,
       40.0085
      ],
      [
       116.34201679939684,
       40.0088
      ],
      [
       116.34602,
       40.0088
      ],
      [
       116.34602,
       40.0085
      ]
     ]
    ]
   }
  },
  {
   "type": "Feature",
   "id": "BLDG-162",
   "properties": {
    "id": "BLDG-162",
    "layer": "BUILDING_FOOTPRINT",
    "source_type": "agent_generated_design",
    "confidence": "low",
    "geometry_role": "design_proposal",
    "building_type": "ai_r_and_d",
    "concept_floors": 10,
    "name_zh": "众智园加速区南段·科研用地·概念建筑基底162",
    "name_en": "Concept footprint 162",
    "area_sqm_declared": 11293.473
   },
   "geometry": {
    "type": "Polygon",
    "coordinates": [
     [
      [
       116.34602,
       40.009319999999995
      ],
      [
       116.3420421652505,
       40.009319999999995
      ],
      [
       116.34205679939684,
       40.00962
      ],
      [
       116.34602,
       40.00962
      ],
      [
       116.34602,
       40.009319999999995
      ]
     ]
    ]
   }
  },
  {
   "type": "Feature",
   "id": "BLDG-163",
   "properties": {
    "id": "BLDG-163",
    "layer": "BUILDING_FOOTPRINT",
    "source_type": "agent_generated_design",
    "confidence": "low",
    "geometry_role": "design_proposal",
    "building_type": "ai_r_and_d",
    "concept_floors": 10,
    "name_zh": "众智园加速区南段·科研用地·概念建筑基底163",
    "name_en": "Concept footprint 163",
    "area_sqm_declared": 11179.568
   },
   "geometry": {
    "type": "Polygon",
    "coordinates": [
     [
      [
       116.34602,
       40.01013999999999
      ],
      [
       116.3420821652505,
       40.01013999999999
      ],
      [
       116.34209679939684,
       40.010439999999996
      ],
      [
       116.34602,
       40.010439999999996
      ],
      [
       116.34602,
       40.01013999999999
      ]
     ]
    ]
   }
  },
  {
   "type": "Feature",
   "id": "BLDG-164",
   "properties": {
    "id": "BLDG-164",
    "layer": "BUILDING_FOOTPRINT",
    "source_type": "agent_generated_design",
    "confidence": "low",
    "geometry_role": "design_proposal",
    "building_type": "ai_r_and_d",
    "concept_floors": 10,
    "name_zh": "众智园加速区南段·科研用地·概念建筑基底164",
    "name_en": "Concept footprint 164",
    "area_sqm_declared": 11065.665
   },
   "geometry": {
    "type": "Polygon",
    "coordinates": [
     [
      [
       116.34602,
       40.01095999999999
      ],
      [
       116.3421221652505,
       40.01095999999999
      ],
      [
       116.34213679939684,
       40.01125999999999
      ],
      [
       116.34602,
       40.01125999999999
      ],
      [
       116.34602,
       40.01095999999999
      ]
     ]
    ]
   }
  },
  {
   "type": "Feature",
   "id": "BLDG-165",
   "properties": {
    "id": "BLDG-165",
    "layer": "BUILDING_FOOTPRINT",
    "source_type": "agent_generated_design",
    "confidence": "low",
    "geometry_role": "design_proposal",
    "building_type": "ai_r_and_d",
    "concept_floors": 10,
    "name_zh": "众智园加速区南段·科研用地·概念建筑基底165",
    "name_en": "Concept footprint 165",
    "area_sqm_declared": 10951.765
   },
   "geometry": {
    "type": "Polygon",
    "coordinates": [
     [
      [
       116.34602,
       40.01177999999999
      ],
      [
       116.3421621652505,
       40.01177999999999
      ],
      [
       116.34217679939685,
       40.01207999999999
      ],
      [
       116.34602,
       40.01207999999999
      ],
      [
       116.34602,
       40.01177999999999
      ]
     ]
    ]
   }
  },
  {
   "type": "Feature",
   "id": "BLDG-166",
   "properties": {
    "id": "BLDG-166",
    "layer": "BUILDING_FOOTPRINT",
    "source_type": "agent_generated_design",
    "confidence": "low",
    "geometry_role": "design_proposal",
    "building_type": "ai_r_and_d",
    "concept_floors": 10,
    "name_zh": "众智园加速区南段·科研用地·概念建筑基底166",
    "name_en": "Concept footprint 166",
    "area_sqm_declared": 10837.867
   },
   "geometry": {
    "type": "Polygon",
    "coordinates": [
     [
      [
       116.34602,
       40.012599999999985
      ],
      [
       116.3422021652505,
       40.012599999999985
      ],
      [
       116.34221679939685,
       40.01289999999999
      ],
      [
       116.34602,
       40.01289999999999
      ],
      [
       116.34602,
       40.012599999999985
      ]
     ]
    ]
   }
  },
  {
   "type": "Feature",
   "id": "BLDG-167",
   "properties": {
    "id": "BLDG-167",
    "layer": "BUILDING_FOOTPRINT",
    "source_type": "agent_generated_design",
    "confidence": "low",
    "geometry_role": "design_proposal",
    "building_type": "ai_r_and_d",
    "concept_floors": 10,
    "name_zh": "众智园加速区南段·科研用地·概念建筑基底167",
    "name_en": "Concept footprint 167",
    "area_sqm_declared": 10723.973
   },
   "geometry": {
    "type": "Polygon",
    "coordinates": [
     [
      [
       116.34602,
       40.01341999999998
      ],
      [
       116.34224216525051,
       40.01341999999998
      ],
      [
       116.34225679939685,
       40.013719999999985
      ],
      [
       116.34602,
       40.013719999999985
      ],
      [
       116.34602,
       40.01341999999998
      ]
     ]
    ]
   }
  },
  {
   "type": "Feature",
   "id": "BLDG-168",
   "properties": {
    "id": "BLDG-168",
    "layer": "BUILDING_FOOTPRINT",
    "source_type": "agent_generated_design",
    "confidence": "low",
    "geometry_role": "design_proposal",
    "building_type": "ai_r_and_d",
    "concept_floors": 10,
    "name_zh": "众智园加速区南段·科研用地·概念建筑基底168",
    "name_en": "Concept footprint 168",
    "area_sqm_declared": 10610.081
   },
   "geometry": {
    "type": "Polygon",
    "coordinates": [
     [
      [
       116.34602,
       40.01423999999998
      ],
      [
       116.34228216525051,
       40.01423999999998
      ],
      [
       116.34229679939685,
       40.01453999999998
      ],
      [
       116.34602,
       40.01453999999998
      ],
      [
       116.34602,
       40.01423999999998
      ]
     ]
    ]
   }
  },
  {
   "type": "Feature",
   "id": "BLDG-169",
   "properties": {
    "id": "BLDG-169",
    "layer": "BUILDING_FOOTPRINT",
    "source_type": "agent_generated_design",
    "confidence": "low",
    "geometry_role": "design_proposal",
    "building_type": "ai_r_and_d",
    "concept_floors": 10,
    "name_zh": "众智园加速区南段·科研用地·概念建筑基底169",
    "name_en": "Concept footprint 169",
    "area_sqm_declared": 10496.191
   },
   "geometry": {
    "type": "Polygon",
    "coordinates": [
     [
      [
       116.34602,
       40.01505999999998
      ],
      [
       116.34232216525051,
       40.01505999999998
      ],
      [
       116.34233679939685,
       40.01535999999998
      ],
      [
       116.34602,
       40.01535999999998
      ],
      [
       116.34602,
       40.01505999999998
      ]
     ]
    ]
   }
  },
  {
   "type": "Feature",
   "id": "BLDG-170",
   "properties": {
    "id": "BLDG-170",
    "layer": "BUILDING_FOOTPRINT",
    "source_type": "agent_generated_design",
    "confidence": "low",
    "geometry_role": "design_proposal",
    "building_type": "ai_r_and_d",
    "concept_floors": 10,
    "name_zh": "众智园加速区南段·科研用地·概念建筑基底170",
    "name_en": "Concept footprint 170",
    "area_sqm_declared": 10382.305
   },
   "geometry": {
    "type": "Polygon",
    "coordinates": [
     [
      [
       116.34602,
       40.015879999999974
      ],
      [
       116.3423621652505,
       40.015879999999974
      ],
      [
       116.34237679939685,
       40.01617999999998
      ],
      [
       116.34602,
       40.01617999999998
      ],
      [
       116.34602,
       40.015879999999974
      ]
     ]
    ]
   }
  },
  {
   "type": "Feature",
   "id": "BLDG-171",
   "properties": {
    "id": "BLDG-171",
    "layer": "BUILDING_FOOTPRINT",
    "source_type": "agent_generated_design",
    "confidence": "low",
    "geometry_role": "design_proposal",
    "building_type": "ai_r_and_d",
    "concept_floors": 10,
    "name_zh": "众智园加速区南段·科研用地·概念建筑基底171",
    "name_en": "Concept footprint 171",
    "area_sqm_declared": 10268.42
   },
   "geometry": {
    "type": "Polygon",
    "coordinates": [
     [
      [
       116.34602,
       40.01669999999997
      ],
      [
       116.3424021652505,
       40.01669999999997
      ],
      [
       116.34241679939684,
       40.016999999999975
      ],
      [
       116.34602,
       40.016999999999975
      ],
      [
       116.34602,
       40.01669999999997
      ]
     ]
    ]
   }
  },
  {
   "type": "Feature",
   "id": "BLDG-172",
   "properties": {
    "id": "BLDG-172",
    "layer": "BUILDING_FOOTPRINT",
    "source_type": "agent_generated_design",
    "confidence": "low",
    "geometry_role": "design_proposal",
    "building_type": "ai_r_and_d",
    "concept_floors": 10,
    "name_zh": "众智园加速区南段·科研用地·概念建筑基底172",
    "name_en": "Concept footprint 172",
    "area_sqm_declared": 10154.539
   },
   "geometry": {
    "type": "Polygon",
    "coordinates": [
     [
      [
       116.34602,
       40.01751999999997
      ],
      [
       116.3424421652505,
       40.01751999999997
      ],
      [
       116.34245679939684,
       40.01781999999997
      ],
      [
       116.34602,
       40.01781999999997
      ],
      [
       116.34602,
       40.01751999999997
      ]
     ]
    ]
   }
  },
  {
   "type": "Feature",
   "id": "BLDG-173",
   "properties": {
    "id": "BLDG-173",
    "layer": "BUILDING_FOOTPRINT",
    "source_type": "agent_generated_design",
    "confidence": "low",
    "geometry_role": "design_proposal",
    "building_type": "ai_r_and_d",
    "concept_floors": 10,
    "name_zh": "众智园加速区南段·科研用地·概念建筑基底173",
    "name_en": "Concept footprint 173",
    "area_sqm_declared": 10040.661
   },
   "geometry": {
    "type": "Polygon",
    "coordinates": [
     [
      [
       116.34602,
       40.01833999999997
      ],
      [
       116.3424821652505,
       40.01833999999997
      ],
      [
       116.34249679939684,
       40.01863999999997
      ],
      [
       116.34602,
       40.01863999999997
      ],
      [
       116.34602,
       40.01833999999997
      ]
     ]
    ]
   }
  },
  {
   "type": "Feature",
   "id": "BLDG-174",
   "properties": {
    "id": "BLDG-174",
    "layer": "BUILDING_FOOTPRINT",
    "source_type": "agent_generated_design",
    "confidence": "low",
    "geometry_role": "design_proposal",
    "building_type": "ai_r_and_d",
    "concept_floors": 10,
    "name_zh": "众智园加速区南段·科研用地·概念建筑基底174",
    "name_en": "Concept footprint 174",
    "area_sqm_declared": 5299.47
   },
   "geometry": {
    "type": "Polygon",
    "coordinates": [
     [
      [
       116.34602,
       40.019159999999964
      ],
      [
       116.3425221652505,
       40.019159999999964
      ],
      [
       116.34252997012855,
       40.01932
      ],
      [
       116.34602,
       40.01932
      ],
      [
       116.34602,
       40.019159999999964
      ]
     ]
    ]
   }
  },
  {
   "type": "Feature",
   "id": "BLDG-175",
   "properties": {
    "id": "BLDG-175",
    "layer": "BUILDING_FOOTPRINT",
    "source_type": "agent_generated_design",
    "confidence": "low",
    "geometry_role": "design_proposal",
    "building_type": "ai_r_and_d",
    "concept_floors": 10,
    "name_zh": "众智园加速区南段·科研用地·概念建筑基底175",
    "name_en": "Concept footprint 175",
    "area_sqm_declared": 15691.738
   },
   "geometry": {
    "type": "Polygon",
    "coordinates": [
     [
      [
       116.35410493546243,
       40.00798
      ],
      [
       116.35408849710626,
       40.00768
      ],
      [
       116.34858,
       40.00768
      ],
      [
       116.34858,
       40.00798
      ],
      [
       116.35410493546243,
       40.00798
      ]
     ]
    ]
   }
  },
  {
   "type": "Feature",
   "id": "BLDG-176",
   "properties": {
    "id": "BLDG-176",
    "layer": "BUILDING_FOOTPRINT",
    "source_type": "agent_generated_design",
    "confidence": "low",
    "geometry_role": "design_proposal",
    "building_type": "ai_r_and_d",
    "concept_floors": 10,
    "name_zh": "众智园加速区南段·科研用地·概念建筑基底176",
    "name_en": "Concept footprint 176",
    "area_sqm_declared": 15819.354
   },
   "geometry": {
    "type": "Polygon",
    "coordinates": [
     [
      [
       116.35414986696928,
       40.0088
      ],
      [
       116.35413342861311,
       40.0085
      ],
      [
       116.34858,
       40.0085
      ],
      [
       116.34858,
       40.0088
      ],
      [
       116.35414986696928,
       40.0088
      ]
     ]
    ]
   }
  },
  {
   "type": "Feature",
   "id": "BLDG-177",
   "properties": {
    "id": "BLDG-177",
    "layer": "BUILDING_FOOTPRINT",
    "source_type": "agent_generated_design",
    "confidence": "low",
    "geometry_role": "design_proposal",
    "building_type": "ai_r_and_d",
    "concept_floors": 10,
    "name_zh": "众智园加速区南段·科研用地·概念建筑基底177",
    "name_en": "Concept footprint 177",
    "area_sqm_declared": 15946.967
   },
   "geometry": {
    "type": "Polygon",
    "coordinates": [
     [
      [
       116.35419479847613,
       40.00962
      ],
      [
       116.35417836011996,
       40.009319999999995
      ],
      [
       116.34858,
       40.009319999999995
      ],
      [
       116.34858,
       40.00962
      ],
      [
       116.35419479847613,
       40.00962
      ]
     ]
    ]
   }
  },
  {
   "type": "Feature",
   "id": "BLDG-178",
   "properties": {
    "id": "BLDG-178",
    "layer": "BUILDING_FOOTPRINT",
    "source_type": "agent_generated_design",
    "confidence": "low",
    "geometry_role": "design_proposal",
    "building_type": "ai_r_and_d",
    "concept_floors": 10,
    "name_zh": "众智园加速区南段·科研用地·概念建筑基底178",
    "name_en": "Concept footprint 178",
    "area_sqm_declared": 16074.577
   },
   "geometry": {
    "type": "Polygon",
    "coordinates": [
     [
      [
       116.35423972998298,
       40.010439999999996
      ],
      [
       116.35422329162681,
       40.01013999999999
      ],
      [
       116.34858,
       40.01013999999999
      ],
      [
       116.34858,
       40.010439999999996
      ],
      [
       116.35423972998298,
       40.010439999999996
      ]
     ]
    ]
   }
  },
  {
   "type": "Feature",
   "id": "BLDG-179",
   "properties": {
    "id": "BLDG-179",
    "layer": "BUILDING_FOOTPRINT",
    "source_type": "agent_generated_design",
    "confidence": "low",
    "geometry_role": "design_proposal",
    "building_type": "ai_r_and_d",
    "concept_floors": 10,
    "name_zh": "众智园加速区南段·科研用地·概念建筑基底179",
    "name_en": "Concept footprint 179",
    "area_sqm_declared": 16202.184
   },
   "geometry": {
    "type": "Polygon",
    "coordinates": [
     [
      [
       116.35428466148983,
       40.01125999999999
      ],
      [
       116.35426822313366,
       40.01095999999999
      ],
      [
       116.34858,
       40.01095999999999
      ],
      [
       116.34858,
       40.01125999999999
      ],
      [
       116.35428466148983,
       40.01125999999999
      ]
     ]
    ]
   }
  },
  {
   "type": "Feature",
   "id": "BLDG-180",
   "properties": {
    "id": "BLDG-180",
    "layer": "BUILDING_FOOTPRINT",
    "source_type": "agent_generated_design",
    "confidence": "low",
    "geometry_role": "design_proposal",
    "building_type": "ai_r_and_d",
    "concept_floors": 10,
    "name_zh": "众智园加速区南段·科研用地·概念建筑基底180",
    "name_en": "Concept footprint 180",
    "area_sqm_declared": 16329.788
   },
   "geometry": {
    "type": "Polygon",
    "coordinates": [
     [
      [
       116.35432959299668,
       40.01207999999999
      ],
      [
       116.35431315464051,
       40.01177999999999
      ],
      [
       116.34858,
       40.01177999999999
      ],
      [
       116.34858,
       40.01207999999999
      ],
      [
       116.35432959299668,
       40.01207999999999
      ]
     ]
    ]
   }
  },
  {
   "type": "Feature",
   "id": "BLDG-181",
   "properties": {
    "id": "BLDG-181",
    "layer": "BUILDING_FOOTPRINT",
    "source_type": "agent_generated_design",
    "confidence": "low",
    "geometry_role": "design_proposal",
    "building_type": "ai_r_and_d",
    "concept_floors": 10,
    "name_zh": "众智园加速区南段·科研用地·概念建筑基底181",
    "name_en": "Concept footprint 181",
    "area_sqm_declared": 16457.388
   },
   "geometry": {
    "type": "Polygon",
    "coordinates": [
     [
      [
       116.35437452450353,
       40.01289999999999
      ],
      [
       116.35435808614736,
       40.012599999999985
      ],
      [
       116.34858,
       40.012599999999985
      ],
      [
       116.34858,
       40.01289999999999
      ],
      [
       116.35437452450353,
       40.01289999999999
      ]
     ]
    ]
   }
  },
  {
   "type": "Feature",
   "id": "BLDG-182",
   "properties": {
    "id": "BLDG-182",
    "layer": "BUILDING_FOOTPRINT",
    "source_type": "agent_generated_design",
    "confidence": "low",
    "geometry_role": "design_proposal",
    "building_type": "ai_r_and_d",
    "concept_floors": 10,
    "name_zh": "众智园加速区南段·科研用地·概念建筑基底182",
    "name_en": "Concept footprint 182",
    "area_sqm_declared": 16584.986
   },
   "geometry": {
    "type": "Polygon",
    "coordinates": [
     [
      [
       116.35441945601038,
       40.013719999999985
      ],
      [
       116.3544030176542,
       40.01341999999998
      ],
      [
       116.34858,
       40.01341999999998
      ],
      [
       116.34858,
       40.013719999999985
      ],
      [
       116.35441945601038,
       40.013719999999985
      ]
     ]
    ]
   }
  },
  {
   "type": "Feature",
   "id": "BLDG-183",
   "properties": {
    "id": "BLDG-183",
    "layer": "BUILDING_FOOTPRINT",
    "source_type": "agent_generated_design",
    "confidence": "low",
    "geometry_role": "design_proposal",
    "building_type": "ai_r_and_d",
    "concept_floors": 10,
    "name_zh": "众智园加速区南段·科研用地·概念建筑基底183",
    "name_en": "Concept footprint 183",
    "area_sqm_declared": 16712.581
   },
   "geometry": {
    "type": "Polygon",
    "coordinates": [
     [
      [
       116.35446438751723,
       40.01453999999998
      ],
      [
       116.35444794916106,
       40.01423999999998
      ],
      [
       116.34858,
       40.01423999999998
      ],
      [
       116.34858,
       40.01453999999998
      ],
      [
       116.35446438751723,
       40.01453999999998
      ]
     ]
    ]
   }
  },
  {
   "type": "Feature",
   "id": "BLDG-184",
   "properties": {
    "id": "BLDG-184",
    "layer": "BUILDING_FOOTPRINT",
    "source_type": "agent_generated_design",
    "confidence": "low",
    "geometry_role": "design_proposal",
    "building_type": "ai_r_and_d",
    "concept_floors": 10,
    "name_zh": "众智园加速区南段·科研用地·概念建筑基底184",
    "name_en": "Concept footprint 184",
    "area_sqm_declared": 16840.173
   },
   "geometry": {
    "type": "Polygon",
    "coordinates": [
     [
      [
       116.35450931902407,
       40.01535999999998
      ],
      [
       116.3544928806679,
       40.01505999999998
      ],
      [
       116.34858,
       40.01505999999998
      ],
      [
       116.34858,
       40.01535999999998
      ],
      [
       116.35450931902407,
       40.01535999999998
      ]
     ]
    ]
   }
  },
  {
   "type": "Feature",
   "id": "BLDG-185",
   "properties": {
    "id": "BLDG-185",
    "layer": "BUILDING_FOOTPRINT",
    "source_type": "agent_generated_design",
    "confidence": "low",
    "geometry_role": "design_proposal",
    "building_type": "ai_r_and_d",
    "concept_floors": 10,
    "name_zh": "众智园加速区南段·科研用地·概念建筑基底185",
    "name_en": "Concept footprint 185",
    "area_sqm_declared": 16967.762
   },
   "geometry": {
    "type": "Polygon",
    "coordinates": [
     [
      [
       116.35455425053092,
       40.01617999999998
      ],
      [
       116.35453781217475,
       40.015879999999974
      ],
      [
       116.34858,
       40.015879999999974
      ],
      [
       116.34858,
       40.01617999999998
      ],
      [
       116.35455425053092,
       40.01617999999998
      ]
     ]
    ]
   }
  },
  {
   "type": "Feature",
   "id": "BLDG-186",
   "properties": {
    "id": "BLDG-186",
    "layer": "BUILDING_FOOTPRINT",
    "source_type": "agent_generated_design",
    "confidence": "low",
    "geometry_role": "design_proposal",
    "building_type": "ai_r_and_d",
    "concept_floors": 10,
    "name_zh": "众智园加速区南段·科研用地·概念建筑基底186",
    "name_en": "Concept footprint 186",
    "area_sqm_declared": 17095.348
   },
   "geometry": {
    "type": "Polygon",
    "coordinates": [
     [
      [
       116.35459918203777,
       40.016999999999975
      ],
      [
       116.3545827436816,
       40.01669999999997
      ],
      [
       116.34858,
       40.01669999999997
      ],
      [
       116.34858,
       40.016999999999975
      ],
      [
       116.35459918203777,
       40.016999999999975
      ]
     ]
    ]
   }
  },
  {
   "type": "Feature",
   "id": "BLDG-187",
   "properties": {
    "id": "BLDG-187",
    "layer": "BUILDING_FOOTPRINT",
    "source_type": "agent_generated_design",
    "confidence": "low",
    "geometry_role": "design_proposal",
    "building_type": "ai_r_and_d",
    "concept_floors": 10,
    "name_zh": "众智园加速区南段·科研用地·概念建筑基底187",
    "name_en": "Concept footprint 187",
    "area_sqm_declared": 17222.93
   },
   "geometry": {
    "type": "Polygon",
    "coordinates": [
     [
      [
       116.35464411354462,
       40.01781999999997
      ],
      [
       116.35462767518845,
       40.01751999999997
      ],
      [
       116.34858,
       40.01751999999997
      ],
      [
       116.34858,
       40.01781999999997
      ],
      [
       116.35464411354462,
       40.01781999999997
      ]
     ]
    ]
   }
  },
  {
   "type": "Feature",
   "id": "BLDG-188",
   "properties": {
    "id": "BLDG-188",
    "layer": "BUILDING_FOOTPRINT",
    "source_type": "agent_generated_design",
    "confidence": "low",
    "geometry_role": "design_proposal",
    "building_type": "ai_r_and_d",
    "concept_floors": 10,
    "name_zh": "众智园加速区南段·科研用地·概念建筑基底188",
    "name_en": "Concept footprint 188",
    "area_sqm_declared": 17350.51
   },
   "geometry": {
    "type": "Polygon",
    "coordinates": [
     [
      [
       116.35468904505147,
       40.01863999999997
      ],
      [
       116.3546726066953,
       40.01833999999997
      ],
      [
       116.34858,
       40.01833999999997
      ],
      [
       116.34858,
       40.01863999999997
      ],
      [
       116.35468904505147,
       40.01863999999997
      ]
     ]
    ]
   }
  },
  {
   "type": "Feature",
   "id": "BLDG-189",
   "properties": {
    "id": "BLDG-189",
    "layer": "BUILDING_FOOTPRINT",
    "source_type": "agent_generated_design",
    "confidence": "low",
    "geometry_role": "design_proposal",
    "building_type": "ai_r_and_d",
    "concept_floors": 10,
    "name_zh": "众智园加速区南段·科研用地·概念建筑基底189",
    "name_en": "Concept footprint 189",
    "area_sqm_declared": 9315.838
   },
   "geometry": {
    "type": "Polygon",
    "coordinates": [
     [
      [
       116.34858,
       40.01932
      ],
      [
       116.35472630532544,
       40.01932
      ],
      [
       116.35471753820215,
       40.019159999999964
      ],
      [
       116.34858,
       40.019159999999964
      ],
      [
       116.34858,
       40.01932
      ]
     ]
    ]
   }
  },
  {
   "type": "Feature",
   "id": "BLDG-190",
   "properties": {
    "id": "BLDG-190",
    "layer": "BUILDING_FOOTPRINT",
    "source_type": "agent_generated_design",
    "confidence": "low",
    "geometry_role": "design_proposal",
    "building_type": "ai_r_and_d",
    "concept_floors": 10,
    "name_zh": "众智园加速区北段·科研用地·概念建筑基底190",
    "name_en": "Concept footprint 190",
    "area_sqm_declared": 9854.572
   },
   "geometry": {
    "type": "Polygon",
    "coordinates": [
     [
      [
       116.34602,
       40.01968
      ],
      [
       116.34254753110416,
       40.01968
      ],
      [
       116.3425621652505,
       40.019980000000004
      ],
      [
       116.34602,
       40.019980000000004
      ],
      [
       116.34602,
       40.01968
      ]
     ]
    ]
   }
  },
  {
   "type": "Feature",
   "id": "BLDG-191",
   "properties": {
    "id": "BLDG-191",
    "layer": "BUILDING_FOOTPRINT",
    "source_type": "agent_generated_design",
    "confidence": "low",
    "geometry_role": "design_proposal",
    "building_type": "ai_r_and_d",
    "concept_floors": 10,
    "name_zh": "众智园加速区北段·科研用地·概念建筑基底191",
    "name_en": "Concept footprint 191",
    "area_sqm_declared": 9740.7
   },
   "geometry": {
    "type": "Polygon",
    "coordinates": [
     [
      [
       116.34602,
       40.0205
      ],
      [
       116.34258753110416,
       40.0205
      ],
      [
       116.3426021652505,
       40.0208
      ],
      [
       116.34602,
       40.0208
      ],
      [
       116.34602,
       40.0205
      ]
     ]
    ]
   }
  },
  {
   "type": "Feature",
   "id": "BLDG-192",
   "properties": {
    "id": "BLDG-192",
    "layer": "BUILDING_FOOTPRINT",
    "source_type": "agent_generated_design",
    "confidence": "low",
    "geometry_role": "design_proposal",
    "building_type": "ai_r_and_d",
    "concept_floors": 10,
    "name_zh": "众智园加速区北段·科研用地·概念建筑基底192",
    "name_en": "Concept footprint 192",
    "area_sqm_declared": 9626.832
   },
   "geometry": {
    "type": "Polygon",
    "coordinates": [
     [
      [
       116.34602,
       40.021319999999996
      ],
      [
       116.34262753110416,
       40.021319999999996
      ],
      [
       116.3426421652505,
       40.02162
      ],
      [
       116.34602,
       40.02162
      ],
      [
       116.34602,
       40.021319999999996
      ]
     ]
    ]
   }
  },
  {
   "type": "Feature",
   "id": "BLDG-193",
   "properties": {
    "id": "BLDG-193",
    "layer": "BUILDING_FOOTPRINT",
    "source_type": "agent_generated_design",
    "confidence": "low",
    "geometry_role": "design_proposal",
    "building_type": "ai_r_and_d",
    "concept_floors": 10,
    "name_zh": "众智园加速区北段·科研用地·概念建筑基底193",
    "name_en": "Concept footprint 193",
    "area_sqm_declared": 9512.965
   },
   "geometry": {
    "type": "Polygon",
    "coordinates": [
     [
      [
       116.34602,
       40.02213999999999
      ],
      [
       116.34266753110415,
       40.02213999999999
      ],
      [
       116.3426821652505,
       40.022439999999996
      ],
      [
       116.34602,
       40.022439999999996
      ],
      [
       116.34602,
       40.02213999999999
      ]
     ]
    ]
   }
  },
  {
   "type": "Feature",
   "id": "BLDG-194",
   "properties": {
    "id": "BLDG-194",
    "layer": "BUILDING_FOOTPRINT",
    "source_type": "agent_generated_design",
    "confidence": "low",
    "geometry_role": "design_proposal",
    "building_type": "ai_r_and_d",
    "concept_floors": 10,
    "name_zh": "众智园加速区北段·科研用地·概念建筑基底194",
    "name_en": "Concept footprint 194",
    "area_sqm_declared": 9399.102
   },
   "geometry": {
    "type": "Polygon",
    "coordinates": [
     [
      [
       116.34602,
       40.02295999999999
      ],
      [
       116.34270753110415,
       40.02295999999999
      ],
      [
       116.34272216525049,
       40.02325999999999
      ],
      [
       116.34602,
       40.02325999999999
      ],
      [
       116.34602,
       40.02295999999999
      ]
     ]
    ]
   }
  },
  {
   "type": "Feature",
   "id": "BLDG-195",
   "properties": {
    "id": "BLDG-195",
    "layer": "BUILDING_FOOTPRINT",
    "source_type": "agent_generated_design",
    "confidence": "low",
    "geometry_role": "design_proposal",
    "building_type": "ai_r_and_d",
    "concept_floors": 10,
    "name_zh": "众智园加速区北段·科研用地·概念建筑基底195",
    "name_en": "Concept footprint 195",
    "area_sqm_declared": 9285.241
   },
   "geometry": {
    "type": "Polygon",
    "coordinates": [
     [
      [
       116.34602,
       40.02377999999999
      ],
      [
       116.34274753110415,
       40.02377999999999
      ],
      [
       116.34276216525049,
       40.02407999999999
      ],
      [
       116.34602,
       40.02407999999999
      ],
      [
       116.34602,
       40.02377999999999
      ]
     ]
    ]
   }
  },
  {
   "type": "Feature",
   "id": "BLDG-196",
   "properties": {
    "id": "BLDG-196",
    "layer": "BUILDING_FOOTPRINT",
    "source_type": "agent_generated_design",
    "confidence": "low",
    "geometry_role": "design_proposal",
    "building_type": "ai_r_and_d",
    "concept_floors": 10,
    "name_zh": "众智园加速区北段·科研用地·概念建筑基底196",
    "name_en": "Concept footprint 196",
    "area_sqm_declared": 9171.383
   },
   "geometry": {
    "type": "Polygon",
    "coordinates": [
     [
      [
       116.34602,
       40.024599999999985
      ],
      [
       116.34278753110415,
       40.024599999999985
      ],
      [
       116.34280216525049,
       40.02489999999999
      ],
      [
       116.34602,
       40.02489999999999
      ],
      [
       116.34602,
       40.024599999999985
      ]
     ]
    ]
   }
  },
  {
   "type": "Feature",
   "id": "BLDG-197",
   "properties": {
    "id": "BLDG-197",
    "layer": "BUILDING_FOOTPRINT",
    "source_type": "agent_generated_design",
    "confidence": "low",
    "geometry_role": "design_proposal",
    "building_type": "ai_r_and_d",
    "concept_floors": 10,
    "name_zh": "众智园加速区北段·科研用地·概念建筑基底197",
    "name_en": "Concept footprint 197",
    "area_sqm_declared": 9057.528
   },
   "geometry": {
    "type": "Polygon",
    "coordinates": [
     [
      [
       116.34602,
       40.02541999999998
      ],
      [
       116.34282753110415,
       40.02541999999998
      ],
      [
       116.34284216525049,
       40.025719999999986
      ],
      [
       116.34602,
       40.025719999999986
      ],
      [
       116.34602,
       40.02541999999998
      ]
     ]
    ]
   }
  },
  {
   "type": "Feature",
   "id": "BLDG-198",
   "properties": {
    "id": "BLDG-198",
    "layer": "BUILDING_FOOTPRINT",
    "source_type": "agent_generated_design",
    "confidence": "low",
    "geometry_role": "design_proposal",
    "building_type": "residential",
    "concept_floors": 12,
    "name_zh": "众智园加速区北段·城镇住宅用地·概念建筑基底198",
    "name_en": "Concept footprint 198",
    "area_sqm_declared": 17558.987
   },
   "geometry": {
    "type": "Polygon",
    "coordinates": [
     [
      [
       116.35476246970902,
       40.019980000000004
      ],
      [
       116.35474603135285,
       40.01968
      ],
      [
       116.34858,
       40.01968
      ],
      [
       116.34858,
       40.019980000000004
      ],
      [
       116.35476246970902,
       40.019980000000004
      ]
     ]
    ]
   }
  },
  {
   "type": "Feature",
   "id": "BLDG-199",
   "properties": {
    "id": "BLDG-199",
    "layer": "BUILDING_FOOTPRINT",
    "source_type": "agent_generated_design",
    "confidence": "low",
    "geometry_role": "design_proposal",
    "building_type": "residential",
    "concept_floors": 12,
    "name_zh": "众智园加速区北段·城镇住宅用地·概念建筑基底199",
    "name_en": "Concept footprint 199",
    "area_sqm_declared": 17686.559
   },
   "geometry": {
    "type": "Polygon",
    "coordinates": [
     [
      [
       116.35480740121587,
       40.0208
      ],
      [
       116.3547909628597,
       40.0205
      ],
      [
       116.34858,
       40.0205
      ],
      [
       116.34858,
       40.0208
      ],
      [
       116.35480740121587,
       40.0208
      ]
     ]
    ]
   }
  },
  {
   "type": "Feature",
   "id": "BLDG-200",
   "properties": {
    "id": "BLDG-200",
    "layer": "BUILDING_FOOTPRINT",
    "source_type": "agent_generated_design",
    "confidence": "low",
    "geometry_role": "design_proposal",
    "building_type": "residential",
    "concept_floors": 12,
    "name_zh": "众智园加速区北段·城镇住宅用地·概念建筑基底200",
    "name_en": "Concept footprint 200",
    "area_sqm_declared": 17814.128
   },
   "geometry": {
    "type": "Polygon",
    "coordinates": [
     [
      [
       116.3548523327227,
       40.02162
      ],
      [
       116.35483589436654,
       40.021319999999996
      ],
      [
       116.34858,
       40.021319999999996
      ],
      [
       116.34858,
       40.02162
      ],
      [
       116.3548523327227,
       40.02162
      ]
     ]
    ]
   }
  },
  {
   "type": "Feature",
   "id": "BLDG-201",
   "properties": {
    "id": "BLDG-201",
    "layer": "BUILDING_FOOTPRINT",
    "source_type": "agent_generated_design",
    "confidence": "low",
    "geometry_role": "design_proposal",
    "building_type": "residential",
    "concept_floors": 12,
    "name_zh": "众智园加速区北段·城镇住宅用地·概念建筑基底201",
    "name_en": "Concept footprint 201",
    "area_sqm_declared": 17941.694
   },
   "geometry": {
    "type": "Polygon",
    "coordinates": [
     [
      [
       116.35489726422955,
       40.022439999999996
      ],
      [
       116.3548808258734,
       40.02213999999999
      ],
      [
       116.34858,
       40.02213999999999
      ],
      [
       116.34858,
       40.022439999999996
      ],
      [
       116.35489726422955,
       40.022439999999996
      ]
     ]
    ]
   }
  },
  {
   "type": "Feature",
   "id": "BLDG-202",
   "properties": {
    "id": "BLDG-202",
    "layer": "BUILDING_FOOTPRINT",
    "source_type": "agent_generated_design",
    "confidence": "low",
    "geometry_role": "design_proposal",
    "building_type": "residential",
    "concept_floors": 12,
    "name_zh": "众智园加速区北段·城镇住宅用地·概念建筑基底202",
    "name_en": "Concept footprint 202",
    "area_sqm_declared": 18069.256
   },
   "geometry": {
    "type": "Polygon",
    "coordinates": [
     [
      [
       116.3549421957364,
       40.02325999999999
      ],
      [
       116.35492575738024,
       40.02295999999999
      ],
      [
       116.34858,
       40.02295999999999
      ],
      [
       116.34858,
       40.02325999999999
      ],
      [
       116.3549421957364,
       40.02325999999999
      ]
     ]
    ]
   }
  },
  {
   "type": "Feature",
   "id": "BLDG-203",
   "properties": {
    "id": "BLDG-203",
    "layer": "BUILDING_FOOTPRINT",
    "source_type": "agent_generated_design",
    "confidence": "low",
    "geometry_role": "design_proposal",
    "building_type": "residential",
    "concept_floors": 12,
    "name_zh": "众智园加速区北段·城镇住宅用地·概念建筑基底203",
    "name_en": "Concept footprint 203",
    "area_sqm_declared": 18196.816
   },
   "geometry": {
    "type": "Polygon",
    "coordinates": [
     [
      [
       116.35498712724325,
       40.02407999999999
      ],
      [
       116.3549706888871,
       40.02377999999999
      ],
      [
       116.34858,
       40.02377999999999
      ],
      [
       116.34858,
       40.02407999999999
      ],
      [
       116.35498712724325,
       40.02407999999999
      ]
     ]
    ]
   }
  },
  {
   "type": "Feature",
   "id": "BLDG-204",
   "properties": {
    "id": "BLDG-204",
    "layer": "BUILDING_FOOTPRINT",
    "source_type": "agent_generated_design",
    "confidence": "low",
    "geometry_role": "design_proposal",
    "building_type": "residential",
    "concept_floors": 12,
    "name_zh": "众智园加速区北段·城镇住宅用地·概念建筑基底204",
    "name_en": "Concept footprint 204",
    "area_sqm_declared": 18324.373
   },
   "geometry": {
    "type": "Polygon",
    "coordinates": [
     [
      [
       116.3550320587501,
       40.02489999999999
      ],
      [
       116.35501562039394,
       40.024599999999985
      ],
      [
       116.34858,
       40.024599999999985
      ],
      [
       116.34858,
       40.02489999999999
      ],
      [
       116.3550320587501,
       40.02489999999999
      ]
     ]
    ]
   }
  },
  {
   "type": "Feature",
   "id": "BLDG-205",
   "properties": {
    "id": "BLDG-205",
    "layer": "BUILDING_FOOTPRINT",
    "source_type": "agent_generated_design",
    "confidence": "low",
    "geometry_role": "design_proposal",
    "building_type": "residential",
    "concept_floors": 12,
    "name_zh": "众智园加速区北段·城镇住宅用地·概念建筑基底205",
    "name_en": "Concept footprint 205",
    "area_sqm_declared": 18451.926
   },
   "geometry": {
    "type": "Polygon",
    "coordinates": [
     [
      [
       116.35507699025695,
       40.025719999999986
      ],
      [
       116.35506055190078,
       40.02541999999998
      ],
      [
       116.34858,
       40.02541999999998
      ],
      [
       116.34858,
       40.025719999999986
      ],
      [
       116.35507699025695,
       40.025719999999986
      ]
     ]
    ]
   }
  }
 ]
}