{
  "type": "FeatureCollection",
  "name": "buildings",
  "features": [
    {
      "type": "Feature",
      "id": "BLD-001",
      "properties": {
        "id": "BLD-001",
        "layer": "BUILDING_FOOTPRINT",
        "source_type": "agent_inferred_from_public_data",
        "confidence": "medium",
        "geometry_role": "provisional_constraint",
        "official_boundary": false,
        "boundary_precision": "provisional_rough",
        "name_zh": "概念建筑 001",
        "building_use_zh": "概念产业/服务建筑",
        "storeys_conceptual": 6,
        "height_m_conceptual": 24.0,
        "footprint_area_sqm": 1925.0,
        "status": "conceptual_proposal",
        "usage_note": "概念体量示意，非现状建筑、非工程结论；待现状建筑与权属数据补齐后复核。"
      },
      "geometry": {
        "type": "Polygon",
        "coordinates": [
          [
            [
              116.34970955328147,
              39.95878978156772
            ],
            [
              116.34970656752495,
              39.95910498042336
            ],
            [
              116.34906291853437,
              39.95910136800999
            ],
            [
              116.34906590724565,
              39.95878616919446
            ],
            [
              116.34970955328147,
              39.95878978156772
            ]
          ]
        ]
      }
    },
    {
      "type": "Feature",
      "id": "BLD-002",
      "properties": {
        "id": "BLD-002",
        "layer": "BUILDING_FOOTPRINT",
        "source_type": "agent_inferred_from_public_data",
        "confidence": "medium",
        "geometry_role": "provisional_constraint",
        "official_boundary": false,
        "boundary_precision": "provisional_rough",
        "name_zh": "概念建筑 002",
        "building_use_zh": "概念产业/服务建筑",
        "storeys_conceptual": 6,
        "height_m_conceptual": 24.0,
        "footprint_area_sqm": 1925.0,
        "status": "conceptual_proposal",
        "usage_note": "概念体量示意，非现状建筑、非工程结论；待现状建筑与权属数据补齐后复核。"
      },
      "geometry": {
        "type": "Polygon",
        "coordinates": [
          [
            [
              116.3496941974612,
              39.960410804068786
            ],
            [
              116.34969121146285,
              39.96072600283506
            ],
            [
              116.34904754727575,
              39.96072239021543
            ],
            [
              116.34905053622907,
              39.96040719148927
            ],
            [
              116.3496941974612,
              39.960410804068786
            ]
          ]
        ]
      }
    },
    {
      "type": "Feature",
      "id": "BLD-003",
      "properties": {
        "id": "BLD-003",
        "layer": "BUILDING_FOOTPRINT",
        "source_type": "agent_inferred_from_public_data",
        "confidence": "medium",
        "geometry_role": "provisional_constraint",
        "official_boundary": false,
        "boundary_precision": "provisional_rough",
        "name_zh": "概念建筑 003",
        "building_use_zh": "概念产业/服务建筑",
        "storeys_conceptual": 6,
        "height_m_conceptual": 24.0,
        "footprint_area_sqm": 1925.0,
        "status": "conceptual_proposal",
        "usage_note": "概念体量示意，非现状建筑、非工程结论；待现状建筑与权属数据补齐后复核。"
      },
      "geometry": {
        "type": "Polygon",
        "coordinates": [
          [
            [
              116.34967884039722,
              39.962031826110255
            ],
            [
              116.349675854157,
              39.96234702478717
            ],
            [
              116.34903217477212,
              39.962343411961264
            ],
            [
              116.34903516396756,
              39.962028213324466
            ],
            [
              116.34967884039722,
              39.962031826110255
            ]
          ]
        ]
      }
    },
    {
      "type": "Feature",
      "id": "BLD-004",
      "properties": {
        "id": "BLD-004",
        "layer": "BUILDING_FOOTPRINT",
        "source_type": "agent_inferred_from_public_data",
        "confidence": "medium",
        "geometry_role": "provisional_constraint",
        "official_boundary": false,
        "boundary_precision": "provisional_rough",
        "name_zh": "概念建筑 004",
        "building_use_zh": "概念产业/服务建筑",
        "storeys_conceptual": 6,
        "height_m_conceptual": 24.0,
        "footprint_area_sqm": 1925.0,
        "status": "conceptual_proposal",
        "usage_note": "概念体量示意，非现状建筑、非工程结论；待现状建筑与权属数据补齐后复核。"
      },
      "geometry": {
        "type": "Polygon",
        "coordinates": [
          [
            [
              116.34966348208937,
              39.96365284769213
            ],
            [
              116.34966049560728,
              39.96396804627967
            ],
            [
              116.3490168010234,
              39.96396443324748
            ],
            [
              116.34901979046094,
              39.96364923470005
            ],
            [
              116.34966348208937,
              39.96365284769213
            ]
          ]
        ]
      }
    },
    {
      "type": "Feature",
      "id": "BLD-005",
      "properties": {
        "id": "BLD-005",
        "layer": "BUILDING_FOOTPRINT",
        "source_type": "agent_inferred_from_public_data",
        "confidence": "medium",
        "geometry_role": "provisional_constraint",
        "official_boundary": false,
        "boundary_precision": "provisional_rough",
        "name_zh": "概念建筑 005",
        "building_use_zh": "概念产业/服务建筑",
        "storeys_conceptual": 6,
        "height_m_conceptual": 24.0,
        "footprint_area_sqm": 1925.0,
        "status": "conceptual_proposal",
        "usage_note": "概念体量示意，非现状建筑、非工程结论；待现状建筑与权属数据补齐后复核。"
      },
      "geometry": {
        "type": "Polygon",
        "coordinates": [
          [
            [
              116.35073020568223,
              39.98312029413397
            ],
            [
              116.35072722204346,
              39.98343549172645
            ],
            [
              116.3500833446726,
              39.98343188316678
            ],
            [
              116.35008633126968,
              39.983116685614355
            ],
            [
              116.35073020568223,
              39.98312029413397
            ]
          ]
        ]
      }
    },
    {
      "type": "Feature",
      "id": "BLD-006",
      "properties": {
        "id": "BLD-006",
        "layer": "BUILDING_FOOTPRINT",
        "source_type": "agent_inferred_from_public_data",
        "confidence": "medium",
        "geometry_role": "provisional_constraint",
        "official_boundary": false,
        "boundary_precision": "provisional_rough",
        "name_zh": "概念建筑 006",
        "building_use_zh": "概念产业/服务建筑",
        "storeys_conceptual": 6,
        "height_m_conceptual": 24.0,
        "footprint_area_sqm": 1925.0,
        "status": "conceptual_proposal",
        "usage_note": "概念体量示意，非现状建筑、非工程结论；待现状建筑与权属数据补齐后复核。"
      },
      "geometry": {
        "type": "Polygon",
        "coordinates": [
          [
            [
              116.35071486075375,
              39.98474131013875
            ],
            [
              116.3507118768733,
              39.98505650764186
            ],
            [
              116.3500679842874,
              39.98505289887618
            ],
            [
              116.3500709711264,
              39.98473770141313
            ],
            [
              116.35071486075375,
              39.98474131013875
            ]
          ]
        ]
      }
    },
    {
      "type": "Feature",
      "id": "BLD-007",
      "properties": {
        "id": "BLD-007",
        "layer": "BUILDING_FOOTPRINT",
        "source_type": "agent_inferred_from_public_data",
        "confidence": "medium",
        "geometry_role": "provisional_constraint",
        "official_boundary": false,
        "boundary_precision": "provisional_rough",
        "name_zh": "概念建筑 007",
        "building_use_zh": "概念产业/服务建筑",
        "storeys_conceptual": 6,
        "height_m_conceptual": 24.0,
        "footprint_area_sqm": 1925.0,
        "status": "conceptual_proposal",
        "usage_note": "概念体量示意，非现状建筑、非工程结论；待现状建筑与权属数据补齐后复核。"
      },
      "geometry": {
        "type": "Polygon",
        "coordinates": [
          [
            [
              116.35069951458225,
              39.98636232568388
            ],
            [
              116.3506965304601,
              39.98667752309762
            ],
            [
              116.3500526226579,
              39.98667391412591
            ],
            [
              116.35005560973887,
              39.986358716752235
            ],
            [
              116.35069951458225,
              39.98636232568388
            ]
          ]
        ]
      }
    },
    {
      "type": "Feature",
      "id": "BLD-008",
      "properties": {
        "id": "BLD-008",
        "layer": "BUILDING_FOOTPRINT",
        "source_type": "agent_inferred_from_public_data",
        "confidence": "medium",
        "geometry_role": "provisional_constraint",
        "official_boundary": false,
        "boundary_precision": "provisional_rough",
        "name_zh": "概念建筑 008",
        "building_use_zh": "概念产业/服务建筑",
        "storeys_conceptual": 6,
        "height_m_conceptual": 24.0,
        "footprint_area_sqm": 1925.0,
        "status": "conceptual_proposal",
        "usage_note": "概念体量示意，非现状建筑、非工程结论；待现状建筑与权属数据补齐后复核。"
      },
      "geometry": {
        "type": "Polygon",
        "coordinates": [
          [
            [
              116.35307156815973,
              39.9831333858758
            ],
            [
              116.3530685952786,
              39.983448583613615
            ],
            [
              116.3524247174863,
              39.98344498805896
            ],
            [
              116.35242769332578,
              39.98312979036106
            ],
            [
              116.35307156815973,
              39.9831333858758
            ]
          ]
        ]
      }
    },
    {
      "type": "Feature",
      "id": "BLD-009",
      "properties": {
        "id": "BLD-009",
        "layer": "BUILDING_FOOTPRINT",
        "source_type": "agent_inferred_from_public_data",
        "confidence": "medium",
        "geometry_role": "provisional_constraint",
        "official_boundary": false,
        "boundary_precision": "provisional_rough",
        "name_zh": "概念建筑 009",
        "building_use_zh": "概念产业/服务建筑",
        "storeys_conceptual": 6,
        "height_m_conceptual": 24.0,
        "footprint_area_sqm": 1925.0,
        "status": "conceptual_proposal",
        "usage_note": "概念体量示意，非现状建筑、非工程结论；待现状建筑与权属数据补齐后复核。"
      },
      "geometry": {
        "type": "Polygon",
        "coordinates": [
          [
            [
              116.35305627855793,
              39.98475440262799
            ],
            [
              116.35305330543596,
              39.98506960027644
            ],
            [
              116.35240941242856,
              39.985066004516526
            ],
            [
              116.35241238850911,
              39.984750806907996
            ],
            [
              116.35305627855793,
              39.98475440262799
            ]
          ]
        ]
      }
    },
    {
      "type": "Feature",
      "id": "BLD-010",
      "properties": {
        "id": "BLD-010",
        "layer": "BUILDING_FOOTPRINT",
        "source_type": "agent_inferred_from_public_data",
        "confidence": "medium",
        "geometry_role": "provisional_constraint",
        "official_boundary": false,
        "boundary_precision": "provisional_rough",
        "name_zh": "概念建筑 010",
        "building_use_zh": "概念产业/服务建筑",
        "storeys_conceptual": 6,
        "height_m_conceptual": 24.0,
        "footprint_area_sqm": 1925.0,
        "status": "conceptual_proposal",
        "usage_note": "概念体量示意，非现状建筑、非工程结论；待现状建筑与权属数据补齐后复核。"
      },
      "geometry": {
        "type": "Polygon",
        "coordinates": [
          [
            [
              116.35304098771753,
              39.98637541892058
            ],
            [
              116.35303801435475,
              39.986690616479656
            ],
            [
              116.35239410613103,
              39.98668702051445
            ],
            [
              116.35239708245265,
              39.986371822995295
            ],
            [
              116.35304098771753,
              39.98637541892058
            ]
          ]
        ]
      }
    },
    {
      "type": "Feature",
      "id": "BLD-011",
      "properties": {
        "id": "BLD-011",
        "layer": "BUILDING_FOOTPRINT",
        "source_type": "agent_inferred_from_public_data",
        "confidence": "medium",
        "geometry_role": "provisional_constraint",
        "official_boundary": false,
        "boundary_precision": "provisional_rough",
        "name_zh": "概念建筑 011",
        "building_use_zh": "概念产业/服务建筑",
        "storeys_conceptual": 6,
        "height_m_conceptual": 24.0,
        "footprint_area_sqm": 1925.0,
        "status": "conceptual_proposal",
        "usage_note": "概念体量示意，非现状建筑、非工程结论；待现状建筑与权属数据补齐后复核。"
      },
      "geometry": {
        "type": "Polygon",
        "coordinates": [
          [
            [
              116.35302569563852,
              39.98799643475354
            ],
            [
              116.35302272203485,
              39.98831163222324
            ],
            [
              116.35237879859359,
              39.98830803605275
            ],
            [
              116.35238177515633,
              39.987992838622965
            ],
            [
              116.35302569563852,
              39.98799643475354
            ]
          ]
        ]
      }
    },
    {
      "type": "Feature",
      "id": "BLD-012",
      "properties": {
        "id": "BLD-012",
        "layer": "BUILDING_FOOTPRINT",
        "source_type": "agent_inferred_from_public_data",
        "confidence": "medium",
        "geometry_role": "provisional_constraint",
        "official_boundary": false,
        "boundary_precision": "provisional_rough",
        "name_zh": "概念建筑 012",
        "building_use_zh": "概念产业/服务建筑",
        "storeys_conceptual": 6,
        "height_m_conceptual": 24.0,
        "footprint_area_sqm": 1925.0,
        "status": "conceptual_proposal",
        "usage_note": "概念体量示意，非现状建筑、非工程结论；待现状建筑与权属数据补齐后复核。"
      },
      "geometry": {
        "type": "Polygon",
        "coordinates": [
          [
            [
              116.3530104023207,
              39.98961745012687
            ],
            [
              116.35300742847618,
              39.9899326475072
            ],
            [
              116.35236348981616,
              39.98992905113141
            ],
            [
              116.35236646662,
              39.989613853791
            ],
            [
              116.3530104023207,
              39.98961745012687
            ]
          ]
        ]
      }
    },
    {
      "type": "Feature",
      "id": "BLD-013",
      "properties": {
        "id": "BLD-013",
        "layer": "BUILDING_FOOTPRINT",
        "source_type": "agent_inferred_from_public_data",
        "confidence": "medium",
        "geometry_role": "provisional_constraint",
        "official_boundary": false,
        "boundary_precision": "provisional_rough",
        "name_zh": "概念建筑 013",
        "building_use_zh": "概念产业/服务建筑",
        "storeys_conceptual": 6,
        "height_m_conceptual": 24.0,
        "footprint_area_sqm": 1925.0,
        "status": "conceptual_proposal",
        "usage_note": "概念体量示意，非现状建筑、非工程结论；待现状建筑与权属数据补齐后复核。"
      },
      "geometry": {
        "type": "Polygon",
        "coordinates": [
          [
            [
              116.35299510776403,
              39.99123846504057
            ],
            [
              116.35299213367857,
              39.991553662331526
            ],
            [
              116.35234817979855,
              39.99155006575042
            ],
            [
              116.35235115684353,
              39.9912348684994
            ],
            [
              116.35299510776403,
              39.99123846504057
            ]
          ]
        ]
      }
    },
    {
      "type": "Feature",
      "id": "BLD-014",
      "properties": {
        "id": "BLD-014",
        "layer": "BUILDING_FOOTPRINT",
        "source_type": "agent_inferred_from_public_data",
        "confidence": "medium",
        "geometry_role": "provisional_constraint",
        "official_boundary": false,
        "boundary_precision": "provisional_rough",
        "name_zh": "概念建筑 014",
        "building_use_zh": "概念产业/服务建筑",
        "storeys_conceptual": 6,
        "height_m_conceptual": 24.0,
        "footprint_area_sqm": 1925.0,
        "status": "conceptual_proposal",
        "usage_note": "概念体量示意，非现状建筑、非工程结论；待现状建筑与权属数据补齐后复核。"
      },
      "geometry": {
        "type": "Polygon",
        "coordinates": [
          [
            [
              116.35297981196837,
              39.992859479494626
            ],
            [
              116.35297683764198,
              39.99317467669621
            ],
            [
              116.3523328685407,
              39.99317107990979
            ],
            [
              116.35233584582684,
              39.99285588274814
            ],
            [
              116.35297981196837,
              39.992859479494626
            ]
          ]
        ]
      }
    },
    {
      "type": "Feature",
      "id": "BLD-015",
      "properties": {
        "id": "BLD-015",
        "layer": "BUILDING_FOOTPRINT",
        "source_type": "agent_inferred_from_public_data",
        "confidence": "medium",
        "geometry_role": "provisional_constraint",
        "official_boundary": false,
        "boundary_precision": "provisional_rough",
        "name_zh": "概念建筑 015",
        "building_use_zh": "概念产业/服务建筑",
        "storeys_conceptual": 6,
        "height_m_conceptual": 24.0,
        "footprint_area_sqm": 1925.0,
        "status": "conceptual_proposal",
        "usage_note": "概念体量示意，非现状建筑、非工程结论；待现状建筑与权属数据补齐后复核。"
      },
      "geometry": {
        "type": "Polygon",
        "coordinates": [
          [
            [
              116.35296451493359,
              39.99448049348906
            ],
            [
              116.35296154036625,
              39.99479569060126
            ],
            [
              116.3523175560425,
              39.99479209360952
            ],
            [
              116.35232053356985,
              39.99447689653723
            ],
            [
              116.35296451493359,
              39.99448049348906
            ]
          ]
        ]
      }
    },
    {
      "type": "Feature",
      "id": "BLD-016",
      "properties": {
        "id": "BLD-016",
        "layer": "BUILDING_FOOTPRINT",
        "source_type": "agent_inferred_from_public_data",
        "confidence": "medium",
        "geometry_role": "provisional_constraint",
        "official_boundary": false,
        "boundary_precision": "provisional_rough",
        "name_zh": "概念建筑 016",
        "building_use_zh": "概念产业/服务建筑",
        "storeys_conceptual": 6,
        "height_m_conceptual": 24.0,
        "footprint_area_sqm": 1925.0,
        "status": "conceptual_proposal",
        "usage_note": "概念体量示意，非现状建筑、非工程结论；待现状建筑与权属数据补齐后复核。"
      },
      "geometry": {
        "type": "Polygon",
        "coordinates": [
          [
            [
              116.35294921665958,
              39.99610150702383
            ],
            [
              116.3529462418513,
              39.99641670404666
            ],
            [
              116.3523022423038,
              39.99641310684959
            ],
            [
              116.35230522007237,
              39.99609790986668
            ],
            [
              116.35294921665958,
              39.99610150702383
            ]
          ]
        ]
      }
    },
    {
      "type": "Feature",
      "id": "BLD-017",
      "properties": {
        "id": "BLD-017",
        "layer": "BUILDING_FOOTPRINT",
        "source_type": "agent_inferred_from_public_data",
        "confidence": "medium",
        "geometry_role": "provisional_constraint",
        "official_boundary": false,
        "boundary_precision": "provisional_rough",
        "name_zh": "概念建筑 017",
        "building_use_zh": "概念产业/服务建筑",
        "storeys_conceptual": 6,
        "height_m_conceptual": 24.0,
        "footprint_area_sqm": 1925.0,
        "status": "conceptual_proposal",
        "usage_note": "概念体量示意，非现状建筑、非工程结论；待现状建筑与权属数据补齐后复核。"
      },
      "geometry": {
        "type": "Polygon",
        "coordinates": [
          [
            [
              116.35293391714626,
              39.997722520098954
            ],
            [
              116.35293094209696,
              39.9980377170324
            ],
            [
              116.35228692732456,
              39.99803411962997
            ],
            [
              116.35228990533433,
              39.99771892273646
            ],
            [
              116.35293391714626,
              39.997722520098954
            ]
          ]
        ]
      }
    },
    {
      "type": "Feature",
      "id": "BLD-018",
      "properties": {
        "id": "BLD-018",
        "layer": "BUILDING_FOOTPRINT",
        "source_type": "agent_inferred_from_public_data",
        "confidence": "medium",
        "geometry_role": "provisional_constraint",
        "official_boundary": false,
        "boundary_precision": "provisional_rough",
        "name_zh": "概念建筑 018",
        "building_use_zh": "概念产业/服务建筑",
        "storeys_conceptual": 6,
        "height_m_conceptual": 24.0,
        "footprint_area_sqm": 1925.0,
        "status": "conceptual_proposal",
        "usage_note": "概念体量示意，非现状建筑、非工程结论；待现状建筑与权属数据补齐后复核。"
      },
      "geometry": {
        "type": "Polygon",
        "coordinates": [
          [
            [
              116.35034851869506,
              40.020997604432054
            ],
            [
              116.3503455292982,
              40.02131279993445
            ],
            [
              116.34970129608605,
              40.02130918643168
            ],
            [
              116.34970428844686,
              40.020993990969394
            ],
            [
              116.35034851869506,
              40.020997604432054
            ]
          ]
        ]
      }
    },
    {
      "type": "Feature",
      "id": "BLD-019",
      "properties": {
        "id": "BLD-019",
        "layer": "BUILDING_FOOTPRINT",
        "source_type": "agent_inferred_from_public_data",
        "confidence": "medium",
        "geometry_role": "provisional_constraint",
        "official_boundary": false,
        "boundary_precision": "provisional_rough",
        "name_zh": "概念建筑 019",
        "building_use_zh": "概念产业/服务建筑",
        "storeys_conceptual": 6,
        "height_m_conceptual": 24.0,
        "footprint_area_sqm": 1925.0,
        "status": "conceptual_proposal",
        "usage_note": "概念体量示意，非现状建筑、非工程结论；待现状建筑与权属数据补齐后复核。"
      },
      "geometry": {
        "type": "Polygon",
        "coordinates": [
          [
            [
              116.35033314415234,
              40.02261860968778
            ],
            [
              116.35033015451327,
              40.022933805100784
            ],
            [
              116.34968590605727,
              40.02293019139177
            ],
            [
              116.34968889866053,
              40.02261499601887
            ],
            [
              116.35033314415234,
              40.02261860968778
            ]
          ]
        ]
      }
    },
    {
      "type": "Feature",
      "id": "BLD-020",
      "properties": {
        "id": "BLD-020",
        "layer": "BUILDING_FOOTPRINT",
        "source_type": "agent_inferred_from_public_data",
        "confidence": "medium",
        "geometry_role": "provisional_constraint",
        "official_boundary": false,
        "boundary_precision": "provisional_rough",
        "name_zh": "概念建筑 020",
        "building_use_zh": "概念产业/服务建筑",
        "storeys_conceptual": 6,
        "height_m_conceptual": 24.0,
        "footprint_area_sqm": 1925.0,
        "status": "conceptual_proposal",
        "usage_note": "概念体量示意，非现状建筑、非工程结论；待现状建筑与权属数据补齐后复核。"
      },
      "geometry": {
        "type": "Polygon",
        "coordinates": [
          [
            [
              116.35031776836392,
              40.02423961448377
            ],
            [
              116.35031477848263,
              40.02455480980736
            ],
            [
              116.34967051478154,
              40.02455119589209
            ],
            [
              116.34967350762726,
              40.024236000608596
            ],
            [
              116.35031776836392,
              40.02423961448377
            ]
          ]
        ]
      }
    },
    {
      "type": "Feature",
      "id": "BLD-021",
      "properties": {
        "id": "BLD-021",
        "layer": "BUILDING_FOOTPRINT",
        "source_type": "agent_inferred_from_public_data",
        "confidence": "medium",
        "geometry_role": "provisional_constraint",
        "official_boundary": false,
        "boundary_precision": "provisional_rough",
        "name_zh": "概念建筑 021",
        "building_use_zh": "概念产业/服务建筑",
        "storeys_conceptual": 6,
        "height_m_conceptual": 24.0,
        "footprint_area_sqm": 1925.0,
        "status": "conceptual_proposal",
        "usage_note": "概念体量示意，非现状建筑、非工程结论；待现状建筑与权属数据补齐后复核。"
      },
      "geometry": {
        "type": "Polygon",
        "coordinates": [
          [
            [
              116.3503023913297,
              40.02586061881995
            ],
            [
              116.35029940120613,
              40.02617581405415
            ],
            [
              116.34965512225871,
              40.02617219993261
            ],
            [
              116.34965811534693,
              40.025857004738526
            ],
            [
              116.3503023913297,
              40.02586061881995
            ]
          ]
        ]
      }
    },
    {
      "type": "Feature",
      "id": "BLD-022",
      "properties": {
        "id": "BLD-022",
        "layer": "BUILDING_FOOTPRINT",
        "source_type": "agent_inferred_from_public_data",
        "confidence": "medium",
        "geometry_role": "provisional_constraint",
        "official_boundary": false,
        "boundary_precision": "provisional_rough",
        "name_zh": "概念建筑 022",
        "building_use_zh": "概念产业/服务建筑",
        "storeys_conceptual": 6,
        "height_m_conceptual": 24.0,
        "footprint_area_sqm": 1925.0,
        "status": "conceptual_proposal",
        "usage_note": "概念体量示意，非现状建筑、非工程结论；待现状建筑与权属数据补齐后复核。"
      },
      "geometry": {
        "type": "Polygon",
        "coordinates": [
          [
            [
              116.35276775206448,
              40.01290567719267
            ],
            [
              116.35276477465199,
              40.01322087328751
            ],
            [
              116.35212061721852,
              40.013217273834485
            ],
            [
              116.35212359759377,
              40.01290207777959
            ],
            [
              116.35276775206448,
              40.01290567719267
            ]
          ]
        ]
      }
    },
    {
      "type": "Feature",
      "id": "BLD-023",
      "properties": {
        "id": "BLD-023",
        "layer": "BUILDING_FOOTPRINT",
        "source_type": "agent_inferred_from_public_data",
        "confidence": "medium",
        "geometry_role": "provisional_constraint",
        "official_boundary": false,
        "boundary_precision": "provisional_rough",
        "name_zh": "概念建筑 023",
        "building_use_zh": "概念产业/服务建筑",
        "storeys_conceptual": 6,
        "height_m_conceptual": 24.0,
        "footprint_area_sqm": 1925.0,
        "status": "conceptual_proposal",
        "usage_note": "概念体量示意，非现状建筑、非工程结论；待现状建筑与权属数据补齐后复核。"
      },
      "geometry": {
        "type": "Polygon",
        "coordinates": [
          [
            [
              116.35275243915761,
              40.01452668549524
            ],
            [
              116.35274946150388,
              40.0148418815007
            ],
            [
              116.35210528883268,
              40.014838281842216
            ],
            [
              116.3521082694494,
              40.01452308587671
            ],
            [
              116.35275243915761,
              40.01452668549524
            ]
          ]
        ]
      }
    },
    {
      "type": "Feature",
      "id": "BLD-024",
      "properties": {
        "id": "BLD-024",
        "layer": "BUILDING_FOOTPRINT",
        "source_type": "agent_inferred_from_public_data",
        "confidence": "medium",
        "geometry_role": "provisional_constraint",
        "official_boundary": false,
        "boundary_precision": "provisional_rough",
        "name_zh": "概念建筑 024",
        "building_use_zh": "概念产业/服务建筑",
        "storeys_conceptual": 6,
        "height_m_conceptual": 24.0,
        "footprint_area_sqm": 1925.0,
        "status": "conceptual_proposal",
        "usage_note": "概念体量示意，非现状建筑、非工程结论；待现状建筑与权属数据补齐后复核。"
      },
      "geometry": {
        "type": "Polygon",
        "coordinates": [
          [
            [
              116.35273712501007,
              40.016147693338105
            ],
            [
              116.35273414711509,
              40.016462889254164
            ],
            [
              116.35208995920492,
              40.016459289390234
            ],
            [
              116.35209294006316,
              40.01614409351412
            ],
            [
              116.35273712501007,
              40.016147693338105
            ]
          ]
        ]
      }
    },
    {
      "type": "Feature",
      "id": "BLD-025",
      "properties": {
        "id": "BLD-025",
        "layer": "BUILDING_FOOTPRINT",
        "source_type": "agent_inferred_from_public_data",
        "confidence": "medium",
        "geometry_role": "provisional_constraint",
        "official_boundary": false,
        "boundary_precision": "provisional_rough",
        "name_zh": "概念建筑 025",
        "building_use_zh": "概念产业/服务建筑",
        "storeys_conceptual": 6,
        "height_m_conceptual": 24.0,
        "footprint_area_sqm": 1925.0,
        "status": "conceptual_proposal",
        "usage_note": "概念体量示意，非现状建筑、非工程结论；待现状建筑与权属数据补齐后复核。"
      },
      "geometry": {
        "type": "Polygon",
        "coordinates": [
          [
            [
              116.35272180962178,
              40.01776870072126
            ],
            [
              116.35271883148552,
              40.018083896547935
            ],
            [
              116.35207462833516,
              40.018080296478516
            ],
            [
              116.3520776094349,
              40.017765100691804
            ],
            [
              116.35272180962178,
              40.01776870072126
            ]
          ]
        ]
      }
    },
    {
      "type": "Feature",
      "id": "BLD-026",
      "properties": {
        "id": "BLD-026",
        "layer": "BUILDING_FOOTPRINT",
        "source_type": "agent_inferred_from_public_data",
        "confidence": "medium",
        "geometry_role": "provisional_constraint",
        "official_boundary": false,
        "boundary_precision": "provisional_rough",
        "name_zh": "概念建筑 026",
        "building_use_zh": "概念产业/服务建筑",
        "storeys_conceptual": 6,
        "height_m_conceptual": 24.0,
        "footprint_area_sqm": 1925.0,
        "status": "conceptual_proposal",
        "usage_note": "概念体量示意，非现状建筑、非工程结论；待现状建筑与权属数据补齐后复核。"
      },
      "geometry": {
        "type": "Polygon",
        "coordinates": [
          [
            [
              116.35270649299262,
              40.0193897076447
            ],
            [
              116.35270351461506,
              40.01970490338198
            ],
            [
              116.35205929622326,
              40.01970130310708
            ],
            [
              116.35206227756454,
              40.01938610740976
            ],
            [
              116.35270649299262,
              40.0193897076447
            ]
          ]
        ]
      }
    },
    {
      "type": "Feature",
      "id": "BLD-027",
      "properties": {
        "id": "BLD-027",
        "layer": "BUILDING_FOOTPRINT",
        "source_type": "agent_inferred_from_public_data",
        "confidence": "medium",
        "geometry_role": "provisional_constraint",
        "official_boundary": false,
        "boundary_precision": "provisional_rough",
        "name_zh": "概念建筑 027",
        "building_use_zh": "概念产业/服务建筑",
        "storeys_conceptual": 6,
        "height_m_conceptual": 24.0,
        "footprint_area_sqm": 1925.0,
        "status": "conceptual_proposal",
        "usage_note": "概念体量示意，非现状建筑、非工程结论；待现状建筑与权属数据补齐后复核。"
      },
      "geometry": {
        "type": "Polygon",
        "coordinates": [
          [
            [
              116.35269117512246,
              40.02101071410841
            ],
            [
              116.3526881965036,
              40.02132590975629
            ],
            [
              116.35204396286912,
              40.021322309275895
            ],
            [
              116.35204694445196,
              40.02100711366797
            ],
            [
              116.35269117512246,
              40.02101071410841
            ]
          ]
        ]
      }
    },
    {
      "type": "Feature",
      "id": "BLD-028",
      "properties": {
        "id": "BLD-028",
        "layer": "BUILDING_FOOTPRINT",
        "source_type": "agent_inferred_from_public_data",
        "confidence": "medium",
        "geometry_role": "provisional_constraint",
        "official_boundary": false,
        "boundary_precision": "provisional_rough",
        "name_zh": "概念建筑 028",
        "building_use_zh": "概念产业/服务建筑",
        "storeys_conceptual": 6,
        "height_m_conceptual": 24.0,
        "footprint_area_sqm": 1925.0,
        "status": "conceptual_proposal",
        "usage_note": "概念体量示意，非现状建筑、非工程结论；待现状建筑与权属数据补齐后复核。"
      },
      "geometry": {
        "type": "Polygon",
        "coordinates": [
          [
            [
              116.35267585601122,
              40.02263172011239
            ],
            [
              116.352672877151,
              40.02294691567089
            ],
            [
              116.35202862827265,
              40.022943314985
            ],
            [
              116.35203161009703,
              40.022628119466454
            ],
            [
              116.35267585601122,
              40.02263172011239
            ]
          ]
        ]
      }
    },
    {
      "type": "Feature",
      "id": "BLD-029",
      "properties": {
        "id": "BLD-029",
        "layer": "BUILDING_FOOTPRINT",
        "source_type": "agent_inferred_from_public_data",
        "confidence": "medium",
        "geometry_role": "provisional_constraint",
        "official_boundary": false,
        "boundary_precision": "provisional_rough",
        "name_zh": "概念建筑 029",
        "building_use_zh": "概念产业/服务建筑",
        "storeys_conceptual": 6,
        "height_m_conceptual": 24.0,
        "footprint_area_sqm": 1925.0,
        "status": "conceptual_proposal",
        "usage_note": "概念体量示意，非现状建筑、非工程结论；待现状建筑与权属数据补齐后复核。"
      },
      "geometry": {
        "type": "Polygon",
        "coordinates": [
          [
            [
              116.35266053565876,
              40.02425272565665
            ],
            [
              116.35265755655719,
              40.024567921125765
            ],
            [
              116.35201329243367,
              40.02456432023435
            ],
            [
              116.35201627449968,
              40.02424912480521
            ],
            [
              116.35266053565876,
              40.02425272565665
            ]
          ]
        ]
      }
    },
    {
      "type": "Feature",
      "id": "BLD-030",
      "properties": {
        "id": "BLD-030",
        "layer": "BUILDING_FOOTPRINT",
        "source_type": "agent_inferred_from_public_data",
        "confidence": "medium",
        "geometry_role": "provisional_constraint",
        "official_boundary": false,
        "boundary_precision": "provisional_rough",
        "name_zh": "概念建筑 030",
        "building_use_zh": "概念产业/服务建筑",
        "storeys_conceptual": 6,
        "height_m_conceptual": 24.0,
        "footprint_area_sqm": 1925.0,
        "status": "conceptual_proposal",
        "usage_note": "概念体量示意，非现状建筑、非工程结论；待现状建筑与权属数据补齐后复核。"
      },
      "geometry": {
        "type": "Polygon",
        "coordinates": [
          [
            [
              116.35264521406498,
              40.02587373074117
            ],
            [
              116.35264223472201,
              40.02618892612088
            ],
            [
              116.35199795535213,
              40.02618532502395
            ],
            [
              116.35200093765977,
              40.02587012968421
            ],
            [
              116.35264521406498,
              40.02587373074117
            ]
          ]
        ]
      }
    },
    {
      "type": "Feature",
      "id": "BLD-031",
      "properties": {
        "id": "BLD-031",
        "layer": "BUILDING_FOOTPRINT",
        "source_type": "agent_inferred_from_public_data",
        "confidence": "medium",
        "geometry_role": "provisional_constraint",
        "official_boundary": false,
        "boundary_precision": "provisional_rough",
        "name_zh": "概念建筑 031",
        "building_use_zh": "概念产业/服务建筑",
        "storeys_conceptual": 6,
        "height_m_conceptual": 24.0,
        "footprint_area_sqm": 1925.0,
        "status": "conceptual_proposal",
        "usage_note": "概念体量示意，非现状建筑、非工程结论；待现状建筑与权属数据补齐后复核。"
      },
      "geometry": {
        "type": "Polygon",
        "coordinates": [
          [
            [
              116.35501856940245,
              40.022644783180645
            ],
            [
              116.35501560132114,
              40.022959978884124
            ],
            [
              116.3543713520219,
              40.02295639122138
            ],
            [
              116.35437432306742,
              40.02264119555772
            ],
            [
              116.35501856940245,
              40.022644783180645
            ]
          ]
        ]
      }
    },
    {
      "type": "Feature",
      "id": "BLD-032",
      "properties": {
        "id": "BLD-032",
        "layer": "BUILDING_FOOTPRINT",
        "source_type": "agent_inferred_from_public_data",
        "confidence": "medium",
        "geometry_role": "provisional_constraint",
        "official_boundary": false,
        "boundary_precision": "provisional_rough",
        "name_zh": "概念建筑 032",
        "building_use_zh": "概念产业/服务建筑",
        "storeys_conceptual": 6,
        "height_m_conceptual": 24.0,
        "footprint_area_sqm": 1925.0,
        "status": "conceptual_proposal",
        "usage_note": "概念体量示意，非现状建筑、非工程结论；待现状建筑与权属数据补齐后复核。"
      },
      "geometry": {
        "type": "Polygon",
        "coordinates": [
          [
            [
              116.35500330448608,
              40.0242657894705
            ],
            [
              116.35500033616427,
              40.02458098508458
            ],
            [
              116.35435607161988,
              40.02457739721706
            ],
            [
              116.35435904290611,
              40.024262201642806
            ],
            [
              116.35500330448608,
              40.0242657894705
            ]
          ]
        ]
      }
    },
    {
      "type": "Feature",
      "id": "BLD-033",
      "properties": {
        "id": "BLD-033",
        "layer": "BUILDING_FOOTPRINT",
        "source_type": "agent_inferred_from_public_data",
        "confidence": "medium",
        "geometry_role": "provisional_constraint",
        "official_boundary": false,
        "boundary_precision": "provisional_rough",
        "name_zh": "概念建筑 033",
        "building_use_zh": "概念产业/服务建筑",
        "storeys_conceptual": 6,
        "height_m_conceptual": 24.0,
        "footprint_area_sqm": 1925.0,
        "status": "conceptual_proposal",
        "usage_note": "概念体量示意，非现状建筑、非工程结论；待现状建筑与权属数据补齐后复核。"
      },
      "geometry": {
        "type": "Polygon",
        "coordinates": [
          [
            [
              116.35498803833288,
              40.025886795300636
            ],
            [
              116.35498506977056,
              40.02620199082533
            ],
            [
              116.35434078997973,
              40.02619840275303
            ],
            [
              116.35434376150674,
              40.025883207268166
            ],
            [
              116.35498803833288,
              40.025886795300636
            ]
          ]
        ]
      }
    },
    {
      "type": "Feature",
      "id": "BLD-034",
      "properties": {
        "id": "BLD-034",
        "layer": "BUILDING_FOOTPRINT",
        "source_type": "agent_inferred_from_public_data",
        "confidence": "medium",
        "geometry_role": "provisional_constraint",
        "official_boundary": false,
        "boundary_precision": "provisional_rough",
        "name_zh": "概念建筑 034",
        "building_use_zh": "概念产业/服务建筑",
        "storeys_conceptual": 6,
        "height_m_conceptual": 24.0,
        "footprint_area_sqm": 1925.0,
        "status": "conceptual_proposal",
        "usage_note": "概念体量示意，非现状建筑、非工程结论；待现状建筑与权属数据补齐后复核。"
      },
      "geometry": {
        "type": "Polygon",
        "coordinates": [
          [
            [
              116.3410144837902,
              39.95392136441542
            ],
            [
              116.34101145863404,
              39.95423656298874
            ],
            [
              116.34036785640113,
              39.95423290266789
            ],
            [
              116.34037088451129,
              39.9539177041352
            ],
            [
              116.3410144837902,
              39.95392136441542
            ]
          ]
        ]
      }
    },
    {
      "type": "Feature",
      "id": "BLD-035",
      "properties": {
        "id": "BLD-035",
        "layer": "BUILDING_FOOTPRINT",
        "source_type": "agent_inferred_from_public_data",
        "confidence": "medium",
        "geometry_role": "provisional_constraint",
        "official_boundary": false,
        "boundary_precision": "provisional_rough",
        "name_zh": "概念建筑 035",
        "building_use_zh": "概念产业/服务建筑",
        "storeys_conceptual": 6,
        "height_m_conceptual": 24.0,
        "footprint_area_sqm": 1925.0,
        "status": "conceptual_proposal",
        "usage_note": "概念体量示意，非现状建筑、非工程结论；待现状建筑与权属数据补齐后复核。"
      },
      "geometry": {
        "type": "Polygon",
        "coordinates": [
          [
            [
              116.34099892533673,
              39.955542385464476
            ],
            [
              116.34099589993556,
              39.9558575839484
            ],
            [
              116.34035228250993,
              39.95585392341854
            ],
            [
              116.34035531086532,
              39.95553872497525
            ],
            [
              116.34099892533673,
              39.955542385464476
            ]
          ]
        ]
      }
    },
    {
      "type": "Feature",
      "id": "BLD-036",
      "properties": {
        "id": "BLD-036",
        "layer": "BUILDING_FOOTPRINT",
        "source_type": "agent_inferred_from_public_data",
        "confidence": "medium",
        "geometry_role": "provisional_constraint",
        "official_boundary": false,
        "boundary_precision": "provisional_rough",
        "name_zh": "概念建筑 036",
        "building_use_zh": "概念产业/服务建筑",
        "storeys_conceptual": 6,
        "height_m_conceptual": 24.0,
        "footprint_area_sqm": 1925.0,
        "status": "conceptual_proposal",
        "usage_note": "概念体量示意，非现状建筑、非工程结论；待现状建筑与权属数据补齐后复核。"
      },
      "geometry": {
        "type": "Polygon",
        "coordinates": [
          [
            [
              116.34098336562316,
              39.957163406053816
            ],
            [
              116.34098033997697,
              39.957478604448355
            ],
            [
              116.34033670735734,
              39.95747494370947
            ],
            [
              116.34033973595803,
              39.957159745355575
            ],
            [
              116.34098336562316,
              39.957163406053816
            ]
          ]
        ]
      }
    },
    {
      "type": "Feature",
      "id": "BLD-037",
      "properties": {
        "id": "BLD-037",
        "layer": "BUILDING_FOOTPRINT",
        "source_type": "agent_inferred_from_public_data",
        "confidence": "medium",
        "geometry_role": "provisional_constraint",
        "official_boundary": false,
        "boundary_precision": "provisional_rough",
        "name_zh": "概念建筑 037",
        "building_use_zh": "概念产业/服务建筑",
        "storeys_conceptual": 6,
        "height_m_conceptual": 24.0,
        "footprint_area_sqm": 1925.0,
        "status": "conceptual_proposal",
        "usage_note": "概念体量示意，非现状建筑、非工程结论；待现状建筑与权属数据补齐后复核。"
      },
      "geometry": {
        "type": "Polygon",
        "coordinates": [
          [
            [
              116.3409678046494,
              39.95878442618343
            ],
            [
              116.3409647787581,
              39.95909962448859
            ],
            [
              116.3403211309433,
              39.959095963540676
            ],
            [
              116.34032415978926,
              39.95878076527617
            ],
            [
              116.3409678046494,
              39.95878442618343
            ]
          ]
        ]
      }
    },
    {
      "type": "Feature",
      "id": "BLD-038",
      "properties": {
        "id": "BLD-038",
        "layer": "BUILDING_FOOTPRINT",
        "source_type": "agent_inferred_from_public_data",
        "confidence": "medium",
        "geometry_role": "provisional_constraint",
        "official_boundary": false,
        "boundary_precision": "provisional_rough",
        "name_zh": "概念建筑 038",
        "building_use_zh": "概念产业/服务建筑",
        "storeys_conceptual": 6,
        "height_m_conceptual": 24.0,
        "footprint_area_sqm": 1925.0,
        "status": "conceptual_proposal",
        "usage_note": "概念体量示意，非现状建筑、非工程结论；待现状建筑与权属数据补齐后复核。"
      },
      "geometry": {
        "type": "Polygon",
        "coordinates": [
          [
            [
              116.34095224241526,
              39.96040544585332
            ],
            [
              116.34094921627891,
              39.96072064406908
            ],
            [
              116.34030555326767,
              39.96071698291213
            ],
            [
              116.34030858235896,
              39.960401784737016
            ],
            [
              116.34095224241526,
              39.96040544585332
            ]
          ]
        ]
      }
    },
    {
      "type": "Feature",
      "id": "BLD-039",
      "properties": {
        "id": "BLD-039",
        "layer": "BUILDING_FOOTPRINT",
        "source_type": "agent_inferred_from_public_data",
        "confidence": "medium",
        "geometry_role": "provisional_constraint",
        "official_boundary": false,
        "boundary_precision": "provisional_rough",
        "name_zh": "概念建筑 039",
        "building_use_zh": "概念产业/服务建筑",
        "storeys_conceptual": 6,
        "height_m_conceptual": 24.0,
        "footprint_area_sqm": 1925.0,
        "status": "conceptual_proposal",
        "usage_note": "概念体量示意，非现状建筑、非工程结论；待现状建筑与权属数据补齐后复核。"
      },
      "geometry": {
        "type": "Polygon",
        "coordinates": [
          [
            [
              116.3409366789207,
              39.96202646506348
            ],
            [
              116.34093365253925,
              39.962341663189854
            ],
            [
              116.34028997433032,
              39.96233800182386
            ],
            [
              116.34029300366696,
              39.962022803738144
            ],
            [
              116.3409366789207,
              39.96202646506348
            ]
          ]
        ]
      }
    },
    {
      "type": "Feature",
      "id": "BLD-040",
      "properties": {
        "id": "BLD-040",
        "layer": "BUILDING_FOOTPRINT",
        "source_type": "agent_inferred_from_public_data",
        "confidence": "medium",
        "geometry_role": "provisional_constraint",
        "official_boundary": false,
        "boundary_precision": "provisional_rough",
        "name_zh": "概念建筑 040",
        "building_use_zh": "概念产业/服务建筑",
        "storeys_conceptual": 6,
        "height_m_conceptual": 24.0,
        "footprint_area_sqm": 1925.0,
        "status": "conceptual_proposal",
        "usage_note": "概念体量示意，非现状建筑、非工程结论；待现状建筑与权属数据补齐后复核。"
      },
      "geometry": {
        "type": "Polygon",
        "coordinates": [
          [
            [
              116.34092111416554,
              39.96364748381392
            ],
            [
              116.340918087539,
              39.963962681850894
            ],
            [
              116.34027439413116,
              39.96395902027585
            ],
            [
              116.34027742371316,
              39.96364382227953
            ],
            [
              116.34092111416554,
              39.96364748381392
            ]
          ]
        ]
      }
    },
    {
      "type": "Feature",
      "id": "BLD-041",
      "properties": {
        "id": "BLD-041",
        "layer": "BUILDING_FOOTPRINT",
        "source_type": "agent_inferred_from_public_data",
        "confidence": "medium",
        "geometry_role": "provisional_constraint",
        "official_boundary": false,
        "boundary_precision": "provisional_rough",
        "name_zh": "概念建筑 041",
        "building_use_zh": "概念产业/服务建筑",
        "storeys_conceptual": 6,
        "height_m_conceptual": 24.0,
        "footprint_area_sqm": 1925.0,
        "status": "conceptual_proposal",
        "usage_note": "概念体量示意，非现状建筑、非工程结论；待现状建筑与权属数据补齐后复核。"
      },
      "geometry": {
        "type": "Polygon",
        "coordinates": [
          [
            [
              116.34090554814972,
              39.965268502104614
            ],
            [
              116.34090252127803,
              39.965583700052186
            ],
            [
              116.34025881267009,
              39.96558003826808
            ],
            [
              116.34026184249747,
              39.96526484036115
            ],
            [
              116.34090554814972,
              39.965268502104614
            ]
          ]
        ]
      }
    },
    {
      "type": "Feature",
      "id": "BLD-042",
      "properties": {
        "id": "BLD-042",
        "layer": "BUILDING_FOOTPRINT",
        "source_type": "agent_inferred_from_public_data",
        "confidence": "medium",
        "geometry_role": "provisional_constraint",
        "official_boundary": false,
        "boundary_precision": "provisional_rough",
        "name_zh": "概念建筑 042",
        "building_use_zh": "概念产业/服务建筑",
        "storeys_conceptual": 6,
        "height_m_conceptual": 24.0,
        "footprint_area_sqm": 1925.0,
        "status": "conceptual_proposal",
        "usage_note": "概念体量示意，非现状建筑、非工程结论；待现状建筑与权属数据补齐后复核。"
      },
      "geometry": {
        "type": "Polygon",
        "coordinates": [
          [
            [
              116.34088998087313,
              39.96688951993557
            ],
            [
              116.34088695375625,
              39.96720471779375
            ],
            [
              116.34024322994694,
              39.967201055800565
            ],
            [
              116.34024626001973,
              39.96688585798303
            ],
            [
              116.34088998087313,
              39.96688951993557
            ]
          ]
        ]
      }
    },
    {
      "type": "Feature",
      "id": "BLD-043",
      "properties": {
        "id": "BLD-043",
        "layer": "BUILDING_FOOTPRINT",
        "source_type": "agent_inferred_from_public_data",
        "confidence": "medium",
        "geometry_role": "provisional_constraint",
        "official_boundary": false,
        "boundary_precision": "provisional_rough",
        "name_zh": "概念建筑 043",
        "building_use_zh": "概念产业/服务建筑",
        "storeys_conceptual": 6,
        "height_m_conceptual": 24.0,
        "footprint_area_sqm": 1925.0,
        "status": "conceptual_proposal",
        "usage_note": "概念体量示意，非现状建筑、非工程结论；待现状建筑与权属数据补齐后复核。"
      },
      "geometry": {
        "type": "Polygon",
        "coordinates": [
          [
            [
              116.34087441233562,
              39.96851053730677
            ],
            [
              116.34087138497355,
              39.968825735075555
            ],
            [
              116.34022764596165,
              39.96882207287327
            ],
            [
              116.34023067627987,
              39.96850687514514
            ],
            [
              116.34087441233562,
              39.96851053730677
            ]
          ]
        ]
      }
    },
    {
      "type": "Feature",
      "id": "BLD-044",
      "properties": {
        "id": "BLD-044",
        "layer": "BUILDING_FOOTPRINT",
        "source_type": "agent_inferred_from_public_data",
        "confidence": "medium",
        "geometry_role": "provisional_constraint",
        "official_boundary": false,
        "boundary_precision": "provisional_rough",
        "name_zh": "概念建筑 044",
        "building_use_zh": "概念产业/服务建筑",
        "storeys_conceptual": 6,
        "height_m_conceptual": 24.0,
        "footprint_area_sqm": 1925.0,
        "status": "conceptual_proposal",
        "usage_note": "概念体量示意，非现状建筑、非工程结论；待现状建筑与权属数据补齐后复核。"
      },
      "geometry": {
        "type": "Polygon",
        "coordinates": [
          [
            [
              116.34085884253707,
              39.970131554218206
            ],
            [
              116.34085581492982,
              39.970446751897605
            ],
            [
              116.34021206071408,
              39.970443089486224
            ],
            [
              116.34021509127774,
              39.9701278918475
            ],
            [
              116.34085884253707,
              39.970131554218206
            ]
          ]
        ]
      }
    },
    {
      "type": "Feature",
      "id": "BLD-045",
      "properties": {
        "id": "BLD-045",
        "layer": "BUILDING_FOOTPRINT",
        "source_type": "agent_inferred_from_public_data",
        "confidence": "medium",
        "geometry_role": "provisional_constraint",
        "official_boundary": false,
        "boundary_precision": "provisional_rough",
        "name_zh": "概念建筑 045",
        "building_use_zh": "概念产业/服务建筑",
        "storeys_conceptual": 6,
        "height_m_conceptual": 24.0,
        "footprint_area_sqm": 1925.0,
        "status": "conceptual_proposal",
        "usage_note": "概念体量示意，非现状建筑、非工程结论；待现状建筑与权属数据补齐后复核。"
      },
      "geometry": {
        "type": "Polygon",
        "coordinates": [
          [
            [
              116.34084327147742,
              39.971752570669906
            ],
            [
              116.34084024362492,
              39.9720677682599
            ],
            [
              116.34019647420413,
              39.97206410563942
            ],
            [
              116.34019950501327,
              39.97174890809009
            ],
            [
              116.34084327147742,
              39.971752570669906
            ]
          ]
        ]
      }
    },
    {
      "type": "Feature",
      "id": "BLD-046",
      "properties": {
        "id": "BLD-046",
        "layer": "BUILDING_FOOTPRINT",
        "source_type": "agent_inferred_from_public_data",
        "confidence": "medium",
        "geometry_role": "provisional_constraint",
        "official_boundary": false,
        "boundary_precision": "provisional_rough",
        "name_zh": "概念建筑 046",
        "building_use_zh": "概念产业/服务建筑",
        "storeys_conceptual": 6,
        "height_m_conceptual": 24.0,
        "footprint_area_sqm": 1925.0,
        "status": "conceptual_proposal",
        "usage_note": "概念体量示意，非现状建筑、非工程结论；待现状建筑与权属数据补齐后复核。"
      },
      "geometry": {
        "type": "Polygon",
        "coordinates": [
          [
            [
              116.3408276991565,
              39.973373586661836
            ],
            [
              116.34082467105875,
              39.97368878416243
            ],
            [
              116.3401808864317,
              39.97368512133284
            ],
            [
              116.34018391748631,
              39.97336992387291
            ],
            [
              116.3408276991565,
              39.973373586661836
            ]
          ]
        ]
      }
    },
    {
      "type": "Feature",
      "id": "BLD-047",
      "properties": {
        "id": "BLD-047",
        "layer": "BUILDING_FOOTPRINT",
        "source_type": "agent_inferred_from_public_data",
        "confidence": "medium",
        "geometry_role": "provisional_constraint",
        "official_boundary": false,
        "boundary_precision": "provisional_rough",
        "name_zh": "概念建筑 047",
        "building_use_zh": "概念产业/服务建筑",
        "storeys_conceptual": 6,
        "height_m_conceptual": 24.0,
        "footprint_area_sqm": 1925.0,
        "status": "conceptual_proposal",
        "usage_note": "概念体量示意，非现状建筑、非工程结论；待现状建筑与权属数据补齐后复核。"
      },
      "geometry": {
        "type": "Polygon",
        "coordinates": [
          [
            [
              116.34081212557425,
              39.974994602193995
            ],
            [
              116.34080909723119,
              39.97530979960519
            ],
            [
              116.34016529739662,
              39.97530613656647
            ],
            [
              116.34016832869678,
              39.97499093919594
            ],
            [
              116.34081212557425,
              39.974994602193995
            ]
          ]
        ]
      }
    },
    {
      "type": "Feature",
      "id": "BLD-048",
      "properties": {
        "id": "BLD-048",
        "layer": "BUILDING_FOOTPRINT",
        "source_type": "agent_inferred_from_public_data",
        "confidence": "medium",
        "geometry_role": "provisional_constraint",
        "official_boundary": false,
        "boundary_precision": "provisional_rough",
        "name_zh": "概念建筑 048",
        "building_use_zh": "概念产业/服务建筑",
        "storeys_conceptual": 6,
        "height_m_conceptual": 24.0,
        "footprint_area_sqm": 1925.0,
        "status": "conceptual_proposal",
        "usage_note": "概念体量示意，非现状建筑、非工程结论；待现状建筑与权属数据补齐后复核。"
      },
      "geometry": {
        "type": "Polygon",
        "coordinates": [
          [
            [
              116.34079655073047,
              39.976615617266376
            ],
            [
              116.34079352214214,
              39.97693081458817
            ],
            [
              116.34014970709882,
              39.976927151340334
            ],
            [
              116.34015273864452,
              39.9766119540592
            ],
            [
              116.34079655073047,
              39.976615617266376
            ]
          ]
        ]
      }
    },
    {
      "type": "Feature",
      "id": "BLD-049",
      "properties": {
        "id": "BLD-049",
        "layer": "BUILDING_FOOTPRINT",
        "source_type": "agent_inferred_from_public_data",
        "confidence": "medium",
        "geometry_role": "provisional_constraint",
        "official_boundary": false,
        "boundary_precision": "provisional_rough",
        "name_zh": "概念建筑 049",
        "building_use_zh": "概念产业/服务建筑",
        "storeys_conceptual": 6,
        "height_m_conceptual": 24.0,
        "footprint_area_sqm": 1925.0,
        "status": "conceptual_proposal",
        "usage_note": "概念体量示意，非现状建筑、非工程结论；待现状建筑与权属数据补齐后复核。"
      },
      "geometry": {
        "type": "Polygon",
        "coordinates": [
          [
            [
              116.34078097462515,
              39.97823663187899
            ],
            [
              116.3407779457915,
              39.97855182911139
            ],
            [
              116.34013411553819,
              39.97854816565439
            ],
            [
              116.34013714732944,
              39.97823296846266
            ],
            [
              116.34078097462515,
              39.97823663187899
            ]
          ]
        ]
      }
    },
    {
      "type": "Feature",
      "id": "BLD-050",
      "properties": {
        "id": "BLD-050",
        "layer": "BUILDING_FOOTPRINT",
        "source_type": "agent_inferred_from_public_data",
        "confidence": "medium",
        "geometry_role": "provisional_constraint",
        "official_boundary": false,
        "boundary_precision": "provisional_rough",
        "name_zh": "概念建筑 050",
        "building_use_zh": "概念产业/服务建筑",
        "storeys_conceptual": 6,
        "height_m_conceptual": 24.0,
        "footprint_area_sqm": 1925.0,
        "status": "conceptual_proposal",
        "usage_note": "概念体量示意，非现状建筑、非工程结论；待现状建筑与权属数据补齐后复核。"
      },
      "geometry": {
        "type": "Polygon",
        "coordinates": [
          [
            [
              116.34076539725811,
              39.97985764603181
            ],
            [
              116.3407623681791,
              39.980172843174806
            ],
            [
              116.34011852271459,
              39.980169179508664
            ],
            [
              116.34012155475145,
              39.97985398240634
            ],
            [
              116.34076539725811,
              39.97985764603181
            ]
          ]
        ]
      }
    },
    {
      "type": "Feature",
      "id": "BLD-051",
      "properties": {
        "id": "BLD-051",
        "layer": "BUILDING_FOOTPRINT",
        "source_type": "agent_inferred_from_public_data",
        "confidence": "medium",
        "geometry_role": "provisional_constraint",
        "official_boundary": false,
        "boundary_precision": "provisional_rough",
        "name_zh": "概念建筑 051",
        "building_use_zh": "概念产业/服务建筑",
        "storeys_conceptual": 6,
        "height_m_conceptual": 24.0,
        "footprint_area_sqm": 1925.0,
        "status": "conceptual_proposal",
        "usage_note": "概念体量示意，非现状建筑、非工程结论；待现状建筑与权属数据补齐后复核。"
      },
      "geometry": {
        "type": "Polygon",
        "coordinates": [
          [
            [
              116.34349431818146,
              39.93934542745794
            ],
            [
              116.34349130596344,
              39.93966062698309
            ],
            [
              116.342847839983,
              39.93965698152777
            ],
            [
              116.34285085515288,
              39.939341782043094
            ],
            [
              116.34349431818146,
              39.93934542745794
            ]
          ]
        ]
      }
    },
    {
      "type": "Feature",
      "id": "BLD-052",
      "properties": {
        "id": "BLD-052",
        "layer": "BUILDING_FOOTPRINT",
        "source_type": "agent_inferred_from_public_data",
        "confidence": "medium",
        "geometry_role": "provisional_constraint",
        "official_boundary": false,
        "boundary_precision": "provisional_rough",
        "name_zh": "概念建筑 052",
        "building_use_zh": "概念产业/服务建筑",
        "storeys_conceptual": 6,
        "height_m_conceptual": 24.0,
        "footprint_area_sqm": 1925.0,
        "status": "conceptual_proposal",
        "usage_note": "概念体量示意，非现状建筑、非工程结论；待现状建筑与权属数据补齐后复核。"
      },
      "geometry": {
        "type": "Polygon",
        "coordinates": [
          [
            [
              116.34347882626918,
              39.94096645340217
            ],
            [
              116.34347581380719,
              39.94128165283796
            ],
            [
              116.34283233264505,
              39.94127800717445
            ],
            [
              116.34283534805913,
              39.94096280777915
            ],
            [
              116.34347882626918,
              39.94096645340217
            ]
          ]
        ]
      }
    },
    {
      "type": "Feature",
      "id": "BLD-053",
      "properties": {
        "id": "BLD-053",
        "layer": "BUILDING_FOOTPRINT",
        "source_type": "agent_inferred_from_public_data",
        "confidence": "medium",
        "geometry_role": "provisional_constraint",
        "official_boundary": false,
        "boundary_precision": "provisional_rough",
        "name_zh": "概念建筑 053",
        "building_use_zh": "概念产业/服务建筑",
        "storeys_conceptual": 6,
        "height_m_conceptual": 24.0,
        "footprint_area_sqm": 1925.0,
        "status": "conceptual_proposal",
        "usage_note": "概念体量示意，非现状建筑、非工程结论；待现状建筑与权属数据补齐后复核。"
      },
      "geometry": {
        "type": "Polygon",
        "coordinates": [
          [
            [
              116.34346333310226,
              39.942587478886765
            ],
            [
              116.34346032039633,
              39.942902678233175
            ],
            [
              116.34281682405124,
              39.94289903236149
            ],
            [
              116.3428198397095,
              39.94258383305555
            ],
            [
              116.34346333310226,
              39.942587478886765
            ]
          ]
        ]
      }
    },
    {
      "type": "Feature",
      "id": "BLD-054",
      "properties": {
        "id": "BLD-054",
        "layer": "BUILDING_FOOTPRINT",
        "source_type": "agent_inferred_from_public_data",
        "confidence": "medium",
        "geometry_role": "provisional_constraint",
        "official_boundary": false,
        "boundary_precision": "provisional_rough",
        "name_zh": "概念建筑 054",
        "building_use_zh": "概念产业/服务建筑",
        "storeys_conceptual": 6,
        "height_m_conceptual": 24.0,
        "footprint_area_sqm": 1925.0,
        "status": "conceptual_proposal",
        "usage_note": "概念体量示意，非现状建筑、非工程结论；待现状建筑与权属数据补齐后复核。"
      },
      "geometry": {
        "type": "Polygon",
        "coordinates": [
          [
            [
              116.34344783868062,
              39.94420850391173
            ],
            [
              116.34344482573071,
              39.94452370316876
            ],
            [
              116.34280131420142,
              39.944520057088866
            ],
            [
              116.34280433010393,
              39.944204857872315
            ],
            [
              116.34344783868062,
              39.94420850391173
            ]
          ]
        ]
      }
    },
    {
      "type": "Feature",
      "id": "BLD-055",
      "properties": {
        "id": "BLD-055",
        "layer": "BUILDING_FOOTPRINT",
        "source_type": "agent_inferred_from_public_data",
        "confidence": "medium",
        "geometry_role": "provisional_constraint",
        "official_boundary": false,
        "boundary_precision": "provisional_rough",
        "name_zh": "概念建筑 055",
        "building_use_zh": "概念产业/服务建筑",
        "storeys_conceptual": 6,
        "height_m_conceptual": 24.0,
        "footprint_area_sqm": 1925.0,
        "status": "conceptual_proposal",
        "usage_note": "概念体量示意，非现状建筑、非工程结论；待现状建筑与权属数据补齐后复核。"
      },
      "geometry": {
        "type": "Polygon",
        "coordinates": [
          [
            [
              116.34343234300414,
              39.94582952847705
            ],
            [
              116.34342932981022,
              39.9461447276447
            ],
            [
              116.34278580309554,
              39.94614108135661
            ],
            [
              116.34278881924229,
              39.945825882229435
            ],
            [
              116.34343234300414,
              39.94582952847705
            ]
          ]
        ]
      }
    },
    {
      "type": "Feature",
      "id": "BLD-056",
      "properties": {
        "id": "BLD-056",
        "layer": "BUILDING_FOOTPRINT",
        "source_type": "agent_inferred_from_public_data",
        "confidence": "medium",
        "geometry_role": "provisional_constraint",
        "official_boundary": false,
        "boundary_precision": "provisional_rough",
        "name_zh": "概念建筑 056",
        "building_use_zh": "概念产业/服务建筑",
        "storeys_conceptual": 6,
        "height_m_conceptual": 24.0,
        "footprint_area_sqm": 1925.0,
        "status": "conceptual_proposal",
        "usage_note": "概念体量示意，非现状建筑、非工程结论；待现状建筑与权属数据补齐后复核。"
      },
      "geometry": {
        "type": "Polygon",
        "coordinates": [
          [
            [
              116.34341684607271,
              39.94745055258271
            ],
            [
              116.34341383263477,
              39.947765751660995
            ],
            [
              116.34277029073345,
              39.94776210516468
            ],
            [
              116.34277330712447,
              39.94744690612689
            ],
            [
              116.34341684607271,
              39.94745055258271
            ]
          ]
        ]
      }
    },
    {
      "type": "Feature",
      "id": "BLD-057",
      "properties": {
        "id": "BLD-057",
        "layer": "BUILDING_FOOTPRINT",
        "source_type": "agent_inferred_from_public_data",
        "confidence": "medium",
        "geometry_role": "provisional_constraint",
        "official_boundary": false,
        "boundary_precision": "provisional_rough",
        "name_zh": "概念建筑 057",
        "building_use_zh": "概念产业/服务建筑",
        "storeys_conceptual": 6,
        "height_m_conceptual": 24.0,
        "footprint_area_sqm": 1925.0,
        "status": "conceptual_proposal",
        "usage_note": "概念体量示意，非现状建筑、非工程结论；待现状建筑与权属数据补齐后复核。"
      },
      "geometry": {
        "type": "Polygon",
        "coordinates": [
          [
            [
              116.34340134788623,
              39.94907157622873
            ],
            [
              116.34339833420421,
              39.94938677521763
            ],
            [
              116.34275477711505,
              39.9493831285131
            ],
            [
              116.34275779375035,
              39.949067929564684
            ],
            [
              116.34340134788623,
              39.94907157622873
            ]
          ]
        ]
      }
    },
    {
      "type": "Feature",
      "id": "BLD-058",
      "properties": {
        "id": "BLD-058",
        "layer": "BUILDING_FOOTPRINT",
        "source_type": "agent_inferred_from_public_data",
        "confidence": "medium",
        "geometry_role": "provisional_constraint",
        "official_boundary": false,
        "boundary_precision": "provisional_rough",
        "name_zh": "概念建筑 058",
        "building_use_zh": "概念产业/服务建筑",
        "storeys_conceptual": 6,
        "height_m_conceptual": 24.0,
        "footprint_area_sqm": 1925.0,
        "status": "conceptual_proposal",
        "usage_note": "概念体量示意，非现状建筑、非工程结论；待现状建筑与权属数据补齐后复核。"
      },
      "geometry": {
        "type": "Polygon",
        "coordinates": [
          [
            [
              116.34338584844456,
              39.95069259941508
            ],
            [
              116.34338283451847,
              39.95100779831461
            ],
            [
              116.3427392622402,
              39.95100415140183
            ],
            [
              116.34274227911982,
              39.9506889525428
            ],
            [
              116.34338584844456,
              39.95069259941508
            ]
          ]
        ]
      }
    },
    {
      "type": "Feature",
      "id": "BLD-059",
      "properties": {
        "id": "BLD-059",
        "layer": "BUILDING_FOOTPRINT",
        "source_type": "agent_inferred_from_public_data",
        "confidence": "medium",
        "geometry_role": "provisional_constraint",
        "official_boundary": false,
        "boundary_precision": "provisional_rough",
        "name_zh": "概念建筑 059",
        "building_use_zh": "概念产业/服务建筑",
        "storeys_conceptual": 6,
        "height_m_conceptual": 24.0,
        "footprint_area_sqm": 1925.0,
        "status": "conceptual_proposal",
        "usage_note": "概念体量示意，非现状建筑、非工程结论；待现状建筑与权属数据补齐后复核。"
      },
      "geometry": {
        "type": "Polygon",
        "coordinates": [
          [
            [
              116.34337034774758,
              39.95231362214179
            ],
            [
              116.34336733357739,
              39.95262882095193
            ],
            [
              116.34272374610882,
              39.9526251738309
            ],
            [
              116.34272676323278,
              39.95230997506124
            ],
            [
              116.34337034774758,
              39.95231362214179
            ]
          ]
        ]
      }
    },
    {
      "type": "Feature",
      "id": "BLD-060",
      "properties": {
        "id": "BLD-060",
        "layer": "BUILDING_FOOTPRINT",
        "source_type": "agent_inferred_from_public_data",
        "confidence": "medium",
        "geometry_role": "provisional_constraint",
        "official_boundary": false,
        "boundary_precision": "provisional_rough",
        "name_zh": "概念建筑 060",
        "building_use_zh": "概念产业/服务建筑",
        "storeys_conceptual": 6,
        "height_m_conceptual": 24.0,
        "footprint_area_sqm": 1925.0,
        "status": "conceptual_proposal",
        "usage_note": "概念体量示意，非现状建筑、非工程结论；待现状建筑与权属数据补齐后复核。"
      },
      "geometry": {
        "type": "Polygon",
        "coordinates": [
          [
            [
              116.3433548457952,
              39.9539346444088
            ],
            [
              116.3433518313809,
              39.95424984312956
            ],
            [
              116.34270822872075,
              39.95424619580028
            ],
            [
              116.34271124608908,
              39.95393099712001
            ],
            [
              116.3433548457952,
              39.9539346444088
            ]
          ]
        ]
      }
    },
    {
      "type": "Feature",
      "id": "BLD-061",
      "properties": {
        "id": "BLD-061",
        "layer": "BUILDING_FOOTPRINT",
        "source_type": "agent_inferred_from_public_data",
        "confidence": "medium",
        "geometry_role": "provisional_constraint",
        "official_boundary": false,
        "boundary_precision": "provisional_rough",
        "name_zh": "概念建筑 061",
        "building_use_zh": "概念产业/服务建筑",
        "storeys_conceptual": 6,
        "height_m_conceptual": 24.0,
        "footprint_area_sqm": 1925.0,
        "status": "conceptual_proposal",
        "usage_note": "概念体量示意，非现状建筑、非工程结论；待现状建筑与权属数据补齐后复核。"
      },
      "geometry": {
        "type": "Polygon",
        "coordinates": [
          [
            [
              116.3433393425873,
              39.95555566621615
            ],
            [
              116.34333632792885,
              39.95587086484753
            ],
            [
              116.34269271007592,
              39.955867217309994
            ],
            [
              116.34269572768864,
              39.95555201871911
            ],
            [
              116.3433393425873,
              39.95555566621615
            ]
          ]
        ]
      }
    },
    {
      "type": "Feature",
      "id": "BLD-062",
      "properties": {
        "id": "BLD-062",
        "layer": "BUILDING_FOOTPRINT",
        "source_type": "agent_inferred_from_public_data",
        "confidence": "medium",
        "geometry_role": "provisional_constraint",
        "official_boundary": false,
        "boundary_precision": "provisional_rough",
        "name_zh": "概念建筑 062",
        "building_use_zh": "概念产业/服务建筑",
        "storeys_conceptual": 6,
        "height_m_conceptual": 24.0,
        "footprint_area_sqm": 1925.0,
        "status": "conceptual_proposal",
        "usage_note": "概念体量示意，非现状建筑、非工程结论；待现状建筑与权属数据补齐后复核。"
      },
      "geometry": {
        "type": "Polygon",
        "coordinates": [
          [
            [
              116.34332383812377,
              39.95717668756382
            ],
            [
              116.34332082322115,
              39.95749188610582
            ],
            [
              116.34267719017423,
              39.95748823836001
            ],
            [
              116.34268020803133,
              39.95717303985852
            ],
            [
              116.34332383812377,
              39.95717668756382
            ]
          ]
        ]
      }
    },
    {
      "type": "Feature",
      "id": "BLD-063",
      "properties": {
        "id": "BLD-063",
        "layer": "BUILDING_FOOTPRINT",
        "source_type": "agent_inferred_from_public_data",
        "confidence": "medium",
        "geometry_role": "provisional_constraint",
        "official_boundary": false,
        "boundary_precision": "provisional_rough",
        "name_zh": "概念建筑 063",
        "building_use_zh": "概念产业/服务建筑",
        "storeys_conceptual": 6,
        "height_m_conceptual": 24.0,
        "footprint_area_sqm": 1925.0,
        "status": "conceptual_proposal",
        "usage_note": "概念体量示意，非现状建筑、非工程结论；待现状建筑与权属数据补齐后复核。"
      },
      "geometry": {
        "type": "Polygon",
        "coordinates": [
          [
            [
              116.34330833240449,
              39.95879770845182
            ],
            [
              116.34330531725769,
              39.95911290690443
            ],
            [
              116.34266166901551,
              39.95910925895034
            ],
            [
              116.34266468711705,
              39.9587940605382
            ],
            [
              116.34330833240449,
              39.95879770845182
            ]
          ]
        ]
      }
    },
    {
      "type": "Feature",
      "id": "BLD-064",
      "properties": {
        "id": "BLD-064",
        "layer": "BUILDING_FOOTPRINT",
        "source_type": "agent_inferred_from_public_data",
        "confidence": "medium",
        "geometry_role": "provisional_constraint",
        "official_boundary": false,
        "boundary_precision": "provisional_rough",
        "name_zh": "概念建筑 064",
        "building_use_zh": "概念产业/服务建筑",
        "storeys_conceptual": 6,
        "height_m_conceptual": 24.0,
        "footprint_area_sqm": 1925.0,
        "status": "conceptual_proposal",
        "usage_note": "概念体量示意，非现状建筑、非工程结论；待现状建筑与权属数据补齐后复核。"
      },
      "geometry": {
        "type": "Polygon",
        "coordinates": [
          [
            [
              116.34329282542936,
              39.9604187288801
            ],
            [
              116.34328981003834,
              39.96073392724334
            ],
            [
              116.3426461465997,
              39.96073027908095
            ],
            [
              116.34264916494566,
              39.96041508075822
            ],
            [
              116.34329282542936,
              39.9604187288801
            ]
          ]
        ]
      }
    },
    {
      "type": "Feature",
      "id": "BLD-065",
      "properties": {
        "id": "BLD-065",
        "layer": "BUILDING_FOOTPRINT",
        "source_type": "agent_inferred_from_public_data",
        "confidence": "medium",
        "geometry_role": "provisional_constraint",
        "official_boundary": false,
        "boundary_precision": "provisional_rough",
        "name_zh": "概念建筑 065",
        "building_use_zh": "概念产业/服务建筑",
        "storeys_conceptual": 6,
        "height_m_conceptual": 24.0,
        "footprint_area_sqm": 1925.0,
        "status": "conceptual_proposal",
        "usage_note": "概念体量示意，非现状建筑、非工程结论；待现状建筑与权属数据补齐后复核。"
      },
      "geometry": {
        "type": "Polygon",
        "coordinates": [
          [
            [
              116.34327731719824,
              39.96203974884872
            ],
            [
              116.343274301563,
              39.96235494712257
            ],
            [
              116.34263062292663,
              39.96235129875187
            ],
            [
              116.34263364151708,
              39.962036100518525
            ],
            [
              116.34327731719824,
              39.96203974884872
            ]
          ]
        ]
      }
    },
    {
      "type": "Feature",
      "id": "BLD-066",
      "properties": {
        "id": "BLD-066",
        "layer": "BUILDING_FOOTPRINT",
        "source_type": "agent_inferred_from_public_data",
        "confidence": "medium",
        "geometry_role": "provisional_constraint",
        "official_boundary": false,
        "boundary_precision": "provisional_rough",
        "name_zh": "概念建筑 066",
        "building_use_zh": "概念产业/服务建筑",
        "storeys_conceptual": 6,
        "height_m_conceptual": 24.0,
        "footprint_area_sqm": 1925.0,
        "status": "conceptual_proposal",
        "usage_note": "概念体量示意，非现状建筑、非工程结论；待现状建筑与权属数据补齐后复核。"
      },
      "geometry": {
        "type": "Polygon",
        "coordinates": [
          [
            [
              116.34326180771103,
              39.963660768357634
            ],
            [
              116.34325879183156,
              39.963975966542094
            ],
            [
              116.34261509799624,
              39.963972317963076
            ],
            [
              116.3426181168312,
              39.96365711981912
            ],
            [
              116.34326180771103,
              39.963660768357634
            ]
          ]
        ]
      }
    },
    {
      "type": "Feature",
      "id": "BLD-067",
      "properties": {
        "id": "BLD-067",
        "layer": "BUILDING_FOOTPRINT",
        "source_type": "agent_inferred_from_public_data",
        "confidence": "medium",
        "geometry_role": "provisional_constraint",
        "official_boundary": false,
        "boundary_precision": "provisional_rough",
        "name_zh": "概念建筑 067",
        "building_use_zh": "概念产业/服务建筑",
        "storeys_conceptual": 6,
        "height_m_conceptual": 24.0,
        "footprint_area_sqm": 1925.0,
        "status": "conceptual_proposal",
        "usage_note": "概念体量示意，非现状建筑、非工程结论；待现状建筑与权属数据补齐后复核。"
      },
      "geometry": {
        "type": "Polygon",
        "coordinates": [
          [
            [
              116.34324629696762,
              39.96528178740684
            ],
            [
              116.34324328084385,
              39.96559698550191
            ],
            [
              116.3425995718084,
              39.96559333671456
            ],
            [
              116.34260259088785,
              39.96527813866
            ],
            [
              116.34324629696762,
              39.96528178740684
            ]
          ]
        ]
      }
    },
    {
      "type": "Feature",
      "id": "BLD-068",
      "properties": {
        "id": "BLD-068",
        "layer": "BUILDING_FOOTPRINT",
        "source_type": "agent_inferred_from_public_data",
        "confidence": "medium",
        "geometry_role": "provisional_constraint",
        "official_boundary": false,
        "boundary_precision": "provisional_rough",
        "name_zh": "概念建筑 068",
        "building_use_zh": "概念产业/服务建筑",
        "storeys_conceptual": 6,
        "height_m_conceptual": 24.0,
        "footprint_area_sqm": 1925.0,
        "status": "conceptual_proposal",
        "usage_note": "概念体量示意，非现状建筑、非工程结论；待现状建筑与权属数据补齐后复核。"
      },
      "geometry": {
        "type": "Polygon",
        "coordinates": [
          [
            [
              116.3432307849679,
              39.966902805996334
            ],
            [
              116.34322776859985,
              39.96721800400202
            ],
            [
              116.342584044363,
              39.967214355006355
            ],
            [
              116.34258706368698,
              39.96689915704117
            ],
            [
              116.3432307849679,
              39.966902805996334
            ]
          ]
        ]
      }
    },
    {
      "type": "Feature",
      "id": "BLD-069",
      "properties": {
        "id": "BLD-069",
        "layer": "BUILDING_FOOTPRINT",
        "source_type": "agent_inferred_from_public_data",
        "confidence": "medium",
        "geometry_role": "provisional_constraint",
        "official_boundary": false,
        "boundary_precision": "provisional_rough",
        "name_zh": "概念建筑 069",
        "building_use_zh": "概念产业/服务建筑",
        "storeys_conceptual": 6,
        "height_m_conceptual": 24.0,
        "footprint_area_sqm": 1925.0,
        "status": "conceptual_proposal",
        "usage_note": "概念体量示意，非现状建筑、非工程结论；待现状建筑与权属数据补齐后复核。"
      },
      "geometry": {
        "type": "Polygon",
        "coordinates": [
          [
            [
              116.34321527171177,
              39.96852382412612
            ],
            [
              116.34321225509939,
              39.96883902204242
            ],
            [
              116.34256851565989,
              39.9688353728384
            ],
            [
              116.34257153522846,
              39.968520174962606
            ],
            [
              116.34321527171177,
              39.96852382412612
            ]
          ]
        ]
      }
    },
    {
      "type": "Feature",
      "id": "BLD-070",
      "properties": {
        "id": "BLD-070",
        "layer": "BUILDING_FOOTPRINT",
        "source_type": "agent_inferred_from_public_data",
        "confidence": "medium",
        "geometry_role": "provisional_constraint",
        "official_boundary": false,
        "boundary_precision": "provisional_rough",
        "name_zh": "概念建筑 070",
        "building_use_zh": "概念产业/服务建筑",
        "storeys_conceptual": 6,
        "height_m_conceptual": 24.0,
        "footprint_area_sqm": 1925.0,
        "status": "conceptual_proposal",
        "usage_note": "概念体量示意，非现状建筑、非工程结论；待现状建筑与权属数据补齐后复核。"
      },
      "geometry": {
        "type": "Polygon",
        "coordinates": [
          [
            [
              116.34319975719907,
              39.970144841796184
            ],
            [
              116.34319674034235,
              39.970460039623084
            ],
            [
              116.34255298569902,
              39.97045639021072
            ],
            [
              116.34255600551212,
              39.97014119242433
            ],
            [
              116.34319975719907,
              39.970144841796184
            ]
          ]
        ]
      }
    },
    {
      "type": "Feature",
      "id": "BLD-071",
      "properties": {
        "id": "BLD-071",
        "layer": "BUILDING_FOOTPRINT",
        "source_type": "agent_inferred_from_public_data",
        "confidence": "medium",
        "geometry_role": "provisional_constraint",
        "official_boundary": false,
        "boundary_precision": "provisional_rough",
        "name_zh": "概念建筑 071",
        "building_use_zh": "概念产业/服务建筑",
        "storeys_conceptual": 6,
        "height_m_conceptual": 24.0,
        "footprint_area_sqm": 1925.0,
        "status": "conceptual_proposal",
        "usage_note": "概念体量示意，非现状建筑、非工程结论；待现状建筑与权属数据补齐后复核。"
      },
      "geometry": {
        "type": "Polygon",
        "coordinates": [
          [
            [
              116.34318424142974,
              39.97176585900653
            ],
            [
              116.34318122432865,
              39.97208105674405
            ],
            [
              116.34253745448022,
              39.97207740712331
            ],
            [
              116.34254047453793,
              39.97176220942631
            ],
            [
              116.34318424142974,
              39.97176585900653
            ]
          ]
        ]
      }
    },
    {
      "type": "Feature",
      "id": "BLD-072",
      "properties": {
        "id": "BLD-072",
        "layer": "BUILDING_FOOTPRINT",
        "source_type": "agent_inferred_from_public_data",
        "confidence": "medium",
        "geometry_role": "provisional_constraint",
        "official_boundary": false,
        "boundary_precision": "provisional_rough",
        "name_zh": "概念建筑 072",
        "building_use_zh": "概念产业/服务建筑",
        "storeys_conceptual": 6,
        "height_m_conceptual": 24.0,
        "footprint_area_sqm": 1925.0,
        "status": "conceptual_proposal",
        "usage_note": "概念体量示意，非现状建筑、非工程结论；待现状建筑与权属数据补齐后复核。"
      },
      "geometry": {
        "type": "Polygon",
        "coordinates": [
          [
            [
              116.34316872440361,
              39.97338687575716
            ],
            [
              116.34316570705813,
              39.97370207340527
            ],
            [
              116.34252192200337,
              39.97369842357617
            ],
            [
              116.34252494230573,
              39.973383225968554
            ],
            [
              116.34316872440361,
              39.97338687575716
            ]
          ]
        ]
      }
    },
    {
      "type": "Feature",
      "id": "BLD-073",
      "properties": {
        "id": "BLD-073",
        "layer": "BUILDING_FOOTPRINT",
        "source_type": "agent_inferred_from_public_data",
        "confidence": "medium",
        "geometry_role": "provisional_constraint",
        "official_boundary": false,
        "boundary_precision": "provisional_rough",
        "name_zh": "概念建筑 073",
        "building_use_zh": "概念产业/服务建筑",
        "storeys_conceptual": 6,
        "height_m_conceptual": 24.0,
        "footprint_area_sqm": 1925.0,
        "status": "conceptual_proposal",
        "usage_note": "概念体量示意，非现状建筑、非工程结论；待现状建筑与权属数据补齐后复核。"
      },
      "geometry": {
        "type": "Polygon",
        "coordinates": [
          [
            [
              116.34315320612062,
              39.97500789204804
            ],
            [
              116.34315018853074,
              39.975323089606775
            ],
            [
              116.34250638826843,
              39.975319439569276
            ],
            [
              116.34250940881543,
              39.975004242051064
            ],
            [
              116.34315320612062,
              39.97500789204804
            ]
          ]
        ]
      }
    },
    {
      "type": "Feature",
      "id": "BLD-074",
      "properties": {
        "id": "BLD-074",
        "layer": "BUILDING_FOOTPRINT",
        "source_type": "agent_inferred_from_public_data",
        "confidence": "medium",
        "geometry_role": "provisional_constraint",
        "official_boundary": false,
        "boundary_precision": "provisional_rough",
        "name_zh": "概念建筑 074",
        "building_use_zh": "概念产业/服务建筑",
        "storeys_conceptual": 6,
        "height_m_conceptual": 24.0,
        "footprint_area_sqm": 1925.0,
        "status": "conceptual_proposal",
        "usage_note": "概念体量示意，非现状建筑、非工程结论；待现状建筑与权属数据补齐后复核。"
      },
      "geometry": {
        "type": "Polygon",
        "coordinates": [
          [
            [
              116.34313768658062,
              39.97662890787919
            ],
            [
              116.34313466874632,
              39.976944105348515
            ],
            [
              116.34249085327521,
              39.976940455102635
            ],
            [
              116.34249387406689,
              39.97662525767383
            ],
            [
              116.34313768658062,
              39.97662890787919
            ]
          ]
        ]
      }
    },
    {
      "type": "Feature",
      "id": "BLD-075",
      "properties": {
        "id": "BLD-075",
        "layer": "BUILDING_FOOTPRINT",
        "source_type": "agent_inferred_from_public_data",
        "confidence": "medium",
        "geometry_role": "provisional_constraint",
        "official_boundary": false,
        "boundary_precision": "provisional_rough",
        "name_zh": "概念建筑 075",
        "building_use_zh": "概念产业/服务建筑",
        "storeys_conceptual": 6,
        "height_m_conceptual": 24.0,
        "footprint_area_sqm": 1925.0,
        "status": "conceptual_proposal",
        "usage_note": "概念体量示意，非现状建筑、非工程结论；待现状建筑与权属数据补齐后复核。"
      },
      "geometry": {
        "type": "Polygon",
        "coordinates": [
          [
            [
              116.34312216578351,
              39.97824992325059
            ],
            [
              116.34311914770477,
              39.97856512063053
            ],
            [
              116.34247531702366,
              39.978561470176246
            ],
            [
              116.34247833806,
              39.97824627283683
            ],
            [
              116.34312216578351,
              39.97824992325059
            ]
          ]
        ]
      }
    },
    {
      "type": "Feature",
      "id": "BLD-076",
      "properties": {
        "id": "BLD-076",
        "layer": "BUILDING_FOOTPRINT",
        "source_type": "agent_inferred_from_public_data",
        "confidence": "medium",
        "geometry_role": "provisional_constraint",
        "official_boundary": false,
        "boundary_precision": "provisional_rough",
        "name_zh": "概念建筑 076",
        "building_use_zh": "概念产业/服务建筑",
        "storeys_conceptual": 6,
        "height_m_conceptual": 24.0,
        "footprint_area_sqm": 1925.0,
        "status": "conceptual_proposal",
        "usage_note": "概念体量示意，非现状建筑、非工程结论；待现状建筑与权属数据补齐后复核。"
      },
      "geometry": {
        "type": "Polygon",
        "coordinates": [
          [
            [
              116.34310664372919,
              39.979870938162236
            ],
            [
              116.34310362540594,
              39.98018613545279
            ],
            [
              116.34245977951359,
              39.9801824847901
            ],
            [
              116.34246280079466,
              39.97986728754008
            ],
            [
              116.34310664372919,
              39.979870938162236
            ]
          ]
        ]
      }
    },
    {
      "type": "Feature",
      "id": "BLD-077",
      "properties": {
        "id": "BLD-077",
        "layer": "BUILDING_FOOTPRINT",
        "source_type": "agent_inferred_from_public_data",
        "confidence": "medium",
        "geometry_role": "provisional_constraint",
        "official_boundary": false,
        "boundary_precision": "provisional_rough",
        "name_zh": "概念建筑 077",
        "building_use_zh": "概念产业/服务建筑",
        "storeys_conceptual": 6,
        "height_m_conceptual": 24.0,
        "footprint_area_sqm": 1925.0,
        "status": "conceptual_proposal",
        "usage_note": "概念体量示意，非现状建筑、非工程结论；待现状建筑与权属数据补齐后复核。"
      },
      "geometry": {
        "type": "Polygon",
        "coordinates": [
          [
            [
              116.34309112041753,
              39.98149195261415
            ],
            [
              116.3430881018498,
              39.981807149815296
            ],
            [
              116.34244424074495,
              39.981803498944174
            ],
            [
              116.34244726227075,
              39.981488301783564
            ],
            [
              116.34309112041753,
              39.98149195261415
            ]
          ]
        ]
      }
    },
    {
      "type": "Feature",
      "id": "BLD-078",
      "properties": {
        "id": "BLD-078",
        "layer": "BUILDING_FOOTPRINT",
        "source_type": "agent_inferred_from_public_data",
        "confidence": "medium",
        "geometry_role": "provisional_constraint",
        "official_boundary": false,
        "boundary_precision": "provisional_rough",
        "name_zh": "概念建筑 078",
        "building_use_zh": "概念产业/服务建筑",
        "storeys_conceptual": 6,
        "height_m_conceptual": 24.0,
        "footprint_area_sqm": 1925.0,
        "status": "conceptual_proposal",
        "usage_note": "概念体量示意，非现状建筑、非工程结论；待现状建筑与权属数据补齐后复核。"
      },
      "geometry": {
        "type": "Polygon",
        "coordinates": [
          [
            [
              116.34583418472644,
              39.93935865341085
            ],
            [
              116.34583118324247,
              39.93967385308285
            ],
            [
              116.34518771683666,
              39.939670220612456
            ],
            [
              116.3451907212725,
              39.939355020980784
            ],
            [
              116.34583418472644,
              39.93935865341085
            ]
          ]
        ]
      }
    },
    {
      "type": "Feature",
      "id": "BLD-079",
      "properties": {
        "id": "BLD-079",
        "layer": "BUILDING_FOOTPRINT",
        "source_type": "agent_inferred_from_public_data",
        "confidence": "medium",
        "geometry_role": "provisional_constraint",
        "official_boundary": false,
        "boundary_precision": "provisional_rough",
        "name_zh": "概念建筑 079",
        "building_use_zh": "概念产业/服务建筑",
        "storeys_conceptual": 6,
        "height_m_conceptual": 24.0,
        "footprint_area_sqm": 1925.0,
        "status": "conceptual_proposal",
        "usage_note": "概念体量示意，非现状建筑、非工程结论；待现状建筑与权属数据补齐后复核。"
      },
      "geometry": {
        "type": "Polygon",
        "coordinates": [
          [
            [
              116.34581874801961,
              39.94097968011036
            ],
            [
              116.34581574629256,
              39.94129487969302
            ],
            [
              116.34517226470498,
              39.94129124701518
            ],
            [
              116.34517526938414,
              39.940976047472866
            ],
            [
              116.34581874801961,
              39.94097968011036
            ]
          ]
        ]
      }
    },
    {
      "type": "Feature",
      "id": "BLD-080",
      "properties": {
        "id": "BLD-080",
        "layer": "BUILDING_FOOTPRINT",
        "source_type": "agent_inferred_from_public_data",
        "confidence": "medium",
        "geometry_role": "provisional_constraint",
        "official_boundary": false,
        "boundary_precision": "provisional_rough",
        "name_zh": "概念建筑 080",
        "building_use_zh": "概念产业/服务建筑",
        "storeys_conceptual": 6,
        "height_m_conceptual": 24.0,
        "footprint_area_sqm": 1925.0,
        "status": "conceptual_proposal",
        "usage_note": "概念体量示意，非现状建筑、非工程结论；待现状建筑与权属数据补齐后复核。"
      },
      "geometry": {
        "type": "Polygon",
        "coordinates": [
          [
            [
              116.35125359222477,
              40.00374923358043
            ],
            [
              116.35125060881388,
              40.004064430080334
            ],
            [
              116.35060653763327,
              40.00406082289254
            ],
            [
              116.35060952400555,
              40.00374562643267
            ],
            [
              116.35125359222477,
              40.00374923358043
            ]
          ]
        ]
      }
    },
    {
      "type": "Feature",
      "id": "BLD-081",
      "properties": {
        "id": "BLD-081",
        "layer": "BUILDING_FOOTPRINT",
        "source_type": "agent_inferred_from_public_data",
        "confidence": "medium",
        "geometry_role": "provisional_constraint",
        "official_boundary": false,
        "boundary_precision": "provisional_rough",
        "name_zh": "概念建筑 081",
        "building_use_zh": "概念产业/服务建筑",
        "storeys_conceptual": 6,
        "height_m_conceptual": 24.0,
        "footprint_area_sqm": 1925.0,
        "status": "conceptual_proposal",
        "usage_note": "概念体量示意，非现状建筑、非工程结论；待现状建筑与权属数据补齐后复核。"
      },
      "geometry": {
        "type": "Polygon",
        "coordinates": [
          [
            [
              116.3512382484681,
              40.005370243966254
            ],
            [
              116.35123526481551,
              40.00568544037679
            ],
            [
              116.35059117840417,
              40.005681832983086
            ],
            [
              116.35059416501839,
              40.00536663661259
            ],
            [
              116.3512382484681,
              40.005370243966254
            ]
          ]
        ]
      }
    },
    {
      "type": "Feature",
      "id": "BLD-082",
      "properties": {
        "id": "BLD-082",
        "layer": "BUILDING_FOOTPRINT",
        "source_type": "agent_inferred_from_public_data",
        "confidence": "medium",
        "geometry_role": "provisional_constraint",
        "official_boundary": false,
        "boundary_precision": "provisional_rough",
        "name_zh": "概念建筑 082",
        "building_use_zh": "概念产业/服务建筑",
        "storeys_conceptual": 6,
        "height_m_conceptual": 24.0,
        "footprint_area_sqm": 1925.0,
        "status": "conceptual_proposal",
        "usage_note": "概念体量示意，非现状建筑、非工程结论；待现状建筑与权属数据补齐后复核。"
      },
      "geometry": {
        "type": "Polygon",
        "coordinates": [
          [
            [
              116.35122290346837,
              40.006991253892394
            ],
            [
              116.35121991957405,
              40.00730645021353
            ],
            [
              116.35057581793073,
              40.00730284261391
            ],
            [
              116.35057880478693,
              40.00698764633282
            ],
            [
              116.35122290346837,
              40.006991253892394
            ]
          ]
        ]
      }
    },
    {
      "type": "Feature",
      "id": "BLD-083",
      "properties": {
        "id": "BLD-083",
        "layer": "BUILDING_FOOTPRINT",
        "source_type": "agent_inferred_from_public_data",
        "confidence": "medium",
        "geometry_role": "provisional_constraint",
        "official_boundary": false,
        "boundary_precision": "provisional_rough",
        "name_zh": "概念建筑 083",
        "building_use_zh": "概念产业/服务建筑",
        "storeys_conceptual": 6,
        "height_m_conceptual": 24.0,
        "footprint_area_sqm": 1925.0,
        "status": "conceptual_proposal",
        "usage_note": "概念体量示意，非现状建筑、非工程结论；待现状建筑与权属数据补齐后复核。"
      },
      "geometry": {
        "type": "Polygon",
        "coordinates": [
          [
            [
              116.35120755722545,
              40.00861226335882
            ],
            [
              116.35120457308938,
              40.00892745959057
            ],
            [
              116.35056045621285,
              40.008923851785035
            ],
            [
              116.35056344331103,
              40.00860865559332
            ],
            [
              116.35120755722545,
              40.00861226335882
            ]
          ]
        ]
      }
    },
    {
      "type": "Feature",
      "id": "BLD-084",
      "properties": {
        "id": "BLD-084",
        "layer": "BUILDING_FOOTPRINT",
        "source_type": "agent_inferred_from_public_data",
        "confidence": "medium",
        "geometry_role": "provisional_constraint",
        "official_boundary": false,
        "boundary_precision": "provisional_rough",
        "name_zh": "概念建筑 084",
        "building_use_zh": "概念产业/服务建筑",
        "storeys_conceptual": 6,
        "height_m_conceptual": 24.0,
        "footprint_area_sqm": 1925.0,
        "status": "conceptual_proposal",
        "usage_note": "概念体量示意，非现状建筑、非工程结论；待现状建筑与权属数据补齐后复核。"
      },
      "geometry": {
        "type": "Polygon",
        "coordinates": [
          [
            [
              116.35119220973921,
              40.01023327236554
            ],
            [
              116.35118922536137,
              40.0105484685079
            ],
            [
              116.3505450932504,
              40.01054486049643
            ],
            [
              116.35054808059057,
              40.0102296643941
            ],
            [
              116.35119220973921,
              40.01023327236554
            ]
          ]
        ]
      }
    },
    {
      "type": "Feature",
      "id": "BLD-085",
      "properties": {
        "id": "BLD-085",
        "layer": "BUILDING_FOOTPRINT",
        "source_type": "agent_inferred_from_public_data",
        "confidence": "medium",
        "geometry_role": "provisional_constraint",
        "official_boundary": false,
        "boundary_precision": "provisional_rough",
        "name_zh": "概念建筑 085",
        "building_use_zh": "概念产业/服务建筑",
        "storeys_conceptual": 6,
        "height_m_conceptual": 24.0,
        "footprint_area_sqm": 1925.0,
        "status": "conceptual_proposal",
        "usage_note": "概念体量示意，非现状建筑、非工程结论；待现状建筑与权属数据补齐后复核。"
      },
      "geometry": {
        "type": "Polygon",
        "coordinates": [
          [
            [
              116.35117686100955,
              40.01185428091253
            ],
            [
              116.35117387638994,
              40.01216947696552
            ],
            [
              116.35052972904327,
              40.012165868748085
            ],
            [
              116.3505327166255,
              40.01185067273515
            ],
            [
              116.35117686100955,
              40.01185428091253
            ]
          ]
        ]
      }
    },
    {
      "type": "Feature",
      "id": "BLD-086",
      "properties": {
        "id": "BLD-086",
        "layer": "BUILDING_FOOTPRINT",
        "source_type": "agent_inferred_from_public_data",
        "confidence": "medium",
        "geometry_role": "provisional_constraint",
        "official_boundary": false,
        "boundary_precision": "provisional_rough",
        "name_zh": "概念建筑 086",
        "building_use_zh": "概念产业/服务建筑",
        "storeys_conceptual": 6,
        "height_m_conceptual": 24.0,
        "footprint_area_sqm": 1925.0,
        "status": "conceptual_proposal",
        "usage_note": "概念体量示意，非现状建筑、非工程结论；待现状建筑与权属数据补齐后复核。"
      },
      "geometry": {
        "type": "Polygon",
        "coordinates": [
          [
            [
              116.35364151714215,
              39.998899284155186
            ],
            [
              116.35363854522234,
              39.999214481068485
            ],
            [
              116.35299451930521,
              39.99921088751062
            ],
            [
              116.35299749418571,
              39.9988956906372
            ],
            [
              116.35364151714215,
              39.998899284155186
            ]
          ]
        ]
      }
    },
    {
      "type": "Feature",
      "id": "BLD-087",
      "properties": {
        "id": "BLD-087",
        "layer": "BUILDING_FOOTPRINT",
        "source_type": "agent_inferred_from_public_data",
        "confidence": "medium",
        "geometry_role": "provisional_constraint",
        "official_boundary": false,
        "boundary_precision": "provisional_rough",
        "name_zh": "概念建筑 087",
        "building_use_zh": "概念产业/服务建筑",
        "storeys_conceptual": 6,
        "height_m_conceptual": 24.0,
        "footprint_area_sqm": 1925.0,
        "status": "conceptual_proposal",
        "usage_note": "概念体量示意，非现状建筑、非工程结论；待现状建筑与权属数据补齐后复核。"
      },
      "geometry": {
        "type": "Polygon",
        "coordinates": [
          [
            [
              116.35362623248434,
              40.00052029666703
            ],
            [
              116.35362326032376,
              40.00083549349096
            ],
            [
              116.35297921917957,
              40.00083189972795
            ],
            [
              116.35298219430108,
              40.00051670294391
            ],
            [
              116.35362623248434,
              40.00052029666703
            ]
          ]
        ]
      }
    },
    {
      "type": "Feature",
      "id": "BLD-088",
      "properties": {
        "id": "BLD-088",
        "layer": "BUILDING_FOOTPRINT",
        "source_type": "agent_inferred_from_public_data",
        "confidence": "medium",
        "geometry_role": "provisional_constraint",
        "official_boundary": false,
        "boundary_precision": "provisional_rough",
        "name_zh": "概念建筑 088",
        "building_use_zh": "概念产业/服务建筑",
        "storeys_conceptual": 6,
        "height_m_conceptual": 24.0,
        "footprint_area_sqm": 1925.0,
        "status": "conceptual_proposal",
        "usage_note": "概念体量示意，非现状建筑、非工程结论；待现状建筑与权属数据补齐后复核。"
      },
      "geometry": {
        "type": "Polygon",
        "coordinates": [
          [
            [
              116.35361094658828,
              40.002141308719224
            ],
            [
              116.3536079741869,
              40.00245650545376
            ],
            [
              116.35296391781442,
              40.002452911485605
            ],
            [
              116.35296689317694,
              40.00213771479096
            ],
            [
              116.35361094658828,
              40.002141308719224
            ]
          ]
        ]
      }
    },
    {
      "type": "Feature",
      "id": "BLD-089",
      "properties": {
        "id": "BLD-089",
        "layer": "BUILDING_FOOTPRINT",
        "source_type": "agent_inferred_from_public_data",
        "confidence": "medium",
        "geometry_role": "provisional_constraint",
        "official_boundary": false,
        "boundary_precision": "provisional_rough",
        "name_zh": "概念建筑 089",
        "building_use_zh": "概念产业/服务建筑",
        "storeys_conceptual": 6,
        "height_m_conceptual": 24.0,
        "footprint_area_sqm": 1925.0,
        "status": "conceptual_proposal",
        "usage_note": "概念体量示意，非现状建筑、非工程结论；待现状建筑与权属数据补齐后复核。"
      },
      "geometry": {
        "type": "Polygon",
        "coordinates": [
          [
            [
              116.35359565945384,
              40.00376232031174
            ],
            [
              116.35359268681167,
              40.00407751695691
            ],
            [
              116.35294861520963,
              40.00407392278361
            ],
            [
              116.3529515908132,
              40.00375872617833
            ],
            [
              116.35359565945384,
              40.00376232031174
            ]
          ]
        ]
      }
    },
    {
      "type": "Feature",
      "id": "BLD-090",
      "properties": {
        "id": "BLD-090",
        "layer": "BUILDING_FOOTPRINT",
        "source_type": "agent_inferred_from_public_data",
        "confidence": "medium",
        "geometry_role": "provisional_constraint",
        "official_boundary": false,
        "boundary_precision": "provisional_rough",
        "name_zh": "概念建筑 090",
        "building_use_zh": "概念产业/服务建筑",
        "storeys_conceptual": 6,
        "height_m_conceptual": 24.0,
        "footprint_area_sqm": 1925.0,
        "status": "conceptual_proposal",
        "usage_note": "概念体量示意，非现状建筑、非工程结论；待现状建筑与权属数据补齐后复核。"
      },
      "geometry": {
        "type": "Polygon",
        "coordinates": [
          [
            [
              116.35358037108094,
              40.00538333144461
            ],
            [
              116.35357739819793,
              40.0056985280004
            ],
            [
              116.35293331136509,
              40.00569493362192
            ],
            [
              116.35293628720973,
              40.00537973710603
            ],
            [
              116.35358037108094,
              40.00538333144461
            ]
          ]
        ]
      }
    },
    {
      "type": "Feature",
      "id": "BLD-091",
      "properties": {
        "id": "BLD-091",
        "layer": "BUILDING_FOOTPRINT",
        "source_type": "agent_inferred_from_public_data",
        "confidence": "medium",
        "geometry_role": "provisional_constraint",
        "official_boundary": false,
        "boundary_precision": "provisional_rough",
        "name_zh": "概念建筑 091",
        "building_use_zh": "概念产业/服务建筑",
        "storeys_conceptual": 6,
        "height_m_conceptual": 24.0,
        "footprint_area_sqm": 1925.0,
        "status": "conceptual_proposal",
        "usage_note": "概念体量示意，非现状建筑、非工程结论；待现状建筑与权属数据补齐后复核。"
      },
      "geometry": {
        "type": "Polygon",
        "coordinates": [
          [
            [
              116.35356508146941,
              40.007004342117796
            ],
            [
              116.35356210834554,
              40.00731953858421
            ],
            [
              116.3529180062807,
              40.00731594400057
            ],
            [
              116.35292098236643,
              40.007000747574054
            ],
            [
              116.35356508146941,
              40.007004342117796
            ]
          ]
        ]
      }
    },
    {
      "type": "Feature",
      "id": "BLD-092",
      "properties": {
        "id": "BLD-092",
        "layer": "BUILDING_FOOTPRINT",
        "source_type": "agent_inferred_from_public_data",
        "confidence": "medium",
        "geometry_role": "provisional_constraint",
        "official_boundary": false,
        "boundary_precision": "provisional_rough",
        "name_zh": "概念建筑 092",
        "building_use_zh": "概念产业/服务建筑",
        "storeys_conceptual": 6,
        "height_m_conceptual": 24.0,
        "footprint_area_sqm": 1925.0,
        "status": "conceptual_proposal",
        "usage_note": "概念体量示意，非现状建筑、非工程结论；待现状建筑与权属数据补齐后复核。"
      },
      "geometry": {
        "type": "Polygon",
        "coordinates": [
          [
            [
              116.35354979061918,
              40.00862535233134
            ],
            [
              116.35354681725445,
              40.00894054870837
            ],
            [
              116.35290269995636,
              40.008936953919516
            ],
            [
              116.3529056762832,
              40.008621757582404
            ],
            [
              116.35354979061918,
              40.00862535233134
            ]
          ]
        ]
      }
    },
    {
      "type": "Feature",
      "id": "BLD-093",
      "properties": {
        "id": "BLD-093",
        "layer": "BUILDING_FOOTPRINT",
        "source_type": "agent_inferred_from_public_data",
        "confidence": "medium",
        "geometry_role": "provisional_constraint",
        "official_boundary": false,
        "boundary_precision": "provisional_rough",
        "name_zh": "概念建筑 093",
        "building_use_zh": "概念产业/服务建筑",
        "storeys_conceptual": 6,
        "height_m_conceptual": 24.0,
        "footprint_area_sqm": 1925.0,
        "status": "conceptual_proposal",
        "usage_note": "概念体量示意，非现状建筑、非工程结论；待现状建筑与权属数据补齐后复核。"
      },
      "geometry": {
        "type": "Polygon",
        "coordinates": [
          [
            [
              116.35353449853017,
              40.010246362085184
            ],
            [
              116.35353152492453,
              40.01056155837283
            ],
            [
              116.35288739239193,
              40.0105579633788
            ],
            [
              116.35289036895993,
              40.010242767131054
            ],
            [
              116.35353449853017,
              40.010246362085184
            ]
          ]
        ]
      }
    },
    {
      "type": "Feature",
      "id": "BLD-094",
      "properties": {
        "id": "BLD-094",
        "layer": "BUILDING_FOOTPRINT",
        "source_type": "agent_inferred_from_public_data",
        "confidence": "medium",
        "geometry_role": "provisional_constraint",
        "official_boundary": false,
        "boundary_precision": "provisional_rough",
        "name_zh": "概念建筑 094",
        "building_use_zh": "概念产业/服务建筑",
        "storeys_conceptual": 6,
        "height_m_conceptual": 24.0,
        "footprint_area_sqm": 1925.0,
        "status": "conceptual_proposal",
        "usage_note": "概念体量示意，非现状建筑、非工程结论；待现状建筑与权属数据补齐后复核。"
      },
      "geometry": {
        "type": "Polygon",
        "coordinates": [
          [
            [
              116.35351920520218,
              40.01186737137934
            ],
            [
              116.35351623135563,
              40.01218256757761
            ],
            [
              116.35287208358734,
              40.012178972378386
            ],
            [
              116.35287506039647,
              40.01186377622002
            ],
            [
              116.35351920520218,
              40.01186737137934
            ]
          ]
        ]
      }
    },
    {
      "type": "Feature",
      "id": "BLD-095",
      "properties": {
        "id": "BLD-095",
        "layer": "BUILDING_FOOTPRINT",
        "source_type": "agent_inferred_from_public_data",
        "confidence": "medium",
        "geometry_role": "provisional_constraint",
        "official_boundary": false,
        "boundary_precision": "provisional_rough",
        "name_zh": "概念建筑 095",
        "building_use_zh": "概念产业/服务建筑",
        "storeys_conceptual": 6,
        "height_m_conceptual": 24.0,
        "footprint_area_sqm": 1925.0,
        "status": "conceptual_proposal",
        "usage_note": "概念体量示意，非现状建筑、非工程结论；待现状建筑与权属数据补齐后复核。"
      },
      "geometry": {
        "type": "Polygon",
        "coordinates": [
          [
            [
              116.34312544807734,
              40.01285142345871
            ],
            [
              116.34312242631579,
              40.0131666189514
            ],
            [
              116.34247827062985,
              40.01316296590772
            ],
            [
              116.34248129535412,
              40.01284777045556
            ],
            [
              116.34312544807734,
              40.01285142345871
            ]
          ]
        ]
      }
    },
    {
      "type": "Feature",
      "id": "BLD-096",
      "properties": {
        "id": "BLD-096",
        "layer": "BUILDING_FOOTPRINT",
        "source_type": "agent_inferred_from_public_data",
        "confidence": "medium",
        "geometry_role": "provisional_constraint",
        "official_boundary": false,
        "boundary_precision": "provisional_rough",
        "name_zh": "概念建筑 096",
        "building_use_zh": "概念产业/服务建筑",
        "storeys_conceptual": 6,
        "height_m_conceptual": 24.0,
        "footprint_area_sqm": 1925.0,
        "status": "conceptual_proposal",
        "usage_note": "概念体量示意，非现状建筑、非工程结论；待现状建筑与权属数据补齐后复核。"
      },
      "geometry": {
        "type": "Polygon",
        "coordinates": [
          [
            [
              116.34310990708228,
              40.01447242866451
            ],
            [
              116.34310688507594,
              40.014787624067786
            ],
            [
              116.34246271415242,
              40.014783970815586
            ],
            [
              116.34246573912174,
              40.01446877545285
            ],
            [
              116.34310990708228,
              40.01447242866451
            ]
          ]
        ]
      }
    },
    {
      "type": "Feature",
      "id": "BLD-097",
      "properties": {
        "id": "BLD-097",
        "layer": "BUILDING_FOOTPRINT",
        "source_type": "agent_inferred_from_public_data",
        "confidence": "medium",
        "geometry_role": "provisional_constraint",
        "official_boundary": false,
        "boundary_precision": "provisional_rough",
        "name_zh": "概念建筑 097",
        "building_use_zh": "概念产业/服务建筑",
        "storeys_conceptual": 6,
        "height_m_conceptual": 24.0,
        "footprint_area_sqm": 1925.0,
        "status": "conceptual_proposal",
        "usage_note": "概念体量示意，非现状建筑、非工程结论；待现状建筑与权属数据补齐后复核。"
      },
      "geometry": {
        "type": "Polygon",
        "coordinates": [
          [
            [
              116.3430943648281,
              40.01609343341046
            ],
            [
              116.34309134257691,
              40.01640862872433
            ],
            [
              116.34244715641461,
              40.016404975263605
            ],
            [
              116.34245018162899,
              40.01608977999028
            ],
            [
              116.3430943648281,
              40.01609343341046
            ]
          ]
        ]
      }
    },
    {
      "type": "Feature",
      "id": "BLD-098",
      "properties": {
        "id": "BLD-098",
        "layer": "BUILDING_FOOTPRINT",
        "source_type": "agent_inferred_from_public_data",
        "confidence": "medium",
        "geometry_role": "provisional_constraint",
        "official_boundary": false,
        "boundary_precision": "provisional_rough",
        "name_zh": "概念建筑 098",
        "building_use_zh": "概念产业/服务建筑",
        "storeys_conceptual": 6,
        "height_m_conceptual": 24.0,
        "footprint_area_sqm": 1925.0,
        "status": "conceptual_proposal",
        "usage_note": "概念体量示意，非现状建筑、非工程结论；待现状建筑与权属数据补齐后复核。"
      },
      "geometry": {
        "type": "Polygon",
        "coordinates": [
          [
            [
              116.3430788213147,
              40.01771443769656
            ],
            [
              116.34307579881863,
              40.018029632921
            ],
            [
              116.3424315974163,
              40.018025979251746
            ],
            [
              116.34243462287579,
              40.017710784067845
            ],
            [
              116.3430788213147,
              40.01771443769656
            ]
          ]
        ]
      }
    },
    {
      "type": "Feature",
      "id": "BLD-099",
      "properties": {
        "id": "BLD-099",
        "layer": "BUILDING_FOOTPRINT",
        "source_type": "agent_inferred_from_public_data",
        "confidence": "medium",
        "geometry_role": "provisional_constraint",
        "official_boundary": false,
        "boundary_precision": "provisional_rough",
        "name_zh": "概念建筑 099",
        "building_use_zh": "概念产业/服务建筑",
        "storeys_conceptual": 6,
        "height_m_conceptual": 24.0,
        "footprint_area_sqm": 1925.0,
        "status": "conceptual_proposal",
        "usage_note": "概念体量示意，非现状建筑、非工程结论；待现状建筑与权属数据补齐后复核。"
      },
      "geometry": {
        "type": "Polygon",
        "coordinates": [
          [
            [
              116.3511214201405,
              39.939336936577135
            ],
            [
              116.351118442917,
              39.93965213658187
            ],
            [
              116.3504749760373,
              39.939648533456506
            ],
            [
              116.35047795621269,
              39.93933333349179
            ],
            [
              116.3511214201405,
              39.939336936577135
            ]
          ]
        ]
      }
    },
    {
      "type": "Feature",
      "id": "BLD-100",
      "properties": {
        "id": "BLD-100",
        "layer": "BUILDING_FOOTPRINT",
        "source_type": "agent_inferred_from_public_data",
        "confidence": "medium",
        "geometry_role": "provisional_constraint",
        "official_boundary": false,
        "boundary_precision": "provisional_rough",
        "name_zh": "概念建筑 100",
        "building_use_zh": "概念产业/服务建筑",
        "storeys_conceptual": 6,
        "height_m_conceptual": 24.0,
        "footprint_area_sqm": 1925.0,
        "status": "conceptual_proposal",
        "usage_note": "概念体量示意，非现状建筑、非工程结论；待现状建筑与权属数据补齐后复核。"
      },
      "geometry": {
        "type": "Polygon",
        "coordinates": [
          [
            [
              116.3511061082059,
              39.94095796498782
            ],
            [
              116.35110313074128,
              39.94127316490319
            ],
            [
              116.35045964867977,
              39.941269561572085
            ],
            [
              116.3504626290965,
              39.94095436169671
            ],
            [
              116.3511061082059,
              39.94095796498782
            ]
          ]
        ]
      }
    },
    {
      "type": "Feature",
      "id": "BLD-101",
      "properties": {
        "id": "BLD-101",
        "layer": "BUILDING_FOOTPRINT",
        "source_type": "agent_inferred_from_public_data",
        "confidence": "medium",
        "geometry_role": "provisional_constraint",
        "official_boundary": false,
        "boundary_precision": "provisional_rough",
        "name_zh": "概念建筑 101",
        "building_use_zh": "概念产业/服务建筑",
        "storeys_conceptual": 6,
        "height_m_conceptual": 24.0,
        "footprint_area_sqm": 1925.0,
        "status": "conceptual_proposal",
        "usage_note": "概念体量示意，非现状建筑、非工程结论；待现状建筑与权属数据补齐后复核。"
      },
      "geometry": {
        "type": "Polygon",
        "coordinates": [
          [
            [
              116.35109079503124,
              39.94257899293898
            ],
            [
              116.35108781732549,
              39.94289419276501
            ],
            [
              116.35044432008097,
              39.942890589228114
            ],
            [
              116.35044730073905,
              39.9425753894421
            ],
            [
              116.35109079503124,
              39.94257899293898
            ]
          ]
        ]
      }
    },
    {
      "type": "Feature",
      "id": "BLD-102",
      "properties": {
        "id": "BLD-102",
        "layer": "BUILDING_FOOTPRINT",
        "source_type": "agent_inferred_from_public_data",
        "confidence": "medium",
        "geometry_role": "provisional_constraint",
        "official_boundary": false,
        "boundary_precision": "provisional_rough",
        "name_zh": "概念建筑 102",
        "building_use_zh": "概念产业/服务建筑",
        "storeys_conceptual": 6,
        "height_m_conceptual": 24.0,
        "footprint_area_sqm": 1925.0,
        "status": "conceptual_proposal",
        "usage_note": "概念体量示意，非现状建筑、非工程结论；待现状建筑与权属数据补齐后复核。"
      },
      "geometry": {
        "type": "Polygon",
        "coordinates": [
          [
            [
              116.35107548061643,
              39.94420002043062
            ],
            [
              116.35107250266952,
              39.94451522016729
            ],
            [
              116.35042899024074,
              39.94451161642461
            ],
            [
              116.35043197114022,
              39.94419641672796
            ],
            [
              116.35107548061643,
              39.94420002043062
            ]
          ]
        ]
      }
    },
    {
      "type": "Feature",
      "id": "BLD-103",
      "properties": {
        "id": "BLD-103",
        "layer": "BUILDING_FOOTPRINT",
        "source_type": "agent_inferred_from_public_data",
        "confidence": "medium",
        "geometry_role": "provisional_constraint",
        "official_boundary": false,
        "boundary_precision": "provisional_rough",
        "name_zh": "概念建筑 103",
        "building_use_zh": "概念产业/服务建筑",
        "storeys_conceptual": 6,
        "height_m_conceptual": 24.0,
        "footprint_area_sqm": 1925.0,
        "status": "conceptual_proposal",
        "usage_note": "概念体量示意，非现状建筑、非工程结论；待现状建筑与权属数据补齐后复核。"
      },
      "geometry": {
        "type": "Polygon",
        "coordinates": [
          [
            [
              116.35106016496135,
              39.945821047462715
            ],
            [
              116.35105718677329,
              39.94613624711005
            ],
            [
              116.35041365915902,
              39.94613264316158
            ],
            [
              116.35041664029991,
              39.94581744355428
            ],
            [
              116.35106016496135,
              39.945821047462715
            ]
          ]
        ]
      }
    },
    {
      "type": "Feature",
      "id": "BLD-104",
      "properties": {
        "id": "BLD-104",
        "layer": "BUILDING_FOOTPRINT",
        "source_type": "agent_inferred_from_public_data",
        "confidence": "medium",
        "geometry_role": "provisional_constraint",
        "official_boundary": false,
        "boundary_precision": "provisional_rough",
        "name_zh": "概念建筑 104",
        "building_use_zh": "概念产业/服务建筑",
        "storeys_conceptual": 6,
        "height_m_conceptual": 24.0,
        "footprint_area_sqm": 1925.0,
        "status": "conceptual_proposal",
        "usage_note": "概念体量示意，非现状建筑、非工程结论；待现状建筑与权属数据补齐后复核。"
      },
      "geometry": {
        "type": "Polygon",
        "coordinates": [
          [
            [
              116.35104484806592,
              39.94744207403529
            ],
            [
              116.35104186963663,
              39.94775727359327
            ],
            [
              116.35039832683564,
              39.947753669439
            ],
            [
              116.35040130821798,
              39.94743846992105
            ],
            [
              116.35104484806592,
              39.94744207403529
            ]
          ]
        ]
      }
    },
    {
      "type": "Feature",
      "id": "BLD-105",
      "properties": {
        "id": "BLD-105",
        "layer": "BUILDING_FOOTPRINT",
        "source_type": "agent_inferred_from_public_data",
        "confidence": "medium",
        "geometry_role": "provisional_constraint",
        "official_boundary": false,
        "boundary_precision": "provisional_rough",
        "name_zh": "概念建筑 105",
        "building_use_zh": "概念产业/服务建筑",
        "storeys_conceptual": 6,
        "height_m_conceptual": 24.0,
        "footprint_area_sqm": 1925.0,
        "status": "conceptual_proposal",
        "usage_note": "概念体量示意，非现状建筑、非工程结论；待现状建筑与权属数据补齐后复核。"
      },
      "geometry": {
        "type": "Polygon",
        "coordinates": [
          [
            [
              116.35102952992999,
              39.94906310014832
            ],
            [
              116.3510265512595,
              39.949378299616924
            ],
            [
              116.35038299327053,
              39.949374695256864
            ],
            [
              116.35038597489434,
              39.94905949582827
            ],
            [
              116.35102952992999,
              39.94906310014832
            ]
          ]
        ]
      }
    },
    {
      "type": "Feature",
      "id": "BLD-106",
      "properties": {
        "id": "BLD-106",
        "layer": "BUILDING_FOOTPRINT",
        "source_type": "agent_inferred_from_public_data",
        "confidence": "medium",
        "geometry_role": "provisional_constraint",
        "official_boundary": false,
        "boundary_precision": "provisional_rough",
        "name_zh": "概念建筑 106",
        "building_use_zh": "概念产业/服务建筑",
        "storeys_conceptual": 6,
        "height_m_conceptual": 24.0,
        "footprint_area_sqm": 1925.0,
        "status": "conceptual_proposal",
        "usage_note": "概念体量示意，非现状建筑、非工程结论；待现状建筑与权属数据补齐后复核。"
      },
      "geometry": {
        "type": "Polygon",
        "coordinates": [
          [
            [
              116.35101421055343,
              39.950684125801814
            ],
            [
              116.35101123164169,
              39.950999325181066
            ],
            [
              116.35036765846358,
              39.95099572061518
            ],
            [
              116.35037064032886,
              39.95068052127595
            ],
            [
              116.35101421055343,
              39.950684125801814
            ]
          ]
        ]
      }
    },
    {
      "type": "Feature",
      "id": "BLD-107",
      "properties": {
        "id": "BLD-107",
        "layer": "BUILDING_FOOTPRINT",
        "source_type": "agent_inferred_from_public_data",
        "confidence": "medium",
        "geometry_role": "provisional_constraint",
        "official_boundary": false,
        "boundary_precision": "provisional_rough",
        "name_zh": "概念建筑 107",
        "building_use_zh": "概念产业/服务建筑",
        "storeys_conceptual": 6,
        "height_m_conceptual": 24.0,
        "footprint_area_sqm": 1925.0,
        "status": "conceptual_proposal",
        "usage_note": "概念体量示意，非现状建筑、非工程结论；待现状建筑与权属数据补齐后复核。"
      },
      "geometry": {
        "type": "Polygon",
        "coordinates": [
          [
            [
              116.35099888993619,
              39.95230515099575
            ],
            [
              116.35099591078321,
              39.952620350285656
            ],
            [
              116.35035232241466,
              39.952616745513936
            ],
            [
              116.35035530452146,
              39.95230154626405
            ],
            [
              116.35099888993619,
              39.95230515099575
            ]
          ]
        ]
      }
    },
    {
      "type": "Feature",
      "id": "BLD-108",
      "properties": {
        "id": "BLD-108",
        "layer": "BUILDING_FOOTPRINT",
        "source_type": "agent_inferred_from_public_data",
        "confidence": "medium",
        "geometry_role": "provisional_constraint",
        "official_boundary": false,
        "boundary_precision": "provisional_rough",
        "name_zh": "概念建筑 108",
        "building_use_zh": "概念产业/服务建筑",
        "storeys_conceptual": 6,
        "height_m_conceptual": 24.0,
        "footprint_area_sqm": 1925.0,
        "status": "conceptual_proposal",
        "usage_note": "概念体量示意，非现状建筑、非工程结论；待现状建筑与权属数据补齐后复核。"
      },
      "geometry": {
        "type": "Polygon",
        "coordinates": [
          [
            [
              116.35098356807812,
              39.95392617573014
            ],
            [
              116.35098058868385,
              39.95424137493068
            ],
            [
              116.35033698512368,
              39.954237769953124
            ],
            [
              116.350339967472,
              39.953922570792614
            ],
            [
              116.35098356807812,
              39.95392617573014
            ]
          ]
        ]
      }
    },
    {
      "type": "Feature",
      "id": "BLD-109",
      "properties": {
        "id": "BLD-109",
        "layer": "BUILDING_FOOTPRINT",
        "source_type": "agent_inferred_from_public_data",
        "confidence": "medium",
        "geometry_role": "provisional_constraint",
        "official_boundary": false,
        "boundary_precision": "provisional_rough",
        "name_zh": "概念建筑 109",
        "building_use_zh": "概念产业/服务建筑",
        "storeys_conceptual": 6,
        "height_m_conceptual": 24.0,
        "footprint_area_sqm": 1925.0,
        "status": "conceptual_proposal",
        "usage_note": "概念体量示意，非现状建筑、非工程结论；待现状建筑与权属数据补齐后复核。"
      },
      "geometry": {
        "type": "Polygon",
        "coordinates": [
          [
            [
              116.35096824497911,
              39.955547200004965
            ],
            [
              116.35096526534353,
              39.95586239911615
            ],
            [
              116.35032164659049,
              39.95585879393275
            ],
            [
              116.35032462918035,
              39.955543594861595
            ],
            [
              116.35096824497911,
              39.955547200004965
            ]
          ]
        ]
      }
    },
    {
      "type": "Feature",
      "id": "BLD-110",
      "properties": {
        "id": "BLD-110",
        "layer": "BUILDING_FOOTPRINT",
        "source_type": "agent_inferred_from_public_data",
        "confidence": "medium",
        "geometry_role": "provisional_constraint",
        "official_boundary": false,
        "boundary_precision": "provisional_rough",
        "name_zh": "概念建筑 110",
        "building_use_zh": "概念产业/服务建筑",
        "storeys_conceptual": 6,
        "height_m_conceptual": 24.0,
        "footprint_area_sqm": 1925.0,
        "status": "conceptual_proposal",
        "usage_note": "概念体量示意，非现状建筑、非工程结论；待现状建筑与权属数据补齐后复核。"
      },
      "geometry": {
        "type": "Polygon",
        "coordinates": [
          [
            [
              116.35095292063907,
              39.95716822382024
            ],
            [
              116.35094994076215,
              39.957483422842046
            ],
            [
              116.35030630681501,
              39.9574798174528
            ],
            [
              116.35030928964643,
              39.957164618471
            ],
            [
              116.35095292063907,
              39.95716822382024
            ]
          ]
        ]
      }
    },
    {
      "type": "Feature",
      "id": "BLD-111",
      "properties": {
        "id": "BLD-111",
        "layer": "BUILDING_FOOTPRINT",
        "source_type": "agent_inferred_from_public_data",
        "confidence": "medium",
        "geometry_role": "provisional_constraint",
        "official_boundary": false,
        "boundary_precision": "provisional_rough",
        "name_zh": "概念建筑 111",
        "building_use_zh": "概念产业/服务建筑",
        "storeys_conceptual": 6,
        "height_m_conceptual": 24.0,
        "footprint_area_sqm": 1925.0,
        "status": "conceptual_proposal",
        "usage_note": "概念体量示意，非现状建筑、非工程结论；待现状建筑与权属数据补齐后复核。"
      },
      "geometry": {
        "type": "Polygon",
        "coordinates": [
          [
            [
              116.35093759505784,
              39.95878924717592
            ],
            [
              116.35093461493958,
              39.95910444610838
            ],
            [
              116.35029096579713,
              39.959100840513265
            ],
            [
              116.35029394887012,
              39.95878564162082
            ],
            [
              116.35093759505784,
              39.95878924717592
            ]
          ]
        ]
      }
    },
    {
      "type": "Feature",
      "id": "BLD-112",
      "properties": {
        "id": "BLD-112",
        "layer": "BUILDING_FOOTPRINT",
        "source_type": "agent_inferred_from_public_data",
        "confidence": "medium",
        "geometry_role": "provisional_constraint",
        "official_boundary": false,
        "boundary_precision": "provisional_rough",
        "name_zh": "概念建筑 112",
        "building_use_zh": "概念产业/服务建筑",
        "storeys_conceptual": 6,
        "height_m_conceptual": 24.0,
        "footprint_area_sqm": 1925.0,
        "status": "conceptual_proposal",
        "usage_note": "概念体量示意，非现状建筑、非工程结论；待现状建筑与权属数据补齐后复核。"
      },
      "geometry": {
        "type": "Polygon",
        "coordinates": [
          [
            [
              116.35092226823535,
              39.960410270072046
            ],
            [
              116.35091928787573,
              39.960725468915136
            ],
            [
              116.3502756235367,
              39.96072186311414
            ],
            [
              116.35027860685133,
              39.96040666431107
            ],
            [
              116.35092226823535,
              39.960410270072046
            ]
          ]
        ]
      }
    },
    {
      "type": "Feature",
      "id": "BLD-113",
      "properties": {
        "id": "BLD-113",
        "layer": "BUILDING_FOOTPRINT",
        "source_type": "agent_inferred_from_public_data",
        "confidence": "medium",
        "geometry_role": "provisional_constraint",
        "official_boundary": false,
        "boundary_precision": "provisional_rough",
        "name_zh": "概念建筑 113",
        "building_use_zh": "概念产业/服务建筑",
        "storeys_conceptual": 6,
        "height_m_conceptual": 24.0,
        "footprint_area_sqm": 1925.0,
        "status": "conceptual_proposal",
        "usage_note": "概念体量示意，非现状建筑、非工程结论；待现状建筑与权属数据补齐后复核。"
      },
      "geometry": {
        "type": "Polygon",
        "coordinates": [
          [
            [
              116.35090694017148,
              39.96203129250859
            ],
            [
              116.35090395957045,
              39.96234649126232
            ],
            [
              116.35026028003364,
              39.96234288525543
            ],
            [
              116.35026326358991,
              39.96202768654173
            ],
            [
              116.35090694017148,
              39.96203129250859
            ]
          ]
        ]
      }
    },
    {
      "type": "Feature",
      "id": "BLD-114",
      "properties": {
        "id": "BLD-114",
        "layer": "BUILDING_FOOTPRINT",
        "source_type": "agent_inferred_from_public_data",
        "confidence": "medium",
        "geometry_role": "provisional_constraint",
        "official_boundary": false,
        "boundary_precision": "provisional_rough",
        "name_zh": "概念建筑 114",
        "building_use_zh": "概念产业/服务建筑",
        "storeys_conceptual": 6,
        "height_m_conceptual": 24.0,
        "footprint_area_sqm": 1925.0,
        "status": "conceptual_proposal",
        "usage_note": "概念体量示意，非现状建筑、非工程结论；待现状建筑与权属数据补齐后复核。"
      },
      "geometry": {
        "type": "Polygon",
        "coordinates": [
          [
            [
              116.35089161086611,
              39.96365231448554
            ],
            [
              116.35088863002368,
              39.963967513149925
            ],
            [
              116.35024493528785,
              39.96396390693714
            ],
            [
              116.35024791908575,
              39.9636487083128
            ],
            [
              116.35089161086611,
              39.96365231448554
            ]
          ]
        ]
      }
    },
    {
      "type": "Feature",
      "id": "BLD-115",
      "properties": {
        "id": "BLD-115",
        "layer": "BUILDING_FOOTPRINT",
        "source_type": "agent_inferred_from_public_data",
        "confidence": "medium",
        "geometry_role": "provisional_constraint",
        "official_boundary": false,
        "boundary_precision": "provisional_rough",
        "name_zh": "概念建筑 115",
        "building_use_zh": "概念产业/服务建筑",
        "storeys_conceptual": 6,
        "height_m_conceptual": 24.0,
        "footprint_area_sqm": 1925.0,
        "status": "conceptual_proposal",
        "usage_note": "概念体量示意，非现状建筑、非工程结论；待现状建筑与权属数据补齐后复核。"
      },
      "geometry": {
        "type": "Polygon",
        "coordinates": [
          [
            [
              116.35346128994395,
              39.93935000860445
            ],
            [
              116.35345832345455,
              39.939665208754334
            ],
            [
              116.35281485615442,
              39.939661618613975
            ],
            [
              116.35281782559572,
              39.93934641850396
            ],
            [
              116.35346128994395,
              39.93935000860445
            ]
          ]
        ]
      }
    },
    {
      "type": "Feature",
      "id": "BLD-116",
      "properties": {
        "id": "BLD-116",
        "layer": "BUILDING_FOOTPRINT",
        "source_type": "agent_inferred_from_public_data",
        "confidence": "medium",
        "geometry_role": "provisional_constraint",
        "official_boundary": false,
        "boundary_precision": "provisional_rough",
        "name_zh": "概念建筑 116",
        "building_use_zh": "概念产业/服务建筑",
        "storeys_conceptual": 6,
        "height_m_conceptual": 24.0,
        "footprint_area_sqm": 1925.0,
        "status": "conceptual_proposal",
        "usage_note": "概念体量示意，非现状建筑、非工程结论；待现状建筑与权属数据补齐后复核。"
      },
      "geometry": {
        "type": "Polygon",
        "coordinates": [
          [
            [
              116.35344603321512,
              39.940971037761635
            ],
            [
              116.35344306648547,
              39.94128623782216
            ],
            [
              116.35279958400352,
              39.941282647476775
            ],
            [
              116.35280255368528,
              39.9409674474561
            ],
            [
              116.35344603321512,
              39.940971037761635
            ]
          ]
        ]
      }
    },
    {
      "type": "Feature",
      "id": "BLD-117",
      "properties": {
        "id": "BLD-117",
        "layer": "BUILDING_FOOTPRINT",
        "source_type": "agent_inferred_from_public_data",
        "confidence": "medium",
        "geometry_role": "provisional_constraint",
        "official_boundary": false,
        "boundary_precision": "provisional_rough",
        "name_zh": "概念建筑 117",
        "building_use_zh": "概念产业/服务建筑",
        "storeys_conceptual": 6,
        "height_m_conceptual": 24.0,
        "footprint_area_sqm": 1925.0,
        "status": "conceptual_proposal",
        "usage_note": "概念体量示意，非现状建筑、非工程结论；待现状建筑与权属数据补齐后复核。"
      },
      "geometry": {
        "type": "Polygon",
        "coordinates": [
          [
            [
              116.3534307752507,
              39.94259206645932
            ],
            [
              116.35342780828077,
              39.94290726643052
            ],
            [
              116.35278431061577,
              39.9429036758801
            ],
            [
              116.35278728053804,
              39.94258847594876
            ],
            [
              116.3534307752507,
              39.94259206645932
            ]
          ]
        ]
      }
    },
    {
      "type": "Feature",
      "id": "BLD-118",
      "properties": {
        "id": "BLD-118",
        "layer": "BUILDING_FOOTPRINT",
        "source_type": "agent_inferred_from_public_data",
        "confidence": "medium",
        "geometry_role": "provisional_constraint",
        "official_boundary": false,
        "boundary_precision": "provisional_rough",
        "name_zh": "概念建筑 118",
        "building_use_zh": "概念产业/服务建筑",
        "storeys_conceptual": 6,
        "height_m_conceptual": 24.0,
        "footprint_area_sqm": 1925.0,
        "status": "conceptual_proposal",
        "usage_note": "概念体量示意，非现状建筑、非工程结论；待现状建筑与权属数据补齐后复核。"
      },
      "geometry": {
        "type": "Polygon",
        "coordinates": [
          [
            [
              116.3534155160506,
              39.944213094697524
            ],
            [
              116.35341254884041,
              39.94452829457938
            ],
            [
              116.35276903599107,
              39.94452470382391
            ],
            [
              116.35277200615387,
              39.94420950398194
            ],
            [
              116.3534155160506,
              39.944213094697524
            ]
          ]
        ]
      }
    },
    {
      "type": "Feature",
      "id": "BLD-119",
      "properties": {
        "id": "BLD-119",
        "layer": "BUILDING_FOOTPRINT",
        "source_type": "agent_inferred_from_public_data",
        "confidence": "medium",
        "geometry_role": "provisional_constraint",
        "official_boundary": false,
        "boundary_precision": "provisional_rough",
        "name_zh": "概念建筑 119",
        "building_use_zh": "概念产业/服务建筑",
        "storeys_conceptual": 6,
        "height_m_conceptual": 24.0,
        "footprint_area_sqm": 1925.0,
        "status": "conceptual_proposal",
        "usage_note": "概念体量示意，非现状建筑、非工程结论；待现状建筑与权属数据补齐后复核。"
      },
      "geometry": {
        "type": "Polygon",
        "coordinates": [
          [
            [
              116.35340025561472,
              39.94583412247624
            ],
            [
              116.35339728816419,
              39.94614932226873
            ],
            [
              116.35275376012937,
              39.946145731308235
            ],
            [
              116.35275673053269,
              39.9458305315556
            ],
            [
              116.35340025561472,
              39.94583412247624
            ]
          ]
        ]
      }
    },
    {
      "type": "Feature",
      "id": "BLD-120",
      "properties": {
        "id": "BLD-120",
        "layer": "BUILDING_FOOTPRINT",
        "source_type": "agent_inferred_from_public_data",
        "confidence": "medium",
        "geometry_role": "provisional_constraint",
        "official_boundary": false,
        "boundary_precision": "provisional_rough",
        "name_zh": "概念建筑 120",
        "building_use_zh": "概念产业/服务建筑",
        "storeys_conceptual": 6,
        "height_m_conceptual": 24.0,
        "footprint_area_sqm": 1925.0,
        "status": "conceptual_proposal",
        "usage_note": "概念体量示意，非现状建筑、非工程结论；待现状建筑与权属数据补齐后复核。"
      },
      "geometry": {
        "type": "Polygon",
        "coordinates": [
          [
            [
              116.35338499394291,
              39.94745514979545
            ],
            [
              116.35338202625208,
              39.9477703494986
            ],
            [
              116.35273848303048,
              39.94776675833304
            ],
            [
              116.35274145367438,
              39.947451558669755
            ],
            [
              116.35338499394291,
              39.94745514979545
            ]
          ]
        ]
      }
    },
    {
      "type": "Feature",
      "id": "BLD-121",
      "properties": {
        "id": "BLD-121",
        "layer": "BUILDING_FOOTPRINT",
        "source_type": "agent_inferred_from_public_data",
        "confidence": "medium",
        "geometry_role": "provisional_constraint",
        "official_boundary": false,
        "boundary_precision": "provisional_rough",
        "name_zh": "概念建筑 121",
        "building_use_zh": "概念产业/服务建筑",
        "storeys_conceptual": 6,
        "height_m_conceptual": 24.0,
        "footprint_area_sqm": 1925.0,
        "status": "conceptual_proposal",
        "usage_note": "概念体量示意，非现状建筑、非工程结论；待现状建筑与权属数据补齐后复核。"
      },
      "geometry": {
        "type": "Polygon",
        "coordinates": [
          [
            [
              116.3533697310351,
              39.94907617665514
            ],
            [
              116.3533667631039,
              39.94939137626894
            ],
            [
              116.35272320469433,
              39.94938778489832
            ],
            [
              116.35272617557881,
              39.94907258532439
            ],
            [
              116.3533697310351,
              39.94907617665514
            ]
          ]
        ]
      }
    },
    {
      "type": "Feature",
      "id": "BLD-122",
      "properties": {
        "id": "BLD-122",
        "layer": "BUILDING_FOOTPRINT",
        "source_type": "agent_inferred_from_public_data",
        "confidence": "medium",
        "geometry_role": "provisional_constraint",
        "official_boundary": false,
        "boundary_precision": "provisional_rough",
        "name_zh": "概念建筑 122",
        "building_use_zh": "概念产业/服务建筑",
        "storeys_conceptual": 6,
        "height_m_conceptual": 24.0,
        "footprint_area_sqm": 1925.0,
        "status": "conceptual_proposal",
        "usage_note": "概念体量示意，非现状建筑、非工程结论；待现状建筑与权属数据补齐后复核。"
      },
      "geometry": {
        "type": "Polygon",
        "coordinates": [
          [
            [
              116.35335446689115,
              39.950697203055334
            ],
            [
              116.3533514987196,
              39.951012402579806
            ],
            [
              116.3527079251208,
              39.951008811004094
            ],
            [
              116.3527108962459,
              39.95069361151951
            ],
            [
              116.35335446689115,
              39.950697203055334
            ]
          ]
        ]
      }
    },
    {
      "type": "Feature",
      "id": "BLD-123",
      "properties": {
        "id": "BLD-123",
        "layer": "BUILDING_FOOTPRINT",
        "source_type": "agent_inferred_from_public_data",
        "confidence": "medium",
        "geometry_role": "provisional_constraint",
        "official_boundary": false,
        "boundary_precision": "provisional_rough",
        "name_zh": "概念建筑 123",
        "building_use_zh": "概念产业/服务建筑",
        "storeys_conceptual": 6,
        "height_m_conceptual": 24.0,
        "footprint_area_sqm": 1925.0,
        "status": "conceptual_proposal",
        "usage_note": "概念体量示意，非现状建筑、非工程结论；待现状建筑与权属数据补齐后复核。"
      },
      "geometry": {
        "type": "Polygon",
        "coordinates": [
          [
            [
              116.35333920151098,
              39.95231822899603
            ],
            [
              116.35333623309903,
              39.95263342843112
            ],
            [
              116.3526926443098,
              39.95262983665033
            ],
            [
              116.35269561567553,
              39.952314637255114
            ],
            [
              116.35333920151098,
              39.95231822899603
            ]
          ]
        ]
      }
    },
    {
      "type": "Feature",
      "id": "BLD-124",
      "properties": {
        "id": "BLD-124",
        "layer": "BUILDING_FOOTPRINT",
        "source_type": "agent_inferred_from_public_data",
        "confidence": "medium",
        "geometry_role": "provisional_constraint",
        "official_boundary": false,
        "boundary_precision": "provisional_rough",
        "name_zh": "概念建筑 124",
        "building_use_zh": "概念产业/服务建筑",
        "storeys_conceptual": 6,
        "height_m_conceptual": 24.0,
        "footprint_area_sqm": 1925.0,
        "status": "conceptual_proposal",
        "usage_note": "概念体量示意，非现状建筑、非工程结论；待现状建筑与权属数据补齐后复核。"
      },
      "geometry": {
        "type": "Polygon",
        "coordinates": [
          [
            [
              116.35332393489443,
              39.953939254477184
            ],
            [
              116.3533209662421,
              39.954254453822934
            ],
            [
              116.35267736226118,
              39.95425086183704
            ],
            [
              116.35268033386755,
              39.95393566253117
            ],
            [
              116.35332393489443,
              39.953939254477184
            ]
          ]
        ]
      }
    },
    {
      "type": "Feature",
      "id": "BLD-125",
      "properties": {
        "id": "BLD-125",
        "layer": "BUILDING_FOOTPRINT",
        "source_type": "agent_inferred_from_public_data",
        "confidence": "medium",
        "geometry_role": "provisional_constraint",
        "official_boundary": false,
        "boundary_precision": "provisional_rough",
        "name_zh": "概念建筑 125",
        "building_use_zh": "概念产业/服务建筑",
        "storeys_conceptual": 6,
        "height_m_conceptual": 24.0,
        "footprint_area_sqm": 1925.0,
        "status": "conceptual_proposal",
        "usage_note": "概念体量示意，非现状建筑、非工程结论；待现状建筑与权属数据补齐后复核。"
      },
      "geometry": {
        "type": "Polygon",
        "coordinates": [
          [
            [
              116.35330866704145,
              39.955560279498826
            ],
            [
              116.35330569814865,
              39.955875478755225
            ],
            [
              116.35266207897483,
              39.955871886564225
            ],
            [
              116.3526650508219,
              39.95555668734771
            ],
            [
              116.35330866704145,
              39.955560279498826
            ]
          ]
        ]
      }
    },
    {
      "type": "Feature",
      "id": "BLD-126",
      "properties": {
        "id": "BLD-126",
        "layer": "BUILDING_FOOTPRINT",
        "source_type": "agent_inferred_from_public_data",
        "confidence": "medium",
        "geometry_role": "provisional_constraint",
        "official_boundary": false,
        "boundary_precision": "provisional_rough",
        "name_zh": "概念建筑 126",
        "building_use_zh": "概念产业/服务建筑",
        "storeys_conceptual": 6,
        "height_m_conceptual": 24.0,
        "footprint_area_sqm": 1925.0,
        "status": "conceptual_proposal",
        "usage_note": "概念体量示意，非现状建筑、非工程结论；待现状建筑与权属数据补齐后复核。"
      },
      "geometry": {
        "type": "Polygon",
        "coordinates": [
          [
            [
              116.35329339795187,
              39.957181304060946
            ],
            [
              116.35329042881864,
              39.95749650322798
            ],
            [
              116.35264679445068,
              39.95749291083187
            ],
            [
              116.35264976653842,
              39.9571777117047
            ],
            [
              116.35329339795187,
              39.957181304060946
            ]
          ]
        ]
      }
    },
    {
      "type": "Feature",
      "id": "BLD-127",
      "properties": {
        "id": "BLD-127",
        "layer": "BUILDING_FOOTPRINT",
        "source_type": "agent_inferred_from_public_data",
        "confidence": "medium",
        "geometry_role": "provisional_constraint",
        "official_boundary": false,
        "boundary_precision": "provisional_rough",
        "name_zh": "概念建筑 127",
        "building_use_zh": "概念产业/服务建筑",
        "storeys_conceptual": 6,
        "height_m_conceptual": 24.0,
        "footprint_area_sqm": 1925.0,
        "status": "conceptual_proposal",
        "usage_note": "概念体量示意，非现状建筑、非工程结论；待现状建筑与权属数据补齐后复核。"
      },
      "geometry": {
        "type": "Polygon",
        "coordinates": [
          [
            [
              116.35327812762563,
              39.9588023281635
            ],
            [
              116.35327515825189,
              39.9591175272412
            ],
            [
              116.35263150868856,
              39.95911393463996
            ],
            [
              116.35263448101703,
              39.958798735602144
            ],
            [
              116.35327812762563,
              39.9588023281635
            ]
          ]
        ]
      }
    },
    {
      "type": "Feature",
      "id": "BLD-128",
      "properties": {
        "id": "BLD-128",
        "layer": "BUILDING_FOOTPRINT",
        "source_type": "agent_inferred_from_public_data",
        "confidence": "medium",
        "geometry_role": "provisional_constraint",
        "official_boundary": false,
        "boundary_precision": "provisional_rough",
        "name_zh": "概念建筑 128",
        "building_use_zh": "概念产业/服务建筑",
        "storeys_conceptual": 6,
        "height_m_conceptual": 24.0,
        "footprint_area_sqm": 1925.0,
        "status": "conceptual_proposal",
        "usage_note": "概念体量示意，非现状建筑、非工程结论；待现状建筑与权属数据补齐后复核。"
      },
      "geometry": {
        "type": "Polygon",
        "coordinates": [
          [
            [
              116.35326285606256,
              39.96042335180653
            ],
            [
              116.35325988644836,
              39.96073855079487
            ],
            [
              116.35261622168841,
              39.9607349579885
            ],
            [
              116.35261919425763,
              39.96041975904005
            ],
            [
              116.35326285606256,
              39.96042335180653
            ]
          ]
        ]
      }
    },
    {
      "type": "Feature",
      "id": "BLD-129",
      "properties": {
        "id": "BLD-129",
        "layer": "BUILDING_FOOTPRINT",
        "source_type": "agent_inferred_from_public_data",
        "confidence": "medium",
        "geometry_role": "provisional_constraint",
        "official_boundary": false,
        "boundary_precision": "provisional_rough",
        "name_zh": "概念建筑 129",
        "building_use_zh": "概念产业/服务建筑",
        "storeys_conceptual": 6,
        "height_m_conceptual": 24.0,
        "footprint_area_sqm": 1925.0,
        "status": "conceptual_proposal",
        "usage_note": "概念体量示意，非现状建筑、非工程结论；待现状建筑与权属数据补齐后复核。"
      },
      "geometry": {
        "type": "Polygon",
        "coordinates": [
          [
            [
              116.35324758326261,
              39.962044374990036
            ],
            [
              116.35324461340785,
              39.96235957388902
            ],
            [
              116.35260093345009,
              39.9623559808775
            ],
            [
              116.35260390626007,
              39.962040782018406
            ],
            [
              116.35324758326261,
              39.962044374990036
            ]
          ]
        ]
      }
    },
    {
      "type": "Feature",
      "id": "BLD-130",
      "properties": {
        "id": "BLD-130",
        "layer": "BUILDING_FOOTPRINT",
        "source_type": "agent_inferred_from_public_data",
        "confidence": "medium",
        "geometry_role": "provisional_constraint",
        "official_boundary": false,
        "boundary_precision": "provisional_rough",
        "name_zh": "概念建筑 130",
        "building_use_zh": "概念产业/服务建筑",
        "storeys_conceptual": 6,
        "height_m_conceptual": 24.0,
        "footprint_area_sqm": 1925.0,
        "status": "conceptual_proposal",
        "usage_note": "概念体量示意，非现状建筑、非工程结论；待现状建筑与权属数据补齐后复核。"
      },
      "geometry": {
        "type": "Polygon",
        "coordinates": [
          [
            [
              116.35323230922563,
              39.96366539771398
            ],
            [
              116.35322933913032,
              39.9639805965236
            ],
            [
              116.3525856439735,
              39.96397700330694
            ],
            [
              116.35258861702427,
              39.963661804537196
            ],
            [
              116.35323230922563,
              39.96366539771398
            ]
          ]
        ]
      }
    },
    {
      "type": "Feature",
      "id": "BLD-131",
      "properties": {
        "id": "BLD-131",
        "layer": "BUILDING_FOOTPRINT",
        "source_type": "agent_inferred_from_public_data",
        "confidence": "medium",
        "geometry_role": "provisional_constraint",
        "official_boundary": false,
        "boundary_precision": "provisional_rough",
        "name_zh": "概念建筑 131",
        "building_use_zh": "概念产业/服务建筑",
        "storeys_conceptual": 6,
        "height_m_conceptual": 24.0,
        "footprint_area_sqm": 1925.0,
        "status": "conceptual_proposal",
        "usage_note": "概念体量示意，非现状建筑、非工程结论；待现状建筑与权属数据补齐后复核。"
      },
      "geometry": {
        "type": "Polygon",
        "coordinates": [
          [
            [
              116.35087312539795,
              39.96560691474252
            ],
            [
              116.35087014426438,
              39.965922113299136
            ],
            [
              116.35022643120021,
              39.965918506838086
            ],
            [
              116.3502294152895,
              39.965603308321505
            ],
            [
              116.35087312539795,
              39.96560691474252
            ]
          ]
        ]
      }
    },
    {
      "type": "Feature",
      "id": "BLD-132",
      "properties": {
        "id": "BLD-132",
        "layer": "BUILDING_FOOTPRINT",
        "source_type": "agent_inferred_from_public_data",
        "confidence": "medium",
        "geometry_role": "provisional_constraint",
        "official_boundary": false,
        "boundary_precision": "provisional_rough",
        "name_zh": "概念建筑 132",
        "building_use_zh": "概念产业/服务建筑",
        "storeys_conceptual": 6,
        "height_m_conceptual": 24.0,
        "footprint_area_sqm": 1925.0,
        "status": "conceptual_proposal",
        "usage_note": "概念体量示意，非现状建筑、非工程结论；待现状建筑与权属数据补齐后复核。"
      },
      "geometry": {
        "type": "Polygon",
        "coordinates": [
          [
            [
              116.35085779335371,
              39.96722793570573
            ],
            [
              116.35085481197868,
              39.967543134172985
            ],
            [
              116.35021108371274,
              39.967539527506005
            ],
            [
              116.35021406804378,
              39.967224329078796
            ],
            [
              116.35085779335371,
              39.96722793570573
            ]
          ]
        ]
      }
    },
    {
      "type": "Feature",
      "id": "BLD-133",
      "properties": {
        "id": "BLD-133",
        "layer": "BUILDING_FOOTPRINT",
        "source_type": "agent_inferred_from_public_data",
        "confidence": "medium",
        "geometry_role": "provisional_constraint",
        "official_boundary": false,
        "boundary_precision": "provisional_rough",
        "name_zh": "概念建筑 133",
        "building_use_zh": "概念产业/服务建筑",
        "storeys_conceptual": 6,
        "height_m_conceptual": 24.0,
        "footprint_area_sqm": 1925.0,
        "status": "conceptual_proposal",
        "usage_note": "概念体量示意，非现状建筑、非工程结论；待现状建筑与权属数据补齐后复核。"
      },
      "geometry": {
        "type": "Polygon",
        "coordinates": [
          [
            [
              116.35084246006762,
              39.96884895620933
            ],
            [
              116.35083947845109,
              39.96916415458722
            ],
            [
              116.35019573498222,
              39.96916054771432
            ],
            [
              116.35019871955495,
              39.968845349376465
            ],
            [
              116.35084246006762,
              39.96884895620933
            ]
          ]
        ]
      }
    },
    {
      "type": "Feature",
      "id": "BLD-134",
      "properties": {
        "id": "BLD-134",
        "layer": "BUILDING_FOOTPRINT",
        "source_type": "agent_inferred_from_public_data",
        "confidence": "medium",
        "geometry_role": "provisional_constraint",
        "official_boundary": false,
        "boundary_precision": "provisional_rough",
        "name_zh": "概念建筑 134",
        "building_use_zh": "概念产业/服务建筑",
        "storeys_conceptual": 6,
        "height_m_conceptual": 24.0,
        "footprint_area_sqm": 1925.0,
        "status": "conceptual_proposal",
        "usage_note": "概念体量示意，非现状建筑、非工程结论；待现状建筑与权属数据补齐后复核。"
      },
      "geometry": {
        "type": "Polygon",
        "coordinates": [
          [
            [
              116.35082712553955,
              39.97046997625333
            ],
            [
              116.35082414368152,
              39.970785174541845
            ],
            [
              116.35018038500843,
              39.97078156746301
            ],
            [
              116.35018336982291,
              39.970466369214535
            ],
            [
              116.35082712553955,
              39.97046997625333
            ]
          ]
        ]
      }
    },
    {
      "type": "Feature",
      "id": "BLD-135",
      "properties": {
        "id": "BLD-135",
        "layer": "BUILDING_FOOTPRINT",
        "source_type": "agent_inferred_from_public_data",
        "confidence": "medium",
        "geometry_role": "provisional_constraint",
        "official_boundary": false,
        "boundary_precision": "provisional_rough",
        "name_zh": "概念建筑 135",
        "building_use_zh": "概念产业/服务建筑",
        "storeys_conceptual": 6,
        "height_m_conceptual": 24.0,
        "footprint_area_sqm": 1925.0,
        "status": "conceptual_proposal",
        "usage_note": "概念体量示意，非现状建筑、非工程结论；待现状建筑与权属数据补齐后复核。"
      },
      "geometry": {
        "type": "Polygon",
        "coordinates": [
          [
            [
              116.3508117897694,
              39.972090995837725
            ],
            [
              116.35080880766985,
              39.972406194036864
            ],
            [
              116.35016503379131,
              39.972402586752075
            ],
            [
              116.35016801884758,
              39.97208738859298
            ],
            [
              116.3508117897694,
              39.972090995837725
            ]
          ]
        ]
      }
    },
    {
      "type": "Feature",
      "id": "BLD-136",
      "properties": {
        "id": "BLD-136",
        "layer": "BUILDING_FOOTPRINT",
        "source_type": "agent_inferred_from_public_data",
        "confidence": "medium",
        "geometry_role": "provisional_constraint",
        "official_boundary": false,
        "boundary_precision": "provisional_rough",
        "name_zh": "概念建筑 136",
        "building_use_zh": "概念产业/服务建筑",
        "storeys_conceptual": 6,
        "height_m_conceptual": 24.0,
        "footprint_area_sqm": 1925.0,
        "status": "conceptual_proposal",
        "usage_note": "概念体量示意，非现状建筑、非工程结论；待现状建筑与权属数据补齐后复核。"
      },
      "geometry": {
        "type": "Polygon",
        "coordinates": [
          [
            [
              116.35079645275705,
              39.97371201496249
            ],
            [
              116.35079347041594,
              39.97402721307227
            ],
            [
              116.35014968133076,
              39.97402360558153
            ],
            [
              116.35015266662882,
              39.97370840751179
            ],
            [
              116.35079645275705,
              39.97371201496249
            ]
          ]
        ]
      }
    },
    {
      "type": "Feature",
      "id": "BLD-137",
      "properties": {
        "id": "BLD-137",
        "layer": "BUILDING_FOOTPRINT",
        "source_type": "agent_inferred_from_public_data",
        "confidence": "medium",
        "geometry_role": "provisional_constraint",
        "official_boundary": false,
        "boundary_precision": "provisional_rough",
        "name_zh": "概念建筑 137",
        "building_use_zh": "概念产业/服务建筑",
        "storeys_conceptual": 6,
        "height_m_conceptual": 24.0,
        "footprint_area_sqm": 1925.0,
        "status": "conceptual_proposal",
        "usage_note": "概念体量示意，非现状建筑、非工程结论；待现状建筑与权属数据补齐后复核。"
      },
      "geometry": {
        "type": "Polygon",
        "coordinates": [
          [
            [
              116.35078111450241,
              39.975333033627635
            ],
            [
              116.35077813191972,
              39.975648231648044
            ],
            [
              116.35013432762666,
              39.97564462395133
            ],
            [
              116.35013731316651,
              39.97532942597098
            ],
            [
              116.35078111450241,
              39.975333033627635
            ]
          ]
        ]
      }
    },
    {
      "type": "Feature",
      "id": "BLD-138",
      "properties": {
        "id": "BLD-138",
        "layer": "BUILDING_FOOTPRINT",
        "source_type": "agent_inferred_from_public_data",
        "confidence": "medium",
        "geometry_role": "provisional_constraint",
        "official_boundary": false,
        "boundary_precision": "provisional_rough",
        "name_zh": "概念建筑 138",
        "building_use_zh": "概念产业/服务建筑",
        "storeys_conceptual": 6,
        "height_m_conceptual": 24.0,
        "footprint_area_sqm": 1925.0,
        "status": "conceptual_proposal",
        "usage_note": "概念体量示意，非现状建筑、非工程结论；待现状建筑与权属数据补齐后复核。"
      },
      "geometry": {
        "type": "Polygon",
        "coordinates": [
          [
            [
              116.35076577500534,
              39.976954051833175
            ],
            [
              116.35076279218106,
              39.9772692497642
            ],
            [
              116.35011897267886,
              39.97726564186152
            ],
            [
              116.35012195846058,
              39.976950443970544
            ],
            [
              116.35076577500534,
              39.976954051833175
            ]
          ]
        ]
      }
    },
    {
      "type": "Feature",
      "id": "BLD-139",
      "properties": {
        "id": "BLD-139",
        "layer": "BUILDING_FOOTPRINT",
        "source_type": "agent_inferred_from_public_data",
        "confidence": "medium",
        "geometry_role": "provisional_constraint",
        "official_boundary": false,
        "boundary_precision": "provisional_rough",
        "name_zh": "概念建筑 139",
        "building_use_zh": "概念产业/服务建筑",
        "storeys_conceptual": 6,
        "height_m_conceptual": 24.0,
        "footprint_area_sqm": 1925.0,
        "status": "conceptual_proposal",
        "usage_note": "概念体量示意，非现状建筑、非工程结论；待现状建筑与权属数据补齐后复核。"
      },
      "geometry": {
        "type": "Polygon",
        "coordinates": [
          [
            [
              116.35075043426573,
              39.97857506957907
            ],
            [
              116.35074745119987,
              39.97889026742074
            ],
            [
              116.35010361648729,
              39.978886659312074
            ],
            [
              116.35010660251085,
              39.97857146151046
            ],
            [
              116.35075043426573,
              39.97857506957907
            ]
          ]
        ]
      }
    },
    {
      "type": "Feature",
      "id": "BLD-140",
      "properties": {
        "id": "BLD-140",
        "layer": "BUILDING_FOOTPRINT",
        "source_type": "agent_inferred_from_public_data",
        "confidence": "medium",
        "geometry_role": "provisional_constraint",
        "official_boundary": false,
        "boundary_precision": "provisional_rough",
        "name_zh": "概念建筑 140",
        "building_use_zh": "概念产业/服务建筑",
        "storeys_conceptual": 6,
        "height_m_conceptual": 24.0,
        "footprint_area_sqm": 1925.0,
        "status": "conceptual_proposal",
        "usage_note": "概念体量示意，非现状建筑、非工程结论；待现状建筑与权属数据补齐后复核。"
      },
      "geometry": {
        "type": "Polygon",
        "coordinates": [
          [
            [
              116.35073509228351,
              39.98019608686534
            ],
            [
              116.35073210897599,
              39.98051128461763
            ],
            [
              116.35008825905183,
              39.98050767630298
            ],
            [
              116.35009124531727,
              39.98019247859074
            ],
            [
              116.35073509228351,
              39.98019608686534
            ]
          ]
        ]
      }
    },
    {
      "type": "Feature",
      "id": "BLD-141",
      "properties": {
        "id": "BLD-141",
        "layer": "BUILDING_FOOTPRINT",
        "source_type": "agent_inferred_from_public_data",
        "confidence": "medium",
        "geometry_role": "provisional_constraint",
        "official_boundary": false,
        "boundary_precision": "provisional_rough",
        "name_zh": "概念建筑 141",
        "building_use_zh": "概念产业/服务建筑",
        "storeys_conceptual": 6,
        "height_m_conceptual": 24.0,
        "footprint_area_sqm": 1925.0,
        "status": "conceptual_proposal",
        "usage_note": "概念体量示意，非现状建筑、非工程结论；待现状建筑与权属数据补齐后复核。"
      },
      "geometry": {
        "type": "Polygon",
        "coordinates": [
          [
            [
              116.3507197490585,
              39.98181710369198
            ],
            [
              116.35071676550933,
              39.98213230135489
            ],
            [
              116.35007290037235,
              39.98212869283423
            ],
            [
              116.3500758868797,
              39.98181349521137
            ],
            [
              116.3507197490585,
              39.98181710369198
            ]
          ]
        ]
      }
    },
    {
      "type": "Feature",
      "id": "BLD-142",
      "properties": {
        "id": "BLD-142",
        "layer": "BUILDING_FOOTPRINT",
        "source_type": "agent_inferred_from_public_data",
        "confidence": "medium",
        "geometry_role": "provisional_constraint",
        "official_boundary": false,
        "boundary_precision": "provisional_rough",
        "name_zh": "概念建筑 142",
        "building_use_zh": "概念产业/服务建筑",
        "storeys_conceptual": 6,
        "height_m_conceptual": 24.0,
        "footprint_area_sqm": 1925.0,
        "status": "conceptual_proposal",
        "usage_note": "概念体量示意，非现状建筑、非工程结论；待现状建筑与权属数据补齐后复核。"
      },
      "geometry": {
        "type": "Polygon",
        "coordinates": [
          [
            [
              116.35321389040512,
              39.96561999887171
            ],
            [
              116.35321092001972,
              39.9659351975736
            ],
            [
              116.3525672065345,
              39.96593160410953
            ],
            [
              116.35257017987563,
              39.96561640544755
            ],
            [
              116.35321389040512,
              39.96561999887171
            ]
          ]
        ]
      }
    },
    {
      "type": "Feature",
      "id": "BLD-143",
      "properties": {
        "id": "BLD-143",
        "layer": "BUILDING_FOOTPRINT",
        "source_type": "agent_inferred_from_public_data",
        "confidence": "medium",
        "geometry_role": "provisional_constraint",
        "official_boundary": false,
        "boundary_precision": "provisional_rough",
        "name_zh": "概念建筑 143",
        "building_use_zh": "概念产业/服务建筑",
        "storeys_conceptual": 6,
        "height_m_conceptual": 24.0,
        "footprint_area_sqm": 1925.0,
        "status": "conceptual_proposal",
        "usage_note": "概念体量示意，非现状建筑、非工程结论；待现状建筑与权属数据补齐后复核。"
      },
      "geometry": {
        "type": "Polygon",
        "coordinates": [
          [
            [
              116.35319861363911,
              39.967241020581966
            ],
            [
              116.35319564301315,
              39.967556219194485
            ],
            [
              116.35255191432614,
              39.967552625525265
            ],
            [
              116.35255488790811,
              39.96723742695264
            ],
            [
              116.35319861363911,
              39.967241020581966
            ]
          ]
        ]
      }
    },
    {
      "type": "Feature",
      "id": "BLD-144",
      "properties": {
        "id": "BLD-144",
        "layer": "BUILDING_FOOTPRINT",
        "source_type": "agent_inferred_from_public_data",
        "confidence": "medium",
        "geometry_role": "provisional_constraint",
        "official_boundary": false,
        "boundary_precision": "provisional_rough",
        "name_zh": "概念建筑 144",
        "building_use_zh": "概念产业/服务建筑",
        "storeys_conceptual": 6,
        "height_m_conceptual": 24.0,
        "footprint_area_sqm": 1925.0,
        "status": "conceptual_proposal",
        "usage_note": "概念体量示意，非现状建筑、非工程结论；待现状建筑与权属数据补齐后复核。"
      },
      "geometry": {
        "type": "Polygon",
        "coordinates": [
          [
            [
              116.35318333563575,
              39.96886204183267
            ],
            [
              116.35318036476919,
              39.96917724035584
            ],
            [
              116.35253662087918,
              39.969173646481416
            ],
            [
              116.35253959470198,
              39.96885844799815
            ],
            [
              116.35318333563575,
              39.96886204183267
            ]
          ]
        ]
      }
    },
    {
      "type": "Feature",
      "id": "BLD-145",
      "properties": {
        "id": "BLD-145",
        "layer": "BUILDING_FOOTPRINT",
        "source_type": "agent_inferred_from_public_data",
        "confidence": "medium",
        "geometry_role": "provisional_constraint",
        "official_boundary": false,
        "boundary_precision": "provisional_rough",
        "name_zh": "概念建筑 145",
        "building_use_zh": "概念产业/服务建筑",
        "storeys_conceptual": 6,
        "height_m_conceptual": 24.0,
        "footprint_area_sqm": 1925.0,
        "status": "conceptual_proposal",
        "usage_note": "概念体量示意，非现状建筑、非工程结论；待现状建筑与权属数据补齐后复核。"
      },
      "geometry": {
        "type": "Polygon",
        "coordinates": [
          [
            [
              116.35316805639489,
              39.9704830626238
            ],
            [
              116.35316508528769,
              39.970798261057595
            ],
            [
              116.35252132619345,
              39.97079466697798
            ],
            [
              116.35252430025713,
              39.970479468584095
            ],
            [
              116.35316805639489,
              39.9704830626238
            ]
          ]
        ]
      }
    },
    {
      "type": "Feature",
      "id": "BLD-146",
      "properties": {
        "id": "BLD-146",
        "layer": "BUILDING_FOOTPRINT",
        "source_type": "agent_inferred_from_public_data",
        "confidence": "medium",
        "geometry_role": "provisional_constraint",
        "official_boundary": false,
        "boundary_precision": "provisional_rough",
        "name_zh": "概念建筑 146",
        "building_use_zh": "概念产业/服务建筑",
        "storeys_conceptual": 6,
        "height_m_conceptual": 24.0,
        "footprint_area_sqm": 1925.0,
        "status": "conceptual_proposal",
        "usage_note": "概念体量示意，非现状建筑、非工程结论；待现状建筑与权属数据补齐后复核。"
      },
      "geometry": {
        "type": "Polygon",
        "coordinates": [
          [
            [
              116.35315277591646,
              39.972104082955354
            ],
            [
              116.35314980456856,
              39.97241928129978
            ],
            [
              116.35250603026886,
              39.97241568701499
            ],
            [
              116.35250900457345,
              39.97210048871045
            ],
            [
              116.35315277591646,
              39.972104082955354
            ]
          ]
        ]
      }
    },
    {
      "type": "Feature",
      "id": "BLD-147",
      "properties": {
        "id": "BLD-147",
        "layer": "BUILDING_FOOTPRINT",
        "source_type": "agent_inferred_from_public_data",
        "confidence": "medium",
        "geometry_role": "provisional_constraint",
        "official_boundary": false,
        "boundary_precision": "provisional_rough",
        "name_zh": "概念建筑 147",
        "building_use_zh": "概念产业/服务建筑",
        "storeys_conceptual": 6,
        "height_m_conceptual": 24.0,
        "footprint_area_sqm": 1925.0,
        "status": "conceptual_proposal",
        "usage_note": "概念体量示意，非现状建筑、非工程结论；待现状建筑与权属数据补齐后复核。"
      },
      "geometry": {
        "type": "Polygon",
        "coordinates": [
          [
            [
              116.35313749420027,
              39.97372510282732
            ],
            [
              116.35313452261171,
              39.9740403010824
            ],
            [
              116.3524907331053,
              39.97403670659237
            ],
            [
              116.3524937076508,
              39.97372150837721
            ],
            [
              116.35313749420027,
              39.97372510282732
            ]
          ]
        ]
      }
    },
    {
      "type": "Feature",
      "id": "BLD-148",
      "properties": {
        "id": "BLD-148",
        "layer": "BUILDING_FOOTPRINT",
        "source_type": "agent_inferred_from_public_data",
        "confidence": "medium",
        "geometry_role": "provisional_constraint",
        "official_boundary": false,
        "boundary_precision": "provisional_rough",
        "name_zh": "概念建筑 148",
        "building_use_zh": "概念产业/服务建筑",
        "storeys_conceptual": 6,
        "height_m_conceptual": 24.0,
        "footprint_area_sqm": 1925.0,
        "status": "conceptual_proposal",
        "usage_note": "概念体量示意，非现状建筑、非工程结论；待现状建筑与权属数据补齐后复核。"
      },
      "geometry": {
        "type": "Polygon",
        "coordinates": [
          [
            [
              116.35312221124626,
              39.975346122239706
            ],
            [
              116.353119239417,
              39.97566132040542
            ],
            [
              116.35247543470267,
              39.975657725710164
            ],
            [
              116.35247840948911,
              39.975342527584374
            ],
            [
              116.35312221124626,
              39.975346122239706
            ]
          ]
        ]
      }
    },
    {
      "type": "Feature",
      "id": "BLD-149",
      "properties": {
        "id": "BLD-149",
        "layer": "BUILDING_FOOTPRINT",
        "source_type": "agent_inferred_from_public_data",
        "confidence": "medium",
        "geometry_role": "provisional_constraint",
        "official_boundary": false,
        "boundary_precision": "provisional_rough",
        "name_zh": "概念建筑 149",
        "building_use_zh": "概念产业/服务建筑",
        "storeys_conceptual": 6,
        "height_m_conceptual": 24.0,
        "footprint_area_sqm": 1925.0,
        "status": "conceptual_proposal",
        "usage_note": "概念体量示意，非现状建筑、非工程结论；待现状建筑与权属数据补齐后复核。"
      },
      "geometry": {
        "type": "Polygon",
        "coordinates": [
          [
            [
              116.35310692705431,
              39.97696714119251
            ],
            [
              116.35310395498433,
              39.97728233926885
            ],
            [
              116.35246013506082,
              39.97727874436838
            ],
            [
              116.35246311008824,
              39.976963546331945
            ],
            [
              116.35310692705431,
              39.97696714119251
            ]
          ]
        ]
      }
    },
    {
      "type": "Feature",
      "id": "BLD-150",
      "properties": {
        "id": "BLD-150",
        "layer": "BUILDING_FOOTPRINT",
        "source_type": "agent_inferred_from_public_data",
        "confidence": "medium",
        "geometry_role": "provisional_constraint",
        "official_boundary": false,
        "boundary_precision": "provisional_rough",
        "name_zh": "概念建筑 150",
        "building_use_zh": "概念产业/服务建筑",
        "storeys_conceptual": 6,
        "height_m_conceptual": 24.0,
        "footprint_area_sqm": 1925.0,
        "status": "conceptual_proposal",
        "usage_note": "概念体量示意，非现状建筑、非工程结论；待现状建筑与权属数据补齐后复核。"
      },
      "geometry": {
        "type": "Polygon",
        "coordinates": [
          [
            [
              116.35309164162433,
              39.97858815968573
            ],
            [
              116.35308866931359,
              39.978903357672706
            ],
            [
              116.3524448341797,
              39.97889976256698
            ],
            [
              116.35244780944811,
              39.97858456461991
            ],
            [
              116.35309164162433,
              39.97858815968573
            ]
          ]
        ]
      }
    },
    {
      "type": "Feature",
      "id": "BLD-151",
      "properties": {
        "id": "BLD-151",
        "layer": "BUILDING_FOOTPRINT",
        "source_type": "agent_inferred_from_public_data",
        "confidence": "medium",
        "geometry_role": "provisional_constraint",
        "official_boundary": false,
        "boundary_precision": "provisional_rough",
        "name_zh": "概念建筑 151",
        "building_use_zh": "概念产业/服务建筑",
        "storeys_conceptual": 6,
        "height_m_conceptual": 24.0,
        "footprint_area_sqm": 1925.0,
        "status": "conceptual_proposal",
        "usage_note": "概念体量示意，非现状建筑、非工程结论；待现状建筑与权属数据补齐后复核。"
      },
      "geometry": {
        "type": "Polygon",
        "coordinates": [
          [
            [
              116.35307635495617,
              39.98020917771933
            ],
            [
              116.35307338240469,
              39.980524375616945
            ],
            [
              116.35242953205916,
              39.980520780305966
            ],
            [
              116.35243250756855,
              39.98020558244827
            ],
            [
              116.35307635495617,
              39.98020917771933
            ]
          ]
        ]
      }
    },
    {
      "type": "Feature",
      "id": "BLD-152",
      "properties": {
        "id": "BLD-152",
        "layer": "BUILDING_FOOTPRINT",
        "source_type": "agent_inferred_from_public_data",
        "confidence": "medium",
        "geometry_role": "provisional_constraint",
        "official_boundary": false,
        "boundary_precision": "provisional_rough",
        "name_zh": "概念建筑 152",
        "building_use_zh": "概念产业/服务建筑",
        "storeys_conceptual": 6,
        "height_m_conceptual": 24.0,
        "footprint_area_sqm": 1925.0,
        "status": "conceptual_proposal",
        "usage_note": "概念体量示意，非现状建筑、非工程结论；待现状建筑与权属数据补齐后复核。"
      },
      "geometry": {
        "type": "Polygon",
        "coordinates": [
          [
            [
              116.35306106704974,
              39.98183019529334
            ],
            [
              116.35305809425746,
              39.98214539310158
            ],
            [
              116.35241422869908,
              39.98214179758535
            ],
            [
              116.3524172044495,
              39.98182659981702
            ],
            [
              116.35306106704974,
              39.98183019529334
            ]
          ]
        ]
      }
    },
    {
      "type": "Feature",
      "id": "BLD-153",
      "properties": {
        "id": "BLD-153",
        "layer": "BUILDING_FOOTPRINT",
        "source_type": "agent_inferred_from_public_data",
        "confidence": "medium",
        "geometry_role": "provisional_constraint",
        "official_boundary": false,
        "boundary_precision": "provisional_rough",
        "name_zh": "概念建筑 153",
        "building_use_zh": "概念产业/服务建筑",
        "storeys_conceptual": 6,
        "height_m_conceptual": 24.0,
        "footprint_area_sqm": 1925.0,
        "status": "conceptual_proposal",
        "usage_note": "概念体量示意，非现状建筑、非工程结论；待现状建筑与权属数据补齐后复核。"
      },
      "geometry": {
        "type": "Polygon",
        "coordinates": [
          [
            [
              116.34130533724722,
              39.98306711651979
            ],
            [
              116.34130231030524,
              39.98338231352197
            ],
            [
              116.3406584346462,
              39.98337865261232
            ],
            [
              116.34066146454649,
              39.98306345565078
            ],
            [
              116.34130533724722,
              39.98306711651979
            ]
          ]
        ]
      }
    },
    {
      "type": "Feature",
      "id": "BLD-154",
      "properties": {
        "id": "BLD-154",
        "layer": "BUILDING_FOOTPRINT",
        "source_type": "agent_inferred_from_public_data",
        "confidence": "medium",
        "geometry_role": "provisional_constraint",
        "official_boundary": false,
        "boundary_precision": "provisional_rough",
        "name_zh": "概念建筑 154",
        "building_use_zh": "概念产业/服务建筑",
        "storeys_conceptual": 6,
        "height_m_conceptual": 24.0,
        "footprint_area_sqm": 1925.0,
        "status": "conceptual_proposal",
        "usage_note": "概念体量示意，非现状建筑、非工程结论；待现状建筑与权属数据补齐后复核。"
      },
      "geometry": {
        "type": "Polygon",
        "coordinates": [
          [
            [
              116.34128976960915,
              39.984688129488646
            ],
            [
              116.34128674242196,
              39.98500332640142
            ],
            [
              116.34064285154801,
              39.984999665282785
            ],
            [
              116.34064588169375,
              39.98468446841064
            ],
            [
              116.34128976960915,
              39.984688129488646
            ]
          ]
        ]
      }
    },
    {
      "type": "Feature",
      "id": "BLD-155",
      "properties": {
        "id": "BLD-155",
        "layer": "BUILDING_FOOTPRINT",
        "source_type": "agent_inferred_from_public_data",
        "confidence": "medium",
        "geometry_role": "provisional_constraint",
        "official_boundary": false,
        "boundary_precision": "provisional_rough",
        "name_zh": "概念建筑 155",
        "building_use_zh": "概念产业/服务建筑",
        "storeys_conceptual": 6,
        "height_m_conceptual": 24.0,
        "footprint_area_sqm": 1925.0,
        "status": "conceptual_proposal",
        "usage_note": "概念体量示意，非现状建筑、非工程结论；待现状建筑与权属数据补齐后复核。"
      },
      "geometry": {
        "type": "Polygon",
        "coordinates": [
          [
            [
              116.34127420070999,
              39.98630914199772
            ],
            [
              116.34127117327759,
              39.98662433882108
            ],
            [
              116.34062726718751,
              39.98662067749343
            ],
            [
              116.34063029757871,
              39.98630548071071
            ],
            [
              116.34127420070999,
              39.98630914199772
            ]
          ]
        ]
      }
    },
    {
      "type": "Feature",
      "id": "BLD-156",
      "properties": {
        "id": "BLD-156",
        "layer": "BUILDING_FOOTPRINT",
        "source_type": "agent_inferred_from_public_data",
        "confidence": "medium",
        "geometry_role": "provisional_constraint",
        "official_boundary": false,
        "boundary_precision": "provisional_rough",
        "name_zh": "概念建筑 156",
        "building_use_zh": "概念产业/服务建筑",
        "storeys_conceptual": 6,
        "height_m_conceptual": 24.0,
        "footprint_area_sqm": 1925.0,
        "status": "conceptual_proposal",
        "usage_note": "概念体量示意，非现状建筑、非工程结论；待现状建筑与权属数据补齐后复核。"
      },
      "geometry": {
        "type": "Polygon",
        "coordinates": [
          [
            [
              116.34364669351426,
              39.98308039862328
            ],
            [
              116.34364367732977,
              39.98339559577289
            ],
            [
              116.34299980124317,
              39.98339194786817
            ],
            [
              116.34300282038596,
              39.98307675075905
            ],
            [
              116.34364669351426,
              39.98308039862328
            ]
          ]
        ]
      }
    },
    {
      "type": "Feature",
      "id": "BLD-157",
      "properties": {
        "id": "BLD-157",
        "layer": "BUILDING_FOOTPRINT",
        "source_type": "agent_inferred_from_public_data",
        "confidence": "medium",
        "geometry_role": "provisional_constraint",
        "official_boundary": false,
        "boundary_precision": "provisional_rough",
        "name_zh": "概念建筑 157",
        "building_use_zh": "概念产业/服务建筑",
        "storeys_conceptual": 6,
        "height_m_conceptual": 24.0,
        "footprint_area_sqm": 1925.0,
        "status": "conceptual_proposal",
        "usage_note": "概念体量示意，非现状建筑、非工程结论；待现状建筑与权属数据补齐后复核。"
      },
      "geometry": {
        "type": "Polygon",
        "coordinates": [
          [
            [
              116.34363118120226,
              39.98470141235041
            ],
            [
              116.34362816477345,
              39.985016609410636
            ],
            [
              116.34298427347191,
              39.98501296129766
            ],
            [
              116.34298729285926,
              39.98469776427793
            ],
            [
              116.34363118120226,
              39.98470141235041
            ]
          ]
        ]
      }
    },
    {
      "type": "Feature",
      "id": "BLD-158",
      "properties": {
        "id": "BLD-158",
        "layer": "BUILDING_FOOTPRINT",
        "source_type": "agent_inferred_from_public_data",
        "confidence": "medium",
        "geometry_role": "provisional_constraint",
        "official_boundary": false,
        "boundary_precision": "provisional_rough",
        "name_zh": "概念建筑 158",
        "building_use_zh": "概念产业/服务建筑",
        "storeys_conceptual": 6,
        "height_m_conceptual": 24.0,
        "footprint_area_sqm": 1925.0,
        "status": "conceptual_proposal",
        "usage_note": "概念体量示意，非现状建筑、非工程结论；待现状建筑与权属数据补齐后复核。"
      },
      "geometry": {
        "type": "Polygon",
        "coordinates": [
          [
            [
              116.34361566763367,
              39.98632242561779
            ],
            [
              116.34361265096051,
              39.98663762258862
            ],
            [
              116.34296874444281,
              39.98663397426737
            ],
            [
              116.34297176407476,
              39.98631877733704
            ],
            [
              116.34361566763367,
              39.98632242561779
            ]
          ]
        ]
      }
    },
    {
      "type": "Feature",
      "id": "BLD-159",
      "properties": {
        "id": "BLD-159",
        "layer": "BUILDING_FOOTPRINT",
        "source_type": "agent_inferred_from_public_data",
        "confidence": "medium",
        "geometry_role": "provisional_constraint",
        "official_boundary": false,
        "boundary_precision": "provisional_rough",
        "name_zh": "概念建筑 159",
        "building_use_zh": "概念产业/服务建筑",
        "storeys_conceptual": 6,
        "height_m_conceptual": 24.0,
        "footprint_area_sqm": 1925.0,
        "status": "conceptual_proposal",
        "usage_note": "概念体量示意，非现状建筑、非工程结论；待现状建筑与权属数据补齐后复核。"
      },
      "geometry": {
        "type": "Polygon",
        "coordinates": [
          [
            [
              116.3436001528084,
              39.98794343842541
            ],
            [
              116.34359713589086,
              39.988258635306835
            ],
            [
              116.34295321415577,
              39.988254986777314
            ],
            [
              116.34295623403234,
              39.98793978993639
            ],
            [
              116.3436001528084,
              39.98794343842541
            ]
          ]
        ]
      }
    },
    {
      "type": "Feature",
      "id": "BLD-160",
      "properties": {
        "id": "BLD-160",
        "layer": "BUILDING_FOOTPRINT",
        "source_type": "agent_inferred_from_public_data",
        "confidence": "medium",
        "geometry_role": "provisional_constraint",
        "official_boundary": false,
        "boundary_precision": "provisional_rough",
        "name_zh": "概念建筑 160",
        "building_use_zh": "概念产业/服务建筑",
        "storeys_conceptual": 6,
        "height_m_conceptual": 24.0,
        "footprint_area_sqm": 1925.0,
        "status": "conceptual_proposal",
        "usage_note": "概念体量示意，非现状建筑、非工程结论；待现状建筑与权属数据补齐后复核。"
      },
      "geometry": {
        "type": "Polygon",
        "coordinates": [
          [
            [
              116.3435846367263,
              39.98956445077326
            ],
            [
              116.34358161956438,
              39.98987964756529
            ],
            [
              116.34293768261064,
              39.98987599882748
            ],
            [
              116.34294070273184,
              39.98956080207595
            ],
            [
              116.3435846367263,
              39.98956445077326
            ]
          ]
        ]
      }
    },
    {
      "type": "Feature",
      "id": "BLD-161",
      "properties": {
        "id": "BLD-161",
        "layer": "BUILDING_FOOTPRINT",
        "source_type": "agent_inferred_from_public_data",
        "confidence": "medium",
        "geometry_role": "provisional_constraint",
        "official_boundary": false,
        "boundary_precision": "provisional_rough",
        "name_zh": "概念建筑 161",
        "building_use_zh": "概念产业/服务建筑",
        "storeys_conceptual": 6,
        "height_m_conceptual": 24.0,
        "footprint_area_sqm": 1925.0,
        "status": "conceptual_proposal",
        "usage_note": "概念体量示意，非现状建筑、非工程结论；待现状建筑与权属数据补齐后复核。"
      },
      "geometry": {
        "type": "Polygon",
        "coordinates": [
          [
            [
              116.34356911938727,
              39.991185462661335
            ],
            [
              116.34356610198094,
              39.99150065936396
            ],
            [
              116.34292214980738,
              39.99149701041784
            ],
            [
              116.34292517017322,
              39.99118181375572
            ],
            [
              116.34356911938727,
              39.991185462661335
            ]
          ]
        ]
      }
    },
    {
      "type": "Feature",
      "id": "BLD-162",
      "properties": {
        "id": "BLD-162",
        "layer": "BUILDING_FOOTPRINT",
        "source_type": "agent_inferred_from_public_data",
        "confidence": "medium",
        "geometry_role": "provisional_constraint",
        "official_boundary": false,
        "boundary_precision": "provisional_rough",
        "name_zh": "概念建筑 162",
        "building_use_zh": "概念产业/服务建筑",
        "storeys_conceptual": 6,
        "height_m_conceptual": 24.0,
        "footprint_area_sqm": 1925.0,
        "status": "conceptual_proposal",
        "usage_note": "概念体量示意，非现状建筑、非工程结论；待现状建筑与权属数据补齐后复核。"
      },
      "geometry": {
        "type": "Polygon",
        "coordinates": [
          [
            [
              116.34355360079122,
              39.992806474089626
            ],
            [
              116.34355058314043,
              39.993121670702855
            ],
            [
              116.34290661574578,
              39.99311802154843
            ],
            [
              116.34290963635631,
              39.992802824975726
            ],
            [
              116.34355360079122,
              39.992806474089626
            ]
          ]
        ]
      }
    },
    {
      "type": "Feature",
      "id": "BLD-163",
      "properties": {
        "id": "BLD-163",
        "layer": "BUILDING_FOOTPRINT",
        "source_type": "agent_inferred_from_public_data",
        "confidence": "medium",
        "geometry_role": "provisional_constraint",
        "official_boundary": false,
        "boundary_precision": "provisional_rough",
        "name_zh": "概念建筑 163",
        "building_use_zh": "概念产业/服务建筑",
        "storeys_conceptual": 6,
        "height_m_conceptual": 24.0,
        "footprint_area_sqm": 1925.0,
        "status": "conceptual_proposal",
        "usage_note": "概念体量示意，非现状建筑、非工程结论；待现状建筑与权属数据补齐后复核。"
      },
      "geometry": {
        "type": "Polygon",
        "coordinates": [
          [
            [
              116.343538080938,
              39.994427485058154
            ],
            [
              116.34353506304276,
              39.994742681581975
            ],
            [
              116.34289108042579,
              39.994739032219236
            ],
            [
              116.342894101281,
              39.99442383573592
            ],
            [
              116.343538080938,
              39.994427485058154
            ]
          ]
        ]
      }
    },
    {
      "type": "Feature",
      "id": "BLD-164",
      "properties": {
        "id": "BLD-164",
        "layer": "BUILDING_FOOTPRINT",
        "source_type": "agent_inferred_from_public_data",
        "confidence": "medium",
        "geometry_role": "provisional_constraint",
        "official_boundary": false,
        "boundary_precision": "provisional_rough",
        "name_zh": "概念建筑 164",
        "building_use_zh": "概念产业/服务建筑",
        "storeys_conceptual": 6,
        "height_m_conceptual": 24.0,
        "footprint_area_sqm": 1925.0,
        "status": "conceptual_proposal",
        "usage_note": "概念体量示意，非现状建筑、非工程结论；待现状建筑与权属数据补齐后复核。"
      },
      "geometry": {
        "type": "Polygon",
        "coordinates": [
          [
            [
              116.34352255982755,
              39.99604849556688
            ],
            [
              116.34351954168781,
              39.99636369200129
            ],
            [
              116.34287554384728,
              39.99636004243023
            ],
            [
              116.34287856494721,
              39.99604484603632
            ],
            [
              116.34352255982755,
              39.99604849556688
            ]
          ]
        ]
      }
    },
    {
      "type": "Feature",
      "id": "BLD-165",
      "properties": {
        "id": "BLD-165",
        "layer": "BUILDING_FOOTPRINT",
        "source_type": "agent_inferred_from_public_data",
        "confidence": "medium",
        "geometry_role": "provisional_constraint",
        "official_boundary": false,
        "boundary_precision": "provisional_rough",
        "name_zh": "概念建筑 165",
        "building_use_zh": "概念产业/服务建筑",
        "storeys_conceptual": 6,
        "height_m_conceptual": 24.0,
        "footprint_area_sqm": 1925.0,
        "status": "conceptual_proposal",
        "usage_note": "概念体量示意，非现状建筑、非工程结论；待现状建筑与权属数据补齐后复核。"
      },
      "geometry": {
        "type": "Polygon",
        "coordinates": [
          [
            [
              116.34350703745967,
              39.99766950561582
            ],
            [
              116.34350401907547,
              39.997984701960824
            ],
            [
              116.34286000601013,
              39.99798105218142
            ],
            [
              116.34286302735482,
              39.99766585587693
            ],
            [
              116.34350703745967,
              39.99766950561582
            ]
          ]
        ]
      }
    },
    {
      "type": "Feature",
      "id": "BLD-166",
      "properties": {
        "id": "BLD-166",
        "layer": "BUILDING_FOOTPRINT",
        "source_type": "agent_inferred_from_public_data",
        "confidence": "medium",
        "geometry_role": "provisional_constraint",
        "official_boundary": false,
        "boundary_precision": "provisional_rough",
        "name_zh": "概念建筑 166",
        "building_use_zh": "概念产业/服务建筑",
        "storeys_conceptual": 6,
        "height_m_conceptual": 24.0,
        "footprint_area_sqm": 1925.0,
        "status": "conceptual_proposal",
        "usage_note": "概念体量示意，非现状建筑、非工程结论；待现状建筑与权属数据补齐后复核。"
      },
      "geometry": {
        "type": "Polygon",
        "coordinates": [
          [
            [
              116.34232292140011,
              39.99883560739902
            ],
            [
              116.34231989744708,
              39.99915080360554
            ],
            [
              116.34167587358046,
              39.99914714715856
            ],
            [
              116.34167890049412,
              39.99883195099263
            ],
            [
              116.34232292140011,
              39.99883560739902
            ]
          ]
        ]
      }
    },
    {
      "type": "Feature",
      "id": "BLD-167",
      "properties": {
        "id": "BLD-167",
        "layer": "BUILDING_FOOTPRINT",
        "source_type": "agent_inferred_from_public_data",
        "confidence": "medium",
        "geometry_role": "provisional_constraint",
        "official_boundary": false,
        "boundary_precision": "provisional_rough",
        "name_zh": "概念建筑 167",
        "building_use_zh": "概念产业/服务建筑",
        "storeys_conceptual": 6,
        "height_m_conceptual": 24.0,
        "footprint_area_sqm": 1925.0,
        "status": "conceptual_proposal",
        "usage_note": "概念体量示意，非现状建筑、非工程结论；待现状建筑与权属数据补齐后复核。"
      },
      "geometry": {
        "type": "Polygon",
        "coordinates": [
          [
            [
              116.34230736913426,
              40.000456616275905
            ],
            [
              116.34230434493627,
              40.00077181239302
            ],
            [
              116.34166030584271,
              40.00076815573731
            ],
            [
              116.3416633330016,
              40.00045295966079
            ],
            [
              116.34230736913426,
              40.000456616275905
            ]
          ]
        ]
      }
    },
    {
      "type": "Feature",
      "id": "BLD-168",
      "properties": {
        "id": "BLD-168",
        "layer": "BUILDING_FOOTPRINT",
        "source_type": "agent_inferred_from_public_data",
        "confidence": "medium",
        "geometry_role": "provisional_constraint",
        "official_boundary": false,
        "boundary_precision": "provisional_rough",
        "name_zh": "概念建筑 168",
        "building_use_zh": "概念产业/服务建筑",
        "storeys_conceptual": 6,
        "height_m_conceptual": 24.0,
        "footprint_area_sqm": 1925.0,
        "status": "conceptual_proposal",
        "usage_note": "概念体量示意，非现状建筑、非工程结论；待现状建筑与权属数据补齐后复核。"
      },
      "geometry": {
        "type": "Polygon",
        "coordinates": [
          [
            [
              116.34229181560848,
              40.00207762469297
            ],
            [
              116.34228879116547,
              40.002392820720665
            ],
            [
              116.34164473684382,
              40.002389163856236
            ],
            [
              116.34164776424794,
              40.00207396786912
            ],
            [
              116.34229181560848,
              40.00207762469297
            ]
          ]
        ]
      }
    },
    {
      "type": "Feature",
      "id": "BLD-169",
      "properties": {
        "id": "BLD-169",
        "layer": "BUILDING_FOOTPRINT",
        "source_type": "agent_inferred_from_public_data",
        "confidence": "medium",
        "geometry_role": "provisional_constraint",
        "official_boundary": false,
        "boundary_precision": "provisional_rough",
        "name_zh": "概念建筑 169",
        "building_use_zh": "概念产业/服务建筑",
        "storeys_conceptual": 6,
        "height_m_conceptual": 24.0,
        "footprint_area_sqm": 1925.0,
        "status": "conceptual_proposal",
        "usage_note": "概念体量示意，非现状建筑、非工程结论；待现状建筑与权属数据补齐后复核。"
      },
      "geometry": {
        "type": "Polygon",
        "coordinates": [
          [
            [
              116.34466481659447,
              39.998848873258076
            ],
            [
              116.34466180340742,
              39.99916406961182
            ],
            [
              116.34401777911361,
              39.999160426177006
            ],
            [
              116.3440207952613,
              39.99884522986368
            ],
            [
              116.34466481659447,
              39.998848873258076
            ]
          ]
        ]
      }
    },
    {
      "type": "Feature",
      "id": "BLD-170",
      "properties": {
        "id": "BLD-170",
        "layer": "BUILDING_FOOTPRINT",
        "source_type": "agent_inferred_from_public_data",
        "confidence": "medium",
        "geometry_role": "provisional_constraint",
        "official_boundary": false,
        "boundary_precision": "provisional_rough",
        "name_zh": "概念建筑 170",
        "building_use_zh": "概念产业/服务建筑",
        "storeys_conceptual": 6,
        "height_m_conceptual": 24.0,
        "footprint_area_sqm": 1925.0,
        "status": "conceptual_proposal",
        "usage_note": "概念体量示意，非现状建筑、非工程结论；待现状建筑与权属数据补齐后复核。"
      },
      "geometry": {
        "type": "Polygon",
        "coordinates": [
          [
            [
              116.34464931969836,
              40.000469882892226
            ],
            [
              116.34464630626721,
              40.000785079156586
            ],
            [
              116.34400226674647,
              40.00078143551378
            ],
            [
              116.3440052831385,
              40.00046623928987
            ],
            [
              116.34464931969836,
              40.000469882892226
            ]
          ]
        ]
      }
    },
    {
      "type": "Feature",
      "id": "BLD-171",
      "properties": {
        "id": "BLD-171",
        "layer": "BUILDING_FOOTPRINT",
        "source_type": "agent_inferred_from_public_data",
        "confidence": "medium",
        "geometry_role": "provisional_constraint",
        "official_boundary": false,
        "boundary_precision": "provisional_rough",
        "name_zh": "概念建筑 171",
        "building_use_zh": "概念产业/服务建筑",
        "storeys_conceptual": 6,
        "height_m_conceptual": 24.0,
        "footprint_area_sqm": 1925.0,
        "status": "conceptual_proposal",
        "usage_note": "概念体量示意，非现状建筑、非工程结论；待现状建筑与权属数据补齐后复核。"
      },
      "geometry": {
        "type": "Polygon",
        "coordinates": [
          [
            [
              116.34463382154681,
              40.0020908920666
            ],
            [
              116.34463080787152,
              40.00240608824155
            ],
            [
              116.3439867531226,
              40.00240244439075
            ],
            [
              116.343989769759,
              40.00208724825624
            ],
            [
              116.34463382154681,
              40.0020908920666
            ]
          ]
        ]
      }
    },
    {
      "type": "Feature",
      "id": "BLD-172",
      "properties": {
        "id": "BLD-172",
        "layer": "BUILDING_FOOTPRINT",
        "source_type": "agent_inferred_from_public_data",
        "confidence": "medium",
        "geometry_role": "provisional_constraint",
        "official_boundary": false,
        "boundary_precision": "provisional_rough",
        "name_zh": "概念建筑 172",
        "building_use_zh": "概念产业/服务建筑",
        "storeys_conceptual": 6,
        "height_m_conceptual": 24.0,
        "footprint_area_sqm": 1925.0,
        "status": "conceptual_proposal",
        "usage_note": "概念体量示意，非现状建筑、非工程结论；待现状建筑与权属数据补齐后复核。"
      },
      "geometry": {
        "type": "Polygon",
        "coordinates": [
          [
            [
              116.34461832213968,
              40.00371190078117
            ],
            [
              116.34461530822024,
              40.00402709686673
            ],
            [
              116.34397123824193,
              40.00402345280793
            ],
            [
              116.34397425512273,
              40.00370825676283
            ],
            [
              116.34461832213968,
              40.00371190078117
            ]
          ]
        ]
      }
    },
    {
      "type": "Feature",
      "id": "BLD-173",
      "properties": {
        "id": "BLD-173",
        "layer": "BUILDING_FOOTPRINT",
        "source_type": "agent_inferred_from_public_data",
        "confidence": "medium",
        "geometry_role": "provisional_constraint",
        "official_boundary": false,
        "boundary_precision": "provisional_rough",
        "name_zh": "概念建筑 173",
        "building_use_zh": "概念产业/服务建筑",
        "storeys_conceptual": 6,
        "height_m_conceptual": 24.0,
        "footprint_area_sqm": 1925.0,
        "status": "conceptual_proposal",
        "usage_note": "概念体量示意，非现状建筑、非工程结论；待现状建筑与权属数据补齐后复核。"
      },
      "geometry": {
        "type": "Polygon",
        "coordinates": [
          [
            [
              116.34460282147688,
              40.00533290903595
            ],
            [
              116.34459980731329,
              40.0056481050321
            ],
            [
              116.34395572210434,
              40.00564446076529
            ],
            [
              116.34395873922952,
              40.005329264809596
            ],
            [
              116.34460282147688,
              40.00533290903595
            ]
          ]
        ]
      }
    },
    {
      "type": "Feature",
      "id": "BLD-174",
      "properties": {
        "id": "BLD-174",
        "layer": "BUILDING_FOOTPRINT",
        "source_type": "agent_inferred_from_public_data",
        "confidence": "medium",
        "geometry_role": "provisional_constraint",
        "official_boundary": false,
        "boundary_precision": "provisional_rough",
        "name_zh": "概念建筑 174",
        "building_use_zh": "概念产业/服务建筑",
        "storeys_conceptual": 6,
        "height_m_conceptual": 24.0,
        "footprint_area_sqm": 1925.0,
        "status": "conceptual_proposal",
        "usage_note": "概念体量示意，非现状建筑、非工程结论；待现状建筑与权属数据补齐后复核。"
      },
      "geometry": {
        "type": "Polygon",
        "coordinates": [
          [
            [
              116.34458731955827,
              40.00695391683093
            ],
            [
              116.3445843051505,
              40.00726911273766
            ],
            [
              116.34394020470968,
              40.00726546826284
            ],
            [
              116.34394322207932,
              40.006950272396544
            ],
            [
              116.34458731955827,
              40.00695391683093
            ]
          ]
        ]
      }
    },
    {
      "type": "Feature",
      "id": "BLD-175",
      "properties": {
        "id": "BLD-175",
        "layer": "BUILDING_FOOTPRINT",
        "source_type": "agent_inferred_from_public_data",
        "confidence": "medium",
        "geometry_role": "provisional_constraint",
        "official_boundary": false,
        "boundary_precision": "provisional_rough",
        "name_zh": "概念建筑 175",
        "building_use_zh": "概念产业/服务建筑",
        "storeys_conceptual": 6,
        "height_m_conceptual": 24.0,
        "footprint_area_sqm": 1925.0,
        "status": "conceptual_proposal",
        "usage_note": "概念体量示意，非现状建筑、非工程结论；待现状建筑与权属数据补齐后复核。"
      },
      "geometry": {
        "type": "Polygon",
        "coordinates": [
          [
            [
              116.34457181638378,
              40.008574924166105
            ],
            [
              116.3445688017318,
              40.00889011998344
            ],
            [
              116.34392468605785,
              40.008886475300564
            ],
            [
              116.34392770367194,
              40.008571279523686
            ],
            [
              116.34457181638378,
              40.008574924166105
            ]
          ]
        ]
      }
    },
    {
      "type": "Feature",
      "id": "BLD-176",
      "properties": {
        "id": "BLD-176",
        "layer": "BUILDING_FOOTPRINT",
        "source_type": "agent_inferred_from_public_data",
        "confidence": "medium",
        "geometry_role": "provisional_constraint",
        "official_boundary": false,
        "boundary_precision": "provisional_rough",
        "name_zh": "概念建筑 176",
        "building_use_zh": "概念产业/服务建筑",
        "storeys_conceptual": 6,
        "height_m_conceptual": 24.0,
        "footprint_area_sqm": 1925.0,
        "status": "conceptual_proposal",
        "usage_note": "概念体量示意，非现状建筑、非工程结论；待现状建筑与权属数据补齐后复核。"
      },
      "geometry": {
        "type": "Polygon",
        "coordinates": [
          [
            [
              116.34455631195327,
              40.010195931041466
            ],
            [
              116.34455329705702,
              40.01051112676938
            ],
            [
              116.34390916614876,
              40.01050748187848
            ],
            [
              116.34391218400734,
              40.01019228619102
            ],
            [
              116.34455631195327,
              40.010195931041466
            ]
          ]
        ]
      }
    },
    {
      "type": "Feature",
      "id": "BLD-177",
      "properties": {
        "id": "BLD-177",
        "layer": "BUILDING_FOOTPRINT",
        "source_type": "agent_inferred_from_public_data",
        "confidence": "medium",
        "geometry_role": "provisional_constraint",
        "official_boundary": false,
        "boundary_precision": "provisional_rough",
        "name_zh": "概念建筑 177",
        "building_use_zh": "概念产业/服务建筑",
        "storeys_conceptual": 6,
        "height_m_conceptual": 24.0,
        "footprint_area_sqm": 1925.0,
        "status": "conceptual_proposal",
        "usage_note": "概念体量示意，非现状建筑、非工程结论；待现状建筑与权属数据补齐后复核。"
      },
      "geometry": {
        "type": "Polygon",
        "coordinates": [
          [
            [
              116.34454080626662,
              40.011816937457
            ],
            [
              116.34453779112613,
              40.01213213309552
            ],
            [
              116.34389364498229,
              40.01212848799656
            ],
            [
              116.34389666308537,
              40.01181329239851
            ],
            [
              116.34454080626662,
              40.011816937457
            ]
          ]
        ]
      }
    }
  ]
}
