{
 "type": "FeatureCollection",
 "name": "ORIGIN_BELT_LAND_USE",
 "features": [
  {
   "type": "Feature",
   "id": "LU-001",
   "properties": {
    "id": "LU-001",
    "layer": "LAND_USE",
    "source_type": "agent_generated_design",
    "confidence": "medium",
    "geometry_role": "design_proposal",
    "area_sqm_declared": 2489747.404,
    "zone": "heritage_park",
    "land_use_code": "1401",
    "name_zh": "京张遗址公园绿带",
    "design_concept": "origin_belt",
    "design_iteration": "v1.1"
   },
   "geometry": {
    "type": "Polygon",
    "coordinates": [
     [
      [
       116.34400000000001,
       39.943999999999996
      ],
      [
       116.3440000000311,
       39.94425000002685
      ],
      [
       116.34400000004977,
       39.94450000004297
      ],
      [
       116.34400000005598,
       39.944750000048344
      ],
      [
       116.34400000004977,
       39.94500000004298
      ],
      [
       116.3440000000311,
       39.945250000026846
      ],
      [
       116.34400000000001,
       39.945499999999996
      ],
      [
       116.34400000009909,
       39.945766666752235
      ],
      [
       116.344000000184,
       39.94603333349223
      ],
      [
       116.34400000025478,
       39.94630000022
      ],
      [
       116.3440000003114,
       39.94656666693558
      ],
      [
       116.34400000035386,
       39.94683333363891
      ],
      [
       116.34400000038215,
       39.94710000033002
      ],
      [
       116.3440000003963,
       39.94736666700891
      ],
      [
       116.3440000003963,
       39.947633333675576
      ],
      [
       116.34400000038215,
       39.94790000033002
      ],
      [
       116.34400000035386,
       39.94816666697225
      ],
      [
       116.3440000003114,
       39.948433333602246
      ],
      [
       116.34400000025478,
       39.948700000220036
      ],
      [
       116.34400000018402,
       39.94896666682557
      ],
      [
       116.34400000009909,
       39.9492333334189
      ],
      [
       116.34400000000001,
       39.94950000000001
      ],
      [
       116.34400000021768,
       39.949765625187986
      ],
      [
       116.34400000042129,
       39.95003125036384
      ],
      [
       116.34400000061088,
       39.95029687552757
      ],
      [
       116.34400000078642,
       39.95056250067917
      ],
      [
       116.34400000094791,
       39.950828125818646
      ],
      [
       116.34400000109537,
       39.95109375094597
      ],
      [
       116.34400000122879,
       39.95135937606119
      ],
      [
       116.34400000134815,
       39.95162500116428
      ],
      [
       116.3440000014535,
       39.95189062625524
      ],
      [
       116.34400000154476,
       39.95215625133406
      ],
      [
       116.344000001622,
       39.95242187640078
      ],
      [
       116.34400000168522,
       39.95268750145535
      ],
      [
       116.34400000173437,
       39.952953126497796
      ],
      [
       116.34400000176949,
       39.95321875152812
      ],
      [
       116.34400000179056,
       39.953484376546314
      ],
      [
       116.34400000179758,
       39.95375000155238
      ],
      [
       116.34400000179056,
       39.954015626546315
      ],
      [
       116.34400000176949,
       39.95428125152812
      ],
      [
       116.3440000017344,
       39.9545468764978
      ],
      [
       116.34400000168525,
       39.95481250145535
      ],
      [
       116.34400000162204,
       39.95507812640078
      ],
      [
       116.34400000154481,
       39.955343751334084
      ],
      [
       116.34400000145354,
       39.95560937625524
      ],
      [
       116.3440000013482,
       39.95587500116428
      ],
      [
       116.34400000122885,
       39.9561406260612
      ],
      [
       116.34400000109541,
       39.95640625094598
      ],
      [
       116.34400000094796,
       39.956671875818635
      ],
      [
       116.34400000078647,
       39.956937500679174
      ],
      [
       116.34400000061092,
       39.95720312552756
      ],
      [
       116.34400000042132,
       39.95746875036383
      ],
      [
       116.34400000021768,
       39.95773437518798
      ],
      [
       116.34400000000001,
       39.958
      ],
      [
       116.34400000046165,
       39.95826923116795
      ],
      [
       116.34400000090885,
       39.95853846232347
      ],
      [
       116.34400000134164,
       39.9588076934665
      ],
      [
       116.34400000176002,
       39.95907692459708
      ],
      [
       116.34400000216395,
       39.95934615571518
      ],
      [
       116.34400000255349,
       39.95961538682085
      ],
      [
       116.34400000292855,
       39.95988461791404
      ],
      [
       116.34400000328924,
       39.960153848994786
      ],
      [
       116.34400000363549,
       39.960423080063066
      ],
      [
       116.3440000039673,
       39.960692311118876
      ],
      [
       116.3440000042847,
       39.960961542162245
      ],
      [
       116.34400000458766,
       39.96123077319314
      ],
      [
       116.34400000487621,
       39.96150000421157
      ],
      [
       116.34400000515033,
       39.96176923521756
      ],
      [
       116.34400000541002,
       39.962038466211084
      ],
      [
       116.34400000565529,
       39.962307697192145
      ],
      [
       116.34400000588614,
       39.962576928160736
      ],
      [
       116.34400000610255,
       39.96284615911687
      ],
      [
       116.34400000630455,
       39.96311539006055
      ],
      [
       116.3440000064921,
       39.96338462099177
      ],
      [
       116.34400000666525,
       39.96365385191052
      ],
      [
       116.34400000682398,
       39.96392308281683
      ],
      [
       116.34400000696824,
       39.96419231371067
      ],
      [
       116.34400000709812,
       39.96446154459204
      ],
      [
       116.34400000721355,
       39.964730775460964
      ],
      [
       116.34400000731456,
       39.96500000631742
      ],
      [
       116.34400000740115,
       39.965269237161415
      ],
      [
       116.34400000747328,
       39.96553846799294
      ],
      [
       116.34400000753102,
       39.96580769881203
      ],
      [
       116.34400000757434,
       39.96607692961865
      ],
      [
       116.34400000760321,
       39.9663461604128
      ],
      [
       116.34400000761764,
       39.966615391194495
      ],
      [
       116.34400000761767,
       39.96688462196372
      ],
      [
       116.34400000760326,
       39.96715385272051
      ],
      [
       116.34400000757444,
       39.967423083464816
      ],
      [
       116.34400000753115,
       39.967692314196654
      ],
      [
       116.34400000747347,
       39.96796154491606
      ],
      [
       116.34400000740136,
       39.968230775622985
      ],
      [
       116.34400000731479,
       39.96850000631746
      ],
      [
       116.34400000721384,
       39.96876923699947
      ],
      [
       116.34400000709842,
       39.96903846766902
      ],
      [
       116.3440000069686,
       39.96930769832611
      ],
      [
       116.34400000682433,
       39.96957692897075
      ],
      [
       116.34400000666565,
       39.96984615960292
      ],
      [
       116.34400000649254,
       39.970115390222624
      ],
      [
       116.34400000630498,
       39.97038462082986
      ],
      [
       116.344000006103,
       39.97065385142466
      ],
      [
       116.3440000058866,
       39.97092308200698
      ],
      [
       116.34400000565577,
       39.97119231257684
      ],
      [
       116.3440000054105,
       39.971461543134254
      ],
      [
       116.34400000515082,
       39.97173077367919
      ],
      [
       116.3440000048767,
       39.97200000421167
      ],
      [
       116.34400000458814,
       39.9722692347317
      ],
      [
       116.34400000428518,
       39.97253846523925
      ],
      [
       116.34400000396776,
       39.97280769573436
      ],
      [
       116.34400000363591,
       39.973076926217
      ],
      [
       116.34400000328966,
       39.973346156687185
      ],
      [
       116.34400000292896,
       39.973615387144896
      ],
      [
       116.34400000255384,
       39.97388461759015
      ],
      [
       116.34400000216426,
       39.974153848022944
      ],
      [
       116.34400000176028,
       39.97442307844328
      ],
      [
       116.34400000134184,
       39.974692308851154
      ],
      [
       116.344000000909,
       39.97496153924655
      ],
      [
       116.34400000046172,
       39.975230769629505
      ],
      [
       116.34400000000001,
       39.975500000000004
      ],
      [
       116.3440000000311,
       39.97575000002686
      ],
      [
       116.34400000004977,
       39.97600000004299
      ],
      [
       116.34400000005598,
       39.97625000004835
      ],
      [
       116.34400000004977,
       39.97650000004298
      ],
      [
       116.3440000000311,
       39.976750000026854
      ],
      [
       116.34400000000001,
       39.977000000000004
      ],
      [
       116.34400000018033,
       39.97726923092499
      ],
      [
       116.34400000034626,
       39.97753846183753
      ],
      [
       116.34400000049774,
       39.977807692737606
      ],
      [
       116.3440000006348,
       39.97807692362522
      ],
      [
       116.34400000075743,
       39.978346154500386
      ],
      [
       116.34400000086562,
       39.978615385363064
      ],
      [
       116.34400000095941,
       39.9788846162133
      ],
      [
       116.34400000103878,
       39.97915384705107
      ],
      [
       116.34400000110368,
       39.97942307787638
      ],
      [
       116.34400000115419,
       39.97969230868922
      ],
      [
       116.34400000119027,
       39.97996153948961
      ],
      [
       116.3440000012119,
       39.98023077027754
      ],
      [
       116.34400000121913,
       39.98050000105299
      ],
      [
       116.3440000012119,
       39.98076923181599
      ],
      [
       116.34400000119027,
       39.98103846256654
      ],
      [
       116.34400000115421,
       39.9813076933046
      ],
      [
       116.34400000110371,
       39.981576924030215
      ],
      [
       116.3440000010388,
       39.98184615474339
      ],
      [
       116.34400000095944,
       39.98211538544407
      ],
      [
       116.34400000086568,
       39.9823846161323
      ],
      [
       116.34400000075746,
       39.98265384680807
      ],
      [
       116.34400000063482,
       39.98292307747138
      ],
      [
       116.34400000049777,
       39.98319230812222
      ],
      [
       116.34400000034628,
       39.98346153876061
      ],
      [
       116.34400000018036,
       39.98373076938655
      ],
      [
       116.34400000000001,
       39.983999999999995
      ],
      [
       116.34400000038029,
       39.98426851884702
      ],
      [
       116.34400000074622,
       39.98453703768163
      ],
      [
       116.34400000109781,
       39.98480555650387
      ],
      [
       116.34400000143505,
       39.98507407531371
      ],
      [
       116.34400000175793,
       39.985342594111145
      ],
      [
       116.34400000206648,
       39.98561111289618
      ],
      [
       116.34400000236066,
       39.98587963166882
      ],
      [
       116.3440000026405,
       39.986148150429074
      ],
      [
       116.34400000290599,
       39.98641666917692
      ],
      [
       116.34400000315712,
       39.98668518791238
      ],
      [
       116.34400000339392,
       39.98695370663544
      ],
      [
       116.34400000361637,
       39.98722222534612
      ],
      [
       116.34400000382446,
       39.98749074404438
      ],
      [
       116.34400000401818,
       39.98775926273025
      ],
      [
       116.3440000041976,
       39.98802778140374
      ],
      [
       116.34400000436263,
       39.9882963000648
      ],
      [
       116.34400000451333,
       39.98856481871349
      ],
      [
       116.34400000464967,
       39.98883333734978
      ],
      [
       116.34400000477167,
       39.98910185597367
      ],
      [
       116.3440000048793,
       39.989370374585164
      ],
      [
       116.34400000497261,
       39.989638893184264
      ],
      [
       116.34400000505157,
       39.989907411770965
      ],
      [
       116.34400000511614,
       39.990175930345266
      ],
      [
       116.3440000051664,
       39.99044444890718
      ],
      [
       116.34400000520228,
       39.990712967456695
      ],
      [
       116.34400000522382,
       39.99098148599381
      ],
      [
       116.344000005231,
       39.99125000451853
      ],
      [
       116.34400000522385,
       39.99151852303085
      ],
      [
       116.34400000520232,
       39.991787041530756
      ],
      [
       116.34400000516648,
       39.9920555600183
      ],
      [
       116.34400000511624,
       39.992324078493425
      ],
      [
       116.3440000050517,
       39.992592596956186
      ],
      [
       116.34400000497277,
       39.992861115406505
      ],
      [
       116.34400000487949,
       39.99312963384446
      ],
      [
       116.34400000477189,
       39.99339815227
      ],
      [
       116.3440000046499,
       39.993666670683155
      ],
      [
       116.34400000451357,
       39.9939351890839
      ],
      [
       116.34400000436288,
       39.994203707472266
      ],
      [
       116.34400000419785,
       39.99447222584823
      ],
      [
       116.34400000401847,
       39.994740744211775
      ],
      [
       116.34400000382473,
       39.99500926256295
      ],
      [
       116.34400000361666,
       39.99527778090172
      ],
      [
       116.34400000339419,
       39.99554629922809
      ],
      [
       116.3440000031574,
       39.99581481754207
      ],
      [
       116.34400000290624,
       39.99608333584365
      ],
      [
       116.34400000264075,
       39.99635185413284
      ],
      [
       116.34400000236089,
       39.996620372409616
      ],
      [
       116.34400000206668,
       39.99688889067401
      ],
      [
       116.34400000175812,
       39.997157408926
      ],
      [
       116.3440000014352,
       39.99742592716559
      ],
      [
       116.34400000109794,
       39.997694445392796
      ],
      [
       116.34400000074632,
       39.99796296360759
      ],
      [
       116.34400000038035,
       39.998231481809995
      ],
      [
       116.34400000000001,
       39.99849999999999
      ],
      [
       116.3440000000311,
       39.99875000002687
      ],
      [
       116.34400000004977,
       39.999000000042976
      ],
      [
       116.34400000005598,
       39.99925000004836
      ],
      [
       116.34400000004977,
       39.999500000042985
      ],
      [
       116.3440000000311,
       39.99975000002687
      ],
      [
       116.34400000000001,
       40.0
      ],
      [
       116.34400000020524,
       40.00026666684396
      ],
      [
       116.3440000003963,
       40.0005333336757
      ],
      [
       116.34400000057322,
       40.000800000495204
      ],
      [
       116.34400000073599,
       40.00106666730247
      ],
      [
       116.3440000008846,
       40.001333334097524
      ],
      [
       116.34400000101905,
       40.001600000880345
      ],
      [
       116.34400000113938,
       40.00186666765094
      ],
      [
       116.34400000124553,
       40.002133334409315
      ],
      [
       116.34400000133755,
       40.00240000115545
      ],
      [
       116.34400000141538,
       40.00266666788938
      ],
      [
       116.34400000147906,
       40.002933334611065
      ],
      [
       116.34400000152863,
       40.00320000132052
      ],
      [
       116.344000001564,
       40.00346666801775
      ],
      [
       116.34400000158524,
       40.003733334702765
      ],
      [
       116.34400000159232,
       40.004000001375545
      ],
      [
       116.34400000158524,
       40.0042666680361
      ],
      [
       116.34400000156403,
       40.00453333468443
      ],
      [
       116.34400000152863,
       40.00480000132052
      ],
      [
       116.34400000147912,
       40.0050666679444
      ],
      [
       116.34400000141542,
       40.005333334556035
      ],
      [
       116.34400000133756,
       40.005600001155464
      ],
      [
       116.34400000124556,
       40.005866667742644
      ],
      [
       116.34400000113943,
       40.00613333431761
      ],
      [
       116.34400000101911,
       40.00640000088035
      ],
      [
       116.34400000088466,
       40.00666666743085
      ],
      [
       116.34400000073603,
       40.00693333396914
      ],
      [
       116.34400000057327,
       40.007200000495196
      ],
      [
       116.34400000039632,
       40.007466667009034
      ],
      [
       116.34400000020524,
       40.00773333351061
      ],
      [
       116.34400000000001,
       40.007999999999996
      ],
      [
       116.34400000049979,
       40.00826811728097
      ],
      [
       116.34400000098526,
       40.00853623454958
      ],
      [
       116.34400000145642,
       40.00880435180585
      ],
      [
       116.3440000019133,
       40.00907246904975
      ],
      [
       116.34400000235586,
       40.009340586281276
      ],
      [
       116.34400000278411,
       40.00960870350045
      ],
      [
       116.34400000319806,
       40.00987682070727
      ],
      [
       116.3440000035977,
       40.01014493790172
      ],
      [
       116.34400000398303,
       40.010413055083816
      ],
      [
       116.34400000435409,
       40.010681172253534
      ],
      [
       116.3440000047108,
       40.01094928941092
      ],
      [
       116.34400000505322,
       40.01121740655593
      ],
      [
       116.34400000538135,
       40.01148552368858
      ],
      [
       116.34400000569515,
       40.01175364080887
      ],
      [
       116.34400000599466,
       40.012021757916784
      ],
      [
       116.34400000627984,
       40.012289875012364
      ],
      [
       116.34400000655076,
       40.01255799209555
      ],
      [
       116.34400000680733,
       40.012826109166404
      ],
      [
       116.34400000704962,
       40.01309422622488
      ],
      [
       116.3440000072776,
       40.01336234327101
      ],
      [
       116.34400000749126,
       40.01363046030476
      ],
      [
       116.34400000769061,
       40.01389857732616
      ],
      [
       116.34400000787566,
       40.014166694335195
      ],
      [
       116.34400000804642,
       40.01443481133188
      ],
      [
       116.34400000820285,
       40.01470292831619
      ],
      [
       116.34400000834499,
       40.01497104528814
      ],
      [
       116.34400000847282,
       40.01523916224774
      ],
      [
       116.34400000858633,
       40.01550727919496
      ],
      [
       116.34400000868554,
       40.01577539612983
      ],
      [
       116.34400000877045,
       40.016043513052345
      ],
      [
       116.34400000884104,
       40.01631162996249
      ],
      [
       116.34400000889731,
       40.016579746860266
      ],
      [
       116.3440000089393,
       40.0168478637457
      ],
      [
       116.34400000896699,
       40.01711598061877
      ],
      [
       116.34400000898034,
       40.01738409747947
      ],
      [
       116.34400000897939,
       40.0176522143278
      ],
      [
       116.34400000896413,
       40.017920331163786
      ],
      [
       116.34400000893459,
       40.018188447987406
      ],
      [
       116.3440000088907,
       40.018456564798655
      ],
      [
       116.34400000883254,
       40.01872468159755
      ],
      [
       116.34400000876005,
       40.01899279838409
      ],
      [
       116.34400000867325,
       40.019260915158256
      ],
      [
       116.34400000857214,
       40.019529031920065
      ],
      [
       116.34400000845672,
       40.01979714866951
      ],
      [
       116.344000008327,
       40.0200652654066
      ],
      [
       116.34400000818296,
       40.02033338213132
      ],
      [
       116.34400000802462,
       40.020601498843675
      ],
      [
       116.34400000785196,
       40.02086961554368
      ],
      [
       116.34400000766502,
       40.021137732231324
      ],
      [
       116.34400000746372,
       40.0214058489066
      ],
      [
       116.34400000724816,
       40.02167396556952
      ],
      [
       116.34400000701824,
       40.02194208222007
      ],
      [
       116.34400000677405,
       40.02221019885826
      ],
      [
       116.34400000651554,
       40.0224783154841
      ],
      [
       116.34400000624272,
       40.022746432097556
      ],
      [
       116.34400000595558,
       40.02301454869867
      ],
      [
       116.34400000565414,
       40.023282665287404
      ],
      [
       116.34400000533837,
       40.02355078186379
      ],
      [
       116.34400000500831,
       40.02381889842781
      ],
      [
       116.34400000466394,
       40.02408701497947
      ],
      [
       116.34400000430526,
       40.024355131518774
      ],
      [
       116.34400000393224,
       40.02462324804571
      ],
      [
       116.34400000354495,
       40.024891364560276
      ],
      [
       116.34400000314331,
       40.025159481062495
      ],
      [
       116.3440000027274,
       40.02542759755234
      ],
      [
       116.34400000229712,
       40.02569571402982
      ],
      [
       116.34400000185259,
       40.02596383049495
      ],
      [
       116.34400000139372,
       40.02623194694772
      ],
      [
       116.34400000092053,
       40.0265000633881
      ],
      [
       116.34433333420075,
       40.026500077292155
      ],
      [
       116.34466666749415,
       40.026500090237285
      ],
      [
       116.34500000080075,
       40.02650010222352
      ],
      [
       116.34533333412051,
       40.02650011325087
      ],
      [
       116.3456666674534,
       40.02650012331931
      ],
      [
       116.34600000079944,
       40.02650013242885
      ],
      [
       116.34633333415859,
       40.02650014057951
      ],
      [
       116.34666666753081,
       40.02650014777124
      ],
      [
       116.34700000091614,
       40.02650015400408
      ],
      [
       116.34700000138716,
       40.02623203625044
      ],
      [
       116.34700000184394,
       40.02596391848443
      ],
      [
       116.34700000228648,
       40.02569580070606
      ],
      [
       116.34700000271475,
       40.025427682915335
      ],
      [
       116.34700000312878,
       40.02515956511224
      ],
      [
       116.34700000352859,
       40.02489144729677
      ],
      [
       116.34700000391413,
       40.024623329468945
      ],
      [
       116.34700000428543,
       40.02435521162877
      ],
      [
       116.34700000464248,
       40.02408709377621
      ],
      [
       116.34700000498529,
       40.0238189759113
      ],
      [
       116.34700000531384,
       40.023550858034035
      ],
      [
       116.34700000562816,
       40.02328274014438
      ],
      [
       116.34700000592824,
       40.023014622242385
      ],
      [
       116.34700000621407,
       40.02274650432802
      ],
      [
       116.34700000648564,
       40.0224783864013
      ],
      [
       116.34700000674299,
       40.02221026846221
      ],
      [
       116.34700000698608,
       40.021942150510746
      ],
      [
       116.34700000721493,
       40.02167403254694
      ],
      [
       116.34700000742953,
       40.02140591457078
      ],
      [
       116.34700000762989,
       40.021137796582224
      ],
      [
       116.347000007816,
       40.02086967858133
      ],
      [
       116.34700000798786,
       40.02060156056806
      ],
      [
       116.34700000814549,
       40.02033344254243
      ],
      [
       116.34700000828886,
       40.02006532450445
      ],
      [
       116.347000008418,
       40.01979720645409
      ],
      [
       116.3470000085329,
       40.01952908839138
      ],
      [
       116.34700000863354,
       40.01926097031631
      ],
      [
       116.34700000871995,
       40.018992852228855
      ],
      [
       116.34700000879211,
       40.01872473412905
      ],
      [
       116.34700000885002,
       40.018456616016906
      ],
      [
       116.34700000889369,
       40.018188497892375
      ],
      [
       116.34700000892312,
       40.01792037975548
      ],
      [
       116.34700000893831,
       40.01765226160624
      ],
      [
       116.34700000893925,
       40.017384143444616
      ],
      [
       116.34700000892595,
       40.01711602527064
      ],
      [
       116.34700000889842,
       40.0168479070843
      ],
      [
       116.34700000885664,
       40.0165797888856
      ],
      [
       116.3470000088006,
       40.01631167067454
      ],
      [
       116.34700000873033,
       40.01604355245111
      ],
      [
       116.34700000864582,
       40.01577543421532
      ],
      [
       116.34700000854706,
       40.01550731596718
      ],
      [
       116.34700000843405,
       40.015239197706656
      ],
      [
       116.34700000830684,
       40.01497107943379
      ],
      [
       116.34700000816534,
       40.014702961148544
      ],
      [
       116.34700000800962,
       40.01443484285095
      ],
      [
       116.34700000783964,
       40.01416672454099
      ],
      [
       116.34700000765545,
       40.01389860621867
      ],
      [
       116.34700000745698,
       40.01363048788398
      ],
      [
       116.34700000724429,
       40.01336236953694
      ],
      [
       116.34700000701739,
       40.013094251177534
      ],
      [
       116.3470000067762,
       40.01282613280576
      ],
      [
       116.34700000652079,
       40.01255801442163
      ],
      [
       116.34700000625115,
       40.01228989602513
      ],
      [
       116.34700000596725,
       40.01202177761627
      ],
      [
       116.3470000056691,
       40.01175365919505
      ],
      [
       116.34700000535672,
       40.01148554076147
      ],
      [
       116.34700000503013,
       40.01121742231553
      ],
      [
       116.34700000468926,
       40.010949303857224
      ],
      [
       116.34700000433416,
       40.01068118538656
      ],
      [
       116.34700000396481,
       40.01041306690354
      ],
      [
       116.34700000358124,
       40.01014494840814
      ],
      [
       116.34700000318341,
       40.0098768299004
      ],
      [
       116.34700000277137,
       40.00960871138028
      ],
      [
       116.34700000234507,
       40.00934059284779
      ],
      [
       116.34700000190452,
       40.00907247430296
      ],
      [
       116.34700000144976,
       40.00880435574576
      ],
      [
       116.34700000098074,
       40.00853623717621
      ],
      [
       116.34700000049747,
       40.008268118594295
      ],
      [
       116.34699999999998,
       40.008
      ],
      [
       116.34700000020428,
       40.00773333351064
      ],
      [
       116.3470000003945,
       40.007466667009055
      ],
      [
       116.34700000057063,
       40.00720000049523
      ],
      [
       116.34700000073263,
       40.006933333969194
      ],
      [
       116.34700000088058,
       40.006666667430906
      ],
      [
       116.34700000101442,
       40.00640000088042
      ],
      [
       116.34700000113419,
       40.006133334317674
      ],
      [
       116.34700000123986,
       40.00586666774272
      ],
      [
       116.34700000133144,
       40.005600001155535
      ],
      [
       116.34700000140892,
       40.00533333455612
      ],
      [
       116.34700000147232,
       40.00506666794447
      ],
      [
       116.34700000152164,
       40.0048000013206
      ],
      [
       116.34700000155685,
       40.00453333468451
      ],
      [
       116.34700000157797,
       40.00426666803618
      ],
      [
       116.34700000158502,
       40.00400000137563
      ],
      [
       116.34700000157797,
       40.00373333470285
      ],
      [
       116.34700000155682,
       40.00346666801784
      ],
      [
       116.34700000152161,
       40.0032000013206
      ],
      [
       116.3470000014723,
       40.00293333461114
      ],
      [
       116.34700000140889,
       40.00266666788944
      ],
      [
       116.3470000013314,
       40.00240000115553
      ],
      [
       116.34700000123982,
       40.00213333440937
      ],
      [
       116.34700000113415,
       40.001866667651
      ],
      [
       116.34700000101438,
       40.00160000088041
      ],
      [
       116.34700000088054,
       40.001333334097566
      ],
      [
       116.3470000007326,
       40.00106666730251
      ],
      [
       116.34700000057057,
       40.00080000049521
      ],
      [
       116.34700000039447,
       40.000533333675705
      ],
      [
       116.34700000020428,
       40.00026666684396
      ],
      [
       116.34699999999998,
       40.0
      ],
      [
       116.34700000003095,
       39.99975000002685
      ],
      [
       116.34700000004952,
       39.99950000004299
      ],
      [
       116.3470000000557,
       39.99925000004836
      ],
      [
       116.34700000004952,
       39.99900000004299
      ],
      [
       116.34700000003095,
       39.99875000002688
      ],
      [
       116.34699999999998,
       39.9985
      ],
      [
       116.34700000037857,
       39.998231481810016
      ],
      [
       116.34700000074288,
       39.997962963607634
      ],
      [
       116.3470000010929,
       39.99769444539285
      ],
      [
       116.34700000142861,
       39.99742592716567
      ],
      [
       116.34700000175005,
       39.99715740892609
      ],
      [
       116.34700000205721,
       39.99688889067411
      ],
      [
       116.34700000235009,
       39.99662037240974
      ],
      [
       116.34700000262865,
       39.99635185413297
      ],
      [
       116.34700000289294,
       39.9960833358438
      ],
      [
       116.34700000314294,
       39.99581481754224
      ],
      [
       116.34700000337865,
       39.99554629922827
      ],
      [
       116.34700000360009,
       39.995277780901915
      ],
      [
       116.34700000380721,
       39.99500926256316
      ],
      [
       116.34700000400008,
       39.994740744212
      ],
      [
       116.34700000417865,
       39.99447222584845
      ],
      [
       116.34700000434292,
       39.9942037074725
      ],
      [
       116.34700000449291,
       39.99393518908414
      ],
      [
       116.34700000462861,
       39.9936666706834
      ],
      [
       116.34700000475003,
       39.99339815227026
      ],
      [
       116.34700000485715,
       39.99312963384472
      ],
      [
       116.34700000494999,
       39.992861115406775
      ],
      [
       116.34700000502856,
       39.99259259695644
      ],
      [
       116.34700000509284,
       39.99232407849371
      ],
      [
       116.34700000514282,
       39.99205556001858
      ],
      [
       116.34700000517851,
       39.99178704153105
      ],
      [
       116.34700000519993,
       39.99151852303112
      ],
      [
       116.34700000520706,
       39.99125000451881
      ],
      [
       116.34700000519992,
       39.99098148599407
      ],
      [
       116.34700000517846,
       39.99071296745696
      ],
      [
       116.34700000514273,
       39.99044444890745
      ],
      [
       116.34700000509274,
       39.99017593034552
      ],
      [
       116.34700000502843,
       39.98990741177123
      ],
      [
       116.34700000494985,
       39.98963889318452
      ],
      [
       116.347000004857,
       39.989370374585405
      ],
      [
       116.34700000474983,
       39.98910185597391
      ],
      [
       116.3470000046284,
       39.988833337350016
      ],
      [
       116.34700000449268,
       39.98856481871372
      ],
      [
       116.34700000434266,
       39.98829630006504
      ],
      [
       116.34700000417837,
       39.98802778140394
      ],
      [
       116.3470000039998,
       39.98775926273046
      ],
      [
       116.34700000380695,
       39.987490744044585
      ],
      [
       116.34700000359982,
       39.987222225346294
      ],
      [
       116.34700000337837,
       39.98695370663562
      ],
      [
       116.34700000314268,
       39.986685187912556
      ],
      [
       116.34700000289268,
       39.986416669177075
      ],
      [
       116.34700000262839,
       39.986148150429216
      ],
      [
       116.34700000234983,
       39.98587963166895
      ],
      [
       116.34700000205699,
       39.98561111289629
      ],
      [
       116.34700000174988,
       39.98534259411123
      ],
      [
       116.34700000142846,
       39.98507407531378
      ],
      [
       116.34700000109277,
       39.98480555650392
      ],
      [
       116.34700000074278,
       39.98453703768168
      ],
      [
       116.34700000037851,
       39.98426851884704
      ],
      [
       116.34699999999998,
       39.983999999999995
      ],
      [
       116.34700000017952,
       39.98373076938654
      ],
      [
       116.34700000034468,
       39.98346153876063
      ],
      [
       116.34700000049547,
       39.98319230812226
      ],
      [
       116.3470000006319,
       39.98292307747141
      ],
      [
       116.34700000075398,
       39.98265384680811
      ],
      [
       116.34700000086168,
       39.98238461613234
      ],
      [
       116.34700000095503,
       39.982115385444125
      ],
      [
       116.34700000103402,
       39.981846154743444
      ],
      [
       116.34700000109865,
       39.981576924030286
      ],
      [
       116.3470000011489,
       39.98130769330468
      ],
      [
       116.34700000118481,
       39.981038462566595
      ],
      [
       116.34700000120635,
       39.980769231816055
      ],
      [
       116.34700000121353,
       39.98050000105305
      ],
      [
       116.34700000120633,
       39.9802307702776
      ],
      [
       116.34700000118481,
       39.979961539489665
      ],
      [
       116.34700000114887,
       39.97969230868927
      ],
      [
       116.34700000109862,
       39.97942307787643
      ],
      [
       116.34700000103399,
       39.97915384705113
      ],
      [
       116.34700000095502,
       39.97888461621335
      ],
      [
       116.34700000086166,
       39.978615385363106
      ],
      [
       116.34700000075395,
       39.978346154500414
      ],
      [
       116.34700000063187,
       39.97807692362526
      ],
      [
       116.34700000049544,
       39.977807692737635
      ],
      [
       116.34700000034465,
       39.97753846183754
      ],
      [
       116.34700000017949,
       39.977269230925
      ],
      [
       116.34699999999998,
       39.97699999999999
      ],
      [
       116.34700000003095,
       39.976750000026854
      ],
      [
       116.34700000004952,
       39.97650000004297
      ],
      [
       116.3470000000557,
       39.976250000048346
      ],
      [
       116.34700000004952,
       39.97600000004298
      ],
      [
       116.34700000003095,
       39.97575000002686
      ],
      [
       116.34699999999998,
       39.9755
      ],
      [
       116.34700000045959,
       39.97523076962953
      ],
      [
       116.34700000090481,
       39.9749615392466
      ],
      [
       116.34700000133569,
       39.97469230885122
      ],
      [
       116.34700000175222,
       39.97442307844337
      ],
      [
       116.34700000215435,
       39.974153848023064
      ],
      [
       116.34700000254213,
       39.973884617590265
      ],
      [
       116.34700000291554,
       39.97361538714504
      ],
      [
       116.34700000327459,
       39.97334615668734
      ],
      [
       116.34700000361927,
       39.97307692621718
      ],
      [
       116.3470000039496,
       39.97280769573455
      ],
      [
       116.34700000426557,
       39.972538465239474
      ],
      [
       116.34700000456716,
       39.972269234731925
      ],
      [
       116.34700000485438,
       39.97200000421192
      ],
      [
       116.34700000512724,
       39.97173077367946
      ],
      [
       116.34700000538575,
       39.97146154313453
      ],
      [
       116.3470000056299,
       39.97119231257714
      ],
      [
       116.34700000585966,
       39.97092308200728
      ],
      [
       116.34700000607508,
       39.97065385142498
      ],
      [
       116.34700000627613,
       39.970384620830174
      ],
      [
       116.34700000646282,
       39.97011539022295
      ],
      [
       116.34700000663516,
       39.96984615960325
      ],
      [
       116.34700000679311,
       39.969576928971094
      ],
      [
       116.34700000693672,
       39.96930769832647
      ],
      [
       116.34700000706596,
       39.9690384676694
      ],
      [
       116.34700000718081,
       39.96876923699984
      ],
      [
       116.34700000728134,
       39.96850000631784
      ],
      [
       116.3470000073675,
       39.968230775623375
      ],
      [
       116.34700000743928,
       39.96796154491644
      ],
      [
       116.3470000074967,
       39.96769231419706
      ],
      [
       116.34700000753976,
       39.9674230834652
      ],
      [
       116.34700000756848,
       39.96715385272089
      ],
      [
       116.3470000075828,
       39.96688462196411
      ],
      [
       116.34700000758278,
       39.96661539119488
      ],
      [
       116.34700000756841,
       39.96634616041318
      ],
      [
       116.34700000753968,
       39.966076929619035
      ],
      [
       116.34700000749658,
       39.96580769881241
      ],
      [
       116.34700000743909,
       39.96553846799333
      ],
      [
       116.34700000736727,
       39.96526923716179
      ],
      [
       116.34700000728108,
       39.965000006317794
      ],
      [
       116.34700000718053,
       39.96473077546134
      ],
      [
       116.34700000706563,
       39.9644615445924
      ],
      [
       116.34700000693637,
       39.96419231371103
      ],
      [
       116.34700000679273,
       39.96392308281717
      ],
      [
       116.34700000663474,
       39.96365385191088
      ],
      [
       116.34700000646241,
       39.9633846209921
      ],
      [
       116.3470000062757,
       39.96311539006088
      ],
      [
       116.34700000607461,
       39.962846159117184
      ],
      [
       116.3470000058592,
       39.96257692816104
      ],
      [
       116.34700000562941,
       39.96230769719242
      ],
      [
       116.34700000538527,
       39.962038466211354
      ],
      [
       116.34700000512676,
       39.961769235217815
      ],
      [
       116.3470000048539,
       39.96150000421183
      ],
      [
       116.34700000456668,
       39.961230773193385
      ],
      [
       116.34700000426508,
       39.960961542162465
      ],
      [
       116.34700000394913,
       39.96069231111908
      ],
      [
       116.34700000361885,
       39.960423080063244
      ],
      [
       116.34700000327418,
       39.960153848994956
      ],
      [
       116.34700000291515,
       39.95988461791419
      ],
      [
       116.34700000254178,
       39.95961538682097
      ],
      [
       116.34700000215403,
       39.9593461557153
      ],
      [
       116.34700000175194,
       39.95907692459717
      ],
      [
       116.34700000133549,
       39.95880769346656
      ],
      [
       116.34700000090469,
       39.9585384623235
      ],
      [
       116.34700000045952,
       39.95826923116797
      ],
      [
       116.34699999999998,
       39.958
      ],
      [
       116.34700000021667,
       39.95773437518799
      ],
      [
       116.34700000041938,
       39.95746875036385
      ],
      [
       116.3470000006081,
       39.957203125527606
      ],
      [
       116.34700000078286,
       39.956937500679196
      ],
      [
       116.34700000094362,
       39.95667187581868
      ],
      [
       116.34700000109041,
       39.95640625094605
      ],
      [
       116.3470000012232,
       39.956140626061256
      ],
      [
       116.34700000134202,
       39.95587500116435
      ],
      [
       116.34700000144686,
       39.95560937625532
      ],
      [
       116.34700000153772,
       39.955343751334155
      ],
      [
       116.34700000161462,
       39.955078126400856
      ],
      [
       116.34700000167751,
       39.954812501455436
      ],
      [
       116.34700000172644,
       39.954546876497886
      ],
      [
       116.34700000176137,
       39.9542812515282
      ],
      [
       116.34700000178235,
       39.95401562654641
      ],
      [
       116.34700000178934,
       39.95375000155248
      ],
      [
       116.34700000178235,
       39.953484376546406
      ],
      [
       116.34700000176137,
       39.953218751528205
      ],
      [
       116.34700000172641,
       39.95295312649789
      ],
      [
       116.34700000167749,
       39.95268750145544
      ],
      [
       116.34700000161456,
       39.95242187640086
      ],
      [
       116.3470000015377,
       39.95215625133415
      ],
      [
       116.3470000014468,
       39.951890626255306
      ],
      [
       116.34700000134197,
       39.95162500116435
      ],
      [
       116.34700000122315,
       39.95135937606126
      ],
      [
       116.34700000109034,
       39.95109375094603
      ],
      [
       116.34700000094357,
       39.95082812581869
      ],
      [
       116.34700000078281,
       39.950562500679204
      ],
      [
       116.34700000060805,
       39.95029687552759
      ],
      [
       116.34700000041936,
       39.950031250363864
      ],
      [
       116.34700000021664,
       39.949765625188
      ],
      [
       116.34699999999998,
       39.9495
      ],
      [
       116.3470000000986,
       39.9492333334189
      ],
      [
       116.34700000018313,
       39.948966666825584
      ],
      [
       116.34700000025359,
       39.94870000022003
      ],
      [
       116.34700000030995,
       39.94843333360226
      ],
      [
       116.34700000035221,
       39.94816666697227
      ],
      [
       116.3470000003804,
       39.94790000033003
      ],
      [
       116.34700000039447,
       39.9476333336756
      ],
      [
       116.34700000039447,
       39.94736666700892
      ],
      [
       116.34700000038038,
       39.94710000033004
      ],
      [
       116.34700000035221,
       39.94683333363892
      ],
      [
       116.34700000030995,
       39.94656666693558
      ],
      [
       116.34700000025359,
       39.94630000022003
      ],
      [
       116.34700000018313,
       39.94603333349223
      ],
      [
       116.3470000000986,
       39.945766666752235
      ],
      [
       116.34699999999998,
       39.945499999999996
      ],
      [
       116.34700000003095,
       39.94525000002685
      ],
      [
       116.34700000004952,
       39.94500000004297
      ],
      [
       116.3470000000557,
       39.944750000048344
      ],
      [
       116.34700000004952,
       39.94450000004298
      ],
      [
       116.34700000003095,
       39.94425000002685
      ],
      [
       116.34699999999998,
       39.943999999999996
      ],
      [
       116.34700000014955,
       39.943736854081564
      ],
      [
       116.34700000028536,
       39.94347370815121
      ],
      [
       116.34700000040748,
       39.943210562208975
      ],
      [
       116.34700000051588,
       39.942947416254825
      ],
      [
       116.34700000061055,
       39.94268427028879
      ],
      [
       116.34700000069151,
       39.94242112431083
      ],
      [
       116.34700000075874,
       39.942157978320964
      ],
      [
       116.34700000081224,
       39.94189483231922
      ],
      [
       116.34700000085205,
       39.94163168630555
      ],
      [
       116.3470000008781,
       39.94136854027998
      ],
      [
       116.34700000089046,
       39.94110539424253
      ],
      [
       116.34700000088908,
       39.94084224819316
      ],
      [
       116.347000000874,
       39.94057910213189
      ],
      [
       116.3470000008452,
       39.94031595605872
      ],
      [
       116.34700000080268,
       39.94005280997365
      ],
      [
       116.34700000074642,
       39.93978966387667
      ],
      [
       116.34700000067647,
       39.93952651776778
      ],
      [
       116.34700000059279,
       39.939263371647
      ],
      [
       116.34700000049538,
       39.93900022551433
      ],
      [
       116.3466666671098,
       39.93900022215996
      ],
      [
       116.3463333337373,
       39.9390002178472
      ],
      [
       116.34600000037793,
       39.939000212576055
      ],
      [
       116.34566666703165,
       39.93900020634651
      ],
      [
       116.34533333369852,
       39.93900019915858
      ],
      [
       116.34500000037852,
       39.93900019101224
      ],
      [
       116.34466666707172,
       39.93900018190753
      ],
      [
       116.3443333337781,
       39.93900017184442
      ],
      [
       116.34400000049764,
       39.939000160822935
      ],
      [
       116.3440000005955,
       39.93926331036042
      ],
      [
       116.34400000067957,
       39.939526459886004
      ],
      [
       116.34400000074987,
       39.939789609399696
      ],
      [
       116.34400000080636,
       39.94005275890148
      ],
      [
       116.3440000008491,
       39.94031590839136
      ],
      [
       116.34400000087804,
       39.940579057869336
      ],
      [
       116.3440000008932,
       39.940842207335415
      ],
      [
       116.34400000089458,
       39.94110535678959
      ],
      [
       116.34400000088216,
       39.941368506231875
      ],
      [
       116.34400000085598,
       39.941631655662235
      ],
      [
       116.34400000081601,
       39.94189480508071
      ],
      [
       116.34400000076225,
       39.94215795448728
      ],
      [
       116.34400000069472,
       39.94242110388194
      ],
      [
       116.34400000061336,
       39.94268425326471
      ],
      [
       116.34400000051828,
       39.942947402635575
      ],
      [
       116.34400000040938,
       39.943210551994525
      ],
      [
       116.34400000028671,
       39.94347370134159
      ],
      [
       116.34400000015026,
       39.94373685067675
      ],
      [
       116.34400000000001,
       39.943999999999996
      ]
     ]
    ]
   }
  },
  {
   "type": "Feature",
   "id": "LU-002",
   "properties": {
    "id": "LU-002",
    "layer": "LAND_USE",
    "source_type": "agent_generated_design",
    "confidence": "medium",
    "geometry_role": "design_proposal",
    "area_sqm_declared": 307143.261,
    "zone": "zhongzhiyuan",
    "land_use_code": "0802",
    "name_zh": "众智园西科研用地",
    "design_concept": "origin_belt",
    "design_iteration": "v1.1"
   },
   "geometry": {
    "type": "Polygon",
    "coordinates": [
     [
      [
       116.34400000000001,
       40.007999999999996
      ],
      [
       116.34368536281072,
       40.00800000771802
      ],
      [
       116.34337072563302,
       40.008000014581796
      ],
      [
       116.34305608846694,
       40.0080000205913
      ],
      [
       116.34274145131248,
       40.008000025746576
      ],
      [
       116.34242681416963,
       40.00800003004757
      ],
      [
       116.34211217703842,
       40.00800003349431
      ],
      [
       116.3417975399189,
       40.0080000360868
      ],
      [
       116.34181061605749,
       40.00826815194814
      ],
      [
       116.34182369228404,
       40.008536267796465
      ],
      [
       116.3418367685986,
       40.00880438363179
      ],
      [
       116.34184984500114,
       40.009072499454106
      ],
      [
       116.34186292149167,
       40.0093406152634
      ],
      [
       116.3418759980702,
       40.00960873105971
      ],
      [
       116.34188907473673,
       40.00987684684299
      ],
      [
       116.34190215149127,
       40.01014496261328
      ],
      [
       116.34191522833378,
       40.010413078370554
      ],
      [
       116.34192830526433,
       40.010681194114824
      ],
      [
       116.34194138228285,
       40.010949309846076
      ],
      [
       116.3419544593894,
       40.01121742556433
      ],
      [
       116.34196753658395,
       40.01148554126958
      ],
      [
       116.3419806138665,
       40.01175365696181
      ],
      [
       116.34199369123708,
       40.01202177264102
      ],
      [
       116.34200676869567,
       40.012289888307244
      ],
      [
       116.34201984624225,
       40.01255800396045
      ],
      [
       116.3420329238769,
       40.01282611960065
      ],
      [
       116.34204600159953,
       40.01309423522785
      ],
      [
       116.34205907941019,
       40.013362350842016
      ],
      [
       116.34207215730888,
       40.01363046644319
      ],
      [
       116.3420852352956,
       40.013898582031366
      ],
      [
       116.34209831337033,
       40.01416669760652
      ],
      [
       116.3421113915331,
       40.01443481316867
      ],
      [
       116.3421244697839,
       40.0147029287178
      ],
      [
       116.34213754812274,
       40.014971044253926
      ],
      [
       116.3421506265496,
       40.015239159777046
      ],
      [
       116.34216370506452,
       40.015507275287156
      ],
      [
       116.34217678366744,
       40.01577539078425
      ],
      [
       116.34218986235844,
       40.016043506268346
      ],
      [
       116.34220294113747,
       40.01631162173945
      ],
      [
       116.34221602000454,
       40.0165797371975
      ],
      [
       116.34222909895968,
       40.01684785264258
      ],
      [
       116.34224217800285,
       40.01711596807462
      ],
      [
       116.34225525713408,
       40.01738408349366
      ],
      [
       116.34226833635336,
       40.017652198899704
      ],
      [
       116.3422814156607,
       40.01792031429273
      ],
      [
       116.34229449505607,
       40.01818842967275
      ],
      [
       116.34230757453952,
       40.01845654503975
      ],
      [
       116.34232065411102,
       40.018724660393744
      ],
      [
       116.34233373377062,
       40.01899277573472
      ],
      [
       116.34234681351823,
       40.019260891062714
      ],
      [
       116.34235989335394,
       40.019529006377674
      ],
      [
       116.34237297327773,
       40.01979712167963
      ],
      [
       116.34238605328957,
       40.02006523696858
      ],
      [
       116.34239913338948,
       40.0203333522445
      ],
      [
       116.34241221357746,
       40.02060146750742
      ],
      [
       116.34242529385352,
       40.02086958275735
      ],
      [
       116.34243837421766,
       40.02113769799425
      ],
      [
       116.3424514546699,
       40.02140581321813
      ],
      [
       116.3424645352102,
       40.02167392842902
      ],
      [
       116.3424776158386,
       40.02194204362689
      ],
      [
       116.34249069655507,
       40.02221015881175
      ],
      [
       116.34250377735964,
       40.0224782739836
      ],
      [
       116.3425168582523,
       40.02274638914243
      ],
      [
       116.34252993923303,
       40.02301450428827
      ],
      [
       116.34254302030187,
       40.023282619421074
      ],
      [
       116.34255610145883,
       40.02355073454089
      ],
      [
       116.34256918270385,
       40.02381884964768
      ],
      [
       116.34258226403698,
       40.02408696474146
      ],
      [
       116.34259534545824,
       40.024355079822236
      ],
      [
       116.34260842696756,
       40.024623194890005
      ],
      [
       116.34262150856502,
       40.024891309944756
      ],
      [
       116.34263459025057,
       40.0251594249865
      ],
      [
       116.34264767202423,
       40.02542754001521
      ],
      [
       116.34266075388598,
       40.02569565503092
      ],
      [
       116.34267383583588,
       40.02596377003363
      ],
      [
       116.34268691787388,
       40.02623188502332
      ],
      [
       116.34270000000001,
       40.026500000000006
      ],
      [
       116.34302500021126,
       40.02650001721437
      ],
      [
       116.34335000043511,
       40.02650003351717
      ],
      [
       116.34367500067152,
       40.02650004890841
      ],
      [
       116.34400000092053,
       40.0265000633881
      ],
      [
       116.34400000139372,
       40.02623194694772
      ],
      [
       116.34400000185259,
       40.02596383049495
      ],
      [
       116.34400000229712,
       40.02569571402982
      ],
      [
       116.3440000027274,
       40.02542759755234
      ],
      [
       116.34400000314331,
       40.025159481062495
      ],
      [
       116.34400000354495,
       40.024891364560276
      ],
      [
       116.34400000393224,
       40.02462324804571
      ],
      [
       116.34400000430526,
       40.024355131518774
      ],
      [
       116.34400000466394,
       40.02408701497947
      ],
      [
       116.34400000500831,
       40.02381889842781
      ],
      [
       116.34400000533837,
       40.02355078186379
      ],
      [
       116.34400000565414,
       40.023282665287404
      ],
      [
       116.34400000595558,
       40.02301454869867
      ],
      [
       116.34400000624272,
       40.022746432097556
      ],
      [
       116.34400000651554,
       40.0224783154841
      ],
      [
       116.34400000677405,
       40.02221019885826
      ],
      [
       116.34400000701824,
       40.02194208222007
      ],
      [
       116.34400000724816,
       40.02167396556952
      ],
      [
       116.34400000746372,
       40.0214058489066
      ],
      [
       116.34400000766502,
       40.021137732231324
      ],
      [
       116.34400000785196,
       40.02086961554368
      ],
      [
       116.34400000802462,
       40.020601498843675
      ],
      [
       116.34400000818296,
       40.02033338213132
      ],
      [
       116.344000008327,
       40.0200652654066
      ],
      [
       116.34400000845672,
       40.01979714866951
      ],
      [
       116.34400000857214,
       40.019529031920065
      ],
      [
       116.34400000867325,
       40.019260915158256
      ],
      [
       116.34400000876005,
       40.01899279838409
      ],
      [
       116.34400000883254,
       40.01872468159755
      ],
      [
       116.3440000088907,
       40.018456564798655
      ],
      [
       116.34400000893459,
       40.018188447987406
      ],
      [
       116.34400000896413,
       40.017920331163786
      ],
      [
       116.34400000897939,
       40.0176522143278
      ],
      [
       116.34400000898034,
       40.01738409747947
      ],
      [
       116.34400000896699,
       40.01711598061877
      ],
      [
       116.3440000089393,
       40.0168478637457
      ],
      [
       116.34400000889731,
       40.016579746860266
      ],
      [
       116.34400000884104,
       40.01631162996249
      ],
      [
       116.34400000877045,
       40.016043513052345
      ],
      [
       116.34400000868554,
       40.01577539612983
      ],
      [
       116.34400000858633,
       40.01550727919496
      ],
      [
       116.34400000847282,
       40.01523916224774
      ],
      [
       116.34400000834499,
       40.01497104528814
      ],
      [
       116.34400000820285,
       40.01470292831619
      ],
      [
       116.34400000804642,
       40.01443481133188
      ],
      [
       116.34400000787566,
       40.014166694335195
      ],
      [
       116.34400000769061,
       40.01389857732616
      ],
      [
       116.34400000749126,
       40.01363046030476
      ],
      [
       116.3440000072776,
       40.01336234327101
      ],
      [
       116.34400000704962,
       40.01309422622488
      ],
      [
       116.34400000680733,
       40.012826109166404
      ],
      [
       116.34400000655076,
       40.01255799209555
      ],
      [
       116.34400000627984,
       40.012289875012364
      ],
      [
       116.34400000599466,
       40.012021757916784
      ],
      [
       116.34400000569515,
       40.01175364080887
      ],
      [
       116.34400000538135,
       40.01148552368858
      ],
      [
       116.34400000505322,
       40.01121740655593
      ],
      [
       116.3440000047108,
       40.01094928941092
      ],
      [
       116.34400000435409,
       40.010681172253534
      ],
      [
       116.34400000398303,
       40.010413055083816
      ],
      [
       116.3440000035977,
       40.01014493790172
      ],
      [
       116.34400000319806,
       40.00987682070727
      ],
      [
       116.34400000278411,
       40.00960870350045
      ],
      [
       116.34400000235586,
       40.009340586281276
      ],
      [
       116.3440000019133,
       40.00907246904975
      ],
      [
       116.34400000145642,
       40.00880435180585
      ],
      [
       116.34400000098526,
       40.00853623454958
      ],
      [
       116.34400000049979,
       40.00826811728097
      ],
      [
       116.34400000000001,
       40.007999999999996
      ]
     ]
    ]
   }
  },
  {
   "type": "Feature",
   "id": "LU-003",
   "properties": {
    "id": "LU-003",
    "layer": "LAND_USE",
    "source_type": "agent_generated_design",
    "confidence": "medium",
    "geometry_role": "design_proposal",
    "area_sqm_declared": 184556.829,
    "zone": "education",
    "land_use_code": "0804",
    "name_zh": "高校教育用地西",
    "design_concept": "origin_belt",
    "design_iteration": "v1.1"
   },
   "geometry": {
    "type": "Polygon",
    "coordinates": [
     [
      [
       116.34400000000001,
       40.007999999999996
      ],
      [
       116.34400000020524,
       40.00773333351061
      ],
      [
       116.34400000039632,
       40.007466667009034
      ],
      [
       116.34400000057327,
       40.007200000495196
      ],
      [
       116.34400000073603,
       40.00693333396914
      ],
      [
       116.34400000088466,
       40.00666666743085
      ],
      [
       116.34400000101911,
       40.00640000088035
      ],
      [
       116.34400000113943,
       40.00613333431761
      ],
      [
       116.34400000124556,
       40.005866667742644
      ],
      [
       116.34400000133756,
       40.005600001155464
      ],
      [
       116.34400000141542,
       40.005333334556035
      ],
      [
       116.34400000147912,
       40.0050666679444
      ],
      [
       116.34400000152863,
       40.00480000132052
      ],
      [
       116.34400000156403,
       40.00453333468443
      ],
      [
       116.34400000158524,
       40.0042666680361
      ],
      [
       116.34400000159232,
       40.004000001375545
      ],
      [
       116.34400000158524,
       40.003733334702765
      ],
      [
       116.344000001564,
       40.00346666801775
      ],
      [
       116.34400000152863,
       40.00320000132052
      ],
      [
       116.34400000147906,
       40.002933334611065
      ],
      [
       116.34400000141538,
       40.00266666788938
      ],
      [
       116.34400000133755,
       40.00240000115545
      ],
      [
       116.34400000124553,
       40.002133334409315
      ],
      [
       116.34400000113938,
       40.00186666765094
      ],
      [
       116.34400000101905,
       40.001600000880345
      ],
      [
       116.3440000008846,
       40.001333334097524
      ],
      [
       116.34400000073599,
       40.00106666730247
      ],
      [
       116.34400000057322,
       40.000800000495204
      ],
      [
       116.3440000003963,
       40.0005333336757
      ],
      [
       116.34400000020524,
       40.00026666684396
      ],
      [
       116.34400000000001,
       40.0
      ],
      [
       116.34366409727548,
       40.00000000820845
      ],
      [
       116.3433281945642,
       40.00000001544332
      ],
      [
       116.34299229186614,
       40.00000002170461
      ],
      [
       116.3426563891813,
       40.0000000269923
      ],
      [
       116.34232048650976,
       40.0000000313064
      ],
      [
       116.3419845838515,
       40.00000003464694
      ],
      [
       116.34164868120651,
       40.000000037013876
      ],
      [
       116.34131277857483,
       40.00000003840724
      ],
      [
       116.34132961302853,
       40.00026090644676
      ],
      [
       116.3413464475968,
       40.00052177447318
      ],
      [
       116.34136328227966,
       40.000782642486485
      ],
      [
       116.34138011707708,
       40.001043510486696
      ],
      [
       116.34139695198905,
       40.00130437847379
      ],
      [
       116.34141378701564,
       40.001565246447775
      ],
      [
       116.34143062215679,
       40.00182611440865
      ],
      [
       116.34144745741253,
       40.00208698235643
      ],
      [
       116.34146429278283,
       40.002347850291095
      ],
      [
       116.34148112826774,
       40.00260871821265
      ],
      [
       116.34149796386723,
       40.0028695861211
      ],
      [
       116.34151479958132,
       40.00313045401643
      ],
      [
       116.34153163541,
       40.00339132189867
      ],
      [
       116.34154847135328,
       40.003652189767784
      ],
      [
       116.34156530741114,
       40.003913057623805
      ],
      [
       116.34158214358364,
       40.0041739254667
      ],
      [
       116.34159897987071,
       40.00443479329651
      ],
      [
       116.34161581627238,
       40.00469566111321
      ],
      [
       116.34163265278868,
       40.00495652891678
      ],
      [
       116.34164948941958,
       40.005217396707245
      ],
      [
       116.34166632616511,
       40.005478264484616
      ],
      [
       116.34168316302524,
       40.005739132248856
      ],
      [
       116.34169999999999,
       40.00600000000001
      ],
      [
       116.34171219222213,
       40.006250004550445
      ],
      [
       116.34172438452076,
       40.00650000908956
      ],
      [
       116.34173657689588,
       40.00675001361737
      ],
      [
       116.3417487693475,
       40.007000018133866
      ],
      [
       116.34176096187561,
       40.007250022639084
      ],
      [
       116.34177315448021,
       40.007500027132956
      ],
      [
       116.3417853471613,
       40.00775003161554
      ],
      [
       116.3417975399189,
       40.0080000360868
      ],
      [
       116.34211217703842,
       40.00800003349431
      ],
      [
       116.34242681416963,
       40.00800003004757
      ],
      [
       116.34274145131248,
       40.008000025746576
      ],
      [
       116.34305608846694,
       40.0080000205913
      ],
      [
       116.34337072563302,
       40.008000014581796
      ],
      [
       116.34368536281072,
       40.00800000771802
      ],
      [
       116.34400000000001,
       40.007999999999996
      ]
     ]
    ]
   }
  },
  {
   "type": "Feature",
   "id": "LU-004",
   "properties": {
    "id": "LU-004",
    "layer": "LAND_USE",
    "source_type": "agent_generated_design",
    "confidence": "medium",
    "geometry_role": "design_proposal",
    "area_sqm_declared": 447165.065,
    "zone": "origin_community",
    "land_use_code": "0802",
    "name_zh": "原点社区西科研孵化用地",
    "design_concept": "origin_belt",
    "design_iteration": "v1.1"
   },
   "geometry": {
    "type": "Polygon",
    "coordinates": [
     [
      [
       116.34400000000001,
       39.99849999999999
      ],
      [
       116.34400000038035,
       39.998231481809995
      ],
      [
       116.34400000074632,
       39.99796296360759
      ],
      [
       116.34400000109794,
       39.997694445392796
      ],
      [
       116.3440000014352,
       39.99742592716559
      ],
      [
       116.34400000175812,
       39.997157408926
      ],
      [
       116.34400000206668,
       39.99688889067401
      ],
      [
       116.34400000236089,
       39.996620372409616
      ],
      [
       116.34400000264075,
       39.99635185413284
      ],
      [
       116.34400000290624,
       39.99608333584365
      ],
      [
       116.3440000031574,
       39.99581481754207
      ],
      [
       116.34400000339419,
       39.99554629922809
      ],
      [
       116.34400000361666,
       39.99527778090172
      ],
      [
       116.34400000382473,
       39.99500926256295
      ],
      [
       116.34400000401847,
       39.994740744211775
      ],
      [
       116.34400000419785,
       39.99447222584823
      ],
      [
       116.34400000436288,
       39.994203707472266
      ],
      [
       116.34400000451357,
       39.9939351890839
      ],
      [
       116.3440000046499,
       39.993666670683155
      ],
      [
       116.34400000477189,
       39.99339815227
      ],
      [
       116.34400000487949,
       39.99312963384446
      ],
      [
       116.34400000497277,
       39.992861115406505
      ],
      [
       116.3440000050517,
       39.992592596956186
      ],
      [
       116.34400000511624,
       39.992324078493425
      ],
      [
       116.34400000516648,
       39.9920555600183
      ],
      [
       116.34400000520232,
       39.991787041530756
      ],
      [
       116.34400000522385,
       39.99151852303085
      ],
      [
       116.344000005231,
       39.99125000451853
      ],
      [
       116.34400000522382,
       39.99098148599381
      ],
      [
       116.34400000520228,
       39.990712967456695
      ],
      [
       116.3440000051664,
       39.99044444890718
      ],
      [
       116.34400000511614,
       39.990175930345266
      ],
      [
       116.34400000505157,
       39.989907411770965
      ],
      [
       116.34400000497261,
       39.989638893184264
      ],
      [
       116.3440000048793,
       39.989370374585164
      ],
      [
       116.34400000477167,
       39.98910185597367
      ],
      [
       116.34400000464967,
       39.98883333734978
      ],
      [
       116.34400000451333,
       39.98856481871349
      ],
      [
       116.34400000436263,
       39.9882963000648
      ],
      [
       116.3440000041976,
       39.98802778140374
      ],
      [
       116.34400000401818,
       39.98775926273025
      ],
      [
       116.34400000382446,
       39.98749074404438
      ],
      [
       116.34400000361637,
       39.98722222534612
      ],
      [
       116.34400000339392,
       39.98695370663544
      ],
      [
       116.34400000315712,
       39.98668518791238
      ],
      [
       116.34400000290599,
       39.98641666917692
      ],
      [
       116.3440000026405,
       39.986148150429074
      ],
      [
       116.34400000236066,
       39.98587963166882
      ],
      [
       116.34400000206648,
       39.98561111289618
      ],
      [
       116.34400000175793,
       39.985342594111145
      ],
      [
       116.34400000143505,
       39.98507407531371
      ],
      [
       116.34400000109781,
       39.98480555650387
      ],
      [
       116.34400000074622,
       39.98453703768163
      ],
      [
       116.34400000038029,
       39.98426851884702
      ],
      [
       116.34400000000001,
       39.983999999999995
      ],
      [
       116.3436618617312,
       39.98400000825902
      ],
      [
       116.3433237234758,
       39.98400001553155
      ],
      [
       116.34298558523383,
       39.98400002181759
      ],
      [
       116.34264744700525,
       39.98400002711714
      ],
      [
       116.34230930879016,
       39.984000031430185
      ],
      [
       116.34197117058851,
       39.984000034756754
      ],
      [
       116.34163303240034,
       39.98400003709682
      ],
      [
       116.34129489422568,
       39.984000038450404
      ],
      [
       116.34095675606454,
       39.98400003881748
      ],
      [
       116.3406186179169,
       39.984000038198076
      ],
      [
       116.34028047978283,
       39.984000036592185
      ],
      [
       116.34029780068703,
       39.98426855551631
      ],
      [
       116.34031512171244,
       39.98453707442655
      ],
      [
       116.3403324428591,
       39.98480559332291
      ],
      [
       116.34034976412696,
       39.98507411220538
      ],
      [
       116.34036708551609,
       39.985342631073976
      ],
      [
       116.34038440702645,
       39.985611149928694
      ],
      [
       116.34040172865805,
       39.98587966876951
      ],
      [
       116.34041905041089,
       39.98614818759648
      ],
      [
       116.340436372285,
       39.98641670640955
      ],
      [
       116.34045369428036,
       39.98668522520873
      ],
      [
       116.34047101639695,
       39.98695374399403
      ],
      [
       116.34048833863481,
       39.98722226276546
      ],
      [
       116.34050566099391,
       39.98749078152299
      ],
      [
       116.34052298347429,
       39.987759300266646
      ],
      [
       116.34054030607594,
       39.988027818996414
      ],
      [
       116.34055762879885,
       39.9882963377123
      ],
      [
       116.34057495164302,
       39.988564856414314
      ],
      [
       116.34059227460847,
       39.98883337510243
      ],
      [
       116.3406095976952,
       39.98910189377666
      ],
      [
       116.34062692090322,
       39.989370412437005
      ],
      [
       116.3406442442325,
       39.98963893108348
      ],
      [
       116.34066156768304,
       39.989907449716064
      ],
      [
       116.34067889125491,
       39.990175968334775
      ],
      [
       116.34069621494804,
       39.990444486939595
      ],
      [
       116.34071353876246,
       39.99071300553053
      ],
      [
       116.34073086269818,
       39.99098152410758
      ],
      [
       116.34074818675519,
       39.99125004267074
      ],
      [
       116.34076551093351,
       39.99151856122002
      ],
      [
       116.34078283523313,
       39.991787079755426
      ],
      [
       116.34080015965405,
       39.99205559827695
      ],
      [
       116.34081748419626,
       39.99232411678458
      ],
      [
       116.3408348088598,
       39.99259263527831
      ],
      [
       116.34085213364462,
       39.99286115375818
      ],
      [
       116.34086945855078,
       39.99312967222416
      ],
      [
       116.34088678357826,
       39.99339819067624
      ],
      [
       116.34090410872703,
       39.99366670911444
      ],
      [
       116.34092143399717,
       39.993935227538756
      ],
      [
       116.34093875938858,
       39.99420374594921
      ],
      [
       116.34095608490135,
       39.994472264345745
      ],
      [
       116.34097341053544,
       39.994740782728414
      ],
      [
       116.34099073629086,
       39.99500930109719
      ],
      [
       116.34100806216763,
       39.995277819452085
      ],
      [
       116.34102538816573,
       39.99554633779309
      ],
      [
       116.34104271428517,
       39.99581485612021
      ],
      [
       116.34106004052592,
       39.99608337443345
      ],
      [
       116.34107736688804,
       39.99635189273281
      ],
      [
       116.34109469337152,
       39.99662041101826
      ],
      [
       116.34111201997634,
       39.99688892928985
      ],
      [
       116.34112934670252,
       39.997157447547536
      ],
      [
       116.34114667355006,
       39.997425965791344
      ],
      [
       116.34116400051896,
       39.99769448402126
      ],
      [
       116.34118132760919,
       39.99796300223729
      ],
      [
       116.34119865482081,
       39.99823152043945
      ],
      [
       116.34121598215377,
       39.9985000386277
      ],
      [
       116.34156398433467,
       39.99850003745665
      ],
      [
       116.34191198652984,
       39.998500035240646
      ],
      [
       116.34225998873927,
       39.99850003197965
      ],
      [
       116.34260799096297,
       39.99850002767367
      ],
      [
       116.34295599320092,
       39.99850002232272
      ],
      [
       116.34330399545308,
       39.99850001592679
      ],
      [
       116.34365199771945,
       39.998500008485884
      ],
      [
       116.34400000000001,
       39.99849999999999
      ]
     ]
    ]
   }
  },
  {
   "type": "Feature",
   "id": "LU-005",
   "properties": {
    "id": "LU-005",
    "layer": "LAND_USE",
    "source_type": "agent_generated_design",
    "confidence": "medium",
    "geometry_role": "design_proposal",
    "area_sqm_declared": 261948.936,
    "zone": "residential",
    "land_use_code": "0701",
    "name_zh": "西侧居住用地B",
    "design_concept": "origin_belt",
    "design_iteration": "v1.1"
   },
   "geometry": {
    "type": "Polygon",
    "coordinates": [
     [
      [
       116.34400000000001,
       39.977000000000004
      ],
      [
       116.34365241535963,
       39.97700000847522
      ],
      [
       116.34330483073343,
       39.977000015908104
      ],
      [
       116.34295724612137,
       39.97700002229866
      ],
      [
       116.34260966152354,
       39.97700002764688
      ],
      [
       116.34226207693992,
       39.977000031952755
      ],
      [
       116.34191449237052,
       39.9770000352163
      ],
      [
       116.34156690781539,
       39.97700003743751
      ],
      [
       116.3412193232745,
       39.97700003861639
      ],
      [
       116.34087173874792,
       39.97700003875293
      ],
      [
       116.34052415423564,
       39.97700003784713
      ],
      [
       116.34017656973766,
       39.97700003589899
      ],
      [
       116.33982898525406,
       39.97700003290853
      ],
      [
       116.33984634890541,
       39.97726926399387
      ],
      [
       116.33986371267858,
       39.97753849506523
      ],
      [
       116.33988107657353,
       39.97780772612267
      ],
      [
       116.33989844059033,
       39.97807695716613
      ],
      [
       116.33991580472892,
       39.97834618819566
      ],
      [
       116.33993316898933,
       39.97861541921123
      ],
      [
       116.33995053337156,
       39.97888465021283
      ],
      [
       116.33996789787561,
       39.97915388120049
      ],
      [
       116.33998526250149,
       39.9794231121742
      ],
      [
       116.34000262724918,
       39.97969234313394
      ],
      [
       116.3400199921187,
       39.97996157407975
      ],
      [
       116.34003735711006,
       39.98023080501159
      ],
      [
       116.34005472222326,
       39.98050003592948
      ],
      [
       116.34007208745828,
       39.980769266833406
      ],
      [
       116.34008945281515,
       39.981038497723404
      ],
      [
       116.34010681829385,
       39.98130772859942
      ],
      [
       116.3401241838944,
       39.98157695946149
      ],
      [
       116.3401415496168,
       39.98184619030961
      ],
      [
       116.34015891546107,
       39.98211542114378
      ],
      [
       116.34017628142716,
       39.982384651963976
      ],
      [
       116.34019364751512,
       39.982653882770244
      ],
      [
       116.34021101372494,
       39.982923113562535
      ],
      [
       116.34022838005662,
       39.98319234434088
      ],
      [
       116.34024574651016,
       39.98346157510525
      ],
      [
       116.34026311308557,
       39.98373080585571
      ],
      [
       116.34028047978283,
       39.984000036592185
      ],
      [
       116.3406186179169,
       39.984000038198076
      ],
      [
       116.34095675606454,
       39.98400003881748
      ],
      [
       116.34129489422568,
       39.984000038450404
      ],
      [
       116.34163303240034,
       39.98400003709682
      ],
      [
       116.34197117058851,
       39.984000034756754
      ],
      [
       116.34230930879016,
       39.984000031430185
      ],
      [
       116.34264744700525,
       39.98400002711714
      ],
      [
       116.34298558523383,
       39.98400002181759
      ],
      [
       116.3433237234758,
       39.98400001553155
      ],
      [
       116.3436618617312,
       39.98400000825902
      ],
      [
       116.34400000000001,
       39.983999999999995
      ],
      [
       116.34400000018036,
       39.98373076938655
      ],
      [
       116.34400000034628,
       39.98346153876061
      ],
      [
       116.34400000049777,
       39.98319230812222
      ],
      [
       116.34400000063482,
       39.98292307747138
      ],
      [
       116.34400000075746,
       39.98265384680807
      ],
      [
       116.34400000086568,
       39.9823846161323
      ],
      [
       116.34400000095944,
       39.98211538544407
      ],
      [
       116.3440000010388,
       39.98184615474339
      ],
      [
       116.34400000110371,
       39.981576924030215
      ],
      [
       116.34400000115421,
       39.9813076933046
      ],
      [
       116.34400000119027,
       39.98103846256654
      ],
      [
       116.3440000012119,
       39.98076923181599
      ],
      [
       116.34400000121913,
       39.98050000105299
      ],
      [
       116.3440000012119,
       39.98023077027754
      ],
      [
       116.34400000119027,
       39.97996153948961
      ],
      [
       116.34400000115419,
       39.97969230868922
      ],
      [
       116.34400000110368,
       39.97942307787638
      ],
      [
       116.34400000103878,
       39.97915384705107
      ],
      [
       116.34400000095941,
       39.9788846162133
      ],
      [
       116.34400000086562,
       39.978615385363064
      ],
      [
       116.34400000075743,
       39.978346154500386
      ],
      [
       116.3440000006348,
       39.97807692362522
      ],
      [
       116.34400000049774,
       39.977807692737606
      ],
      [
       116.34400000034626,
       39.97753846183753
      ],
      [
       116.34400000018033,
       39.97726923092499
      ],
      [
       116.34400000000001,
       39.977000000000004
      ]
     ]
    ]
   }
  },
  {
   "type": "Feature",
   "id": "LU-006",
   "properties": {
    "id": "LU-006",
    "layer": "LAND_USE",
    "source_type": "agent_generated_design",
    "confidence": "medium",
    "geometry_role": "design_proposal",
    "area_sqm_declared": 675719.532,
    "zone": "residential",
    "land_use_code": "0701",
    "name_zh": "西侧居住用地",
    "design_concept": "origin_belt",
    "design_iteration": "v1.1"
   },
   "geometry": {
    "type": "Polygon",
    "coordinates": [
     [
      [
       116.34400000000001,
       39.975500000000004
      ],
      [
       116.34400000046172,
       39.975230769629505
      ],
      [
       116.344000000909,
       39.97496153924655
      ],
      [
       116.34400000134184,
       39.974692308851154
      ],
      [
       116.34400000176028,
       39.97442307844328
      ],
      [
       116.34400000216426,
       39.974153848022944
      ],
      [
       116.34400000255384,
       39.97388461759015
      ],
      [
       116.34400000292896,
       39.973615387144896
      ],
      [
       116.34400000328966,
       39.973346156687185
      ],
      [
       116.34400000363591,
       39.973076926217
      ],
      [
       116.34400000396776,
       39.97280769573436
      ],
      [
       116.34400000428518,
       39.97253846523925
      ],
      [
       116.34400000458814,
       39.9722692347317
      ],
      [
       116.3440000048767,
       39.97200000421167
      ],
      [
       116.34400000515082,
       39.97173077367919
      ],
      [
       116.3440000054105,
       39.971461543134254
      ],
      [
       116.34400000565577,
       39.97119231257684
      ],
      [
       116.3440000058866,
       39.97092308200698
      ],
      [
       116.344000006103,
       39.97065385142466
      ],
      [
       116.34400000630498,
       39.97038462082986
      ],
      [
       116.34400000649254,
       39.970115390222624
      ],
      [
       116.34400000666565,
       39.96984615960292
      ],
      [
       116.34400000682433,
       39.96957692897075
      ],
      [
       116.3440000069686,
       39.96930769832611
      ],
      [
       116.34400000709842,
       39.96903846766902
      ],
      [
       116.34400000721384,
       39.96876923699947
      ],
      [
       116.34400000731479,
       39.96850000631746
      ],
      [
       116.34400000740136,
       39.968230775622985
      ],
      [
       116.34400000747347,
       39.96796154491606
      ],
      [
       116.34400000753115,
       39.967692314196654
      ],
      [
       116.34400000757444,
       39.967423083464816
      ],
      [
       116.34400000760326,
       39.96715385272051
      ],
      [
       116.34400000761767,
       39.96688462196372
      ],
      [
       116.34400000761764,
       39.966615391194495
      ],
      [
       116.34400000760321,
       39.9663461604128
      ],
      [
       116.34400000757434,
       39.96607692961865
      ],
      [
       116.34400000753102,
       39.96580769881203
      ],
      [
       116.34400000747328,
       39.96553846799294
      ],
      [
       116.34400000740115,
       39.965269237161415
      ],
      [
       116.34400000731456,
       39.96500000631742
      ],
      [
       116.34400000721355,
       39.964730775460964
      ],
      [
       116.34400000709812,
       39.96446154459204
      ],
      [
       116.34400000696824,
       39.96419231371067
      ],
      [
       116.34400000682398,
       39.96392308281683
      ],
      [
       116.34400000666525,
       39.96365385191052
      ],
      [
       116.3440000064921,
       39.96338462099177
      ],
      [
       116.34400000630455,
       39.96311539006055
      ],
      [
       116.34400000610255,
       39.96284615911687
      ],
      [
       116.34400000588614,
       39.962576928160736
      ],
      [
       116.34400000565529,
       39.962307697192145
      ],
      [
       116.34400000541002,
       39.962038466211084
      ],
      [
       116.34400000515033,
       39.96176923521756
      ],
      [
       116.34400000487621,
       39.96150000421157
      ],
      [
       116.34400000458766,
       39.96123077319314
      ],
      [
       116.3440000042847,
       39.960961542162245
      ],
      [
       116.3440000039673,
       39.960692311118876
      ],
      [
       116.34400000363549,
       39.960423080063066
      ],
      [
       116.34400000328924,
       39.960153848994786
      ],
      [
       116.34400000292855,
       39.95988461791404
      ],
      [
       116.34400000255349,
       39.95961538682085
      ],
      [
       116.34400000216395,
       39.95934615571518
      ],
      [
       116.34400000176002,
       39.95907692459708
      ],
      [
       116.34400000134164,
       39.9588076934665
      ],
      [
       116.34400000090885,
       39.95853846232347
      ],
      [
       116.34400000046165,
       39.95826923116795
      ],
      [
       116.34400000000001,
       39.958
      ],
      [
       116.34365203493489,
       39.958000008482955
      ],
      [
       116.34330406988394,
       39.95800001592139
      ],
      [
       116.34295610484723,
       39.95800002231535
      ],
      [
       116.34260813982476,
       39.958000027664816
      ],
      [
       116.34226017481653,
       39.95800003196978
      ],
      [
       116.34191220982258,
       39.958000035230235
      ],
      [
       116.34156424484293,
       39.9580000374462
      ],
      [
       116.34121627987756,
       39.95800003861766
      ],
      [
       116.34086831492652,
       39.95800003874464
      ],
      [
       116.34052034998984,
       39.95800003782709
      ],
      [
       116.34017238506752,
       39.95800003586507
      ],
      [
       116.34016488917119,
       39.95826987698351
      ],
      [
       116.34015739320134,
       39.95853971808849
      ],
      [
       116.34014989715799,
       39.95880955917997
      ],
      [
       116.34014240104112,
       39.95907940025798
      ],
      [
       116.34013490485077,
       39.959349241322506
      ],
      [
       116.34012740858691,
       39.95961908237356
      ],
      [
       116.34011991224952,
       39.95988892341112
      ],
      [
       116.34011241583865,
       39.96015876443519
      ],
      [
       116.34010491935426,
       39.96042860544583
      ],
      [
       116.34009742279636,
       39.96069844644294
      ],
      [
       116.34008992616496,
       39.960968287426596
      ],
      [
       116.34008242946003,
       39.96123812839676
      ],
      [
       116.3400749326816,
       39.96150796935345
      ],
      [
       116.34006743582965,
       39.96177781029666
      ],
      [
       116.34005993890416,
       39.96204765122638
      ],
      [
       116.34005244190519,
       39.962317492142645
      ],
      [
       116.34004494483268,
       39.962587333045406
      ],
      [
       116.34003744768664,
       39.96285717393468
      ],
      [
       116.34002995046708,
       39.96312701481049
      ],
      [
       116.34002245317403,
       39.963396855672826
      ],
      [
       116.34001495580743,
       39.96366669652166
      ],
      [
       116.34000745836731,
       39.96393653735704
      ],
      [
       116.33999996085365,
       39.96420637817893
      ],
      [
       116.33999246326647,
       39.96447621898732
      ],
      [
       116.33998496560574,
       39.96474605978225
      ],
      [
       116.3399774678715,
       39.96501590056369
      ],
      [
       116.33996997006372,
       39.96528574133166
      ],
      [
       116.33996247218242,
       39.96555558208614
      ],
      [
       116.33995497422757,
       39.965825422827145
      ],
      [
       116.3399474761992,
       39.96609526355466
      ],
      [
       116.33993997809728,
       39.96636510426871
      ],
      [
       116.33993247992181,
       39.966634944969265
      ],
      [
       116.33992498167282,
       39.96690478565635
      ],
      [
       116.33991748335029,
       39.96717462632995
      ],
      [
       116.33990998495419,
       39.96744446699007
      ],
      [
       116.33990248648458,
       39.967714307636705
      ],
      [
       116.33989498794138,
       39.967984148269856
      ],
      [
       116.33988748932468,
       39.968253988889536
      ],
      [
       116.33987999063439,
       39.96852382949572
      ],
      [
       116.33987249187058,
       39.96879367008843
      ],
      [
       116.3398649930332,
       39.96906351066767
      ],
      [
       116.33985749412228,
       39.96933335123342
      ],
      [
       116.33984999513781,
       39.9696031917857
      ],
      [
       116.33984249607977,
       39.96987303232449
      ],
      [
       116.3398349969482,
       39.9701428728498
      ],
      [
       116.33982749774303,
       39.970412713361625
      ],
      [
       116.33981999846434,
       39.970682553859966
      ],
      [
       116.33981249911207,
       39.97095239434483
      ],
      [
       116.33980499968625,
       39.9712222348162
      ],
      [
       116.33979750018685,
       39.97149207527411
      ],
      [
       116.3397900006139,
       39.97176191571854
      ],
      [
       116.33978250096737,
       39.97203175614947
      ],
      [
       116.3397750012473,
       39.97230159656692
      ],
      [
       116.33976750145364,
       39.9725714369709
      ],
      [
       116.33976000158641,
       39.97284127736139
      ],
      [
       116.33975250164563,
       39.973111117738405
      ],
      [
       116.33974500163127,
       39.97338095810193
      ],
      [
       116.33973750154334,
       39.973650798451985
      ],
      [
       116.33973000138182,
       39.97392063878855
      ],
      [
       116.33972250114672,
       39.97419047911163
      ],
      [
       116.33971500083807,
       39.97446031942123
      ],
      [
       116.33970750045583,
       39.97473015971736
      ],
      [
       116.3397,
       39.975
      ],
      [
       116.3397161235499,
       39.97525001595129
      ],
      [
       116.33973224720482,
       39.97550003189054
      ],
      [
       116.34006053580491,
       39.975500035016296
      ],
      [
       116.34038882441781,
       39.97550003721223
      ],
      [
       116.34071711304351,
       39.97550003847835
      ],
      [
       116.34104540168194,
       39.975500038814666
      ],
      [
       116.34137369033313,
       39.97550003822116
      ],
      [
       116.34170197899707,
       39.97550003669786
      ],
      [
       116.34203026767372,
       39.975500034244746
      ],
      [
       116.34235855636311,
       39.97550003086182
      ],
      [
       116.34268684506516,
       39.975500026549085
      ],
      [
       116.34301513377989,
       39.97550002130653
      ],
      [
       116.34334342250727,
       39.97550001513417
      ],
      [
       116.34367171124734,
       39.97550000803199
      ],
      [
       116.34400000000001,
       39.975500000000004
      ]
     ]
    ]
   }
  },
  {
   "type": "Feature",
   "id": "LU-007",
   "properties": {
    "id": "LU-007",
    "layer": "LAND_USE",
    "source_type": "agent_generated_design",
    "confidence": "medium",
    "geometry_role": "design_proposal",
    "area_sqm_declared": 299192.149,
    "zone": "dazhongsi",
    "land_use_code": "05",
    "name_zh": "大钟寺西商业用地",
    "design_concept": "origin_belt",
    "design_iteration": "v1.1"
   },
   "geometry": {
    "type": "Polygon",
    "coordinates": [
     [
      [
       116.34400000000001,
       39.958
      ],
      [
       116.34400000021768,
       39.95773437518798
      ],
      [
       116.34400000042132,
       39.95746875036383
      ],
      [
       116.34400000061092,
       39.95720312552756
      ],
      [
       116.34400000078647,
       39.956937500679174
      ],
      [
       116.34400000094796,
       39.956671875818635
      ],
      [
       116.34400000109541,
       39.95640625094598
      ],
      [
       116.34400000122885,
       39.9561406260612
      ],
      [
       116.3440000013482,
       39.95587500116428
      ],
      [
       116.34400000145354,
       39.95560937625524
      ],
      [
       116.34400000154481,
       39.955343751334084
      ],
      [
       116.34400000162204,
       39.95507812640078
      ],
      [
       116.34400000168525,
       39.95481250145535
      ],
      [
       116.3440000017344,
       39.9545468764978
      ],
      [
       116.34400000176949,
       39.95428125152812
      ],
      [
       116.34400000179056,
       39.954015626546315
      ],
      [
       116.34400000179758,
       39.95375000155238
      ],
      [
       116.34400000179056,
       39.953484376546314
      ],
      [
       116.34400000176949,
       39.95321875152812
      ],
      [
       116.34400000173437,
       39.952953126497796
      ],
      [
       116.34400000168522,
       39.95268750145535
      ],
      [
       116.344000001622,
       39.95242187640078
      ],
      [
       116.34400000154476,
       39.95215625133406
      ],
      [
       116.3440000014535,
       39.95189062625524
      ],
      [
       116.34400000134815,
       39.95162500116428
      ],
      [
       116.34400000122879,
       39.95135937606119
      ],
      [
       116.34400000109537,
       39.95109375094597
      ],
      [
       116.34400000094791,
       39.950828125818646
      ],
      [
       116.34400000078642,
       39.95056250067917
      ],
      [
       116.34400000061088,
       39.95029687552757
      ],
      [
       116.34400000042129,
       39.95003125036384
      ],
      [
       116.34400000021768,
       39.949765625187986
      ],
      [
       116.34400000000001,
       39.94950000000001
      ],
      [
       116.34367349703615,
       39.94950000798955
      ],
      [
       116.34334699408483,
       39.94950001505951
      ],
      [
       116.343020491146,
       39.94950002120991
      ],
      [
       116.34269398821972,
       39.94950002644072
      ],
      [
       116.34236748530599,
       39.94950003075195
      ],
      [
       116.34204098240481,
       39.94950003414361
      ],
      [
       116.34171447951623,
       39.949500036615696
      ],
      [
       116.3413879766402,
       39.949500038168196
      ],
      [
       116.3410614737768,
       39.94950003880111
      ],
      [
       116.34073497092606,
       39.94950003851447
      ],
      [
       116.3404084680879,
       39.94950003730825
      ],
      [
       116.34040109159704,
       39.94976566246559
      ],
      [
       116.34039371503496,
       39.95003128760988
      ],
      [
       116.34038633840171,
       39.9502969127411
      ],
      [
       116.34037896169728,
       39.95056253785926
      ],
      [
       116.34037158492167,
       39.95082816296437
      ],
      [
       116.34036420807487,
       39.95109378805641
      ],
      [
       116.34035683115687,
       39.95135941313539
      ],
      [
       116.34034945416768,
       39.95162503820132
      ],
      [
       116.34034207710732,
       39.951890663254176
      ],
      [
       116.34033469997577,
       39.95215628829397
      ],
      [
       116.340327322773,
       39.952421913320705
      ],
      [
       116.34031994549906,
       39.95268753833439
      ],
      [
       116.3403125681539,
       39.952953163334996
      ],
      [
       116.34030519073758,
       39.95321878832255
      ],
      [
       116.34029781325005,
       39.95348441329705
      ],
      [
       116.3402904356913,
       39.953750038258484
      ],
      [
       116.34028305806137,
       39.95401566320686
      ],
      [
       116.34027568036025,
       39.95428128814217
      ],
      [
       116.3402683025879,
       39.95454691306442
      ],
      [
       116.34026092474437,
       39.9548125379736
      ],
      [
       116.34025354682962,
       39.955078162869725
      ],
      [
       116.34024616884366,
       39.95534378775279
      ],
      [
       116.34023879078651,
       39.9556094126228
      ],
      [
       116.34023141265813,
       39.95587503747975
      ],
      [
       116.34022403445854,
       39.95614066232363
      ],
      [
       116.34021665618778,
       39.95640628715444
      ],
      [
       116.34020927784577,
       39.956671911972194
      ],
      [
       116.34020189943254,
       39.9569375367769
      ],
      [
       116.34019452094813,
       39.95720316156852
      ],
      [
       116.34018714239248,
       39.95746878634709
      ],
      [
       116.34017976376562,
       39.95773441111262
      ],
      [
       116.34017238506752,
       39.95800003586507
      ],
      [
       116.34052034998984,
       39.95800003782709
      ],
      [
       116.34086831492652,
       39.95800003874464
      ],
      [
       116.34121627987756,
       39.95800003861766
      ],
      [
       116.34156424484293,
       39.9580000374462
      ],
      [
       116.34191220982258,
       39.958000035230235
      ],
      [
       116.34226017481653,
       39.95800003196978
      ],
      [
       116.34260813982476,
       39.958000027664816
      ],
      [
       116.34295610484723,
       39.95800002231535
      ],
      [
       116.34330406988394,
       39.95800001592139
      ],
      [
       116.34365203493489,
       39.958000008482955
      ],
      [
       116.34400000000001,
       39.958
      ]
     ]
    ]
   }
  },
  {
   "type": "Feature",
   "id": "LU-008",
   "properties": {
    "id": "LU-008",
    "layer": "LAND_USE",
    "source_type": "agent_generated_design",
    "confidence": "medium",
    "geometry_role": "design_proposal",
    "area_sqm_declared": 183468.158,
    "zone": "dazhongsi",
    "land_use_code": "0803",
    "name_zh": "大钟寺古钟文化用地",
    "design_concept": "origin_belt",
    "design_iteration": "v1.1"
   },
   "geometry": {
    "type": "Polygon",
    "coordinates": [
     [
      [
       116.34400000000001,
       39.945499999999996
      ],
      [
       116.3440000000311,
       39.945250000026846
      ],
      [
       116.34400000004977,
       39.94500000004298
      ],
      [
       116.34400000005598,
       39.944750000048344
      ],
      [
       116.34400000004977,
       39.94450000004297
      ],
      [
       116.3440000000311,
       39.94425000002685
      ],
      [
       116.34400000000001,
       39.943999999999996
      ],
      [
       116.34365611880294,
       39.944000008388734
      ],
      [
       116.34331223761978,
       39.944000015757425
      ],
      [
       116.34296835645048,
       39.94400002210609
      ],
      [
       116.34262447529512,
       39.9440000274347
      ],
      [
       116.34228059415366,
       39.944000031743286
      ],
      [
       116.34193671302614,
       39.94400003503183
      ],
      [
       116.34159283191259,
       39.94400003730034
      ],
      [
       116.34124895081304,
       39.944000038548815
      ],
      [
       116.34090506972746,
       39.94400003877725
      ],
      [
       116.3405611886559,
       39.94400003798564
      ],
      [
       116.34055391693973,
       39.94426194284225
      ],
      [
       116.3405466451544,
       39.94452384768617
      ],
      [
       116.34053937329988,
       39.94478575251739
      ],
      [
       116.3405321013762,
       39.94504765733592
      ],
      [
       116.34052482938333,
       39.94530956214175
      ],
      [
       116.34051755732126,
       39.94557146693488
      ],
      [
       116.34051028519004,
       39.945833371715324
      ],
      [
       116.34050301298961,
       39.94609527648306
      ],
      [
       116.34049574072,
       39.9463571812381
      ],
      [
       116.34048846838121,
       39.94661908598045
      ],
      [
       116.34048119597321,
       39.94688099071009
      ],
      [
       116.34047392349606,
       39.94714289542704
      ],
      [
       116.3404666509497,
       39.94740480013131
      ],
      [
       116.34045937833416,
       39.94766670482286
      ],
      [
       116.34045210564942,
       39.94792860950172
      ],
      [
       116.34044483289551,
       39.94819051416788
      ],
      [
       116.34043756007239,
       39.948452418821354
      ],
      [
       116.34043028718006,
       39.94871432346213
      ],
      [
       116.34042301421854,
       39.94897622809019
      ],
      [
       116.34041574118784,
       39.94923813270557
      ],
      [
       116.3404084680879,
       39.94950003730825
      ],
      [
       116.34073497092606,
       39.94950003851447
      ],
      [
       116.3410614737768,
       39.94950003880111
      ],
      [
       116.3413879766402,
       39.949500038168196
      ],
      [
       116.34171447951623,
       39.949500036615696
      ],
      [
       116.34204098240481,
       39.94950003414361
      ],
      [
       116.34236748530599,
       39.94950003075195
      ],
      [
       116.34269398821972,
       39.94950002644072
      ],
      [
       116.343020491146,
       39.94950002120991
      ],
      [
       116.34334699408483,
       39.94950001505951
      ],
      [
       116.34367349703615,
       39.94950000798955
      ],
      [
       116.34400000000001,
       39.94950000000001
      ],
      [
       116.34400000009909,
       39.9492333334189
      ],
      [
       116.34400000018402,
       39.94896666682557
      ],
      [
       116.34400000025478,
       39.948700000220036
      ],
      [
       116.3440000003114,
       39.948433333602246
      ],
      [
       116.34400000035386,
       39.94816666697225
      ],
      [
       116.34400000038215,
       39.94790000033002
      ],
      [
       116.3440000003963,
       39.947633333675576
      ],
      [
       116.3440000003963,
       39.94736666700891
      ],
      [
       116.34400000038215,
       39.94710000033002
      ],
      [
       116.34400000035386,
       39.94683333363891
      ],
      [
       116.3440000003114,
       39.94656666693558
      ],
      [
       116.34400000025478,
       39.94630000022
      ],
      [
       116.344000000184,
       39.94603333349223
      ],
      [
       116.34400000009909,
       39.945766666752235
      ],
      [
       116.34400000000001,
       39.945499999999996
      ]
     ]
    ]
   }
  },
  {
   "type": "Feature",
   "id": "LU-009",
   "properties": {
    "id": "LU-009",
    "layer": "LAND_USE",
    "source_type": "agent_generated_design",
    "confidence": "medium",
    "geometry_role": "design_proposal",
    "area_sqm_declared": 159883.101,
    "zone": "dazhongsi",
    "land_use_code": "05",
    "name_zh": "大钟寺南端商业用地",
    "design_concept": "origin_belt",
    "design_iteration": "v1.1"
   },
   "geometry": {
    "type": "Polygon",
    "coordinates": [
     [
      [
       116.34400000000001,
       39.943999999999996
      ],
      [
       116.34400000015026,
       39.94373685067675
      ],
      [
       116.34400000028671,
       39.94347370134159
      ],
      [
       116.34400000040938,
       39.943210551994525
      ],
      [
       116.34400000051828,
       39.942947402635575
      ],
      [
       116.34400000061336,
       39.94268425326471
      ],
      [
       116.34400000069472,
       39.94242110388194
      ],
      [
       116.34400000076225,
       39.94215795448728
      ],
      [
       116.34400000081601,
       39.94189480508071
      ],
      [
       116.34400000085598,
       39.941631655662235
      ],
      [
       116.34400000088216,
       39.941368506231875
      ],
      [
       116.34400000089458,
       39.94110535678959
      ],
      [
       116.3440000008932,
       39.940842207335415
      ],
      [
       116.34400000087804,
       39.940579057869336
      ],
      [
       116.3440000008491,
       39.94031590839136
      ],
      [
       116.34400000080636,
       39.94005275890148
      ],
      [
       116.34400000074987,
       39.939789609399696
      ],
      [
       116.34400000067957,
       39.939526459886004
      ],
      [
       116.3440000005955,
       39.93926331036042
      ],
      [
       116.34400000049764,
       39.939000160822935
      ],
      [
       116.34367000038935,
       39.93900014896757
      ],
      [
       116.343340000294,
       39.93900013617291
      ],
      [
       116.34301000021165,
       39.939000122438905
      ],
      [
       116.34268000014228,
       39.939000107765594
      ],
      [
       116.34235000008594,
       39.93900009215296
      ],
      [
       116.34202000004264,
       39.93900007560101
      ],
      [
       116.34169000001238,
       39.939000058109734
      ],
      [
       116.34135999999516,
       39.939000039679144
      ],
      [
       116.34102999999104,
       39.93900002030924
      ],
      [
       116.34070000000001,
       39.93899999999999
      ],
      [
       116.34069269476821,
       39.93926316000935
      ],
      [
       116.3406853894666,
       39.939526320005875
      ],
      [
       116.34067808409516,
       39.939789479989585
      ],
      [
       116.34067077865393,
       39.94005263996048
      ],
      [
       116.34066347314284,
       39.940315799918544
      ],
      [
       116.34065616756195,
       39.94057895986379
      ],
      [
       116.34064886191122,
       39.94084211979624
      ],
      [
       116.34064155619068,
       39.94110527971585
      ],
      [
       116.34063425040031,
       39.94136843962265
      ],
      [
       116.3406269445401,
       39.94163159951664
      ],
      [
       116.34061963861008,
       39.941894759397805
      ],
      [
       116.34061233261023,
       39.942157919266144
      ],
      [
       116.34060502654054,
       39.942421079121665
      ],
      [
       116.34059772040101,
       39.942684238964375
      ],
      [
       116.34059041419165,
       39.94294739879426
      ],
      [
       116.34058310791248,
       39.943210558611334
      ],
      [
       116.34057580156346,
       39.94347371841558
      ],
      [
       116.3405684951446,
       39.94373687820702
      ],
      [
       116.3405611886559,
       39.94400003798564
      ],
      [
       116.34090506972746,
       39.94400003877725
      ],
      [
       116.34124895081304,
       39.944000038548815
      ],
      [
       116.34159283191259,
       39.94400003730034
      ],
      [
       116.34193671302614,
       39.94400003503183
      ],
      [
       116.34228059415366,
       39.944000031743286
      ],
      [
       116.34262447529512,
       39.9440000274347
      ],
      [
       116.34296835645048,
       39.94400002210609
      ],
      [
       116.34331223761978,
       39.944000015757425
      ],
      [
       116.34365611880294,
       39.944000008388734
      ],
      [
       116.34400000000001,
       39.943999999999996
      ]
     ]
    ]
   }
  },
  {
   "type": "Feature",
   "id": "LU-010",
   "properties": {
    "id": "LU-010",
    "layer": "LAND_USE",
    "source_type": "agent_generated_design",
    "confidence": "medium",
    "geometry_role": "design_proposal",
    "area_sqm_declared": 1227673.673,
    "zone": "zhongzhiyuan",
    "land_use_code": "0802",
    "name_zh": "众智园东科研用地",
    "design_concept": "origin_belt",
    "design_iteration": "v1.1"
   },
   "geometry": {
    "type": "Polygon",
    "coordinates": [
     [
      [
       116.34700000091614,
       40.02650015400408
      ],
      [
       116.34735000078003,
       40.026500159516544
      ],
      [
       116.3477000006583,
       40.02650016397183
      ],
      [
       116.34805000055096,
       40.026500167369925
      ],
      [
       116.34840000045794,
       40.02650016971083
      ],
      [
       116.34875000037928,
       40.02650017099456
      ],
      [
       116.34910000031492,
       40.0265001712211
      ],
      [
       116.34945000026485,
       40.02650017039045
      ],
      [
       116.34980000022907,
       40.02650016850261
      ],
      [
       116.35015000020755,
       40.026500165557586
      ],
      [
       116.35050000020026,
       40.02650016155537
      ],
      [
       116.35085000020719,
       40.02650015649598
      ],
      [
       116.35120000022835,
       40.02650015037939
      ],
      [
       116.35155000026364,
       40.026500143205624
      ],
      [
       116.35190000031314,
       40.02650013497467
      ],
      [
       116.35225000037676,
       40.02650012568652
      ],
      [
       116.35260000045453,
       40.0265001153412
      ],
      [
       116.3529500005464,
       40.02650010393867
      ],
      [
       116.35330000065238,
       40.026500091478965
      ],
      [
       116.3536500007724,
       40.02650007796208
      ],
      [
       116.35400000090648,
       40.026500063388006
      ],
      [
       116.35400000137248,
       40.02623194694769
      ],
      [
       116.35400000182435,
       40.025963830495
      ],
      [
       116.35400000226211,
       40.025695714029965
      ],
      [
       116.35400000268582,
       40.02542759755255
      ],
      [
       116.3540000030954,
       40.025159481062786
      ],
      [
       116.35400000349091,
       40.02489136456064
      ],
      [
       116.35400000387232,
       40.02462324804614
      ],
      [
       116.35400000423964,
       40.024355131519265
      ],
      [
       116.35400000459285,
       40.02408701498005
      ],
      [
       116.35400000493198,
       40.02381889842845
      ],
      [
       116.354000005257,
       40.023550781864486
      ],
      [
       116.35400000556794,
       40.02328266528816
      ],
      [
       116.35400000586479,
       40.02301454869947
      ],
      [
       116.35400000614756,
       40.022746432098415
      ],
      [
       116.35400000641623,
       40.02247831548501
      ],
      [
       116.3540000066708,
       40.02221019885923
      ],
      [
       116.35400000691128,
       40.02194208222109
      ],
      [
       116.35400000713766,
       40.02167396557057
      ],
      [
       116.35400000734997,
       40.02140584890769
      ],
      [
       116.35400000754817,
       40.021137732232454
      ],
      [
       116.35400000773227,
       40.02086961554486
      ],
      [
       116.35400000790229,
       40.02060149884489
      ],
      [
       116.35400000805824,
       40.020333382132556
      ],
      [
       116.35400000820006,
       40.02006526540786
      ],
      [
       116.35400000832782,
       40.0197971486708
      ],
      [
       116.35400000844147,
       40.01952903192139
      ],
      [
       116.35400000854104,
       40.0192609151596
      ],
      [
       116.35400000862651,
       40.01899279838544
      ],
      [
       116.35400000869788,
       40.018724681598925
      ],
      [
       116.35400000875518,
       40.01845656480005
      ],
      [
       116.35400000879838,
       40.01818844798879
      ],
      [
       116.3540000088275,
       40.0179203311652
      ],
      [
       116.3540000088425,
       40.01765221432922
      ],
      [
       116.35400000884344,
       40.017384097480885
      ],
      [
       116.3540000088303,
       40.01711598062019
      ],
      [
       116.35400000880304,
       40.01684786374712
      ],
      [
       116.35400000876169,
       40.01657974686169
      ],
      [
       116.35400000870628,
       40.01631162996391
      ],
      [
       116.35400000863676,
       40.01604351305375
      ],
      [
       116.35400000855316,
       40.01577539613123
      ],
      [
       116.35400000845544,
       40.01550727919635
      ],
      [
       116.35400000834366,
       40.015239162249095
      ],
      [
       116.35400000821777,
       40.01497104528949
      ],
      [
       116.35400000807782,
       40.01470292831752
      ],
      [
       116.35400000792376,
       40.014434811333174
      ],
      [
       116.35400000775562,
       40.01416669433646
      ],
      [
       116.35400000757339,
       40.01389857732741
      ],
      [
       116.35400000737705,
       40.013630460305976
      ],
      [
       116.35400000716666,
       40.013362343272185
      ],
      [
       116.35400000694216,
       40.01309422622604
      ],
      [
       116.35400000670357,
       40.01282610916751
      ],
      [
       116.35400000645087,
       40.01255799209662
      ],
      [
       116.35400000618412,
       40.01228987501338
      ],
      [
       116.35400000590326,
       40.01202175791777
      ],
      [
       116.35400000560834,
       40.01175364080981
      ],
      [
       116.35400000529931,
       40.011485523689466
      ],
      [
       116.3540000049762,
       40.01121740655676
      ],
      [
       116.35400000463898,
       40.0109492894117
      ],
      [
       116.3540000042877,
       40.010681172254266
      ],
      [
       116.35400000392231,
       40.01041305508448
      ],
      [
       116.35400000354286,
       40.01014493790232
      ],
      [
       116.35400000314931,
       40.0098768207078
      ],
      [
       116.35400000274167,
       40.00960870350091
      ],
      [
       116.35400000231992,
       40.00934058628167
      ],
      [
       116.35400000188412,
       40.00907246905007
      ],
      [
       116.35400000143423,
       40.00880435180609
      ],
      [
       116.35400000097023,
       40.00853623454976
      ],
      [
       116.35400000049218,
       40.00826811728106
      ],
      [
       116.354,
       40.00799999999999
      ],
      [
       116.35364999993605,
       40.0080000047568
      ],
      [
       116.35329999988625,
       40.00800000845655
      ],
      [
       116.35294999985064,
       40.00800001109921
      ],
      [
       116.35259999982924,
       40.00800001268482
      ],
      [
       116.35224999982205,
       40.00800001321335
      ],
      [
       116.35189999982909,
       40.008000012684825
      ],
      [
       116.35154999985039,
       40.00800001109921
      ],
      [
       116.35119999988596,
       40.00800000845654
      ],
      [
       116.35084999993582,
       40.008000004756795
      ],
      [
       116.35050000000001,
       40.008
      ],
      [
       116.35019999997903,
       40.00800000155324
      ],
      [
       116.3498999999685,
       40.00800000232986
      ],
      [
       116.3495999999685,
       40.00800000232986
      ],
      [
       116.34929999997901,
       40.00800000155323
      ],
      [
       116.349,
       40.007999999999996
      ],
      [
       116.34866666663419,
       40.008000002396976
      ],
      [
       116.34833333328136,
       40.00800000383517
      ],
      [
       116.34799999994149,
       40.00800000431457
      ],
      [
       116.34766666661464,
       40.00800000383517
      ],
      [
       116.34733333330081,
       40.00800000239698
      ],
      [
       116.34699999999998,
       40.008
      ],
      [
       116.34700000049747,
       40.008268118594295
      ],
      [
       116.34700000098074,
       40.00853623717621
      ],
      [
       116.34700000144976,
       40.00880435574576
      ],
      [
       116.34700000190452,
       40.00907247430296
      ],
      [
       116.34700000234507,
       40.00934059284779
      ],
      [
       116.34700000277137,
       40.00960871138028
      ],
      [
       116.34700000318341,
       40.0098768299004
      ],
      [
       116.34700000358124,
       40.01014494840814
      ],
      [
       116.34700000396481,
       40.01041306690354
      ],
      [
       116.34700000433416,
       40.01068118538656
      ],
      [
       116.34700000468926,
       40.010949303857224
      ],
      [
       116.34700000503013,
       40.01121742231553
      ],
      [
       116.34700000535672,
       40.01148554076147
      ],
      [
       116.3470000056691,
       40.01175365919505
      ],
      [
       116.34700000596725,
       40.01202177761627
      ],
      [
       116.34700000625115,
       40.01228989602513
      ],
      [
       116.34700000652079,
       40.01255801442163
      ],
      [
       116.3470000067762,
       40.01282613280576
      ],
      [
       116.34700000701739,
       40.013094251177534
      ],
      [
       116.34700000724429,
       40.01336236953694
      ],
      [
       116.34700000745698,
       40.01363048788398
      ],
      [
       116.34700000765545,
       40.01389860621867
      ],
      [
       116.34700000783964,
       40.01416672454099
      ],
      [
       116.34700000800962,
       40.01443484285095
      ],
      [
       116.34700000816534,
       40.014702961148544
      ],
      [
       116.34700000830684,
       40.01497107943379
      ],
      [
       116.34700000843405,
       40.015239197706656
      ],
      [
       116.34700000854706,
       40.01550731596718
      ],
      [
       116.34700000864582,
       40.01577543421532
      ],
      [
       116.34700000873033,
       40.01604355245111
      ],
      [
       116.3470000088006,
       40.01631167067454
      ],
      [
       116.34700000885664,
       40.0165797888856
      ],
      [
       116.34700000889842,
       40.0168479070843
      ],
      [
       116.34700000892595,
       40.01711602527064
      ],
      [
       116.34700000893925,
       40.017384143444616
      ],
      [
       116.34700000893831,
       40.01765226160624
      ],
      [
       116.34700000892312,
       40.01792037975548
      ],
      [
       116.34700000889369,
       40.018188497892375
      ],
      [
       116.34700000885002,
       40.018456616016906
      ],
      [
       116.34700000879211,
       40.01872473412905
      ],
      [
       116.34700000871995,
       40.018992852228855
      ],
      [
       116.34700000863354,
       40.01926097031631
      ],
      [
       116.3470000085329,
       40.01952908839138
      ],
      [
       116.347000008418,
       40.01979720645409
      ],
      [
       116.34700000828886,
       40.02006532450445
      ],
      [
       116.34700000814549,
       40.02033344254243
      ],
      [
       116.34700000798786,
       40.02060156056806
      ],
      [
       116.347000007816,
       40.02086967858133
      ],
      [
       116.34700000762989,
       40.021137796582224
      ],
      [
       116.34700000742953,
       40.02140591457078
      ],
      [
       116.34700000721493,
       40.02167403254694
      ],
      [
       116.34700000698608,
       40.021942150510746
      ],
      [
       116.34700000674299,
       40.02221026846221
      ],
      [
       116.34700000648564,
       40.0224783864013
      ],
      [
       116.34700000621407,
       40.02274650432802
      ],
      [
       116.34700000592824,
       40.023014622242385
      ],
      [
       116.34700000562816,
       40.02328274014438
      ],
      [
       116.34700000531384,
       40.023550858034035
      ],
      [
       116.34700000498529,
       40.0238189759113
      ],
      [
       116.34700000464248,
       40.02408709377621
      ],
      [
       116.34700000428543,
       40.02435521162877
      ],
      [
       116.34700000391413,
       40.024623329468945
      ],
      [
       116.34700000352859,
       40.02489144729677
      ],
      [
       116.34700000312878,
       40.02515956511224
      ],
      [
       116.34700000271475,
       40.025427682915335
      ],
      [
       116.34700000228648,
       40.02569580070606
      ],
      [
       116.34700000184394,
       40.02596391848443
      ],
      [
       116.34700000138716,
       40.02623203625044
      ],
      [
       116.34700000091614,
       40.02650015400408
      ]
     ]
    ]
   }
  },
  {
   "type": "Feature",
   "id": "LU-011",
   "properties": {
    "id": "LU-011",
    "layer": "LAND_USE",
    "source_type": "agent_generated_design",
    "confidence": "medium",
    "geometry_role": "design_proposal",
    "area_sqm_declared": 528977.546,
    "zone": "education",
    "land_use_code": "0804",
    "name_zh": "高校教育用地东",
    "design_concept": "origin_belt",
    "design_iteration": "v1.1"
   },
   "geometry": {
    "type": "Polygon",
    "coordinates": [
     [
      [
       116.34699999999998,
       40.008
      ],
      [
       116.34733333330081,
       40.00800000239698
      ],
      [
       116.34766666661464,
       40.00800000383517
      ],
      [
       116.34799999994149,
       40.00800000431457
      ],
      [
       116.34833333328136,
       40.00800000383517
      ],
      [
       116.34866666663419,
       40.008000002396976
      ],
      [
       116.349,
       40.007999999999996
      ],
      [
       116.34929999997901,
       40.00800000155323
      ],
      [
       116.3495999999685,
       40.00800000232986
      ],
      [
       116.3498999999685,
       40.00800000232986
      ],
      [
       116.35019999997903,
       40.00800000155324
      ],
      [
       116.35050000000001,
       40.008
      ],
      [
       116.35084999993582,
       40.008000004756795
      ],
      [
       116.35119999988596,
       40.00800000845654
      ],
      [
       116.35154999985039,
       40.00800001109921
      ],
      [
       116.35189999982909,
       40.008000012684825
      ],
      [
       116.35224999982205,
       40.00800001321335
      ],
      [
       116.35259999982924,
       40.00800001268482
      ],
      [
       116.35294999985064,
       40.00800001109921
      ],
      [
       116.35329999988625,
       40.00800000845655
      ],
      [
       116.35364999993605,
       40.0080000047568
      ],
      [
       116.354,
       40.00799999999999
      ],
      [
       116.35400000019801,
       40.00773894691058
      ],
      [
       116.35400000038264,
       40.007477893809444
      ],
      [
       116.35400000055392,
       40.00721684069657
      ],
      [
       116.35400000071184,
       40.00695578757199
      ],
      [
       116.35400000085642,
       40.00669473443569
      ],
      [
       116.35400000098763,
       40.00643368128767
      ],
      [
       116.35400000110546,
       40.00617262812793
      ],
      [
       116.35400000120997,
       40.00591157495647
      ],
      [
       116.35400000130107,
       40.00565052177329
      ],
      [
       116.35400000137886,
       40.005389468578386
      ],
      [
       116.35400000144328,
       40.00512841537176
      ],
      [
       116.35400000149433,
       40.00486736215342
      ],
      [
       116.35400000153204,
       40.00460630892336
      ],
      [
       116.35400000155636,
       40.00434525568157
      ],
      [
       116.35400000156736,
       40.004084202428075
      ],
      [
       116.35400000156498,
       40.00382314916285
      ],
      [
       116.35400000154924,
       40.003562095885904
      ],
      [
       116.35400000152016,
       40.00330104259723
      ],
      [
       116.35400000147771,
       40.00303998929686
      ],
      [
       116.35400000142191,
       40.00277893598476
      ],
      [
       116.35398616066692,
       40.002526305699675
      ],
      [
       116.35397232000146,
       40.00227367540277
      ],
      [
       116.35395847942553,
       40.00202104509406
      ],
      [
       116.35394463893915,
       40.00176841477354
      ],
      [
       116.35393079854231,
       40.00151578444117
      ],
      [
       116.353916958235,
       40.00126315409701
      ],
      [
       116.3539031180172,
       40.001010523741016
      ],
      [
       116.35388927788895,
       40.00075789337322
      ],
      [
       116.35387543785023,
       40.0005052629936
      ],
      [
       116.35386159790104,
       40.00025263260215
      ],
      [
       116.35384775804138,
       40.0000000021989
      ],
      [
       116.35351298217867,
       40.00000000633079
      ],
      [
       116.35317820632898,
       40.000000009495615
      ],
      [
       116.35284343049223,
       40.00000001169337
      ],
      [
       116.35250865466851,
       40.00000001292408
      ],
      [
       116.3521738788578,
       40.00000001318772
      ],
      [
       116.3518391030601,
       40.00000001248429
      ],
      [
       116.35150432727546,
       40.000000010813814
      ],
      [
       116.35116955150389,
       40.00000000817628
      ],
      [
       116.35083477574541,
       40.000000004571675
      ],
      [
       116.35050000000001,
       39.99999999999999
      ],
      [
       116.35019999997903,
       40.00000000155317
      ],
      [
       116.3498999999685,
       40.00000000232975
      ],
      [
       116.34959999996849,
       40.000000002329756
      ],
      [
       116.34929999997898,
       40.00000000155317
      ],
      [
       116.349,
       39.99999999999999
      ],
      [
       116.34866666663419,
       40.00000000239686
      ],
      [
       116.34833333328136,
       40.00000000383498
      ],
      [
       116.34799999994149,
       40.00000000431435
      ],
      [
       116.34766666661464,
       40.000000003834984
      ],
      [
       116.34733333330078,
       40.00000000239686
      ],
      [
       116.34699999999998,
       40.0
      ],
      [
       116.34700000020428,
       40.00026666684396
      ],
      [
       116.34700000039447,
       40.000533333675705
      ],
      [
       116.34700000057057,
       40.00080000049521
      ],
      [
       116.3470000007326,
       40.00106666730251
      ],
      [
       116.34700000088054,
       40.001333334097566
      ],
      [
       116.34700000101438,
       40.00160000088041
      ],
      [
       116.34700000113415,
       40.001866667651
      ],
      [
       116.34700000123982,
       40.00213333440937
      ],
      [
       116.3470000013314,
       40.00240000115553
      ],
      [
       116.34700000140889,
       40.00266666788944
      ],
      [
       116.3470000014723,
       40.00293333461114
      ],
      [
       116.34700000152161,
       40.0032000013206
      ],
      [
       116.34700000155682,
       40.00346666801784
      ],
      [
       116.34700000157797,
       40.00373333470285
      ],
      [
       116.34700000158502,
       40.00400000137563
      ],
      [
       116.34700000157797,
       40.00426666803618
      ],
      [
       116.34700000155685,
       40.00453333468451
      ],
      [
       116.34700000152164,
       40.0048000013206
      ],
      [
       116.34700000147232,
       40.00506666794447
      ],
      [
       116.34700000140892,
       40.00533333455612
      ],
      [
       116.34700000133144,
       40.005600001155535
      ],
      [
       116.34700000123986,
       40.00586666774272
      ],
      [
       116.34700000113419,
       40.006133334317674
      ],
      [
       116.34700000101442,
       40.00640000088042
      ],
      [
       116.34700000088058,
       40.006666667430906
      ],
      [
       116.34700000073263,
       40.006933333969194
      ],
      [
       116.34700000057063,
       40.00720000049523
      ],
      [
       116.3470000003945,
       40.007466667009055
      ],
      [
       116.34700000020428,
       40.00773333351064
      ],
      [
       116.34699999999998,
       40.008
      ]
     ]
    ]
   }
  },
  {
   "type": "Feature",
   "id": "LU-012",
   "properties": {
    "id": "LU-012",
    "layer": "LAND_USE",
    "source_type": "agent_generated_design",
    "confidence": "medium",
    "geometry_role": "design_proposal",
    "area_sqm_declared": 898751.083,
    "zone": "origin_community",
    "land_use_code": "0701",
    "name_zh": "原点社区东居住配套",
    "design_concept": "origin_belt",
    "design_iteration": "v1.1"
   },
   "geometry": {
    "type": "Polygon",
    "coordinates": [
     [
      [
       116.34699999999998,
       39.9985
      ],
      [
       116.34733333330078,
       39.998500002396845
      ],
      [
       116.34766666661464,
       39.998500003834955
      ],
      [
       116.34799999994149,
       39.99850000431432
      ],
      [
       116.34833333328136,
       39.99850000383495
      ],
      [
       116.34866666663419,
       39.998500002396845
      ],
      [
       116.349,
       39.9985
      ],
      [
       116.34929999997898,
       39.998500001553154
      ],
      [
       116.34959999996849,
       39.99850000232974
      ],
      [
       116.3498999999685,
       39.99850000232974
      ],
      [
       116.350199999979,
       39.99850000155316
      ],
      [
       116.35050000000001,
       39.9985
      ],
      [
       116.35082655848507,
       39.998500004471
      ],
      [
       116.3511531169826,
       39.998500008021836
      ],
      [
       116.35147967549257,
       39.998500010652485
      ],
      [
       116.35180623401499,
       39.99850001236299
      ],
      [
       116.35213279254982,
       39.99850001315333
      ],
      [
       116.35245935109705,
       39.99850001302352
      ],
      [
       116.35278590965666,
       39.99850001197355
      ],
      [
       116.35311246822864,
       39.998500010003404
      ],
      [
       116.35343902681299,
       39.998500007113094
      ],
      [
       116.35376558540968,
       39.99850000330263
      ],
      [
       116.35375103433216,
       39.9982343784019
      ],
      [
       116.35373648335359,
       39.9979687534881
      ],
      [
       116.35372193247397,
       39.99770312856124
      ],
      [
       116.35370738169333,
       39.99743750362135
      ],
      [
       116.3536928310116,
       39.99717187866837
      ],
      [
       116.35367828042882,
       39.99690625370232
      ],
      [
       116.353663729945,
       39.9966406287232
      ],
      [
       116.35364917956014,
       39.996375003731025
      ],
      [
       116.35363462927418,
       39.99610937872578
      ],
      [
       116.3536200790872,
       39.9958437537075
      ],
      [
       116.35360552899911,
       39.995578128676144
      ],
      [
       116.35359097900998,
       39.995312503631716
      ],
      [
       116.35357642911978,
       39.995046878574215
      ],
      [
       116.35356187932851,
       39.99478125350366
      ],
      [
       116.35354732963614,
       39.99451562842005
      ],
      [
       116.35353278004273,
       39.99425000332338
      ],
      [
       116.35351823054823,
       39.99398437821363
      ],
      [
       116.35350368115265,
       39.993718753090825
      ],
      [
       116.353489131856,
       39.99345312795495
      ],
      [
       116.35347458265824,
       39.99318750280603
      ],
      [
       116.35346003355941,
       39.99292187764403
      ],
      [
       116.35344548455949,
       39.99265625246897
      ],
      [
       116.3534309356585,
       39.99239062728088
      ],
      [
       116.3534163868564,
       39.992125002079675
      ],
      [
       116.35340183815318,
       39.99185937686544
      ],
      [
       116.35338728954889,
       39.99159375163812
      ],
      [
       116.3533727410435,
       39.99132812639777
      ],
      [
       116.35335819263702,
       39.991062501144334
      ],
      [
       116.35334364432944,
       39.99079687587785
      ],
      [
       116.35332909612073,
       39.99053125059829
      ],
      [
       116.35331454801093,
       39.99026562530568
      ],
      [
       116.3533,
       39.99
      ],
      [
       116.35332087776122,
       39.98973913075404
      ],
      [
       116.35334175535029,
       39.98947826149136
      ],
      [
       116.3533626327672,
       39.989217392211934
      ],
      [
       116.35338351001198,
       39.98895652291578
      ],
      [
       116.35340438708461,
       39.98869565360293
      ],
      [
       116.35342526398509,
       39.98843478427332
      ],
      [
       116.35344614071344,
       39.988173914926996
      ],
      [
       116.35346701726965,
       39.98791304556394
      ],
      [
       116.35348789365376,
       39.98765217618417
      ],
      [
       116.35350876986573,
       39.987391306787664
      ],
      [
       116.35352964590557,
       39.98713043737443
      ],
      [
       116.35355052177329,
       39.98686956794449
      ],
      [
       116.3535713974689,
       39.98660869849779
      ],
      [
       116.3535922729924,
       39.98634782903438
      ],
      [
       116.35361314834377,
       39.98608695955424
      ],
      [
       116.35363402352306,
       39.985826090057365
      ],
      [
       116.35365489853022,
       39.98556522054378
      ],
      [
       116.3536757733653,
       39.98530435101347
      ],
      [
       116.35369664802828,
       39.985043481466434
      ],
      [
       116.35371752251913,
       39.98478261190266
      ],
      [
       116.35373839683794,
       39.98452174232217
      ],
      [
       116.35375927098463,
       39.98426087272495
      ],
      [
       116.35378014495925,
       39.98400000311102
      ],
      [
       116.35345213040709,
       39.98400000697729
      ],
      [
       116.35312411586737,
       39.98400000991524
      ],
      [
       116.35279610134013,
       39.984000011924905
      ],
      [
       116.35246808682541,
       39.98400001300626
      ],
      [
       116.35214007232314,
       39.9840000131593
      ],
      [
       116.35181205783343,
       39.98400001238406
      ],
      [
       116.35148404335624,
       39.9840000106805
      ],
      [
       116.35115602889158,
       39.98400000804864
      ],
      [
       116.35082801443951,
       39.98400000448847
      ],
      [
       116.35050000000001,
       39.984
      ],
      [
       116.350199999979,
       39.984000001553014
      ],
      [
       116.3498999999685,
       39.984000002329516
      ],
      [
       116.34959999996849,
       39.98400000232952
      ],
      [
       116.34929999997898,
       39.98400000155301
      ],
      [
       116.349,
       39.983999999999995
      ],
      [
       116.34866666663417,
       39.98400000239663
      ],
      [
       116.34833333328133,
       39.9840000038346
      ],
      [
       116.34799999994148,
       39.98400000431393
      ],
      [
       116.34766666661461,
       39.98400000383461
      ],
      [
       116.34733333330078,
       39.98400000239663
      ],
      [
       116.34699999999998,
       39.983999999999995
      ],
      [
       116.34700000037851,
       39.98426851884704
      ],
      [
       116.34700000074278,
       39.98453703768168
      ],
      [
       116.34700000109277,
       39.98480555650392
      ],
      [
       116.34700000142846,
       39.98507407531378
      ],
      [
       116.34700000174988,
       39.98534259411123
      ],
      [
       116.34700000205699,
       39.98561111289629
      ],
      [
       116.34700000234983,
       39.98587963166895
      ],
      [
       116.34700000262839,
       39.986148150429216
      ],
      [
       116.34700000289268,
       39.986416669177075
      ],
      [
       116.34700000314268,
       39.986685187912556
      ],
      [
       116.34700000337837,
       39.98695370663562
      ],
      [
       116.34700000359982,
       39.987222225346294
      ],
      [
       116.34700000380695,
       39.987490744044585
      ],
      [
       116.3470000039998,
       39.98775926273046
      ],
      [
       116.34700000417837,
       39.98802778140394
      ],
      [
       116.34700000434266,
       39.98829630006504
      ],
      [
       116.34700000449268,
       39.98856481871372
      ],
      [
       116.3470000046284,
       39.988833337350016
      ],
      [
       116.34700000474983,
       39.98910185597391
      ],
      [
       116.347000004857,
       39.989370374585405
      ],
      [
       116.34700000494985,
       39.98963889318452
      ],
      [
       116.34700000502843,
       39.98990741177123
      ],
      [
       116.34700000509274,
       39.99017593034552
      ],
      [
       116.34700000514273,
       39.99044444890745
      ],
      [
       116.34700000517846,
       39.99071296745696
      ],
      [
       116.34700000519992,
       39.99098148599407
      ],
      [
       116.34700000520706,
       39.99125000451881
      ],
      [
       116.34700000519993,
       39.99151852303112
      ],
      [
       116.34700000517851,
       39.99178704153105
      ],
      [
       116.34700000514282,
       39.99205556001858
      ],
      [
       116.34700000509284,
       39.99232407849371
      ],
      [
       116.34700000502856,
       39.99259259695644
      ],
      [
       116.34700000494999,
       39.992861115406775
      ],
      [
       116.34700000485715,
       39.99312963384472
      ],
      [
       116.34700000475003,
       39.99339815227026
      ],
      [
       116.34700000462861,
       39.9936666706834
      ],
      [
       116.34700000449291,
       39.99393518908414
      ],
      [
       116.34700000434292,
       39.9942037074725
      ],
      [
       116.34700000417865,
       39.99447222584845
      ],
      [
       116.34700000400008,
       39.994740744212
      ],
      [
       116.34700000380721,
       39.99500926256316
      ],
      [
       116.34700000360009,
       39.995277780901915
      ],
      [
       116.34700000337865,
       39.99554629922827
      ],
      [
       116.34700000314294,
       39.99581481754224
      ],
      [
       116.34700000289294,
       39.9960833358438
      ],
      [
       116.34700000262865,
       39.99635185413297
      ],
      [
       116.34700000235009,
       39.99662037240974
      ],
      [
       116.34700000205721,
       39.99688889067411
      ],
      [
       116.34700000175005,
       39.99715740892609
      ],
      [
       116.34700000142861,
       39.99742592716567
      ],
      [
       116.3470000010929,
       39.99769444539285
      ],
      [
       116.34700000074288,
       39.997962963607634
      ],
      [
       116.34700000037857,
       39.998231481810016
      ],
      [
       116.34699999999998,
       39.9985
      ]
     ]
    ]
   }
  },
  {
   "type": "Feature",
   "id": "LU-013",
   "properties": {
    "id": "LU-013",
    "layer": "LAND_USE",
    "source_type": "agent_generated_design",
    "confidence": "medium",
    "geometry_role": "design_proposal",
    "area_sqm_declared": 461903.021,
    "zone": "residential",
    "land_use_code": "0701",
    "name_zh": "东侧居住用地",
    "design_concept": "origin_belt",
    "design_iteration": "v1.1"
   },
   "geometry": {
    "type": "Polygon",
    "coordinates": [
     [
      [
       116.34699999999998,
       39.983999999999995
      ],
      [
       116.34733333330078,
       39.98400000239663
      ],
      [
       116.34766666661461,
       39.98400000383461
      ],
      [
       116.34799999994148,
       39.98400000431393
      ],
      [
       116.34833333328133,
       39.9840000038346
      ],
      [
       116.34866666663417,
       39.98400000239663
      ],
      [
       116.349,
       39.983999999999995
      ],
      [
       116.34929999997898,
       39.98400000155301
      ],
      [
       116.34959999996849,
       39.98400000232952
      ],
      [
       116.3498999999685,
       39.984000002329516
      ],
      [
       116.350199999979,
       39.984000001553014
      ],
      [
       116.35050000000001,
       39.984
      ],
      [
       116.35082801443951,
       39.98400000448847
      ],
      [
       116.35115602889158,
       39.98400000804864
      ],
      [
       116.35148404335624,
       39.98400001068048
      ],
      [
       116.35181205783343,
       39.98400001238406
      ],
      [
       116.35214007232314,
       39.9840000131593
      ],
      [
       116.35246808682541,
       39.98400001300626
      ],
      [
       116.35279610134013,
       39.98400001192489
      ],
      [
       116.35312411586737,
       39.98400000991524
      ],
      [
       116.35345213040709,
       39.98400000697729
      ],
      [
       116.35378014495925,
       39.98400000311102
      ],
      [
       116.3538001326741,
       39.983750207374996
      ],
      [
       116.35382012023115,
       39.98350041162363
      ],
      [
       116.35384010763043,
       39.983250615856946
      ],
      [
       116.35386009487193,
       39.98300082007492
      ],
      [
       116.35388008195568,
       39.98275102427757
      ],
      [
       116.35390006888164,
       39.98250122846486
      ],
      [
       116.35392005564985,
       39.98225143263684
      ],
      [
       116.3539400422603,
       39.98200163679348
      ],
      [
       116.35396002871298,
       39.98175184093478
      ],
      [
       116.35398001500792,
       39.98150204506075
      ],
      [
       116.35400000114508,
       39.981252249171376
      ],
      [
       116.35400000117734,
       39.98098648368926
      ],
      [
       116.35400000119577,
       39.980720718194995
      ],
      [
       116.35400000120035,
       39.980454952688575
      ],
      [
       116.35400000119105,
       39.98018918717002
      ],
      [
       116.35400000116796,
       39.97992342163931
      ],
      [
       116.35400000113098,
       39.97965765609646
      ],
      [
       116.3540000010802,
       39.97939189054147
      ],
      [
       116.35400000101555,
       39.979126124974336
      ],
      [
       116.35400000093705,
       39.978860359395036
      ],
      [
       116.3540000008447,
       39.978594593803614
      ],
      [
       116.35400000073852,
       39.978328828200034
      ],
      [
       116.35400000061851,
       39.97806306258432
      ],
      [
       116.35400000048465,
       39.97779729695646
      ],
      [
       116.35400000033694,
       39.977531531316444
      ],
      [
       116.35400000017539,
       39.977265765664285
      ],
      [
       116.354,
       39.97699999999999
      ],
      [
       116.353649999936,
       39.9770000047559
      ],
      [
       116.35329999988615,
       39.97700000845495
      ],
      [
       116.35294999985051,
       39.977000011097125
      ],
      [
       116.35259999982908,
       39.97700001268243
      ],
      [
       116.3522499998219,
       39.97700001321086
      ],
      [
       116.35189999982893,
       39.97700001268244
      ],
      [
       116.35154999985025,
       39.977000011097125
      ],
      [
       116.35119999988586,
       39.97700000845496
      ],
      [
       116.35084999993578,
       39.97700000475591
      ],
      [
       116.35050000000001,
       39.97699999999999
      ],
      [
       116.350199999979,
       39.97700000155294
      ],
      [
       116.34989999996847,
       39.97700000232942
      ],
      [
       116.34959999996846,
       39.97700000232942
      ],
      [
       116.34929999997898,
       39.97700000155294
      ],
      [
       116.349,
       39.977
      ],
      [
       116.34866666663417,
       39.97700000239652
      ],
      [
       116.3483333332813,
       39.97700000383445
      ],
      [
       116.34799999994145,
       39.97700000431376
      ],
      [
       116.34766666661459,
       39.97700000383444
      ],
      [
       116.34733333330077,
       39.97700000239652
      ],
      [
       116.34699999999998,
       39.97699999999999
      ],
      [
       116.34700000017949,
       39.977269230925
      ],
      [
       116.34700000034465,
       39.97753846183754
      ],
      [
       116.34700000049544,
       39.977807692737635
      ],
      [
       116.34700000063187,
       39.97807692362526
      ],
      [
       116.34700000075395,
       39.978346154500414
      ],
      [
       116.34700000086166,
       39.978615385363106
      ],
      [
       116.34700000095502,
       39.97888461621335
      ],
      [
       116.34700000103399,
       39.97915384705113
      ],
      [
       116.34700000109862,
       39.97942307787643
      ],
      [
       116.34700000114887,
       39.97969230868927
      ],
      [
       116.34700000118481,
       39.979961539489665
      ],
      [
       116.34700000120633,
       39.9802307702776
      ],
      [
       116.34700000121353,
       39.98050000105305
      ],
      [
       116.34700000120635,
       39.980769231816055
      ],
      [
       116.34700000118481,
       39.981038462566595
      ],
      [
       116.3470000011489,
       39.98130769330468
      ],
      [
       116.34700000109865,
       39.981576924030286
      ],
      [
       116.34700000103402,
       39.981846154743444
      ],
      [
       116.34700000095503,
       39.982115385444125
      ],
      [
       116.34700000086168,
       39.98238461613234
      ],
      [
       116.34700000075398,
       39.98265384680811
      ],
      [
       116.3470000006319,
       39.98292307747141
      ],
      [
       116.34700000049547,
       39.98319230812226
      ],
      [
       116.34700000034468,
       39.98346153876063
      ],
      [
       116.34700000017952,
       39.98373076938654
      ],
      [
       116.34699999999998,
       39.983999999999995
      ]
     ]
    ]
   }
  },
  {
   "type": "Feature",
   "id": "LU-014",
   "properties": {
    "id": "LU-014",
    "layer": "LAND_USE",
    "source_type": "agent_generated_design",
    "confidence": "medium",
    "geometry_role": "design_proposal",
    "area_sqm_declared": 1162149.786,
    "zone": "medical",
    "land_use_code": "0806",
    "name_zh": "医疗卫生与健康产业用地",
    "design_concept": "origin_belt",
    "design_iteration": "v1.1"
   },
   "geometry": {
    "type": "Polygon",
    "coordinates": [
     [
      [
       116.34699999999998,
       39.9755
      ],
      [
       116.34733333330077,
       39.97550000239651
      ],
      [
       116.34766666661459,
       39.97550000383441
      ],
      [
       116.34799999994145,
       39.97550000431372
      ],
      [
       116.3483333332813,
       39.97550000383442
      ],
      [
       116.34866666663417,
       39.97550000239651
      ],
      [
       116.349,
       39.97549999999999
      ],
      [
       116.34929999997898,
       39.97550000155294
      ],
      [
       116.34959999996846,
       39.97550000232942
      ],
      [
       116.34989999996847,
       39.97550000232941
      ],
      [
       116.350199999979,
       39.975500001552945
      ],
      [
       116.35050000000001,
       39.975500000000004
      ],
      [
       116.35084999993578,
       39.97550000475587
      ],
      [
       116.35119999988586,
       39.97550000845489
      ],
      [
       116.35154999985025,
       39.97550001109703
      ],
      [
       116.35189999982893,
       39.97550001268233
      ],
      [
       116.35224999982186,
       39.975500013210755
      ],
      [
       116.35259999982908,
       39.975500012682325
      ],
      [
       116.35294999985051,
       39.97550001109703
      ],
      [
       116.35329999988615,
       39.97550000845489
      ],
      [
       116.353649999936,
       39.97550000475588
      ],
      [
       116.354,
       39.9755
      ],
      [
       116.35400000045468,
       39.97523076962958
      ],
      [
       116.35400000089514,
       39.97496153924671
      ],
      [
       116.35400000132141,
       39.97469230885138
      ],
      [
       116.35400000173343,
       39.974423078443586
      ],
      [
       116.35400000213129,
       39.97415384802331
      ],
      [
       116.35400000251491,
       39.973884617590585
      ],
      [
       116.3540000028843,
       39.97361538714539
      ],
      [
       116.35400000323952,
       39.97334615668774
      ],
      [
       116.3540000035805,
       39.97307692621762
      ],
      [
       116.35400000390727,
       39.97280769573504
      ],
      [
       116.35400000421986,
       39.97253846523999
      ],
      [
       116.35400000451823,
       39.97226923473249
      ],
      [
       116.35400000480236,
       39.972000004212504
      ],
      [
       116.35400000507231,
       39.97173077368007
      ],
      [
       116.35400000532805,
       39.97146154313518
      ],
      [
       116.35400000556956,
       39.97119231257781
      ],
      [
       116.35400000579688,
       39.970923082007985
      ],
      [
       116.35400000600998,
       39.970653851425695
      ],
      [
       116.35400000620888,
       39.970384620830956
      ],
      [
       116.35400000639355,
       39.97011539022373
      ],
      [
       116.35400000656404,
       39.96984615960405
      ],
      [
       116.35400000672031,
       39.96957692897192
      ],
      [
       116.35400000686236,
       39.969307698327306
      ],
      [
       116.35400000699023,
       39.969038467670245
      ],
      [
       116.35400000710386,
       39.96876923700072
      ],
      [
       116.3540000072033,
       39.96850000631872
      ],
      [
       116.35400000728853,
       39.96823077562427
      ],
      [
       116.35400000735956,
       39.96796154491733
      ],
      [
       116.35400000741637,
       39.96769231419797
      ],
      [
       116.35400000745896,
       39.96742308346611
      ],
      [
       116.35400000748736,
       39.96715385272179
      ],
      [
       116.35400000750155,
       39.966884621965036
      ],
      [
       116.35400000750154,
       39.9666153911958
      ],
      [
       116.35400000748731,
       39.96634616041411
      ],
      [
       116.35400000745886,
       39.96607692961994
      ],
      [
       116.35400000741622,
       39.96580769881332
      ],
      [
       116.35400000735937,
       39.965538467994236
      ],
      [
       116.35400000728833,
       39.96526923716268
      ],
      [
       116.35400000720307,
       39.96500000631867
      ],
      [
       116.35400000710358,
       39.96473077546219
      ],
      [
       116.35400000698992,
       39.96446154459326
      ],
      [
       116.35400000686204,
       39.964192313711855
      ],
      [
       116.35400000671996,
       39.963923082818
      ],
      [
       116.35400000656365,
       39.96365385191168
      ],
      [
       116.35400000639315,
       39.96338462099288
      ],
      [
       116.35400000620845,
       39.96311539006163
      ],
      [
       116.35400000600953,
       39.96284615911793
      ],
      [
       116.3540000057964,
       39.96257692816175
      ],
      [
       116.35400000556908,
       39.9623076971931
      ],
      [
       116.35400000532756,
       39.962038466212
      ],
      [
       116.35400000507182,
       39.96176923521845
      ],
      [
       116.35400000480188,
       39.96150000421242
      ],
      [
       116.35400000451774,
       39.96123077319393
      ],
      [
       116.35400000421937,
       39.960961542162984
      ],
      [
       116.35400000390682,
       39.960692311119566
      ],
      [
       116.35400000358007,
       39.96042308006368
      ],
      [
       116.35400000323911,
       39.96015384899533
      ],
      [
       116.35400000288392,
       39.959884617914554
      ],
      [
       116.35400000251455,
       39.959615386821284
      ],
      [
       116.35400000213097,
       39.95934615571555
      ],
      [
       116.35400000173318,
       39.959076924597376
      ],
      [
       116.35400000132121,
       39.958807693466724
      ],
      [
       116.35400000089501,
       39.95853846232361
      ],
      [
       116.35400000045459,
       39.95826923116802
      ],
      [
       116.354,
       39.95799999999999
      ],
      [
       116.35364999993595,
       39.958000004755355
      ],
      [
       116.35329999988609,
       39.958000008453986
      ],
      [
       116.35294999985044,
       39.95800001109585
      ],
      [
       116.35259999982898,
       39.95800001268098
      ],
      [
       116.3522499998218,
       39.95800001320934
      ],
      [
       116.35189999982883,
       39.95800001268098
      ],
      [
       116.35154999985016,
       39.95800001109585
      ],
      [
       116.35119999988581,
       39.95800000845398
      ],
      [
       116.35084999993575,
       39.95800000475536
      ],
      [
       116.35050000000001,
       39.958
      ],
      [
       116.350199999979,
       39.958000001552776
      ],
      [
       116.34989999996847,
       39.95800000232916
      ],
      [
       116.34959999996846,
       39.95800000232916
      ],
      [
       116.34929999997895,
       39.958000001552776
      ],
      [
       116.349,
       39.958
      ],
      [
       116.34866666663414,
       39.958000002396254
      ],
      [
       116.34833333328127,
       39.958000003834016
      ],
      [
       116.34799999994142,
       39.958000004313256
      ],
      [
       116.34766666661456,
       39.95800000383401
      ],
      [
       116.34733333330077,
       39.95800000239625
      ],
      [
       116.34699999999998,
       39.958
      ],
      [
       116.34700000045952,
       39.95826923116797
      ],
      [
       116.34700000090469,
       39.9585384623235
      ],
      [
       116.34700000133549,
       39.95880769346656
      ],
      [
       116.34700000175194,
       39.95907692459717
      ],
      [
       116.34700000215403,
       39.9593461557153
      ],
      [
       116.34700000254178,
       39.95961538682097
      ],
      [
       116.34700000291515,
       39.95988461791419
      ],
      [
       116.34700000327418,
       39.960153848994956
      ],
      [
       116.34700000361885,
       39.960423080063244
      ],
      [
       116.34700000394913,
       39.96069231111908
      ],
      [
       116.34700000426508,
       39.960961542162465
      ],
      [
       116.34700000456668,
       39.961230773193385
      ],
      [
       116.3470000048539,
       39.96150000421183
      ],
      [
       116.34700000512676,
       39.961769235217815
      ],
      [
       116.34700000538527,
       39.962038466211354
      ],
      [
       116.34700000562941,
       39.96230769719242
      ],
      [
       116.3470000058592,
       39.96257692816104
      ],
      [
       116.34700000607461,
       39.962846159117184
      ],
      [
       116.3470000062757,
       39.96311539006088
      ],
      [
       116.34700000646241,
       39.9633846209921
      ],
      [
       116.34700000663474,
       39.96365385191088
      ],
      [
       116.34700000679273,
       39.96392308281717
      ],
      [
       116.34700000693637,
       39.96419231371103
      ],
      [
       116.34700000706563,
       39.9644615445924
      ],
      [
       116.34700000718053,
       39.96473077546134
      ],
      [
       116.34700000728108,
       39.965000006317794
      ],
      [
       116.34700000736727,
       39.96526923716179
      ],
      [
       116.34700000743909,
       39.96553846799333
      ],
      [
       116.34700000749658,
       39.96580769881241
      ],
      [
       116.34700000753968,
       39.966076929619035
      ],
      [
       116.34700000756841,
       39.96634616041318
      ],
      [
       116.34700000758278,
       39.96661539119488
      ],
      [
       116.3470000075828,
       39.96688462196411
      ],
      [
       116.34700000756848,
       39.96715385272089
      ],
      [
       116.34700000753976,
       39.9674230834652
      ],
      [
       116.3470000074967,
       39.96769231419706
      ],
      [
       116.34700000743928,
       39.96796154491644
      ],
      [
       116.3470000073675,
       39.968230775623375
      ],
      [
       116.34700000728134,
       39.96850000631784
      ],
      [
       116.34700000718081,
       39.96876923699984
      ],
      [
       116.34700000706596,
       39.9690384676694
      ],
      [
       116.34700000693672,
       39.96930769832647
      ],
      [
       116.34700000679311,
       39.969576928971094
      ],
      [
       116.34700000663516,
       39.96984615960325
      ],
      [
       116.34700000646282,
       39.97011539022295
      ],
      [
       116.34700000627613,
       39.970384620830174
      ],
      [
       116.34700000607508,
       39.97065385142498
      ],
      [
       116.34700000585966,
       39.97092308200728
      ],
      [
       116.3470000056299,
       39.97119231257714
      ],
      [
       116.34700000538575,
       39.97146154313453
      ],
      [
       116.34700000512724,
       39.97173077367946
      ],
      [
       116.34700000485438,
       39.97200000421192
      ],
      [
       116.34700000456716,
       39.972269234731925
      ],
      [
       116.34700000426557,
       39.972538465239474
      ],
      [
       116.3470000039496,
       39.97280769573455
      ],
      [
       116.34700000361927,
       39.97307692621718
      ],
      [
       116.34700000327459,
       39.97334615668734
      ],
      [
       116.34700000291554,
       39.97361538714504
      ],
      [
       116.34700000254213,
       39.973884617590265
      ],
      [
       116.34700000215435,
       39.974153848023064
      ],
      [
       116.34700000175222,
       39.97442307844337
      ],
      [
       116.34700000133569,
       39.97469230885122
      ],
      [
       116.34700000090481,
       39.9749615392466
      ],
      [
       116.34700000045959,
       39.97523076962953
      ],
      [
       116.34699999999998,
       39.9755
      ]
     ]
    ]
   }
  },
  {
   "type": "Feature",
   "id": "LU-015",
   "properties": {
    "id": "LU-015",
    "layer": "LAND_USE",
    "source_type": "agent_generated_design",
    "confidence": "medium",
    "geometry_role": "design_proposal",
    "area_sqm_declared": 830286.263,
    "zone": "dazhongsi",
    "land_use_code": "05",
    "name_zh": "大钟寺东商业用地",
    "design_concept": "origin_belt",
    "design_iteration": "v1.1"
   },
   "geometry": {
    "type": "Polygon",
    "coordinates": [
     [
      [
       116.34699999999998,
       39.9495
      ],
      [
       116.34700000021664,
       39.949765625188
      ],
      [
       116.34700000041936,
       39.950031250363864
      ],
      [
       116.34700000060805,
       39.95029687552759
      ],
      [
       116.34700000078281,
       39.950562500679204
      ],
      [
       116.34700000094357,
       39.95082812581869
      ],
      [
       116.34700000109034,
       39.95109375094603
      ],
      [
       116.34700000122315,
       39.95135937606126
      ],
      [
       116.34700000134197,
       39.95162500116435
      ],
      [
       116.3470000014468,
       39.951890626255306
      ],
      [
       116.3470000015377,
       39.95215625133415
      ],
      [
       116.34700000161456,
       39.95242187640086
      ],
      [
       116.34700000167749,
       39.95268750145544
      ],
      [
       116.34700000172641,
       39.95295312649789
      ],
      [
       116.34700000176137,
       39.953218751528205
      ],
      [
       116.34700000178235,
       39.953484376546406
      ],
      [
       116.34700000178934,
       39.95375000155248
      ],
      [
       116.34700000178235,
       39.95401562654641
      ],
      [
       116.34700000176137,
       39.9542812515282
      ],
      [
       116.34700000172644,
       39.954546876497886
      ],
      [
       116.34700000167751,
       39.954812501455436
      ],
      [
       116.34700000161462,
       39.955078126400856
      ],
      [
       116.34700000153772,
       39.955343751334155
      ],
      [
       116.34700000144686,
       39.95560937625532
      ],
      [
       116.34700000134202,
       39.95587500116435
      ],
      [
       116.3470000012232,
       39.956140626061256
      ],
      [
       116.34700000109041,
       39.95640625094605
      ],
      [
       116.34700000094362,
       39.95667187581868
      ],
      [
       116.34700000078286,
       39.956937500679196
      ],
      [
       116.3470000006081,
       39.957203125527606
      ],
      [
       116.34700000041938,
       39.95746875036385
      ],
      [
       116.34700000021667,
       39.95773437518799
      ],
      [
       116.34699999999998,
       39.958
      ],
      [
       116.34733333330077,
       39.95800000239625
      ],
      [
       116.34766666661456,
       39.95800000383401
      ],
      [
       116.34799999994142,
       39.958000004313256
      ],
      [
       116.34833333328127,
       39.958000003834016
      ],
      [
       116.34866666663414,
       39.958000002396254
      ],
      [
       116.349,
       39.958
      ],
      [
       116.34929999997895,
       39.958000001552776
      ],
      [
       116.34959999996846,
       39.95800000232916
      ],
      [
       116.34989999996847,
       39.95800000232916
      ],
      [
       116.350199999979,
       39.958000001552776
      ],
      [
       116.35050000000001,
       39.958
      ],
      [
       116.35084999993575,
       39.95800000475536
      ],
      [
       116.35119999988581,
       39.95800000845398
      ],
      [
       116.35154999985016,
       39.95800001109585
      ],
      [
       116.35189999982883,
       39.95800001268098
      ],
      [
       116.3522499998218,
       39.95800001320934
      ],
      [
       116.35259999982898,
       39.95800001268098
      ],
      [
       116.35294999985044,
       39.95800001109585
      ],
      [
       116.35329999988609,
       39.958000008453986
      ],
      [
       116.35364999993595,
       39.958000004755355
      ],
      [
       116.354,
       39.95799999999999
      ],
      [
       116.35400000021437,
       39.95773437518802
      ],
      [
       116.3540000004149,
       39.95746875036391
      ],
      [
       116.35400000060162,
       39.95720312552768
      ],
      [
       116.35400000077448,
       39.956937500679295
      ],
      [
       116.35400000093351,
       39.9566718758188
      ],
      [
       116.35400000107872,
       39.956406250946166
      ],
      [
       116.35400000121011,
       39.9561406260614
      ],
      [
       116.35400000132765,
       39.955875001164515
      ],
      [
       116.35400000143139,
       39.95560937625549
      ],
      [
       116.35400000152127,
       39.95534375133435
      ],
      [
       116.35400000159733,
       39.95507812640105
      ],
      [
       116.35400000165954,
       39.95481250145564
      ],
      [
       116.35400000170796,
       39.95454687649809
      ],
      [
       116.35400000174252,
       39.95428125152842
      ],
      [
       116.35400000176325,
       39.95401562654662
      ],
      [
       116.35400000177017,
       39.95375000155267
      ],
      [
       116.35400000176325,
       39.95348437654662
      ],
      [
       116.35400000174249,
       39.95321875152842
      ],
      [
       116.35400000170793,
       39.95295312649809
      ],
      [
       116.35400000165951,
       39.952687501455635
      ],
      [
       116.35400000159729,
       39.95242187640104
      ],
      [
       116.35400000152123,
       39.95215625133433
      ],
      [
       116.35400000143133,
       39.951890626255484
      ],
      [
       116.35400000132759,
       39.951625001164494
      ],
      [
       116.35400000121004,
       39.951359376061404
      ],
      [
       116.35400000107867,
       39.95109375094616
      ],
      [
       116.35400000093345,
       39.95082812581878
      ],
      [
       116.35400000077443,
       39.95056250067929
      ],
      [
       116.35400000060156,
       39.950296875527656
      ],
      [
       116.35400000041487,
       39.9500312503639
      ],
      [
       116.35400000021434,
       39.949765625188014
      ],
      [
       116.354,
       39.94949999999999
      ],
      [
       116.35400000009759,
       39.94923333341891
      ],
      [
       116.35400000018119,
       39.94896666682559
      ],
      [
       116.35400000025089,
       39.94870000022006
      ],
      [
       116.35400000030664,
       39.94843333360229
      ],
      [
       116.35400000034846,
       39.948166666972305
      ],
      [
       116.35400000037633,
       39.94790000033009
      ],
      [
       116.35400000039027,
       39.94763333367564
      ],
      [
       116.35400000039027,
       39.94736666700898
      ],
      [
       116.35400000037633,
       39.94710000033009
      ],
      [
       116.35400000034846,
       39.94683333363897
      ],
      [
       116.35400000030664,
       39.94656666693563
      ],
      [
       116.35400000025089,
       39.946300000220056
      ],
      [
       116.35400000018119,
       39.94603333349226
      ],
      [
       116.35400000009756,
       39.94576666675225
      ],
      [
       116.354,
       39.9455
      ],
      [
       116.35364999993593,
       39.945500004755004
      ],
      [
       116.35329999988605,
       39.94550000845336
      ],
      [
       116.35294999985037,
       39.945500011095014
      ],
      [
       116.35259999982893,
       39.94550001268003
      ],
      [
       116.35224999982172,
       39.94550001320834
      ],
      [
       116.35189999982877,
       39.94550001268001
      ],
      [
       116.35154999985012,
       39.94550001109501
      ],
      [
       116.35119999988575,
       39.94550000845334
      ],
      [
       116.35084999993572,
       39.945500004755
      ],
      [
       116.35050000000001,
       39.9455
      ],
      [
       116.35019999997897,
       39.945500001552645
      ],
      [
       116.34989999996844,
       39.945500002328984
      ],
      [
       116.34959999996843,
       39.945500002328984
      ],
      [
       116.34929999997895,
       39.945500001552645
      ],
      [
       116.349,
       39.9455
      ],
      [
       116.34866666663414,
       39.945500002396074
      ],
      [
       116.34833333328126,
       39.94550000383372
      ],
      [
       116.3479999999414,
       39.94550000431294
      ],
      [
       116.34766666661454,
       39.94550000383372
      ],
      [
       116.34733333330074,
       39.945500002396074
      ],
      [
       116.34699999999998,
       39.945499999999996
      ],
      [
       116.3470000000986,
       39.945766666752235
      ],
      [
       116.34700000018313,
       39.94603333349223
      ],
      [
       116.34700000025359,
       39.94630000022003
      ],
      [
       116.34700000030995,
       39.94656666693558
      ],
      [
       116.34700000035221,
       39.94683333363892
      ],
      [
       116.34700000038038,
       39.94710000033004
      ],
      [
       116.34700000039447,
       39.94736666700892
      ],
      [
       116.34700000039447,
       39.9476333336756
      ],
      [
       116.3470000003804,
       39.94790000033003
      ],
      [
       116.34700000035221,
       39.94816666697227
      ],
      [
       116.34700000030995,
       39.94843333360226
      ],
      [
       116.34700000025359,
       39.94870000022003
      ],
      [
       116.34700000018313,
       39.948966666825584
      ],
      [
       116.3470000000986,
       39.9492333334189
      ],
      [
       116.34699999999998,
       39.9495
      ]
     ]
    ]
   }
  },
  {
   "type": "Feature",
   "id": "LU-016",
   "properties": {
    "id": "LU-016",
    "layer": "LAND_USE",
    "source_type": "agent_generated_design",
    "confidence": "medium",
    "geometry_role": "design_proposal",
    "area_sqm_declared": 71174.546,
    "zone": "dazhongsi",
    "land_use_code": "05",
    "name_zh": "大钟寺东南商业用地",
    "design_concept": "origin_belt",
    "design_iteration": "v1.1"
   },
   "geometry": {
    "type": "Polygon",
    "coordinates": [
     [
      [
       116.349,
       39.9455
      ],
      [
       116.34929999997895,
       39.945500001552645
      ],
      [
       116.34959999996843,
       39.945500002328984
      ],
      [
       116.34989999996844,
       39.945500002328984
      ],
      [
       116.35019999997897,
       39.945500001552645
      ],
      [
       116.35050000000001,
       39.9455
      ],
      [
       116.35084999993572,
       39.945500004755
      ],
      [
       116.35119999988575,
       39.94550000845334
      ],
      [
       116.35154999985012,
       39.945500011095
      ],
      [
       116.35189999982877,
       39.94550001268001
      ],
      [
       116.35224999982172,
       39.94550001320834
      ],
      [
       116.35259999982893,
       39.94550001268003
      ],
      [
       116.35294999985037,
       39.945500011095014
      ],
      [
       116.35329999988605,
       39.94550000845336
      ],
      [
       116.35364999993593,
       39.945500004755004
      ],
      [
       116.354,
       39.9455
      ],
      [
       116.35400000003064,
       39.945250000026874
      ],
      [
       116.35400000004901,
       39.94500000004298
      ],
      [
       116.35400000005514,
       39.94475000004836
      ],
      [
       116.35400000004901,
       39.944500000042986
      ],
      [
       116.35400000003064,
       39.94425000002685
      ],
      [
       116.354,
       39.943999999999996
      ],
      [
       116.35364999993593,
       39.94400000475496
      ],
      [
       116.35329999988605,
       39.944000008453266
      ],
      [
       116.35294999985037,
       39.944000011094914
      ],
      [
       116.35259999982893,
       39.94400001267989
      ],
      [
       116.35224999982172,
       39.94400001320822
      ],
      [
       116.35189999982877,
       39.94400001267989
      ],
      [
       116.35154999985012,
       39.944000011094914
      ],
      [
       116.35119999988575,
       39.94400000845327
      ],
      [
       116.35084999993572,
       39.94400000475497
      ],
      [
       116.35050000000001,
       39.943999999999996
      ],
      [
       116.35019999997897,
       39.944000001552645
      ],
      [
       116.34989999996844,
       39.94400000232897
      ],
      [
       116.34959999996843,
       39.94400000232896
      ],
      [
       116.34929999997895,
       39.94400000155265
      ],
      [
       116.349,
       39.943999999999996
      ],
      [
       116.34900000003087,
       39.944250000026855
      ],
      [
       116.34900000004939,
       39.944500000042986
      ],
      [
       116.34900000005555,
       39.94475000004836
      ],
      [
       116.34900000004939,
       39.945000000042974
      ],
      [
       116.34900000003087,
       39.94525000002685
      ],
      [
       116.349,
       39.9455
      ]
     ]
    ]
   }
  },
  {
   "type": "Feature",
   "id": "LU-017",
   "properties": {
    "id": "LU-017",
    "layer": "LAND_USE",
    "source_type": "agent_generated_design",
    "confidence": "medium",
    "geometry_role": "design_proposal",
    "area_sqm_declared": 28469.842,
    "zone": "dazhongsi",
    "land_use_code": "1403",
    "name_zh": "大钟寺站前广场",
    "design_concept": "origin_belt",
    "design_iteration": "v1.1"
   },
   "geometry": {
    "type": "Polygon",
    "coordinates": [
     [
      [
       116.34699999999998,
       39.945499999999996
      ],
      [
       116.34733333330074,
       39.945500002396074
      ],
      [
       116.34766666661454,
       39.94550000383372
      ],
      [
       116.3479999999414,
       39.94550000431294
      ],
      [
       116.34833333328126,
       39.94550000383372
      ],
      [
       116.34866666663414,
       39.945500002396074
      ],
      [
       116.349,
       39.9455
      ],
      [
       116.34900000003087,
       39.94525000002685
      ],
      [
       116.34900000004939,
       39.945000000042974
      ],
      [
       116.34900000005555,
       39.94475000004836
      ],
      [
       116.34900000004939,
       39.944500000042986
      ],
      [
       116.34900000003087,
       39.944250000026855
      ],
      [
       116.349,
       39.943999999999996
      ],
      [
       116.34866666663414,
       39.94400000239606
      ],
      [
       116.34833333328126,
       39.94400000383369
      ],
      [
       116.3479999999414,
       39.9440000043129
      ],
      [
       116.34766666661454,
       39.944000003833686
      ],
      [
       116.34733333330074,
       39.94400000239605
      ],
      [
       116.34699999999998,
       39.943999999999996
      ],
      [
       116.34700000003095,
       39.94425000002685
      ],
      [
       116.34700000004952,
       39.94450000004298
      ],
      [
       116.3470000000557,
       39.944750000048344
      ],
      [
       116.34700000004952,
       39.94500000004297
      ],
      [
       116.34700000003095,
       39.94525000002685
      ],
      [
       116.34699999999998,
       39.945499999999996
      ]
     ]
    ]
   }
  },
  {
   "type": "Feature",
   "id": "LU-018",
   "properties": {
    "id": "LU-018",
    "layer": "LAND_USE",
    "source_type": "agent_generated_design",
    "confidence": "medium",
    "geometry_role": "design_proposal",
    "area_sqm_declared": 332151.554,
    "zone": "dazhongsi",
    "land_use_code": "05",
    "name_zh": "大钟寺南端东侧商业用地",
    "design_concept": "origin_belt",
    "design_iteration": "v1.1"
   },
   "geometry": {
    "type": "Polygon",
    "coordinates": [
     [
      [
       116.34699999999998,
       39.943999999999996
      ],
      [
       116.34733333330074,
       39.94400000239605
      ],
      [
       116.34766666661454,
       39.944000003833686
      ],
      [
       116.3479999999414,
       39.9440000043129
      ],
      [
       116.34833333328126,
       39.94400000383369
      ],
      [
       116.34866666663414,
       39.94400000239606
      ],
      [
       116.349,
       39.943999999999996
      ],
      [
       116.34929999997895,
       39.94400000155265
      ],
      [
       116.34959999996843,
       39.94400000232896
      ],
      [
       116.34989999996844,
       39.94400000232897
      ],
      [
       116.35019999997897,
       39.944000001552645
      ],
      [
       116.35050000000001,
       39.943999999999996
      ],
      [
       116.35084999993572,
       39.944000004754976
      ],
      [
       116.35119999988575,
       39.94400000845327
      ],
      [
       116.35154999985012,
       39.944000011094914
      ],
      [
       116.35189999982877,
       39.94400001267989
      ],
      [
       116.35224999982172,
       39.94400001320822
      ],
      [
       116.35259999982893,
       39.94400001267989
      ],
      [
       116.35294999985037,
       39.944000011094914
      ],
      [
       116.35329999988605,
       39.944000008453266
      ],
      [
       116.35364999993593,
       39.94400000475496
      ],
      [
       116.354,
       39.943999999999996
      ],
      [
       116.35400000014796,
       39.94373684613702
      ],
      [
       116.35400000028234,
       39.94347369226213
      ],
      [
       116.35400000040315,
       39.94321053837533
      ],
      [
       116.35400000051037,
       39.94294738447664
      ],
      [
       116.35400000060403,
       39.942684230566044
      ],
      [
       116.35400000068412,
       39.94242107664353
      ],
      [
       116.35400000075064,
       39.942157922709114
      ],
      [
       116.35400000080357,
       39.94189476876282
      ],
      [
       116.35400000084293,
       39.94163161480458
      ],
      [
       116.35400000086872,
       39.941368460834454
      ],
      [
       116.35400000088094,
       39.941105306852414
      ],
      [
       116.3540000008796,
       39.94084215285847
      ],
      [
       116.35400000086466,
       39.94057899885265
      ],
      [
       116.35400000083614,
       39.9403158448349
      ],
      [
       116.35400000079407,
       39.94005269080526
      ],
      [
       116.35400000073842,
       39.93978953676369
      ],
      [
       116.35400000066919,
       39.93952638271023
      ],
      [
       116.3540000005864,
       39.93926322864488
      ],
      [
       116.35400000049003,
       39.93900007456761
      ],
      [
       116.35365000035566,
       39.939000092152895
      ],
      [
       116.35330000023536,
       39.93900010868156
      ],
      [
       116.35295000012913,
       39.9390001241536
      ],
      [
       116.35260000003701,
       39.93900013856901
      ],
      [
       116.35224999995899,
       39.9390001519278
      ],
      [
       116.35189999989511,
       39.93900016422995
      ],
      [
       116.35154999984542,
       39.939000175475485
      ],
      [
       116.35119999980985,
       39.93900018566438
      ],
      [
       116.3508499997885,
       39.939000194796655
      ],
      [
       116.35049999978133,
       39.93900020287229
      ],
      [
       116.35014999978843,
       39.93900020989132
      ],
      [
       116.34979999980973,
       39.93900021585371
      ],
      [
       116.34944999984532,
       39.93900022075948
      ],
      [
       116.34909999989519,
       39.93900022460862
      ],
      [
       116.34874999995937,
       39.93900022740114
      ],
      [
       116.34840000003786,
       39.93900022913702
      ],
      [
       116.3480500001307,
       39.939000229816294
      ],
      [
       116.34770000023786,
       39.93900022943893
      ],
      [
       116.34735000035943,
       39.93900022800494
      ],
      [
       116.34700000049538,
       39.93900022551433
      ],
      [
       116.34700000059279,
       39.939263371647
      ],
      [
       116.34700000067647,
       39.93952651776778
      ],
      [
       116.34700000074642,
       39.93978966387667
      ],
      [
       116.34700000080268,
       39.94005280997365
      ],
      [
       116.3470000008452,
       39.94031595605872
      ],
      [
       116.347000000874,
       39.94057910213189
      ],
      [
       116.34700000088908,
       39.94084224819316
      ],
      [
       116.34700000089046,
       39.94110539424253
      ],
      [
       116.3470000008781,
       39.94136854027998
      ],
      [
       116.34700000085205,
       39.94163168630555
      ],
      [
       116.34700000081224,
       39.94189483231922
      ],
      [
       116.34700000075874,
       39.942157978320964
      ],
      [
       116.34700000069151,
       39.94242112431083
      ],
      [
       116.34700000061055,
       39.94268427028879
      ],
      [
       116.34700000051588,
       39.942947416254825
      ],
      [
       116.34700000040748,
       39.943210562208975
      ],
      [
       116.34700000028536,
       39.94347370815121
      ],
      [
       116.34700000014955,
       39.943736854081564
      ],
      [
       116.34699999999998,
       39.943999999999996
      ]
     ]
    ]
   }
  },
  {
   "type": "Feature",
   "id": "LU-019",
   "properties": {
    "id": "LU-019",
    "layer": "LAND_USE",
    "source_type": "agent_generated_design",
    "confidence": "medium",
    "geometry_role": "design_proposal",
    "area_sqm_declared": 38910.832,
    "zone": "road",
    "land_use_code": "1207",
    "name_zh": "成府路-清华东路廊道西段",
    "design_concept": "origin_belt",
    "design_iteration": "v1.1"
   },
   "geometry": {
    "type": "Polygon",
    "coordinates": [
     [
      [
       116.34400000000001,
       40.0
      ],
      [
       116.3440000000311,
       39.99975000002687
      ],
      [
       116.34400000004977,
       39.999500000042985
      ],
      [
       116.34400000005598,
       39.99925000004836
      ],
      [
       116.34400000004977,
       39.999000000042976
      ],
      [
       116.3440000000311,
       39.99875000002687
      ],
      [
       116.34400000000001,
       39.99849999999999
      ],
      [
       116.34365199771945,
       39.998500008485884
      ],
      [
       116.34330399545308,
       39.99850001592679
      ],
      [
       116.34295599320092,
       39.99850002232272
      ],
      [
       116.34260799096297,
       39.99850002767367
      ],
      [
       116.34225998873927,
       39.99850003197965
      ],
      [
       116.34191198652984,
       39.998500035240646
      ],
      [
       116.34156398433467,
       39.99850003745665
      ],
      [
       116.34121598215377,
       39.9985000386277
      ],
      [
       116.3412321146276,
       39.99875003862104
      ],
      [
       116.34124824720662,
       39.99900003860236
      ],
      [
       116.34126437989084,
       39.99925003857163
      ],
      [
       116.34128051268029,
       39.99950003852888
      ],
      [
       116.34129664557497,
       39.99975003847407
      ],
      [
       116.34131277857483,
       40.00000003840724
      ],
      [
       116.34164868120651,
       40.000000037013876
      ],
      [
       116.3419845838515,
       40.00000003464694
      ],
      [
       116.34232048650976,
       40.0000000313064
      ],
      [
       116.3426563891813,
       40.0000000269923
      ],
      [
       116.34299229186614,
       40.00000002170461
      ],
      [
       116.3433281945642,
       40.00000001544332
      ],
      [
       116.34366409727548,
       40.00000000820845
      ],
      [
       116.34400000000001,
       40.0
      ]
     ]
    ]
   }
  },
  {
   "type": "Feature",
   "id": "LU-020",
   "properties": {
    "id": "LU-020",
    "layer": "LAND_USE",
    "source_type": "agent_generated_design",
    "confidence": "medium",
    "geometry_role": "design_proposal",
    "area_sqm_declared": 96816.351,
    "zone": "road",
    "land_use_code": "1207",
    "name_zh": "成府路-清华东路廊道东段",
    "design_concept": "origin_belt",
    "design_iteration": "v1.1"
   },
   "geometry": {
    "type": "Polygon",
    "coordinates": [
     [
      [
       116.34699999999998,
       40.0
      ],
      [
       116.34733333330078,
       40.00000000239686
      ],
      [
       116.34766666661464,
       40.000000003834984
      ],
      [
       116.34799999994149,
       40.00000000431435
      ],
      [
       116.34833333328136,
       40.00000000383498
      ],
      [
       116.34866666663419,
       40.00000000239686
      ],
      [
       116.349,
       39.99999999999999
      ],
      [
       116.34929999997898,
       40.00000000155317
      ],
      [
       116.34959999996849,
       40.000000002329756
      ],
      [
       116.3498999999685,
       40.00000000232975
      ],
      [
       116.35019999997903,
       40.00000000155317
      ],
      [
       116.35050000000001,
       39.99999999999999
      ],
      [
       116.35083477574541,
       40.000000004571675
      ],
      [
       116.35116955150389,
       40.00000000817628
      ],
      [
       116.35150432727546,
       40.000000010813814
      ],
      [
       116.3518391030601,
       40.00000001248429
      ],
      [
       116.3521738788578,
       40.00000001318772
      ],
      [
       116.35250865466851,
       40.00000001292408
      ],
      [
       116.35284343049223,
       40.00000001169337
      ],
      [
       116.35317820632898,
       40.000000009495615
      ],
      [
       116.35351298217867,
       40.00000000633079
      ],
      [
       116.35384775804138,
       40.0000000021989
      ],
      [
       116.35383406238358,
       39.99975000241177
      ],
      [
       116.35382036681348,
       39.99950000261309
      ],
      [
       116.35380667133106,
       39.99925000280283
      ],
      [
       116.35379297593626,
       39.999000002981006
      ],
      [
       116.35377928062914,
       39.998750003147606
      ],
      [
       116.35376558540968,
       39.99850000330263
      ],
      [
       116.35343902681299,
       39.998500007113094
      ],
      [
       116.35311246822864,
       39.998500010003404
      ],
      [
       116.35278590965666,
       39.99850001197355
      ],
      [
       116.35245935109705,
       39.99850001302352
      ],
      [
       116.35213279254982,
       39.99850001315333
      ],
      [
       116.35180623401499,
       39.99850001236299
      ],
      [
       116.35147967549257,
       39.998500010652485
      ],
      [
       116.3511531169826,
       39.998500008021836
      ],
      [
       116.35082655848507,
       39.998500004471
      ],
      [
       116.35050000000001,
       39.9985
      ],
      [
       116.350199999979,
       39.99850000155316
      ],
      [
       116.3498999999685,
       39.99850000232974
      ],
      [
       116.34959999996849,
       39.99850000232974
      ],
      [
       116.34929999997898,
       39.998500001553154
      ],
      [
       116.349,
       39.9985
      ],
      [
       116.34866666663419,
       39.998500002396845
      ],
      [
       116.34833333328136,
       39.99850000383495
      ],
      [
       116.34799999994149,
       39.99850000431432
      ],
      [
       116.34766666661464,
       39.998500003834955
      ],
      [
       116.34733333330078,
       39.998500002396845
      ],
      [
       116.34699999999998,
       39.9985
      ],
      [
       116.34700000003095,
       39.99875000002688
      ],
      [
       116.34700000004952,
       39.99900000004299
      ],
      [
       116.3470000000557,
       39.99925000004836
      ],
      [
       116.34700000004952,
       39.99950000004299
      ],
      [
       116.34700000003095,
       39.99975000002685
      ],
      [
       116.34699999999998,
       40.0
      ]
     ]
    ]
   }
  },
  {
   "type": "Feature",
   "id": "LU-021",
   "properties": {
    "id": "LU-021",
    "layer": "LAND_USE",
    "source_type": "agent_generated_design",
    "confidence": "medium",
    "geometry_role": "design_proposal",
    "area_sqm_declared": 60035.457,
    "zone": "road",
    "land_use_code": "1207",
    "name_zh": "知春路廊道西段",
    "design_concept": "origin_belt",
    "design_iteration": "v1.1"
   },
   "geometry": {
    "type": "Polygon",
    "coordinates": [
     [
      [
       116.34400000000001,
       39.977000000000004
      ],
      [
       116.3440000000311,
       39.976750000026854
      ],
      [
       116.34400000004977,
       39.97650000004298
      ],
      [
       116.34400000005598,
       39.97625000004835
      ],
      [
       116.34400000004977,
       39.97600000004299
      ],
      [
       116.3440000000311,
       39.97575000002686
      ],
      [
       116.34400000000001,
       39.975500000000004
      ],
      [
       116.34367171124734,
       39.97550000803199
      ],
      [
       116.34334342250727,
       39.97550001513417
      ],
      [
       116.34301513377989,
       39.97550002130653
      ],
      [
       116.34268684506516,
       39.975500026549085
      ],
      [
       116.34235855636311,
       39.97550003086182
      ],
      [
       116.34203026767372,
       39.975500034244746
      ],
      [
       116.34170197899707,
       39.97550003669786
      ],
      [
       116.34137369033313,
       39.97550003822116
      ],
      [
       116.34104540168194,
       39.975500038814666
      ],
      [
       116.34071711304351,
       39.97550003847835
      ],
      [
       116.34038882441781,
       39.97550003721223
      ],
      [
       116.34006053580491,
       39.975500035016296
      ],
      [
       116.33973224720482,
       39.97550003189054
      ],
      [
       116.3397483699505,
       39.97575003209029
      ],
      [
       116.33976449280117,
       39.97600003227799
      ],
      [
       116.33978061575688,
       39.97625003245368
      ],
      [
       116.33979673881758,
       39.97650003261732
      ],
      [
       116.3398128619833,
       39.97675003276893
      ],
      [
       116.33982898525406,
       39.97700003290853
      ],
      [
       116.34017656973766,
       39.97700003589899
      ],
      [
       116.34052415423564,
       39.97700003784713
      ],
      [
       116.34087173874792,
       39.97700003875293
      ],
      [
       116.3412193232745,
       39.97700003861639
      ],
      [
       116.34156690781539,
       39.97700003743751
      ],
      [
       116.34191449237052,
       39.9770000352163
      ],
      [
       116.34226207693992,
       39.977000031952755
      ],
      [
       116.34260966152354,
       39.97700002764688
      ],
      [
       116.34295724612137,
       39.97700002229866
      ],
      [
       116.34330483073343,
       39.977000015908104
      ],
      [
       116.34365241535963,
       39.97700000847522
      ],
      [
       116.34400000000001,
       39.977000000000004
      ]
     ]
    ]
   }
  },
  {
   "type": "Feature",
   "id": "LU-022",
   "properties": {
    "id": "LU-022",
    "layer": "LAND_USE",
    "source_type": "agent_generated_design",
    "confidence": "medium",
    "geometry_role": "design_proposal",
    "area_sqm_declared": 105293.39,
    "zone": "road",
    "land_use_code": "1207",
    "name_zh": "知春路廊道东段",
    "design_concept": "origin_belt",
    "design_iteration": "v1.1"
   },
   "geometry": {
    "type": "Polygon",
    "coordinates": [
     [
      [
       116.34699999999998,
       39.97699999999999
      ],
      [
       116.34733333330077,
       39.97700000239652
      ],
      [
       116.34766666661459,
       39.97700000383444
      ],
      [
       116.34799999994145,
       39.97700000431376
      ],
      [
       116.3483333332813,
       39.97700000383445
      ],
      [
       116.34866666663417,
       39.97700000239652
      ],
      [
       116.349,
       39.977
      ],
      [
       116.34929999997898,
       39.97700000155294
      ],
      [
       116.34959999996846,
       39.97700000232942
      ],
      [
       116.34989999996847,
       39.97700000232942
      ],
      [
       116.350199999979,
       39.97700000155294
      ],
      [
       116.35050000000001,
       39.97699999999999
      ],
      [
       116.35084999993578,
       39.97700000475591
      ],
      [
       116.35119999988586,
       39.97700000845496
      ],
      [
       116.35154999985025,
       39.977000011097125
      ],
      [
       116.35189999982893,
       39.97700001268244
      ],
      [
       116.3522499998219,
       39.97700001321086
      ],
      [
       116.35259999982908,
       39.97700001268243
      ],
      [
       116.35294999985051,
       39.977000011097125
      ],
      [
       116.35329999988615,
       39.97700000845495
      ],
      [
       116.353649999936,
       39.9770000047559
      ],
      [
       116.354,
       39.97699999999999
      ],
      [
       116.35434019847783,
       39.977000002435794
      ],
      [
       116.35436019806731,
       39.976750002577674
      ],
      [
       116.35438019749884,
       39.976500002704206
      ],
      [
       116.35440019677243,
       39.97625000281537
      ],
      [
       116.35442019588804,
       39.97600000291118
      ],
      [
       116.35444019484571,
       39.975750002991624
      ],
      [
       116.35446019364544,
       39.97550000305673
      ],
      [
       116.35423009681965,
       39.97550000175676
      ],
      [
       116.354,
       39.9755
      ],
      [
       116.353649999936,
       39.97550000475587
      ],
      [
       116.35329999988615,
       39.97550000845489
      ],
      [
       116.35294999985051,
       39.97550001109703
      ],
      [
       116.35259999982908,
       39.975500012682325
      ],
      [
       116.35224999982186,
       39.975500013210755
      ],
      [
       116.35189999982893,
       39.97550001268233
      ],
      [
       116.35154999985025,
       39.97550001109704
      ],
      [
       116.35119999988586,
       39.97550000845489
      ],
      [
       116.35084999993578,
       39.97550000475587
      ],
      [
       116.35050000000001,
       39.975500000000004
      ],
      [
       116.350199999979,
       39.975500001552945
      ],
      [
       116.34989999996847,
       39.97550000232941
      ],
      [
       116.34959999996846,
       39.97550000232942
      ],
      [
       116.34929999997898,
       39.97550000155294
      ],
      [
       116.349,
       39.97549999999999
      ],
      [
       116.34866666663417,
       39.97550000239651
      ],
      [
       116.3483333332813,
       39.97550000383442
      ],
      [
       116.34799999994145,
       39.97550000431372
      ],
      [
       116.34766666661459,
       39.97550000383441
      ],
      [
       116.34733333330077,
       39.97550000239651
      ],
      [
       116.34699999999998,
       39.9755
      ],
      [
       116.34700000003095,
       39.97575000002686
      ],
      [
       116.34700000004952,
       39.97600000004298
      ],
      [
       116.3470000000557,
       39.976250000048346
      ],
      [
       116.34700000004952,
       39.97650000004297
      ],
      [
       116.34700000003095,
       39.976750000026854
      ],
      [
       116.34699999999998,
       39.97699999999999
      ]
     ]
    ]
   }
  },
  {
   "type": "Feature",
   "id": "LU-023",
   "properties": {
    "id": "LU-023",
    "layer": "LAND_USE",
    "source_type": "agent_generated_design",
    "confidence": "medium",
    "geometry_role": "design_proposal",
    "area_sqm_declared": 408395.381,
    "zone": "road",
    "land_use_code": "1207",
    "name_zh": "学院路-西土城路纵向廊道",
    "design_concept": "origin_belt",
    "design_iteration": "v1.1"
   },
   "geometry": {
    "type": "Polygon",
    "coordinates": [
     [
      [
       116.354,
       39.9455
      ],
      [
       116.35400000009756,
       39.94576666675225
      ],
      [
       116.35400000018119,
       39.94603333349226
      ],
      [
       116.35400000025089,
       39.946300000220056
      ],
      [
       116.35400000030664,
       39.94656666693563
      ],
      [
       116.35400000034846,
       39.94683333363897
      ],
      [
       116.35400000037633,
       39.94710000033009
      ],
      [
       116.35400000039027,
       39.94736666700898
      ],
      [
       116.35400000039027,
       39.94763333367564
      ],
      [
       116.35400000037633,
       39.94790000033009
      ],
      [
       116.35400000034846,
       39.948166666972305
      ],
      [
       116.35400000030664,
       39.94843333360229
      ],
      [
       116.35400000025089,
       39.94870000022006
      ],
      [
       116.35400000018119,
       39.94896666682559
      ],
      [
       116.35400000009759,
       39.94923333341891
      ],
      [
       116.354,
       39.94949999999999
      ],
      [
       116.35400000021434,
       39.949765625188014
      ],
      [
       116.35400000041487,
       39.9500312503639
      ],
      [
       116.35400000060156,
       39.950296875527656
      ],
      [
       116.35400000077443,
       39.95056250067929
      ],
      [
       116.35400000093345,
       39.95082812581878
      ],
      [
       116.35400000107867,
       39.95109375094616
      ],
      [
       116.35400000121004,
       39.951359376061404
      ],
      [
       116.35400000132759,
       39.951625001164494
      ],
      [
       116.35400000143133,
       39.951890626255484
      ],
      [
       116.35400000152123,
       39.95215625133433
      ],
      [
       116.35400000159729,
       39.95242187640104
      ],
      [
       116.35400000165951,
       39.952687501455635
      ],
      [
       116.35400000170793,
       39.95295312649809
      ],
      [
       116.35400000174249,
       39.95321875152842
      ],
      [
       116.35400000176325,
       39.95348437654662
      ],
      [
       116.35400000177017,
       39.95375000155267
      ],
      [
       116.35400000176325,
       39.95401562654662
      ],
      [
       116.35400000174252,
       39.95428125152842
      ],
      [
       116.35400000170796,
       39.95454687649809
      ],
      [
       116.35400000165954,
       39.95481250145564
      ],
      [
       116.35400000159733,
       39.95507812640105
      ],
      [
       116.35400000152127,
       39.95534375133435
      ],
      [
       116.35400000143139,
       39.95560937625549
      ],
      [
       116.35400000132765,
       39.955875001164515
      ],
      [
       116.35400000121011,
       39.9561406260614
      ],
      [
       116.35400000107872,
       39.956406250946166
      ],
      [
       116.35400000093351,
       39.9566718758188
      ],
      [
       116.35400000077448,
       39.956937500679295
      ],
      [
       116.35400000060162,
       39.95720312552768
      ],
      [
       116.3540000004149,
       39.95746875036391
      ],
      [
       116.35400000021437,
       39.95773437518802
      ],
      [
       116.354,
       39.95799999999999
      ],
      [
       116.35400000045459,
       39.95826923116802
      ],
      [
       116.35400000089501,
       39.95853846232361
      ],
      [
       116.35400000132121,
       39.958807693466724
      ],
      [
       116.35400000173318,
       39.959076924597376
      ],
      [
       116.35400000213097,
       39.95934615571555
      ],
      [
       116.35400000251455,
       39.959615386821284
      ],
      [
       116.35400000288392,
       39.959884617914554
      ],
      [
       116.35400000323911,
       39.96015384899533
      ],
      [
       116.35400000358007,
       39.96042308006368
      ],
      [
       116.35400000390682,
       39.960692311119566
      ],
      [
       116.35400000421937,
       39.960961542162984
      ],
      [
       116.35400000451774,
       39.96123077319393
      ],
      [
       116.35400000480188,
       39.96150000421242
      ],
      [
       116.35400000507182,
       39.96176923521845
      ],
      [
       116.35400000532756,
       39.962038466212
      ],
      [
       116.35400000556908,
       39.9623076971931
      ],
      [
       116.3540000057964,
       39.96257692816175
      ],
      [
       116.35400000600953,
       39.96284615911793
      ],
      [
       116.35400000620845,
       39.96311539006163
      ],
      [
       116.35400000639315,
       39.96338462099288
      ],
      [
       116.35400000656365,
       39.96365385191168
      ],
      [
       116.35400000671996,
       39.963923082818
      ],
      [
       116.35400000686204,
       39.964192313711855
      ],
      [
       116.35400000698992,
       39.96446154459326
      ],
      [
       116.35400000710358,
       39.96473077546219
      ],
      [
       116.35400000720307,
       39.96500000631867
      ],
      [
       116.35400000728833,
       39.96526923716268
      ],
      [
       116.35400000735937,
       39.965538467994236
      ],
      [
       116.35400000741622,
       39.96580769881332
      ],
      [
       116.35400000745886,
       39.96607692961994
      ],
      [
       116.35400000748731,
       39.96634616041411
      ],
      [
       116.35400000750154,
       39.9666153911958
      ],
      [
       116.35400000750155,
       39.966884621965036
      ],
      [
       116.35400000748736,
       39.96715385272179
      ],
      [
       116.35400000745896,
       39.96742308346611
      ],
      [
       116.35400000741637,
       39.96769231419797
      ],
      [
       116.35400000735956,
       39.96796154491733
      ],
      [
       116.35400000728853,
       39.96823077562427
      ],
      [
       116.3540000072033,
       39.96850000631872
      ],
      [
       116.35400000710386,
       39.96876923700072
      ],
      [
       116.35400000699023,
       39.969038467670245
      ],
      [
       116.35400000686236,
       39.969307698327306
      ],
      [
       116.35400000672031,
       39.96957692897192
      ],
      [
       116.35400000656404,
       39.96984615960405
      ],
      [
       116.35400000639355,
       39.97011539022373
      ],
      [
       116.35400000620888,
       39.970384620830956
      ],
      [
       116.35400000600998,
       39.970653851425695
      ],
      [
       116.35400000579688,
       39.970923082007985
      ],
      [
       116.35400000556956,
       39.97119231257781
      ],
      [
       116.35400000532805,
       39.97146154313518
      ],
      [
       116.35400000507231,
       39.97173077368007
      ],
      [
       116.35400000480236,
       39.972000004212504
      ],
      [
       116.35400000451823,
       39.97226923473249
      ],
      [
       116.35400000421986,
       39.97253846523999
      ],
      [
       116.35400000390727,
       39.97280769573504
      ],
      [
       116.3540000035805,
       39.97307692621762
      ],
      [
       116.35400000323952,
       39.97334615668774
      ],
      [
       116.3540000028843,
       39.97361538714539
      ],
      [
       116.35400000251491,
       39.973884617590585
      ],
      [
       116.35400000213129,
       39.97415384802331
      ],
      [
       116.35400000173343,
       39.974423078443586
      ],
      [
       116.35400000132141,
       39.97469230885138
      ],
      [
       116.35400000089514,
       39.97496153924671
      ],
      [
       116.35400000045468,
       39.97523076962958
      ],
      [
       116.354,
       39.9755
      ],
      [
       116.35423009681965,
       39.97550000175676
      ],
      [
       116.35446019364544,
       39.97550000305673
      ],
      [
       116.35448173062117,
       39.975230772547484
      ],
      [
       116.35450326741375,
       39.97496154202042
      ],
      [
       116.35452480402314,
       39.97469231147554
      ],
      [
       116.35454634044937,
       39.97442308091286
      ],
      [
       116.35456787669243,
       39.974153850332364
      ],
      [
       116.35458941275233,
       39.973884619734065
      ],
      [
       116.35461094862909,
       39.97361538911796
      ],
      [
       116.35463248432269,
       39.973346158484034
      ],
      [
       116.35465401983315,
       39.97307692783231
      ],
      [
       116.35467555516045,
       39.97280769716278
      ],
      [
       116.35469709030461,
       39.97253846647541
      ],
      [
       116.35471862526562,
       39.97226923577027
      ],
      [
       116.35474016004353,
       39.97200000504731
      ],
      [
       116.3547616946383,
       39.971730774306536
      ],
      [
       116.3547832290499,
       39.97146154354796
      ],
      [
       116.35480476327842,
       39.971192312771585
      ],
      [
       116.35482629732381,
       39.97092308197738
      ],
      [
       116.35484783118608,
       39.97065385116538
      ],
      [
       116.35486936486525,
       39.970384620335565
      ],
      [
       116.35489089836129,
       39.970115389487944
      ],
      [
       116.35491243167424,
       39.96984615862253
      ],
      [
       116.35493396480406,
       39.9695769277393
      ],
      [
       116.35495549775082,
       39.96930769683826
      ],
      [
       116.35497703051445,
       39.96903846591941
      ],
      [
       116.354998563095,
       39.96876923498276
      ],
      [
       116.35502009549248,
       39.9685000040283
      ],
      [
       116.35504162770684,
       39.96823077305604
      ],
      [
       116.35506315973815,
       39.96796154206598
      ],
      [
       116.35508469158637,
       39.967692311058094
      ],
      [
       116.35510622325151,
       39.96742308003241
      ],
      [
       116.35512775473357,
       39.96715384898892
      ],
      [
       116.35514928603257,
       39.96688461792762
      ],
      [
       116.35517081714852,
       39.966615386848524
      ],
      [
       116.35519234808139,
       39.96634615575163
      ],
      [
       116.35521387883122,
       39.9660769246369
      ],
      [
       116.35523540939799,
       39.96580769350438
      ],
      [
       116.35525693978171,
       39.96553846235407
      ],
      [
       116.35527846998237,
       39.96526923118593
      ],
      [
       116.3553,
       39.965
      ],
      [
       116.35530000067466,
       39.96473195935581
      ],
      [
       116.35530000133528,
       39.964463918699266
      ],
      [
       116.35530000198182,
       39.96419587803037
      ],
      [
       116.35530000261431,
       39.96392783734912
      ],
      [
       116.35530000323274,
       39.96365979665551
      ],
      [
       116.35530000383713,
       39.96339175594956
      ],
      [
       116.35530000442743,
       39.96312371523125
      ],
      [
       116.35530000500368,
       39.962855674500574
      ],
      [
       116.35530000556588,
       39.962587633757565
      ],
      [
       116.35530000611402,
       39.962319593002185
      ],
      [
       116.35530000664811,
       39.96205155223447
      ],
      [
       116.35530000716814,
       39.961783511454406
      ],
      [
       116.3553000076741,
       39.961515470661965
      ],
      [
       116.35530000816601,
       39.961247429857174
      ],
      [
       116.35530000864387,
       39.960979389040055
      ],
      [
       116.35530000910764,
       39.960711348210566
      ],
      [
       116.3553000095574,
       39.96044330736871
      ],
      [
       116.35530000999306,
       39.960175266514526
      ],
      [
       116.35530001041467,
       39.95990722564798
      ],
      [
       116.35530001082223,
       39.95963918476908
      ],
      [
       116.35530001121576,
       39.95937114387784
      ],
      [
       116.35530001159522,
       39.95910310297423
      ],
      [
       116.3553000119606,
       39.95883506205826
      ],
      [
       116.35530001231193,
       39.95856702112996
      ],
      [
       116.35530001264922,
       39.95829898018929
      ],
      [
       116.35530001297245,
       39.958030939236274
      ],
      [
       116.35530001328159,
       39.95776289827091
      ],
      [
       116.35530001357672,
       39.957494857293185
      ],
      [
       116.35530001385779,
       39.95722681630311
      ],
      [
       116.35530001412477,
       39.9569587753007
      ],
      [
       116.35530001437772,
       39.95669073428592
      ],
      [
       116.35530001461662,
       39.95642269325878
      ],
      [
       116.35530001484143,
       39.956154652219304
      ],
      [
       116.35530001505222,
       39.955886611167465
      ],
      [
       116.35530001524893,
       39.95561857010327
      ],
      [
       116.3553000154316,
       39.95535052902673
      ],
      [
       116.35530001560022,
       39.95508248793783
      ],
      [
       116.35530001575476,
       39.954814446836586
      ],
      [
       116.35530001589527,
       39.954546405723
      ],
      [
       116.3553000160217,
       39.95427836459704
      ],
      [
       116.3553000161341,
       39.95401032345873
      ],
      [
       116.35530001623243,
       39.953742282308085
      ],
      [
       116.35530001631673,
       39.953474241145074
      ],
      [
       116.35530001638696,
       39.95320619996971
      ],
      [
       116.35530001644311,
       39.952938158782004
      ],
      [
       116.35530001648524,
       39.95267011758193
      ],
      [
       116.35530001651331,
       39.95240207636952
      ],
      [
       116.35530001652731,
       39.95213403514476
      ],
      [
       116.35530001652728,
       39.95186599390763
      ],
      [
       116.35530001651318,
       39.95159795265816
      ],
      [
       116.35530001648502,
       39.95132991139632
      ],
      [
       116.35530001644284,
       39.951061870122146
      ],
      [
       116.35530001638658,
       39.95079382883562
      ],
      [
       116.35530001631625,
       39.950525787536726
      ],
      [
       116.35530001623191,
       39.9502577462255
      ],
      [
       116.35530001613348,
       39.94998970490192
      ],
      [
       116.35530001602102,
       39.94972166356598
      ],
      [
       116.35530001589449,
       39.949453622217675
      ],
      [
       116.3553000157539,
       39.94918558085704
      ],
      [
       116.35530001559928,
       39.94891753948405
      ],
      [
       116.3553000154306,
       39.94864949809871
      ],
      [
       116.35530001524786,
       39.94838145670101
      ],
      [
       116.35530001505107,
       39.94811341529096
      ],
      [
       116.35530001484024,
       39.94784537386855
      ],
      [
       116.35530001461537,
       39.9475773324338
      ],
      [
       116.35530001437641,
       39.94730929098671
      ],
      [
       116.35530001412343,
       39.947041249527224
      ],
      [
       116.35530001385638,
       39.94677320805542
      ],
      [
       116.35530001357527,
       39.946505166571264
      ],
      [
       116.35530001328011,
       39.946237125074745
      ],
      [
       116.35530001297091,
       39.94596908356588
      ],
      [
       116.35530001264767,
       39.945701042044675
      ],
      [
       116.35530001231038,
       39.9454330005111
      ],
      [
       116.35530001195902,
       39.94516495896519
      ],
      [
       116.35530001159361,
       39.94489691740691
      ],
      [
       116.35530001121415,
       39.94462887583627
      ],
      [
       116.35530001082066,
       39.9443608342533
      ],
      [
       116.35530001041309,
       39.944092792657976
      ],
      [
       116.35530000999148,
       39.9438247510503
      ],
      [
       116.35530000955582,
       39.94355670943027
      ],
      [
       116.35530000910612,
       39.94328866779789
      ],
      [
       116.35530000864236,
       39.943020626153164
      ],
      [
       116.35530000816453,
       39.942752584496084
      ],
      [
       116.3553000076727,
       39.942484542826634
      ],
      [
       116.35530000716679,
       39.94221650114484
      ],
      [
       116.35530000664683,
       39.941948459450714
      ],
      [
       116.3553000061128,
       39.941680417744216
      ],
      [
       116.35530000556476,
       39.941412376025376
      ],
      [
       116.35530000500263,
       39.941144334294194
      ],
      [
       116.3553000044265,
       39.94087629255065
      ],
      [
       116.35530000383629,
       39.940608250794746
      ],
      [
       116.35530000323203,
       39.9403402090265
      ],
      [
       116.3553000026137,
       39.94007216724589
      ],
      [
       116.35530000198136,
       39.939804125452945
      ],
      [
       116.35530000133495,
       39.939536083647646
      ],
      [
       116.35530000067452,
       39.93926804182999
      ],
      [
       116.3553,
       39.939
      ],
      [
       116.35497500010439,
       39.93900002000851
      ],
      [
       116.35465000022086,
       39.93900003910594
      ],
      [
       116.35432500034939,
       39.9390000572923
      ],
      [
       116.35400000049003,
       39.93900007456761
      ],
      [
       116.3540000005864,
       39.93926322864488
      ],
      [
       116.35400000066919,
       39.93952638271023
      ],
      [
       116.35400000073842,
       39.93978953676369
      ],
      [
       116.35400000079407,
       39.94005269080526
      ],
      [
       116.35400000083614,
       39.9403158448349
      ],
      [
       116.35400000086466,
       39.94057899885265
      ],
      [
       116.3540000008796,
       39.94084215285847
      ],
      [
       116.35400000088094,
       39.941105306852414
      ],
      [
       116.35400000086872,
       39.941368460834454
      ],
      [
       116.35400000084293,
       39.94163161480458
      ],
      [
       116.35400000080357,
       39.94189476876282
      ],
      [
       116.35400000075064,
       39.942157922709114
      ],
      [
       116.35400000068412,
       39.94242107664353
      ],
      [
       116.35400000060403,
       39.942684230566044
      ],
      [
       116.35400000051037,
       39.94294738447664
      ],
      [
       116.35400000040315,
       39.94321053837533
      ],
      [
       116.35400000028234,
       39.94347369226213
      ],
      [
       116.35400000014796,
       39.94373684613702
      ],
      [
       116.354,
       39.943999999999996
      ],
      [
       116.35400000003064,
       39.94425000002685
      ],
      [
       116.35400000004901,
       39.944500000042986
      ],
      [
       116.35400000005514,
       39.94475000004836
      ],
      [
       116.35400000004901,
       39.94500000004298
      ],
      [
       116.35400000003064,
       39.945250000026874
      ],
      [
       116.354,
       39.9455
      ]
     ]
    ]
   }
  },
  {
   "type": "Feature",
   "id": "LU-023-2",
   "properties": {
    "id": "LU-023-2",
    "layer": "LAND_USE",
    "source_type": "agent_generated_design",
    "confidence": "medium",
    "geometry_role": "design_proposal",
    "area_sqm_declared": 6860.927,
    "zone": "road",
    "land_use_code": "1207",
    "name_zh": "学院路-西土城路纵向廊道",
    "design_concept": "origin_belt",
    "design_iteration": "v1.1"
   },
   "geometry": {
    "type": "Polygon",
    "coordinates": [
     [
      [
       116.354,
       39.97699999999999
      ],
      [
       116.35400000017539,
       39.977265765664285
      ],
      [
       116.35400000033694,
       39.977531531316444
      ],
      [
       116.35400000048465,
       39.97779729695646
      ],
      [
       116.35400000061851,
       39.97806306258432
      ],
      [
       116.35400000073852,
       39.978328828200034
      ],
      [
       116.3540000008447,
       39.978594593803614
      ],
      [
       116.35400000093705,
       39.978860359395036
      ],
      [
       116.35400000101555,
       39.979126124974336
      ],
      [
       116.3540000010802,
       39.97939189054147
      ],
      [
       116.35400000113098,
       39.97965765609646
      ],
      [
       116.35400000116796,
       39.97992342163931
      ],
      [
       116.35400000119105,
       39.98018918717002
      ],
      [
       116.35400000120035,
       39.980454952688575
      ],
      [
       116.35400000119577,
       39.980720718194995
      ],
      [
       116.35400000117734,
       39.98098648368926
      ],
      [
       116.35400000114508,
       39.981252249171376
      ],
      [
       116.35402126481748,
       39.980986483880585
      ],
      [
       116.35404252831133,
       39.98072071857243
      ],
      [
       116.35406379162657,
       39.980454953246905
      ],
      [
       116.3540850547633,
       39.980189187904045
      ],
      [
       116.35410631772147,
       39.979923422543806
      ],
      [
       116.3541275805011,
       39.97965765716623
      ],
      [
       116.35414884310215,
       39.979391891771286
      ],
      [
       116.35417010552469,
       39.97912612635899
      ],
      [
       116.35419136776868,
       39.97886036092933
      ],
      [
       116.35421262983412,
       39.97859459548233
      ],
      [
       116.35423389172105,
       39.978328830017965
      ],
      [
       116.35425515342946,
       39.978063064536244
      ],
      [
       116.35427641495934,
       39.977797299037164
      ],
      [
       116.3542976763107,
       39.97753153352073
      ],
      [
       116.35431893748351,
       39.977265767986935
      ],
      [
       116.35434019847783,
       39.977000002435794
      ],
      [
       116.354,
       39.97699999999999
      ]
     ]
    ]
   }
  },
  {
   "type": "Feature",
   "id": "LU-023-3",
   "properties": {
    "id": "LU-023-3",
    "layer": "LAND_USE",
    "source_type": "agent_generated_design",
    "confidence": "medium",
    "geometry_role": "design_proposal",
    "area_sqm_declared": 146151.299,
    "zone": "road",
    "land_use_code": "1207",
    "name_zh": "学院路-西土城路纵向廊道",
    "design_concept": "origin_belt",
    "design_iteration": "v1.1"
   },
   "geometry": {
    "type": "Polygon",
    "coordinates": [
     [
      [
       116.3553,
       40.02649999999999
      ],
      [
       116.35528522284861,
       40.02623044303984
      ],
      [
       116.35527044579936,
       40.02596088606624
      ],
      [
       116.35525566885224,
       40.02569132907918
      ],
      [
       116.35524089200725,
       40.02542177207865
      ],
      [
       116.35522611526441,
       40.025152215064665
      ],
      [
       116.35521133862369,
       40.02488265803722
      ],
      [
       116.3551965620851,
       40.024613100996305
      ],
      [
       116.35518178564863,
       40.024343543941946
      ],
      [
       116.35516700931429,
       40.024073986874114
      ],
      [
       116.35515223308207,
       40.02380442979282
      ],
      [
       116.35513745695197,
       40.02353487269806
      ],
      [
       116.355122680924,
       40.023265315589846
      ],
      [
       116.3551079049981,
       40.02299575846817
      ],
      [
       116.35509312917436,
       40.02272620133303
      ],
      [
       116.35507835345271,
       40.02245664418442
      ],
      [
       116.35506357783318,
       40.022187087022374
      ],
      [
       116.35504880231576,
       40.021917529846846
      ],
      [
       116.35503402690041,
       40.021647972657874
      ],
      [
       116.35501925158721,
       40.02137841545543
      ],
      [
       116.35500447637608,
       40.02110885823953
      ],
      [
       116.35498970126704,
       40.02083930101017
      ],
      [
       116.3549749262601,
       40.02056974376735
      ],
      [
       116.35496015135527,
       40.02030018651107
      ],
      [
       116.35494537655251,
       40.02003062924134
      ],
      [
       116.35493060185185,
       40.019761071958136
      ],
      [
       116.35491582725328,
       40.019491514661475
      ],
      [
       116.35490105275679,
       40.01922195735136
      ],
      [
       116.35488627836237,
       40.01895240002778
      ],
      [
       116.35487150407005,
       40.01868284269074
      ],
      [
       116.35485672987977,
       40.01841328534024
      ],
      [
       116.35484195579161,
       40.018143727976295
      ],
      [
       116.35482718180549,
       40.01787417059887
      ],
      [
       116.35481240792146,
       40.017604613208
      ],
      [
       116.35479763413947,
       40.01733505580366
      ],
      [
       116.35478286045957,
       40.01706549838587
      ],
      [
       116.35476808688172,
       40.016795940954616
      ],
      [
       116.35475331340596,
       40.016526383509905
      ],
      [
       116.35473854003223,
       40.01625682605172
      ],
      [
       116.35472376676059,
       40.01598726858008
      ],
      [
       116.35470899359096,
       40.01571771109501
      ],
      [
       116.3546942205234,
       40.01544815359645
      ],
      [
       116.3546794475579,
       40.01517859608445
      ],
      [
       116.35466467469443,
       40.01490903855899
      ],
      [
       116.35464990193302,
       40.014639481020076
      ],
      [
       116.35463512927365,
       40.0143699234677
      ],
      [
       116.35462035671632,
       40.01410036590186
      ],
      [
       116.35460558426102,
       40.01383080832255
      ],
      [
       116.35459081190777,
       40.01356125072981
      ],
      [
       116.35457603965655,
       40.0132916931236
      ],
      [
       116.35456126750735,
       40.01302213550391
      ],
      [
       116.3545464954602,
       40.01275257787078
      ],
      [
       116.35453172351507,
       40.0124830202242
      ],
      [
       116.35451695167197,
       40.01221346256414
      ],
      [
       116.35450217993088,
       40.01194390489065
      ],
      [
       116.35448740829182,
       40.01167434720369
      ],
      [
       116.35447263675476,
       40.01140478950327
      ],
      [
       116.35445786531974,
       40.011135231789396
      ],
      [
       116.35444309398675,
       40.01086567406207
      ],
      [
       116.35442832275574,
       40.01059611632127
      ],
      [
       116.35441355162673,
       40.01032655856702
      ],
      [
       116.35439878059977,
       40.01005700079932
      ],
      [
       116.35438400967479,
       40.00978744301816
      ],
      [
       116.3543692388518,
       40.00951788522354
      ],
      [
       116.35435446813084,
       40.00924832741546
      ],
      [
       116.35433969751188,
       40.00897876959393
      ],
      [
       116.35432492699489,
       40.00870921175895
      ],
      [
       116.35431015657991,
       40.008439653910486
      ],
      [
       116.35429538626691,
       40.008170096048595
      ],
      [
       116.3542806160559,
       40.00790053817323
      ],
      [
       116.3542658459469,
       40.00763098028442
      ],
      [
       116.35425107593987,
       40.00736142238215
      ],
      [
       116.35423630603482,
       40.00709186446642
      ],
      [
       116.35422153623173,
       40.00682230653723
      ],
      [
       116.35420676653065,
       40.006552748594586
      ],
      [
       116.35419199693155,
       40.00628319063849
      ],
      [
       116.3541772274344,
       40.00601363266893
      ],
      [
       116.35416245803924,
       40.005744074685914
      ],
      [
       116.35414768874604,
       40.00547451668946
      ],
      [
       116.35413291955481,
       40.00520495867953
      ],
      [
       116.35411815046554,
       40.00493540065616
      ],
      [
       116.35410338147825,
       40.00466584261933
      ],
      [
       116.35408861259292,
       40.004396284569054
      ],
      [
       116.35407384380952,
       40.00412672650529
      ],
      [
       116.35405907512809,
       40.0038571684281
      ],
      [
       116.35404430654863,
       40.00358761033745
      ],
      [
       116.35402953807112,
       40.00331805223333
      ],
      [
       116.35401476969554,
       40.00304849411578
      ],
      [
       116.35400000142191,
       40.00277893598476
      ],
      [
       116.35400000147771,
       40.00303998929686
      ],
      [
       116.35400000152016,
       40.00330104259723
      ],
      [
       116.35400000154924,
       40.003562095885904
      ],
      [
       116.35400000156498,
       40.00382314916285
      ],
      [
       116.35400000156736,
       40.004084202428075
      ],
      [
       116.35400000155636,
       40.00434525568157
      ],
      [
       116.35400000153204,
       40.00460630892336
      ],
      [
       116.35400000149433,
       40.00486736215342
      ],
      [
       116.35400000144328,
       40.00512841537176
      ],
      [
       116.35400000137886,
       40.005389468578386
      ],
      [
       116.35400000130107,
       40.00565052177329
      ],
      [
       116.35400000120997,
       40.00591157495647
      ],
      [
       116.35400000110546,
       40.00617262812793
      ],
      [
       116.35400000098763,
       40.00643368128767
      ],
      [
       116.35400000085642,
       40.00669473443569
      ],
      [
       116.35400000071184,
       40.00695578757199
      ],
      [
       116.35400000055392,
       40.00721684069657
      ],
      [
       116.35400000038264,
       40.007477893809444
      ],
      [
       116.35400000019801,
       40.00773894691058
      ],
      [
       116.354,
       40.00799999999999
      ],
      [
       116.35400000049218,
       40.00826811728106
      ],
      [
       116.35400000097023,
       40.00853623454976
      ],
      [
       116.35400000143423,
       40.00880435180609
      ],
      [
       116.35400000188412,
       40.00907246905007
      ],
      [
       116.35400000231992,
       40.00934058628167
      ],
      [
       116.35400000274167,
       40.00960870350091
      ],
      [
       116.35400000314931,
       40.0098768207078
      ],
      [
       116.35400000354286,
       40.01014493790232
      ],
      [
       116.35400000392231,
       40.01041305508448
      ],
      [
       116.3540000042877,
       40.010681172254266
      ],
      [
       116.35400000463898,
       40.0109492894117
      ],
      [
       116.3540000049762,
       40.01121740655676
      ],
      [
       116.35400000529931,
       40.011485523689466
      ],
      [
       116.35400000560834,
       40.01175364080981
      ],
      [
       116.35400000590326,
       40.01202175791777
      ],
      [
       116.35400000618412,
       40.01228987501338
      ],
      [
       116.35400000645087,
       40.01255799209662
      ],
      [
       116.35400000670357,
       40.01282610916751
      ],
      [
       116.35400000694216,
       40.01309422622604
      ],
      [
       116.35400000716666,
       40.013362343272185
      ],
      [
       116.35400000737705,
       40.013630460305976
      ],
      [
       116.35400000757339,
       40.01389857732741
      ],
      [
       116.35400000775562,
       40.01416669433646
      ],
      [
       116.35400000792376,
       40.014434811333174
      ],
      [
       116.35400000807782,
       40.01470292831752
      ],
      [
       116.35400000821777,
       40.01497104528949
      ],
      [
       116.35400000834366,
       40.015239162249095
      ],
      [
       116.35400000845544,
       40.01550727919635
      ],
      [
       116.35400000855316,
       40.01577539613123
      ],
      [
       116.35400000863676,
       40.01604351305375
      ],
      [
       116.35400000870628,
       40.01631162996391
      ],
      [
       116.35400000876169,
       40.01657974686169
      ],
      [
       116.35400000880304,
       40.01684786374712
      ],
      [
       116.3540000088303,
       40.01711598062019
      ],
      [
       116.35400000884344,
       40.017384097480885
      ],
      [
       116.3540000088425,
       40.01765221432922
      ],
      [
       116.3540000088275,
       40.0179203311652
      ],
      [
       116.35400000879838,
       40.01818844798879
      ],
      [
       116.35400000875518,
       40.01845656480005
      ],
      [
       116.35400000869788,
       40.018724681598925
      ],
      [
       116.35400000862651,
       40.01899279838544
      ],
      [
       116.35400000854104,
       40.0192609151596
      ],
      [
       116.35400000844147,
       40.01952903192139
      ],
      [
       116.35400000832782,
       40.0197971486708
      ],
      [
       116.35400000820006,
       40.02006526540786
      ],
      [
       116.35400000805824,
       40.020333382132556
      ],
      [
       116.35400000790229,
       40.02060149884489
      ],
      [
       116.35400000773227,
       40.02086961554486
      ],
      [
       116.35400000754817,
       40.021137732232454
      ],
      [
       116.35400000734997,
       40.02140584890769
      ],
      [
       116.35400000713766,
       40.02167396557057
      ],
      [
       116.35400000691128,
       40.02194208222109
      ],
      [
       116.3540000066708,
       40.02221019885923
      ],
      [
       116.35400000641623,
       40.02247831548501
      ],
      [
       116.35400000614756,
       40.022746432098415
      ],
      [
       116.35400000586479,
       40.02301454869947
      ],
      [
       116.35400000556794,
       40.02328266528816
      ],
      [
       116.354000005257,
       40.023550781864486
      ],
      [
       116.35400000493198,
       40.02381889842845
      ],
      [
       116.35400000459285,
       40.02408701498005
      ],
      [
       116.35400000423964,
       40.024355131519265
      ],
      [
       116.35400000387232,
       40.02462324804614
      ],
      [
       116.35400000349091,
       40.02489136456064
      ],
      [
       116.3540000030954,
       40.025159481062786
      ],
      [
       116.35400000268582,
       40.02542759755255
      ],
      [
       116.35400000226211,
       40.025695714029965
      ],
      [
       116.35400000182435,
       40.025963830495
      ],
      [
       116.35400000137248,
       40.02623194694769
      ],
      [
       116.35400000090648,
       40.026500063388006
      ],
      [
       116.35432500066175,
       40.026500048908325
      ],
      [
       116.3546500004291,
       40.026500033517095
      ],
      [
       116.35497500020854,
       40.02650001721433
      ],
      [
       116.3553,
       40.02649999999999
      ]
     ]
    ]
   }
  }
 ]
}