{
  "type": "FeatureCollection",
  "name": "public_space",
  "features": [
    {
      "type": "Feature",
      "id": "PUBLIC-001",
      "properties": {
        "id": "PUBLIC-001",
        "layer": "PUBLIC_SPACE",
        "source_type": "agent_generated_design",
        "confidence": "medium",
        "geometry_role": "design_proposal",
        "name_zh": "公共问题工作室",
        "name_en": "Public Problem Studio",
        "scenario_id": "LESSON-01",
        "area_sqm_declared": 18132.887,
        "text_bearing_program": true,
        "pilgrimage_landmark": true,
        "operator": "community curator",
        "stop_rule_zh": "议题未获社区确认即暂停"
      },
      "geometry": {
        "type": "Polygon",
        "coordinates": [
          [
            [
              116.3492561,
              39.9464612
            ],
            [
              116.3492508,
              39.9464166
            ],
            [
              116.3492417,
              39.9463724
            ],
            [
              116.3492289,
              39.9463287
            ],
            [
              116.3492124,
              39.9462857
            ],
            [
              116.3491923,
              39.9462437
            ],
            [
              116.3491687,
              39.9462028
            ],
            [
              116.3491417,
              39.9461631
            ],
            [
              116.3491113,
              39.9461249
            ],
            [
              116.3490777,
              39.9460883
            ],
            [
              116.3490411,
              39.9460535
            ],
            [
              116.3490017,
              39.9460206
            ],
            [
              116.3489595,
              39.9459897
            ],
            [
              116.3489148,
              39.9459611
            ],
            [
              116.3488677,
              39.9459347
            ],
            [
              116.3488185,
              39.9459108
            ],
            [
              116.3487674,
              39.9458894
            ],
            [
              116.3487146,
              39.9458706
            ],
            [
              116.3486603,
              39.9458545
            ],
            [
              116.3486047,
              39.9458412
            ],
            [
              116.3485482,
              39.9458307
            ],
            [
              116.3484908,
              39.9458231
            ],
            [
              116.3484329,
              39.9458184
            ],
            [
              116.3483748,
              39.9458166
            ],
            [
              116.3483166,
              39.9458177
            ],
            [
              116.3482587,
              39.9458218
            ],
            [
              116.3482012,
              39.9458288
            ],
            [
              116.3481444,
              39.9458386
            ],
            [
              116.3480886,
              39.9458513
            ],
            [
              116.348034,
              39.9458668
            ],
            [
              116.3479808,
              39.945885
            ],
            [
              116.3479293,
              39.9459058
            ],
            [
              116.3478797,
              39.9459291
            ],
            [
              116.3478321,
              39.945955
            ],
            [
              116.3477869,
              39.9459831
            ],
            [
              116.3477441,
              39.9460135
            ],
            [
              116.347704,
              39.946046
            ],
            [
              116.3476668,
              39.9460804
            ],
            [
              116.3476325,
              39.9461166
            ],
            [
              116.3476014,
              39.9461545
            ],
            [
              116.3475736,
              39.9461938
            ],
            [
              116.3475492,
              39.9462345
            ],
            [
              116.3475283,
              39.9462763
            ],
            [
              116.347511,
              39.946319
            ],
            [
              116.3474974,
              39.9463626
            ],
            [
              116.3474875,
              39.9464067
            ],
            [
              116.3474814,
              39.9464513
            ],
            [
              116.3474791,
              39.946496
            ],
            [
              116.3474805,
              39.9465408
            ],
            [
              116.3474858,
              39.9465854
            ],
            [
              116.3474949,
              39.9466296
            ],
            [
              116.3475077,
              39.9466733
            ],
            [
              116.3475242,
              39.9467163
            ],
            [
              116.3475443,
              39.9467583
            ],
            [
              116.3475679,
              39.9467992
            ],
            [
              116.3475949,
              39.9468389
            ],
            [
              116.3476253,
              39.9468771
            ],
            [
              116.3476589,
              39.9469137
            ],
            [
              116.3476954,
              39.9469485
            ],
            [
              116.3477349,
              39.9469814
            ],
            [
              116.3477771,
              39.9470123
            ],
            [
              116.3478218,
              39.947041
            ],
            [
              116.3478689,
              39.9470673
            ],
            [
              116.3479181,
              39.9470912
            ],
            [
              116.3479692,
              39.9471127
            ],
            [
              116.348022,
              39.9471314
            ],
            [
              116.3480763,
              39.9471475
            ],
            [
              116.3481319,
              39.9471608
            ],
            [
              116.3481884,
              39.9471713
            ],
            [
              116.3482458,
              39.9471789
            ],
            [
              116.3483037,
              39.9471837
            ],
            [
              116.3483618,
              39.9471854
            ],
            [
              116.34842,
              39.9471843
            ],
            [
              116.3484779,
              39.9471802
            ],
            [
              116.3485354,
              39.9471733
            ],
            [
              116.3485922,
              39.9471634
            ],
            [
              116.348648,
              39.9471507
            ],
            [
              116.3487026,
              39.9471353
            ],
            [
              116.3487558,
              39.9471171
            ],
            [
              116.3488073,
              39.9470962
            ],
            [
              116.3488569,
              39.9470729
            ],
            [
              116.3489045,
              39.9470471
            ],
            [
              116.3489497,
              39.9470189
            ],
            [
              116.3489925,
              39.9469885
            ],
            [
              116.3490326,
              39.946956
            ],
            [
              116.3490698,
              39.9469216
            ],
            [
              116.3491041,
              39.9468854
            ],
            [
              116.3491352,
              39.9468476
            ],
            [
              116.349163,
              39.9468082
            ],
            [
              116.3491874,
              39.9467675
            ],
            [
              116.3492083,
              39.9467257
            ],
            [
              116.3492256,
              39.946683
            ],
            [
              116.3492392,
              39.9466394
            ],
            [
              116.3492491,
              39.9465953
            ],
            [
              116.3492552,
              39.9465508
            ],
            [
              116.3492575,
              39.946506
            ],
            [
              116.3492561,
              39.9464612
            ]
          ]
        ]
      }
    },
    {
      "type": "Feature",
      "id": "PUBLIC-002",
      "properties": {
        "id": "PUBLIC-002",
        "layer": "PUBLIC_SPACE",
        "source_type": "agent_generated_design",
        "confidence": "medium",
        "geometry_role": "design_proposal",
        "name_zh": "模型安全开放实验室",
        "name_en": "Open Model Safety Lab",
        "scenario_id": "LESSON-02",
        "area_sqm_declared": 8488.803,
        "text_bearing_program": true,
        "pilgrimage_landmark": false,
        "operator": "lab safety lead",
        "stop_rule_zh": "越权、泄露或偏差阈值超限即停止"
      },
      "geometry": {
        "type": "Polygon",
        "coordinates": [
          [
            [
              116.349211,
              39.9530722
            ],
            [
              116.3492074,
              39.9530417
            ],
            [
              116.3492012,
              39.9530114
            ],
            [
              116.3491924,
              39.9529815
            ],
            [
              116.3491811,
              39.9529521
            ],
            [
              116.3491674,
              39.9529233
            ],
            [
              116.3491512,
              39.9528953
            ],
            [
              116.3491327,
              39.9528682
            ],
            [
              116.3491119,
              39.9528421
            ],
            [
              116.349089,
              39.952817
            ],
            [
              116.3490639,
              39.9527932
            ],
            [
              116.3490369,
              39.9527707
            ],
            [
              116.3490081,
              39.9527496
            ],
            [
              116.3489775,
              39.9527299
            ],
            [
              116.3489453,
              39.9527119
            ],
            [
              116.3489116,
              39.9526955
            ],
            [
              116.3488766,
              39.9526809
            ],
            [
              116.3488405,
              39.952668
            ],
            [
              116.3488033,
              39.952657
            ],
            [
              116.3487653,
              39.9526479
            ],
            [
              116.3487266,
              39.9526408
            ],
            [
              116.3486873,
              39.9526355
            ],
            [
              116.3486477,
              39.9526323
            ],
            [
              116.348608,
              39.9526311
            ],
            [
              116.3485681,
              39.9526319
            ],
            [
              116.3485285,
              39.9526347
            ],
            [
              116.3484892,
              39.9526394
            ],
            [
              116.3484503,
              39.9526462
            ],
            [
              116.3484121,
              39.9526548
            ],
            [
              116.3483748,
              39.9526654
            ],
            [
              116.3483384,
              39.9526779
            ],
            [
              116.3483031,
              39.9526921
            ],
            [
              116.3482691,
              39.9527081
            ],
            [
              116.3482366,
              39.9527258
            ],
            [
              116.3482056,
              39.9527451
            ],
            [
              116.3481764,
              39.9527658
            ],
            [
              116.348149,
              39.952788
            ],
            [
              116.3481235,
              39.9528116
            ],
            [
              116.3481,
              39.9528364
            ],
            [
              116.3480788,
              39.9528623
            ],
            [
              116.3480597,
              39.9528892
            ],
            [
              116.348043,
              39.952917
            ],
            [
              116.3480287,
              39.9529456
            ],
            [
              116.3480169,
              39.9529749
            ],
            [
              116.3480076,
              39.9530047
            ],
            [
              116.3480008,
              39.9530349
            ],
            [
              116.3479966,
              39.9530653
            ],
            [
              116.347995,
              39.953096
            ],
            [
              116.347996,
              39.9531266
            ],
            [
              116.3479996,
              39.9531571
            ],
            [
              116.3480058,
              39.9531874
            ],
            [
              116.3480146,
              39.9532173
            ],
            [
              116.3480259,
              39.9532467
            ],
            [
              116.3480396,
              39.9532754
            ],
            [
              116.3480558,
              39.9533034
            ],
            [
              116.3480743,
              39.9533306
            ],
            [
              116.3480951,
              39.9533567
            ],
            [
              116.3481181,
              39.9533818
            ],
            [
              116.3481431,
              39.9534056
            ],
            [
              116.3481701,
              39.9534281
            ],
            [
              116.348199,
              39.9534492
            ],
            [
              116.3482296,
              39.9534688
            ],
            [
              116.3482618,
              39.9534869
            ],
            [
              116.3482954,
              39.9535032
            ],
            [
              116.3483304,
              39.9535179
            ],
            [
              116.3483665,
              39.9535307
            ],
            [
              116.3484037,
              39.9535417
            ],
            [
              116.3484417,
              39.9535508
            ],
            [
              116.3484804,
              39.953558
            ],
            [
              116.3485197,
              39.9535632
            ],
            [
              116.3485593,
              39.9535665
            ],
            [
              116.3485991,
              39.9535677
            ],
            [
              116.3486389,
              39.9535669
            ],
            [
              116.3486785,
              39.9535641
            ],
            [
              116.3487179,
              39.9535594
            ],
            [
              116.3487567,
              39.9535526
            ],
            [
              116.3487949,
              39.9535439
            ],
            [
              116.3488323,
              39.9535333
            ],
            [
              116.3488687,
              39.9535209
            ],
            [
              116.3489039,
              39.9535067
            ],
            [
              116.3489379,
              39.9534907
            ],
            [
              116.3489704,
              39.953473
            ],
            [
              116.3490014,
              39.9534537
            ],
            [
              116.3490306,
              39.9534329
            ],
            [
              116.3490581,
              39.9534107
            ],
            [
              116.3490836,
              39.9533872
            ],
            [
              116.349107,
              39.9533624
            ],
            [
              116.3491283,
              39.9533365
            ],
            [
              116.3491473,
              39.9533096
            ],
            [
              116.349164,
              39.9532818
            ],
            [
              116.3491783,
              39.9532532
            ],
            [
              116.3491901,
              39.9532239
            ],
            [
              116.3491994,
              39.9531941
            ],
            [
              116.3492062,
              39.9531639
            ],
            [
              116.3492104,
              39.9531334
            ],
            [
              116.349212,
              39.9531028
            ],
            [
              116.349211,
              39.9530722
            ]
          ]
        ]
      }
    },
    {
      "type": "Feature",
      "id": "PUBLIC-003",
      "properties": {
        "id": "PUBLIC-003",
        "layer": "PUBLIC_SPACE",
        "source_type": "agent_generated_design",
        "confidence": "medium",
        "geometry_role": "design_proposal",
        "name_zh": "具身机器人无障碍街道",
        "name_en": "Accessible Robotics Street",
        "scenario_id": "LESSON-03",
        "area_sqm_declared": 8488.803,
        "text_bearing_program": true,
        "pilgrimage_landmark": false,
        "operator": "accessibility steward",
        "stop_rule_zh": "安全员可即时断电并恢复人工服务"
      },
      "geometry": {
        "type": "Polygon",
        "coordinates": [
          [
            [
              116.3487605,
              39.9596638
            ],
            [
              116.3487569,
              39.9596333
            ],
            [
              116.3487507,
              39.959603
            ],
            [
              116.348742,
              39.9595731
            ],
            [
              116.3487307,
              39.9595437
            ],
            [
              116.3487169,
              39.959515
            ],
            [
              116.3487008,
              39.959487
            ],
            [
              116.3486822,
              39.9594598
            ],
            [
              116.3486615,
              39.9594337
            ],
            [
              116.3486385,
              39.9594086
            ],
            [
              116.3486135,
              39.9593848
            ],
            [
              116.3485865,
              39.9593623
            ],
            [
              116.3485576,
              39.9593412
            ],
            [
              116.348527,
              39.9593216
            ],
            [
              116.3484948,
              39.9593035
            ],
            [
              116.3484611,
              39.9592872
            ],
            [
              116.3484261,
              39.9592725
            ],
            [
              116.34839,
              39.9592597
            ],
            [
              116.3483528,
              39.9592487
            ],
            [
              116.3483148,
              39.9592396
            ],
            [
              116.3482761,
              39.9592324
            ],
            [
              116.3482368,
              39.9592272
            ],
            [
              116.3481972,
              39.9592239
            ],
            [
              116.3481575,
              39.9592227
            ],
            [
              116.3481176,
              39.9592235
            ],
            [
              116.348078,
              39.9592263
            ],
            [
              116.3480386,
              39.959231
            ],
            [
              116.3479998,
              39.9592378
            ],
            [
              116.3479616,
              39.9592465
            ],
            [
              116.3479242,
              39.9592571
            ],
            [
              116.3478878,
              39.9592695
            ],
            [
              116.3478526,
              39.9592837
            ],
            [
              116.3478186,
              39.9592997
            ],
            [
              116.3477861,
              39.9593174
            ],
            [
              116.3477551,
              39.9593367
            ],
            [
              116.3477258,
              39.9593575
            ],
            [
              116.3476984,
              39.9593797
            ],
            [
              116.3476729,
              39.9594032
            ],
            [
              116.3476495,
              39.959428
            ],
            [
              116.3476282,
              39.9594539
            ],
            [
              116.3476092,
              39.9594808
            ],
            [
              116.3475925,
              39.9595086
            ],
            [
              116.3475782,
              39.9595372
            ],
            [
              116.3475663,
              39.9595665
            ],
            [
              116.347557,
              39.9595963
            ],
            [
              116.3475502,
              39.9596265
            ],
            [
              116.3475461,
              39.959657
            ],
            [
              116.3475445,
              39.9596876
            ],
            [
              116.3475455,
              39.9597182
            ],
            [
              116.3475491,
              39.9597487
            ],
            [
              116.3475553,
              39.959779
            ],
            [
              116.347564,
              39.9598089
            ],
            [
              116.3475753,
              39.9598383
            ],
            [
              116.3475891,
              39.9598671
            ],
            [
              116.3476053,
              39.9598951
            ],
            [
              116.3476238,
              39.9599222
            ],
            [
              116.3476445,
              39.9599483
            ],
            [
              116.3476675,
              39.9599734
            ],
            [
              116.3476925,
              39.9599972
            ],
            [
              116.3477196,
              39.9600197
            ],
            [
              116.3477484,
              39.9600408
            ],
            [
              116.347779,
              39.9600605
            ],
            [
              116.3478112,
              39.9600785
            ],
            [
              116.3478449,
              39.9600949
            ],
            [
              116.3478799,
              39.9601095
            ],
            [
              116.347916,
              39.9601224
            ],
            [
              116.3479532,
              39.9601334
            ],
            [
              116.3479912,
              39.9601425
            ],
            [
              116.3480299,
              39.9601496
            ],
            [
              116.3480692,
              39.9601549
            ],
            [
              116.3481088,
              39.9601581
            ],
            [
              116.3481486,
              39.9601593
            ],
            [
              116.3481884,
              39.9601585
            ],
            [
              116.348228,
              39.9601557
            ],
            [
              116.3482674,
              39.960151
            ],
            [
              116.3483062,
              39.9601442
            ],
            [
              116.3483444,
              39.9601356
            ],
            [
              116.3483818,
              39.960125
            ],
            [
              116.3484182,
              39.9601125
            ],
            [
              116.3484534,
              39.9600983
            ],
            [
              116.3484874,
              39.9600823
            ],
            [
              116.3485199,
              39.9600646
            ],
            [
              116.3485509,
              39.9600454
            ],
            [
              116.3485802,
              39.9600246
            ],
            [
              116.3486076,
              39.9600024
            ],
            [
              116.3486331,
              39.9599788
            ],
            [
              116.3486565,
              39.959954
            ],
            [
              116.3486778,
              39.9599281
            ],
            [
              116.3486968,
              39.9599012
            ],
            [
              116.3487135,
              39.9598734
            ],
            [
              116.3487278,
              39.9598448
            ],
            [
              116.3487397,
              39.9598155
            ],
            [
              116.348749,
              39.9597857
            ],
            [
              116.3487558,
              39.9597555
            ],
            [
              116.34876,
              39.9597251
            ],
            [
              116.3487616,
              39.9596944
            ],
            [
              116.3487605,
              39.9596638
            ]
          ]
        ]
      }
    },
    {
      "type": "Feature",
      "id": "PUBLIC-004",
      "properties": {
        "id": "PUBLIC-004",
        "layer": "PUBLIC_SPACE",
        "source_type": "agent_generated_design",
        "confidence": "medium",
        "geometry_role": "design_proposal",
        "name_zh": "城市AI互操作沙盒",
        "name_en": "Urban AI Interoperability Sandbox",
        "scenario_id": "LESSON-04",
        "area_sqm_declared": 8488.803,
        "text_bearing_program": true,
        "pilgrimage_landmark": true,
        "operator": "sandbox operator",
        "stop_rule_zh": "接口异常或责任边界不清即回滚"
      },
      "geometry": {
        "type": "Polygon",
        "coordinates": [
          [
            [
              116.3478753,
              39.9662309
            ],
            [
              116.3478717,
              39.9662004
            ],
            [
              116.3478655,
              39.9661701
            ],
            [
              116.3478567,
              39.9661403
            ],
            [
              116.3478455,
              39.9661109
            ],
            [
              116.3478317,
              39.9660821
            ],
            [
              116.3478155,
              39.9660541
            ],
            [
              116.347797,
              39.966027
            ],
            [
              116.3477762,
              39.9660008
            ],
            [
              116.3477533,
              39.9659758
            ],
            [
              116.3477282,
              39.965952
            ],
            [
              116.3477012,
              39.9659294
            ],
            [
              116.3476724,
              39.9659083
            ],
            [
              116.3476418,
              39.9658887
            ],
            [
              116.3476095,
              39.9658707
            ],
            [
              116.3475759,
              39.9658543
            ],
            [
              116.3475409,
              39.9658397
            ],
            [
              116.3475047,
              39.9658268
            ],
            [
              116.3474676,
              39.9658158
            ],
            [
              116.3474295,
              39.9658067
            ],
            [
              116.3473908,
              39.9657995
            ],
            [
              116.3473516,
              39.9657943
            ],
            [
              116.347312,
              39.9657911
            ],
            [
              116.3472722,
              39.9657899
            ],
            [
              116.3472324,
              39.9657906
            ],
            [
              116.3471927,
              39.9657934
            ],
            [
              116.3471534,
              39.9657982
            ],
            [
              116.3471145,
              39.9658049
            ],
            [
              116.3470763,
              39.9658136
            ],
            [
              116.3470389,
              39.9658242
            ],
            [
              116.3470025,
              39.9658366
            ],
            [
              116.3469673,
              39.9658509
            ],
            [
              116.3469333,
              39.9658669
            ],
            [
              116.3469008,
              39.9658845
            ],
            [
              116.3468698,
              39.9659038
            ],
            [
              116.3468405,
              39.9659246
            ],
            [
              116.3468131,
              39.9659468
            ],
            [
              116.3467876,
              39.9659703
            ],
            [
              116.3467642,
              39.9659951
            ],
            [
              116.3467429,
              39.966021
            ],
            [
              116.3467239,
              39.966048
            ],
            [
              116.3467072,
              39.9660758
            ],
            [
              116.3466929,
              39.9661044
            ],
            [
              116.346681,
              39.9661336
            ],
            [
              116.3466717,
              39.9661634
            ],
            [
              116.3466649,
              39.9661936
            ],
            [
              116.3466607,
              39.9662241
            ],
            [
              116.3466591,
              39.9662547
            ],
            [
              116.3466601,
              39.9662854
            ],
            [
              116.3466637,
              39.9663159
            ],
            [
              116.3466699,
              39.9663461
            ],
            [
              116.3466787,
              39.966376
            ],
            [
              116.34669,
              39.9664054
            ],
            [
              116.3467037,
              39.9664342
            ],
            [
              116.3467199,
              39.9664622
            ],
            [
              116.3467384,
              39.9664893
            ],
            [
              116.3467592,
              39.9665155
            ],
            [
              116.3467822,
              39.9665405
            ],
            [
              116.3468072,
              39.9665643
            ],
            [
              116.3468342,
              39.9665869
            ],
            [
              116.3468631,
              39.966608
            ],
            [
              116.3468937,
              39.9666276
            ],
            [
              116.3469259,
              39.9666456
            ],
            [
              116.3469596,
              39.966662
            ],
            [
              116.3469945,
              39.9666766
            ],
            [
              116.3470307,
              39.9666895
            ],
            [
              116.3470679,
              39.9667005
            ],
            [
              116.3471059,
              39.9667096
            ],
            [
              116.3471446,
              39.9667168
            ],
            [
              116.3471839,
              39.966722
            ],
            [
              116.3472235,
              39.9667252
            ],
            [
              116.3472633,
              39.9667264
            ],
            [
              116.3473031,
              39.9667257
            ],
            [
              116.3473427,
              39.9667229
            ],
            [
              116.3473821,
              39.9667181
            ],
            [
              116.3474209,
              39.9667114
            ],
            [
              116.3474591,
              39.9667027
            ],
            [
              116.3474965,
              39.9666921
            ],
            [
              116.3475329,
              39.9666797
            ],
            [
              116.3475682,
              39.9666654
            ],
            [
              116.3476021,
              39.9666494
            ],
            [
              116.3476347,
              39.9666318
            ],
            [
              116.3476657,
              39.9666125
            ],
            [
              116.3476949,
              39.9665917
            ],
            [
              116.3477224,
              39.9665695
            ],
            [
              116.3477479,
              39.9665459
            ],
            [
              116.3477713,
              39.9665212
            ],
            [
              116.3477926,
              39.9664953
            ],
            [
              116.3478116,
              39.9664683
            ],
            [
              116.3478283,
              39.9664405
            ],
            [
              116.3478426,
              39.9664119
            ],
            [
              116.3478544,
              39.9663827
            ],
            [
              116.3478638,
              39.9663529
            ],
            [
              116.3478705,
              39.9663227
            ],
            [
              116.3478747,
              39.9662922
            ],
            [
              116.3478763,
              39.9662616
            ],
            [
              116.3478753,
              39.9662309
            ]
          ]
        ]
      }
    },
    {
      "type": "Feature",
      "id": "PUBLIC-005",
      "properties": {
        "id": "PUBLIC-005",
        "layer": "PUBLIC_SPACE",
        "source_type": "agent_generated_design",
        "confidence": "medium",
        "geometry_role": "design_proposal",
        "name_zh": "公共服务导航台",
        "name_en": "Public Service Navigator",
        "scenario_id": "LESSON-05",
        "area_sqm_declared": 8488.803,
        "text_bearing_program": true,
        "pilgrimage_landmark": false,
        "operator": "public-service desk",
        "stop_rule_zh": "低置信度转人工窗口"
      },
      "geometry": {
        "type": "Polygon",
        "coordinates": [
          [
            [
              116.3471105,
              39.9728029
            ],
            [
              116.3471069,
              39.9727724
            ],
            [
              116.3471007,
              39.9727421
            ],
            [
              116.3470919,
              39.9727123
            ],
            [
              116.3470807,
              39.9726829
            ],
            [
              116.3470669,
              39.9726541
            ],
            [
              116.3470507,
              39.9726261
            ],
            [
              116.3470322,
              39.972599
            ],
            [
              116.3470114,
              39.9725728
            ],
            [
              116.3469885,
              39.9725478
            ],
            [
              116.3469634,
              39.972524
            ],
            [
              116.3469364,
              39.9725014
            ],
            [
              116.3469075,
              39.9724803
            ],
            [
              116.3468769,
              39.9724607
            ],
            [
              116.3468447,
              39.9724427
            ],
            [
              116.3468111,
              39.9724263
            ],
            [
              116.3467761,
              39.9724117
            ],
            [
              116.3467399,
              39.9723988
            ],
            [
              116.3467027,
              39.9723878
            ],
            [
              116.3466647,
              39.9723787
            ],
            [
              116.346626,
              39.9723715
            ],
            [
              116.3465867,
              39.9723663
            ],
            [
              116.3465471,
              39.9723631
            ],
            [
              116.3465073,
              39.9723618
            ],
            [
              116.3464675,
              39.9723626
            ],
            [
              116.3464278,
              39.9723654
            ],
            [
              116.3463885,
              39.9723702
            ],
            [
              116.3463496,
              39.9723769
            ],
            [
              116.3463114,
              39.9723856
            ],
            [
              116.3462741,
              39.9723962
            ],
            [
              116.3462377,
              39.9724086
            ],
            [
              116.3462024,
              39.9724229
            ],
            [
              116.3461684,
              39.9724389
            ],
            [
              116.3461359,
              39.9724565
            ],
            [
              116.3461049,
              39.9724758
            ],
            [
              116.3460756,
              39.9724966
            ],
            [
              116.3460482,
              39.9725188
            ],
            [
              116.3460227,
              39.9725423
            ],
            [
              116.3459993,
              39.9725671
            ],
            [
              116.345978,
              39.972593
            ],
            [
              116.3459589,
              39.9726199
            ],
            [
              116.3459422,
              39.9726478
            ],
            [
              116.3459279,
              39.9726764
            ],
            [
              116.3459161,
              39.9727056
            ],
            [
              116.3459068,
              39.9727354
            ],
            [
              116.3459,
              39.9727656
            ],
            [
              116.3458958,
              39.9727961
            ],
            [
              116.3458942,
              39.9728267
            ],
            [
              116.3458952,
              39.9728573
            ],
            [
              116.3458988,
              39.9728879
            ],
            [
              116.345905,
              39.9729181
            ],
            [
              116.3459138,
              39.972948
            ],
            [
              116.3459251,
              39.9729774
            ],
            [
              116.3459388,
              39.9730062
            ],
            [
              116.345955,
              39.9730342
            ],
            [
              116.3459735,
              39.9730613
            ],
            [
              116.3459943,
              39.9730875
            ],
            [
              116.3460173,
              39.9731125
            ],
            [
              116.3460423,
              39.9731363
            ],
            [
              116.3460693,
              39.9731588
            ],
            [
              116.3460982,
              39.97318
            ],
            [
              116.3461288,
              39.9731996
            ],
            [
              116.346161,
              39.9732176
            ],
            [
              116.3461947,
              39.973234
            ],
            [
              116.3462297,
              39.9732486
            ],
            [
              116.3462658,
              39.9732615
            ],
            [
              116.346303,
              39.9732725
            ],
            [
              116.346341,
              39.9732816
            ],
            [
              116.3463797,
              39.9732888
            ],
            [
              116.346419,
              39.973294
            ],
            [
              116.3464586,
              39.9732972
            ],
            [
              116.3464984,
              39.9732984
            ],
            [
              116.3465382,
              39.9732977
            ],
            [
              116.3465779,
              39.9732949
            ],
            [
              116.3466172,
              39.9732901
            ],
            [
              116.3466561,
              39.9732834
            ],
            [
              116.3466943,
              39.9732747
            ],
            [
              116.3467317,
              39.9732641
            ],
            [
              116.3467681,
              39.9732517
            ],
            [
              116.3468033,
              39.9732374
            ],
            [
              116.3468373,
              39.9732214
            ],
            [
              116.3468699,
              39.9732038
            ],
            [
              116.3469008,
              39.9731845
            ],
            [
              116.3469301,
              39.9731637
            ],
            [
              116.3469575,
              39.9731415
            ],
            [
              116.346983,
              39.9731179
            ],
            [
              116.3470065,
              39.9730932
            ],
            [
              116.3470278,
              39.9730673
            ],
            [
              116.3470468,
              39.9730403
            ],
            [
              116.3470635,
              39.9730125
            ],
            [
              116.3470778,
              39.9729839
            ],
            [
              116.3470896,
              39.9729547
            ],
            [
              116.347099,
              39.9729249
            ],
            [
              116.3471057,
              39.9728947
            ],
            [
              116.3471099,
              39.9728642
            ],
            [
              116.3471115,
              39.9728336
            ],
            [
              116.3471105,
              39.9728029
            ]
          ]
        ]
      }
    },
    {
      "type": "Feature",
      "id": "PUBLIC-006",
      "properties": {
        "id": "PUBLIC-006",
        "layer": "PUBLIC_SPACE",
        "source_type": "agent_generated_design",
        "confidence": "medium",
        "geometry_role": "design_proposal",
        "name_zh": "健康服务分诊向导",
        "name_en": "Health Service Wayfinding",
        "scenario_id": "LESSON-06",
        "area_sqm_declared": 18132.887,
        "text_bearing_program": true,
        "pilgrimage_landmark": false,
        "operator": "health-service partner",
        "stop_rule_zh": "风险症状直接引导线下专业服务"
      },
      "geometry": {
        "type": "Polygon",
        "coordinates": [
          [
            [
              116.3474242,
              39.9793865
            ],
            [
              116.3474189,
              39.9793419
            ],
            [
              116.3474099,
              39.9792977
            ],
            [
              116.3473971,
              39.979254
            ],
            [
              116.3473806,
              39.979211
            ],
            [
              116.3473605,
              39.979169
            ],
            [
              116.3473368,
              39.979128
            ],
            [
              116.3473098,
              39.9790884
            ],
            [
              116.3472794,
              39.9790502
            ],
            [
              116.3472458,
              39.9790136
            ],
            [
              116.3472092,
              39.9789788
            ],
            [
              116.3471697,
              39.9789458
            ],
            [
              116.3471275,
              39.978915
            ],
            [
              116.3470828,
              39.9788863
            ],
            [
              116.3470357,
              39.97886
            ],
            [
              116.3469865,
              39.978836
            ],
            [
              116.3469354,
              39.9788146
            ],
            [
              116.3468825,
              39.9787959
            ],
            [
              116.3468282,
              39.9787798
            ],
            [
              116.3467726,
              39.9787665
            ],
            [
              116.346716,
              39.978756
            ],
            [
              116.3466586,
              39.9787483
            ],
            [
              116.3466007,
              39.9787436
            ],
            [
              116.3465425,
              39.9787418
            ],
            [
              116.3464843,
              39.978743
            ],
            [
              116.3464264,
              39.978747
            ],
            [
              116.3463689,
              39.978754
            ],
            [
              116.3463121,
              39.9787639
            ],
            [
              116.3462562,
              39.9787765
            ],
            [
              116.3462016,
              39.978792
            ],
            [
              116.3461484,
              39.9788102
            ],
            [
              116.3460968,
              39.978831
            ],
            [
              116.3460472,
              39.9788544
            ],
            [
              116.3459996,
              39.9788802
            ],
            [
              116.3459543,
              39.9789084
            ],
            [
              116.3459115,
              39.9789388
            ],
            [
              116.3458714,
              39.9789712
            ],
            [
              116.3458342,
              39.9790056
            ],
            [
              116.3457999,
              39.9790418
            ],
            [
              116.3457688,
              39.9790797
            ],
            [
              116.345741,
              39.9791191
            ],
            [
              116.3457166,
              39.9791597
            ],
            [
              116.3456957,
              39.9792015
            ],
            [
              116.3456784,
              39.9792443
            ],
            [
              116.3456647,
              39.9792878
            ],
            [
              116.3456548,
              39.979332
            ],
            [
              116.3456487,
              39.9793765
            ],
            [
              116.3456464,
              39.9794212
            ],
            [
              116.3456478,
              39.979466
            ],
            [
              116.3456531,
              39.9795106
            ],
            [
              116.3456622,
              39.9795549
            ],
            [
              116.345675,
              39.9795986
            ],
            [
              116.3456915,
              39.9796415
            ],
            [
              116.3457116,
              39.9796836
            ],
            [
              116.3457352,
              39.9797245
            ],
            [
              116.3457623,
              39.9797641
            ],
            [
              116.3457927,
              39.9798023
            ],
            [
              116.3458262,
              39.9798389
            ],
            [
              116.3458628,
              39.9798738
            ],
            [
              116.3459023,
              39.9799067
            ],
            [
              116.3459445,
              39.9799375
            ],
            [
              116.3459893,
              39.9799662
            ],
            [
              116.3460363,
              39.9799926
            ],
            [
              116.3460855,
              39.9800165
            ],
            [
              116.3461367,
              39.9800379
            ],
            [
              116.3461895,
              39.9800567
            ],
            [
              116.3462439,
              39.9800728
            ],
            [
              116.3462995,
              39.9800861
            ],
            [
              116.3463561,
              39.9800966
            ],
            [
              116.3464134,
              39.9801042
            ],
            [
              116.3464713,
              39.9801089
            ],
            [
              116.3465295,
              39.9801107
            ],
            [
              116.3465877,
              39.9801096
            ],
            [
              116.3466457,
              39.9801055
            ],
            [
              116.3467032,
              39.9800985
            ],
            [
              116.34676,
              39.9800887
            ],
            [
              116.3468158,
              39.980076
            ],
            [
              116.3468705,
              39.9800605
            ],
            [
              116.3469237,
              39.9800423
            ],
            [
              116.3469752,
              39.9800215
            ],
            [
              116.3470249,
              39.9799981
            ],
            [
              116.3470725,
              39.9799723
            ],
            [
              116.3471177,
              39.9799442
            ],
            [
              116.3471605,
              39.9799138
            ],
            [
              116.3472006,
              39.9798813
            ],
            [
              116.3472379,
              39.9798469
            ],
            [
              116.3472721,
              39.9798107
            ],
            [
              116.3473032,
              39.9797728
            ],
            [
              116.3473311,
              39.9797335
            ],
            [
              116.3473555,
              39.9796928
            ],
            [
              116.3473764,
              39.979651
            ],
            [
              116.3473937,
              39.9796083
            ],
            [
              116.3474073,
              39.9795647
            ],
            [
              116.3474172,
              39.9795206
            ],
            [
              116.3474234,
              39.979476
            ],
            [
              116.3474257,
              39.9794313
            ],
            [
              116.3474242,
              39.9793865
            ]
          ]
        ]
      }
    },
    {
      "type": "Feature",
      "id": "PUBLIC-007",
      "properties": {
        "id": "PUBLIC-007",
        "layer": "PUBLIC_SPACE",
        "source_type": "agent_generated_design",
        "confidence": "medium",
        "geometry_role": "design_proposal",
        "name_zh": "AI学习教练工坊",
        "name_en": "AI Learning Coach Workshop",
        "scenario_id": "LESSON-07",
        "area_sqm_declared": 8488.803,
        "text_bearing_program": true,
        "pilgrimage_landmark": false,
        "operator": "education partner",
        "stop_rule_zh": "教师拥有内容与成绩最终决定权"
      },
      "geometry": {
        "type": "Polygon",
        "coordinates": [
          [
            [
              116.3477086,
              39.985987
            ],
            [
              116.347705,
              39.9859565
            ],
            [
              116.3476988,
              39.9859262
            ],
            [
              116.34769,
              39.9858963
            ],
            [
              116.3476788,
              39.9858669
            ],
            [
              116.347665,
              39.9858381
            ],
            [
              116.3476488,
              39.9858101
            ],
            [
              116.3476303,
              39.985783
            ],
            [
              116.3476095,
              39.9857569
            ],
            [
              116.3475865,
              39.9857318
            ],
            [
              116.3475615,
              39.985708
            ],
            [
              116.3475345,
              39.9856855
            ],
            [
              116.3475056,
              39.9856644
            ],
            [
              116.347475,
              39.9856447
            ],
            [
              116.3474428,
              39.9856267
            ],
            [
              116.3474091,
              39.9856103
            ],
            [
              116.3473741,
              39.9855957
            ],
            [
              116.3473379,
              39.9855828
            ],
            [
              116.3473008,
              39.9855718
            ],
            [
              116.3472627,
              39.9855627
            ],
            [
              116.347224,
              39.9855556
            ],
            [
              116.3471847,
              39.9855503
            ],
            [
              116.3471451,
              39.9855471
            ],
            [
              116.3471053,
              39.9855459
            ],
            [
              116.3470655,
              39.9855467
            ],
            [
              116.3470258,
              39.9855494
            ],
            [
              116.3469865,
              39.9855542
            ],
            [
              116.3469476,
              39.985561
            ],
            [
              116.3469094,
              39.9855696
            ],
            [
              116.346872,
              39.9855802
            ],
            [
              116.3468356,
              39.9855927
            ],
            [
              116.3468003,
              39.9856069
            ],
            [
              116.3467663,
              39.9856229
            ],
            [
              116.3467338,
              39.9856406
            ],
            [
              116.3467028,
              39.9856598
            ],
            [
              116.3466735,
              39.9856806
            ],
            [
              116.3466461,
              39.9857028
            ],
            [
              116.3466206,
              39.9857264
            ],
            [
              116.3465971,
              39.9857512
            ],
            [
              116.3465759,
              39.9857771
            ],
            [
              116.3465568,
              39.985804
            ],
            [
              116.3465401,
              39.9858318
            ],
            [
              116.3465258,
              39.9858604
            ],
            [
              116.346514,
              39.9858897
            ],
            [
              116.3465046,
              39.9859195
            ],
            [
              116.3464979,
              39.9859497
            ],
            [
              116.3464937,
              39.9859801
            ],
            [
              116.3464921,
              39.9860108
            ],
            [
              116.3464931,
              39.9860414
            ],
            [
              116.3464967,
              39.9860719
            ],
            [
              116.3465029,
              39.9861022
            ],
            [
              116.3465117,
              39.9861321
            ],
            [
              116.3465229,
              39.9861615
            ],
            [
              116.3465367,
              39.9861902
            ],
            [
              116.3465529,
              39.9862182
            ],
            [
              116.3465714,
              39.9862454
            ],
            [
              116.3465922,
              39.9862715
            ],
            [
              116.3466152,
              39.9862965
            ],
            [
              116.3466402,
              39.9863204
            ],
            [
              116.3466672,
              39.9863429
            ],
            [
              116.3466961,
              39.986364
            ],
            [
              116.3467267,
              39.9863836
            ],
            [
              116.3467589,
              39.9864016
            ],
            [
              116.3467926,
              39.986418
            ],
            [
              116.3468276,
              39.9864327
            ],
            [
              116.3468638,
              39.9864455
            ],
            [
              116.3469009,
              39.9864565
            ],
            [
              116.346939,
              39.9864656
            ],
            [
              116.3469777,
              39.9864728
            ],
            [
              116.347017,
              39.986478
            ],
            [
              116.3470566,
              39.9864812
            ],
            [
              116.3470964,
              39.9864825
            ],
            [
              116.3471362,
              39.9864817
            ],
            [
              116.3471759,
              39.9864789
            ],
            [
              116.3472152,
              39.9864741
            ],
            [
              116.3472541,
              39.9864674
            ],
            [
              116.3472923,
              39.9864587
            ],
            [
              116.3473297,
              39.9864481
            ],
            [
              116.3473661,
              39.9864357
            ],
            [
              116.3474014,
              39.9864215
            ],
            [
              116.3474354,
              39.9864055
            ],
            [
              116.3474679,
              39.9863878
            ],
            [
              116.3474989,
              39.9863685
            ],
            [
              116.3475282,
              39.9863477
            ],
            [
              116.3475556,
              39.9863255
            ],
            [
              116.3475811,
              39.986302
            ],
            [
              116.3476046,
              39.9862772
            ],
            [
              116.3476258,
              39.9862513
            ],
            [
              116.3476449,
              39.9862244
            ],
            [
              116.3476616,
              39.9861966
            ],
            [
              116.3476759,
              39.986168
            ],
            [
              116.3476877,
              39.9861387
            ],
            [
              116.3476971,
              39.9861089
            ],
            [
              116.3477038,
              39.9860787
            ],
            [
              116.347708,
              39.9860482
            ],
            [
              116.3477096,
              39.9860176
            ],
            [
              116.3477086,
              39.985987
            ]
          ]
        ]
      }
    },
    {
      "type": "Feature",
      "id": "PUBLIC-008",
      "properties": {
        "id": "PUBLIC-008",
        "layer": "PUBLIC_SPACE",
        "source_type": "agent_generated_design",
        "confidence": "medium",
        "geometry_role": "design_proposal",
        "name_zh": "百年京张文化向导",
        "name_en": "Centennial Jing-Zhang Guide",
        "scenario_id": "LESSON-08",
        "area_sqm_declared": 8488.803,
        "text_bearing_program": true,
        "pilgrimage_landmark": true,
        "operator": "heritage curator",
        "stop_rule_zh": "来源冲突时并列展示并标注不确定性"
      },
      "geometry": {
        "type": "Polygon",
        "coordinates": [
          [
            [
              116.3483527,
              39.9925707
            ],
            [
              116.3483491,
              39.9925402
            ],
            [
              116.3483429,
              39.9925099
            ],
            [
              116.3483342,
              39.99248
            ],
            [
              116.3483229,
              39.9924506
            ],
            [
              116.3483091,
              39.9924219
            ],
            [
              116.3482929,
              39.9923939
            ],
            [
              116.3482744,
              39.9923667
            ],
            [
              116.3482536,
              39.9923406
            ],
            [
              116.3482306,
              39.9923156
            ],
            [
              116.3482056,
              39.9922917
            ],
            [
              116.3481786,
              39.9922692
            ],
            [
              116.3481497,
              39.9922481
            ],
            [
              116.3481191,
              39.9922285
            ],
            [
              116.3480869,
              39.9922105
            ],
            [
              116.3480532,
              39.9921941
            ],
            [
              116.3480182,
              39.9921794
            ],
            [
              116.347982,
              39.9921666
            ],
            [
              116.3479448,
              39.9921556
            ],
            [
              116.3479068,
              39.9921465
            ],
            [
              116.3478681,
              39.9921393
            ],
            [
              116.3478288,
              39.9921341
            ],
            [
              116.3477892,
              39.9921309
            ],
            [
              116.3477494,
              39.9921296
            ],
            [
              116.3477095,
              39.9921304
            ],
            [
              116.3476699,
              39.9921332
            ],
            [
              116.3476305,
              39.992138
            ],
            [
              116.3475916,
              39.9921447
            ],
            [
              116.3475534,
              39.9921534
            ],
            [
              116.347516,
              39.992164
            ],
            [
              116.3474796,
              39.9921764
            ],
            [
              116.3474443,
              39.9921907
            ],
            [
              116.3474104,
              39.9922067
            ],
            [
              116.3473778,
              39.9922243
            ],
            [
              116.3473468,
              39.9922436
            ],
            [
              116.3473175,
              39.9922644
            ],
            [
              116.3472901,
              39.9922866
            ],
            [
              116.3472646,
              39.9923101
            ],
            [
              116.3472412,
              39.9923349
            ],
            [
              116.3472199,
              39.9923608
            ],
            [
              116.3472008,
              39.9923877
            ],
            [
              116.3471841,
              39.9924156
            ],
            [
              116.3471698,
              39.9924442
            ],
            [
              116.347158,
              39.9924734
            ],
            [
              116.3471486,
              39.9925032
            ],
            [
              116.3471419,
              39.9925334
            ],
            [
              116.3471377,
              39.9925639
            ],
            [
              116.3471361,
              39.9925945
            ],
            [
              116.3471371,
              39.9926251
            ],
            [
              116.3471407,
              39.9926557
            ],
            [
              116.3471469,
              39.9926859
            ],
            [
              116.3471557,
              39.9927158
            ],
            [
              116.3471669,
              39.9927452
            ],
            [
              116.3471807,
              39.992774
            ],
            [
              116.3471969,
              39.992802
            ],
            [
              116.3472154,
              39.9928291
            ],
            [
              116.3472362,
              39.9928552
            ],
            [
              116.3472592,
              39.9928803
            ],
            [
              116.3472842,
              39.9929041
            ],
            [
              116.3473112,
              39.9929266
            ],
            [
              116.3473401,
              39.9929477
            ],
            [
              116.3473707,
              39.9929674
            ],
            [
              116.347403,
              39.9929854
            ],
            [
              116.3474366,
              39.9930018
            ],
            [
              116.3474716,
              39.9930164
            ],
            [
              116.3475078,
              39.9930293
            ],
            [
              116.347545,
              39.9930403
            ],
            [
              116.347583,
              39.9930494
            ],
            [
              116.3476218,
              39.9930566
            ],
            [
              116.347661,
              39.9930618
            ],
            [
              116.3477006,
              39.993065
            ],
            [
              116.3477405,
              39.9930662
            ],
            [
              116.3477803,
              39.9930654
            ],
            [
              116.34782,
              39.9930627
            ],
            [
              116.3478593,
              39.9930579
            ],
            [
              116.3478982,
              39.9930511
            ],
            [
              116.3479364,
              39.9930425
            ],
            [
              116.3479738,
              39.9930319
            ],
            [
              116.3480102,
              39.9930194
            ],
            [
              116.3480455,
              39.9930052
            ],
            [
              116.3480795,
              39.9929892
            ],
            [
              116.348112,
              39.9929715
            ],
            [
              116.348143,
              39.9929523
            ],
            [
              116.3481723,
              39.9929315
            ],
            [
              116.3481997,
              39.9929093
            ],
            [
              116.3482252,
              39.9928857
            ],
            [
              116.3482487,
              39.9928609
            ],
            [
              116.34827,
              39.992835
            ],
            [
              116.348289,
              39.9928081
            ],
            [
              116.3483057,
              39.9927803
            ],
            [
              116.34832,
              39.9927517
            ],
            [
              116.3483318,
              39.9927224
            ],
            [
              116.3483412,
              39.9926926
            ],
            [
              116.348348,
              39.9926624
            ],
            [
              116.3483522,
              39.992632
            ],
            [
              116.3483537,
              39.9926014
            ],
            [
              116.3483527,
              39.9925707
            ]
          ]
        ]
      }
    },
    {
      "type": "Feature",
      "id": "PUBLIC-009",
      "properties": {
        "id": "PUBLIC-009",
        "layer": "PUBLIC_SPACE",
        "source_type": "agent_generated_design",
        "confidence": "medium",
        "geometry_role": "design_proposal",
        "name_zh": "步行与骑行可达审计",
        "name_en": "Walkability and Cycling Audit",
        "scenario_id": "LESSON-09",
        "area_sqm_declared": 8488.803,
        "text_bearing_program": true,
        "pilgrimage_landmark": false,
        "operator": "mobility steward",
        "stop_rule_zh": "未通过无障碍复核不得发布排名"
      },
      "geometry": {
        "type": "Polygon",
        "coordinates": [
          [
            [
              116.3487123,
              39.9991658
            ],
            [
              116.3487087,
              39.9991353
            ],
            [
              116.3487024,
              39.999105
            ],
            [
              116.3486937,
              39.9990751
            ],
            [
              116.3486824,
              39.9990457
            ],
            [
              116.3486686,
              39.999017
            ],
            [
              116.3486525,
              39.998989
            ],
            [
              116.3486339,
              39.9989618
            ],
            [
              116.3486131,
              39.9989357
            ],
            [
              116.3485902,
              39.9989107
            ],
            [
              116.3485651,
              39.9988868
            ],
            [
              116.3485381,
              39.9988643
            ],
            [
              116.3485092,
              39.9988432
            ],
            [
              116.3484786,
              39.9988236
            ],
            [
              116.3484464,
              39.9988055
            ],
            [
              116.3484127,
              39.9987892
            ],
            [
              116.3483777,
              39.9987745
            ],
            [
              116.3483415,
              39.9987617
            ],
            [
              116.3483043,
              39.9987507
            ],
            [
              116.3482663,
              39.9987416
            ],
            [
              116.3482275,
              39.9987344
            ],
            [
              116.3481883,
              39.9987292
            ],
            [
              116.3481487,
              39.9987259
            ],
            [
              116.3481088,
              39.9987247
            ],
            [
              116.348069,
              39.9987255
            ],
            [
              116.3480293,
              39.9987283
            ],
            [
              116.34799,
              39.9987331
            ],
            [
              116.3479511,
              39.9987398
            ],
            [
              116.3479129,
              39.9987485
            ],
            [
              116.3478755,
              39.9987591
            ],
            [
              116.3478391,
              39.9987715
            ],
            [
              116.3478038,
              39.9987857
            ],
            [
              116.3477698,
              39.9988017
            ],
            [
              116.3477372,
              39.9988194
            ],
            [
              116.3477063,
              39.9988387
            ],
            [
              116.347677,
              39.9988595
            ],
            [
              116.3476495,
              39.9988817
            ],
            [
              116.347624,
              39.9989052
            ],
            [
              116.3476006,
              39.99893
            ],
            [
              116.3475793,
              39.9989559
            ],
            [
              116.3475603,
              39.9989828
            ],
            [
              116.3475435,
              39.9990106
            ],
            [
              116.3475292,
              39.9990392
            ],
            [
              116.3475174,
              39.9990685
            ],
            [
              116.3475081,
              39.9990983
            ],
            [
              116.3475013,
              39.9991285
            ],
            [
              116.3474971,
              39.999159
            ],
            [
              116.3474955,
              39.9991896
            ],
            [
              116.3474965,
              39.9992202
            ],
            [
              116.3475001,
              39.9992507
            ],
            [
              116.3475063,
              39.999281
            ],
            [
              116.3475151,
              39.9993109
            ],
            [
              116.3475264,
              39.9993403
            ],
            [
              116.3475401,
              39.9993691
            ],
            [
              116.3475563,
              39.9993971
            ],
            [
              116.3475748,
              39.9994242
            ],
            [
              116.3475956,
              39.9994503
            ],
            [
              116.3476186,
              39.9994754
            ],
            [
              116.3476437,
              39.9994992
            ],
            [
              116.3476707,
              39.9995217
            ],
            [
              116.3476996,
              39.9995428
            ],
            [
              116.3477302,
              39.9995624
            ],
            [
              116.3477624,
              39.9995805
            ],
            [
              116.3477961,
              39.9995969
            ],
            [
              116.3478311,
              39.9996115
            ],
            [
              116.3478673,
              39.9996243
            ],
            [
              116.3479044,
              39.9996354
            ],
            [
              116.3479425,
              39.9996445
            ],
            [
              116.3479812,
              39.9996516
            ],
            [
              116.3480205,
              39.9996569
            ],
            [
              116.3480601,
              39.9996601
            ],
            [
              116.3480999,
              39.9996613
            ],
            [
              116.3481398,
              39.9996605
            ],
            [
              116.3481794,
              39.9996577
            ],
            [
              116.3482188,
              39.999653
            ],
            [
              116.3482577,
              39.9996462
            ],
            [
              116.3482959,
              39.9996376
            ],
            [
              116.3483333,
              39.999627
            ],
            [
              116.3483697,
              39.9996145
            ],
            [
              116.348405,
              39.9996003
            ],
            [
              116.348439,
              39.9995843
            ],
            [
              116.3484715,
              39.9995666
            ],
            [
              116.3485025,
              39.9995474
            ],
            [
              116.3485318,
              39.9995266
            ],
            [
              116.3485592,
              39.9995044
            ],
            [
              116.3485847,
              39.9994808
            ],
            [
              116.3486082,
              39.999456
            ],
            [
              116.3486295,
              39.9994301
            ],
            [
              116.3486485,
              39.9994032
            ],
            [
              116.3486652,
              39.9993754
            ],
            [
              116.3486795,
              39.9993468
            ],
            [
              116.3486914,
              39.9993175
            ],
            [
              116.3487007,
              39.9992877
            ],
            [
              116.3487075,
              39.9992575
            ],
            [
              116.3487117,
              39.9992271
            ],
            [
              116.3487133,
              39.9991964
            ],
            [
              116.3487123,
              39.9991658
            ]
          ]
        ]
      }
    },
    {
      "type": "Feature",
      "id": "PUBLIC-010",
      "properties": {
        "id": "PUBLIC-010",
        "layer": "PUBLIC_SPACE",
        "source_type": "agent_generated_design",
        "confidence": "medium",
        "geometry_role": "design_proposal",
        "name_zh": "企业服务协作台",
        "name_en": "Enterprise Service Copilot",
        "scenario_id": "LESSON-10",
        "area_sqm_declared": 8488.803,
        "text_bearing_program": true,
        "pilgrimage_landmark": false,
        "operator": "enterprise service office",
        "stop_rule_zh": "涉及权利义务的结论必须人工复核"
      },
      "geometry": {
        "type": "Polygon",
        "coordinates": [
          [
            [
              116.3486038,
              40.0057666
            ],
            [
              116.3486002,
              40.0057361
            ],
            [
              116.348594,
              40.0057058
            ],
            [
              116.3485852,
              40.0056759
            ],
            [
              116.3485739,
              40.0056465
            ],
            [
              116.3485602,
              40.0056178
            ],
            [
              116.348544,
              40.0055898
            ],
            [
              116.3485255,
              40.0055626
            ],
            [
              116.3485047,
              40.0055365
            ],
            [
              116.3484817,
              40.0055115
            ],
            [
              116.3484566,
              40.0054876
            ],
            [
              116.3484296,
              40.0054651
            ],
            [
              116.3484007,
              40.005444
            ],
            [
              116.3483701,
              40.0054244
            ],
            [
              116.3483379,
              40.0054063
            ],
            [
              116.3483042,
              40.00539
            ],
            [
              116.3482692,
              40.0053753
            ],
            [
              116.348233,
              40.0053625
            ],
            [
              116.3481958,
              40.0053515
            ],
            [
              116.3481578,
              40.0053424
            ],
            [
              116.348119,
              40.0053352
            ],
            [
              116.3480798,
              40.00533
            ],
            [
              116.3480401,
              40.0053267
            ],
            [
              116.3480003,
              40.0053255
            ],
            [
              116.3479605,
              40.0053263
            ],
            [
              116.3479208,
              40.0053291
            ],
            [
              116.3478814,
              40.0053339
            ],
            [
              116.3478426,
              40.0053406
            ],
            [
              116.3478043,
              40.0053493
            ],
            [
              116.3477669,
              40.0053599
            ],
            [
              116.3477305,
              40.0053723
            ],
            [
              116.3476952,
              40.0053865
            ],
            [
              116.3476613,
              40.0054025
            ],
            [
              116.3476287,
              40.0054202
            ],
            [
              116.3475977,
              40.0054395
            ],
            [
              116.3475684,
              40.0054603
            ],
            [
              116.347541,
              40.0054825
            ],
            [
              116.3475155,
              40.005506
            ],
            [
              116.347492,
              40.0055308
            ],
            [
              116.3474707,
              40.0055567
            ],
            [
              116.3474517,
              40.0055836
            ],
            [
              116.347435,
              40.0056114
            ],
            [
              116.3474207,
              40.00564
            ],
            [
              116.3474088,
              40.0056693
            ],
            [
              116.3473995,
              40.0056991
            ],
            [
              116.3473927,
              40.0057293
            ],
            [
              116.3473885,
              40.0057598
            ],
            [
              116.3473869,
              40.0057904
            ],
            [
              116.3473879,
              40.005821
            ],
            [
              116.3473915,
              40.0058515
            ],
            [
              116.3473977,
              40.0058818
            ],
            [
              116.3474065,
              40.0059117
            ],
            [
              116.3474178,
              40.0059411
            ],
            [
              116.3474316,
              40.0059699
            ],
            [
              116.3474477,
              40.0059979
            ],
            [
              116.3474663,
              40.006025
            ],
            [
              116.3474871,
              40.0060511
            ],
            [
              116.34751,
              40.0060762
            ],
            [
              116.3475351,
              40.0061
            ],
            [
              116.3475621,
              40.0061225
            ],
            [
              116.347591,
              40.0061436
            ],
            [
              116.3476216,
              40.0061632
            ],
            [
              116.3476538,
              40.0061813
            ],
            [
              116.3476875,
              40.0061977
            ],
            [
              116.3477225,
              40.0062123
            ],
            [
              116.3477587,
              40.0062251
            ],
            [
              116.3477959,
              40.0062362
            ],
            [
              116.347834,
              40.0062453
            ],
            [
              116.3478727,
              40.0062524
            ],
            [
              116.347912,
              40.0062577
            ],
            [
              116.3479516,
              40.0062609
            ],
            [
              116.3479914,
              40.0062621
            ],
            [
              116.3480312,
              40.0062613
            ],
            [
              116.3480709,
              40.0062585
            ],
            [
              116.3481103,
              40.0062538
            ],
            [
              116.3481492,
              40.006247
            ],
            [
              116.3481874,
              40.0062384
            ],
            [
              116.3482248,
              40.0062278
            ],
            [
              116.3482612,
              40.0062153
            ],
            [
              116.3482965,
              40.0062011
            ],
            [
              116.3483305,
              40.0061851
            ],
            [
              116.348363,
              40.0061674
            ],
            [
              116.348394,
              40.0061482
            ],
            [
              116.3484233,
              40.0061274
            ],
            [
              116.3484508,
              40.0061052
            ],
            [
              116.3484763,
              40.0060816
            ],
            [
              116.3484997,
              40.0060568
            ],
            [
              116.348521,
              40.0060309
            ],
            [
              116.3485401,
              40.006004
            ],
            [
              116.3485568,
              40.0059762
            ],
            [
              116.3485711,
              40.0059476
            ],
            [
              116.3485829,
              40.0059183
            ],
            [
              116.3485923,
              40.0058885
            ],
            [
              116.348599,
              40.0058583
            ],
            [
              116.3486032,
              40.0058279
            ],
            [
              116.3486048,
              40.0057972
            ],
            [
              116.3486038,
              40.0057666
            ]
          ]
        ]
      }
    },
    {
      "type": "Feature",
      "id": "PUBLIC-011",
      "properties": {
        "id": "PUBLIC-011",
        "layer": "PUBLIC_SPACE",
        "source_type": "agent_generated_design",
        "confidence": "medium",
        "geometry_role": "design_proposal",
        "name_zh": "多语开源贡献索引",
        "name_en": "Multilingual Open Contribution Index",
        "scenario_id": "LESSON-11",
        "area_sqm_declared": 8488.803,
        "text_bearing_program": true,
        "pilgrimage_landmark": true,
        "operator": "open-source council",
        "stop_rule_zh": "许可不清或身份争议时下架待审"
      },
      "geometry": {
        "type": "Polygon",
        "coordinates": [
          [
            [
              116.3483757,
              40.0123661
            ],
            [
              116.3483721,
              40.0123356
            ],
            [
              116.3483659,
              40.0123053
            ],
            [
              116.3483571,
              40.0122755
            ],
            [
              116.3483458,
              40.0122461
            ],
            [
              116.348332,
              40.0122173
            ],
            [
              116.3483159,
              40.0121893
            ],
            [
              116.3482973,
              40.0121622
            ],
            [
              116.3482765,
              40.012136
            ],
            [
              116.3482536,
              40.012111
            ],
            [
              116.3482285,
              40.0120872
            ],
            [
              116.3482015,
              40.0120646
            ],
            [
              116.3481726,
              40.0120435
            ],
            [
              116.348142,
              40.0120239
            ],
            [
              116.3481097,
              40.0120059
            ],
            [
              116.348076,
              40.0119895
            ],
            [
              116.348041,
              40.0119749
            ],
            [
              116.3480049,
              40.011962
            ],
            [
              116.3479677,
              40.011951
            ],
            [
              116.3479296,
              40.0119419
            ],
            [
              116.3478909,
              40.0119347
            ],
            [
              116.3478516,
              40.0119295
            ],
            [
              116.347812,
              40.0119263
            ],
            [
              116.3477721,
              40.0119251
            ],
            [
              116.3477323,
              40.0119258
            ],
            [
              116.3476926,
              40.0119286
            ],
            [
              116.3476532,
              40.0119334
            ],
            [
              116.3476144,
              40.0119401
            ],
            [
              116.3475761,
              40.0119488
            ],
            [
              116.3475387,
              40.0119594
            ],
            [
              116.3475023,
              40.0119718
            ],
            [
              116.347467,
              40.0119861
            ],
            [
              116.347433,
              40.0120021
            ],
            [
              116.3474005,
              40.0120197
            ],
            [
              116.3473695,
              40.012039
            ],
            [
              116.3473402,
              40.0120598
            ],
            [
              116.3473127,
              40.012082
            ],
            [
              116.3472872,
              40.0121055
            ],
            [
              116.3472638,
              40.0121303
            ],
            [
              116.3472425,
              40.0121562
            ],
            [
              116.3472234,
              40.0121832
            ],
            [
              116.3472067,
              40.012211
            ],
            [
              116.3471924,
              40.0122396
            ],
            [
              116.3471806,
              40.0122688
            ],
            [
              116.3471712,
              40.0122986
            ],
            [
              116.3471645,
              40.0123288
            ],
            [
              116.3471603,
              40.0123593
            ],
            [
              116.3471587,
              40.0123899
            ],
            [
              116.3471597,
              40.0124206
            ],
            [
              116.3471633,
              40.0124511
            ],
            [
              116.3471695,
              40.0124813
            ],
            [
              116.3471783,
              40.0125112
            ],
            [
              116.3471896,
              40.0125406
            ],
            [
              116.3472033,
              40.0125694
            ],
            [
              116.3472195,
              40.0125974
            ],
            [
              116.347238,
              40.0126245
            ],
            [
              116.3472588,
              40.0126507
            ],
            [
              116.3472818,
              40.0126757
            ],
            [
              116.3473069,
              40.0126995
            ],
            [
              116.3473339,
              40.0127221
            ],
            [
              116.3473628,
              40.0127432
            ],
            [
              116.3473934,
              40.0127628
            ],
            [
              116.3474256,
              40.0127808
            ],
            [
              116.3474593,
              40.0127972
            ],
            [
              116.3474943,
              40.0128118
            ],
            [
              116.3475305,
              40.0128247
            ],
            [
              116.3475677,
              40.0128357
            ],
            [
              116.3476058,
              40.0128448
            ],
            [
              116.3476445,
              40.012852
            ],
            [
              116.3476838,
              40.0128572
            ],
            [
              116.3477234,
              40.0128604
            ],
            [
              116.3477632,
              40.0128616
            ],
            [
              116.3478031,
              40.0128609
            ],
            [
              116.3478428,
              40.0128581
            ],
            [
              116.3478821,
              40.0128533
            ],
            [
              116.347921,
              40.0128466
            ],
            [
              116.3479592,
              40.0128379
            ],
            [
              116.3479966,
              40.0128273
            ],
            [
              116.348033,
              40.0128149
            ],
            [
              116.3480683,
              40.0128006
            ],
            [
              116.3481023,
              40.0127846
            ],
            [
              116.3481349,
              40.012767
            ],
            [
              116.3481659,
              40.0127477
            ],
            [
              116.3481952,
              40.0127269
            ],
            [
              116.3482226,
              40.0127047
            ],
            [
              116.3482481,
              40.0126811
            ],
            [
              116.3482716,
              40.0126564
            ],
            [
              116.3482929,
              40.0126305
            ],
            [
              116.3483119,
              40.0126035
            ],
            [
              116.3483286,
              40.0125757
            ],
            [
              116.3483429,
              40.0125471
            ],
            [
              116.3483548,
              40.0125179
            ],
            [
              116.3483641,
              40.0124881
            ],
            [
              116.3483709,
              40.0124579
            ],
            [
              116.3483751,
              40.0124274
            ],
            [
              116.3483767,
              40.0123968
            ],
            [
              116.3483757,
              40.0123661
            ]
          ]
        ]
      }
    },
    {
      "type": "Feature",
      "id": "PUBLIC-012",
      "properties": {
        "id": "PUBLIC-012",
        "layer": "PUBLIC_SPACE",
        "source_type": "agent_generated_design",
        "confidence": "medium",
        "geometry_role": "design_proposal",
        "name_zh": "安静时段自适应公共空间",
        "name_en": "Quiet-Hours Adaptive Public Space",
        "scenario_id": "LESSON-12",
        "area_sqm_declared": 18132.887,
        "text_bearing_program": true,
        "pilgrimage_landmark": false,
        "operator": "district operations team",
        "stop_rule_zh": "夜间投诉阈值触发静默模式"
      },
      "geometry": {
        "type": "Polygon",
        "coordinates": [
          [
            [
              116.3488712,
              40.0189518
            ],
            [
              116.3488659,
              40.0189072
            ],
            [
              116.3488568,
              40.018863
            ],
            [
              116.348844,
              40.0188193
            ],
            [
              116.3488275,
              40.0187763
            ],
            [
              116.3488074,
              40.0187343
            ],
            [
              116.3487837,
              40.0186933
            ],
            [
              116.3487566,
              40.0186537
            ],
            [
              116.3487262,
              40.0186155
            ],
            [
              116.3486926,
              40.0185789
            ],
            [
              116.348656,
              40.0185441
            ],
            [
              116.3486165,
              40.0185112
            ],
            [
              116.3485743,
              40.0184803
            ],
            [
              116.3485295,
              40.0184516
            ],
            [
              116.3484824,
              40.0184253
            ],
            [
              116.3484332,
              40.0184013
            ],
            [
              116.348382,
              40.0183799
            ],
            [
              116.3483291,
              40.0183612
            ],
            [
              116.3482748,
              40.0183451
            ],
            [
              116.3482191,
              40.0183318
            ],
            [
              116.3481625,
              40.0183213
            ],
            [
              116.3481051,
              40.0183137
            ],
            [
              116.3480472,
              40.0183089
            ],
            [
              116.347989,
              40.0183071
            ],
            [
              116.3479307,
              40.0183083
            ],
            [
              116.3478727,
              40.0183123
            ],
            [
              116.3478152,
              40.0183193
            ],
            [
              116.3477584,
              40.0183292
            ],
            [
              116.3477025,
              40.0183419
            ],
            [
              116.3476478,
              40.0183573
            ],
            [
              116.3475946,
              40.0183755
            ],
            [
              116.347543,
              40.0183963
            ],
            [
              116.3474933,
              40.0184197
            ],
            [
              116.3474457,
              40.0184455
            ],
            [
              116.3474004,
              40.0184737
            ],
            [
              116.3473576,
              40.0185041
            ],
            [
              116.3473175,
              40.0185365
            ],
            [
              116.3472802,
              40.0185709
            ],
            [
              116.3472459,
              40.0186072
            ],
            [
              116.3472148,
              40.018645
            ],
            [
              116.347187,
              40.0186844
            ],
            [
              116.3471625,
              40.018725
            ],
            [
              116.3471416,
              40.0187668
            ],
            [
              116.3471243,
              40.0188096
            ],
            [
              116.3471107,
              40.0188531
            ],
            [
              116.3471007,
              40.0188973
            ],
            [
              116.3470946,
              40.0189418
            ],
            [
              116.3470923,
              40.0189866
            ],
            [
              116.3470938,
              40.0190313
            ],
            [
              116.347099,
              40.0190759
            ],
            [
              116.3471081,
              40.0191202
            ],
            [
              116.3471209,
              40.0191639
            ],
            [
              116.3471374,
              40.0192068
            ],
            [
              116.3471575,
              40.0192489
            ],
            [
              116.3471812,
              40.0192898
            ],
            [
              116.3472083,
              40.0193294
            ],
            [
              116.3472387,
              40.0193677
            ],
            [
              116.3472723,
              40.0194042
            ],
            [
              116.3473089,
              40.0194391
            ],
            [
              116.3473484,
              40.019472
            ],
            [
              116.3473906,
              40.0195028
            ],
            [
              116.3474354,
              40.0195315
            ],
            [
              116.3474825,
              40.0195579
            ],
            [
              116.3475317,
              40.0195818
            ],
            [
              116.3475829,
              40.0196032
            ],
            [
              116.3476358,
              40.019622
            ],
            [
              116.3476901,
              40.0196381
            ],
            [
              116.3477458,
              40.0196514
            ],
            [
              116.3478024,
              40.0196619
            ],
            [
              116.3478598,
              40.0196695
            ],
            [
              116.3479177,
              40.0196742
            ],
            [
              116.3479759,
              40.019676
            ],
            [
              116.3480342,
              40.0196749
            ],
            [
              116.3480922,
              40.0196708
            ],
            [
              116.3481497,
              40.0196638
            ],
            [
              116.3482066,
              40.019654
            ],
            [
              116.3482624,
              40.0196413
            ],
            [
              116.3483171,
              40.0196258
            ],
            [
              116.3483703,
              40.0196076
            ],
            [
              116.3484219,
              40.0195868
            ],
            [
              116.3484716,
              40.0195634
            ],
            [
              116.3485192,
              40.0195376
            ],
            [
              116.3485645,
              40.0195094
            ],
            [
              116.3486073,
              40.0194791
            ],
            [
              116.3486474,
              40.0194466
            ],
            [
              116.3486847,
              40.0194122
            ],
            [
              116.348719,
              40.019376
            ],
            [
              116.3487501,
              40.0193381
            ],
            [
              116.348778,
              40.0192988
            ],
            [
              116.3488024,
              40.0192581
            ],
            [
              116.3488233,
              40.0192163
            ],
            [
              116.3488406,
              40.0191735
            ],
            [
              116.3488543,
              40.01913
            ],
            [
              116.3488642,
              40.0190859
            ],
            [
              116.3488703,
              40.0190413
            ],
            [
              116.3488726,
              40.0189966
            ],
            [
              116.3488712,
              40.0189518
            ]
          ]
        ]
      }
    }
  ]
}
