{
 "type": "FeatureCollection",
 "name": "绿地与开敞空间（概念建议）",
 "crs_note": "EPSG:4326 for exchange; areas recomputed in EPSG:4548.",
 "features": [
  {
   "type": "Feature",
   "id": "GREEN-001",
   "properties": {
    "id": "GREEN-001",
    "layer": "GREEN_SPACE",
    "source_type": "agent_generated_design",
    "confidence": "medium",
    "geometry_role": "design_proposal",
    "land_use_code": "1401",
    "name_zh": "京张遗址公园主脊绿带",
    "design_note_zh": "沿原京张铁路走廊连续贯通的线性公园绿地，是一带的绿色主脊与东西缝合的基面。",
    "area_sqm_declared": 1325882.388,
    "usage_note": "概念建议，可供专业团队深化研究；不构成法定规划、政府审定结论或实施承诺。"
   },
   "geometry": {
    "type": "MultiPolygon",
    "coordinates": [
     [
      [
       [
        116.3461738,
        39.9495145
       ],
       [
        116.3461694,
        39.9498071
       ],
       [
        116.3461528,
        39.9508878
       ],
       [
        116.3461363,
        39.9519684
       ],
       [
        116.3461033,
        39.9541297
       ],
       [
        116.3460702,
        39.956291
       ],
       [
        116.3460619,
        39.956838
       ],
       [
        116.3460537,
        39.9573717
       ],
       [
        116.3460372,
        39.9584523
       ],
       [
        116.3460041,
        39.9606136
       ],
       [
        116.3459876,
        39.9616942
       ],
       [
        116.345961,
        39.9634347
       ],
       [
        116.3462441,
        39.9636528
       ],
       [
        116.3462487,
        39.9636507
       ],
       [
        116.3463696,
        39.9636076
       ],
       [
        116.3464953,
        39.9635737
       ],
       [
        116.3466248,
        39.9635496
       ],
       [
        116.3467567,
        39.9635353
       ],
       [
        116.3468899,
        39.963531
       ],
       [
        116.3470229,
        39.9635368
       ],
       [
        116.3471545,
        39.9635525
       ],
       [
        116.3472835,
        39.9635782
       ],
       [
        116.3474086,
        39.9636134
       ],
       [
        116.3475287,
        39.9636579
       ],
       [
        116.347642,
        39.9637111
       ],
       [
        116.3478313,
        39.9635939
       ],
       [
        116.34786,
        39.9617112
       ],
       [
        116.3478765,
        39.9606305
       ],
       [
        116.3479095,
        39.9584692
       ],
       [
        116.347926,
        39.9573886
       ],
       [
        116.3479338,
        39.9568791
       ],
       [
        116.3479425,
        39.9563079
       ],
       [
        116.3479755,
        39.9541467
       ],
       [
        116.3480085,
        39.9519854
       ],
       [
        116.348025,
        39.9509047
       ],
       [
        116.3480415,
        39.9498241
       ],
       [
        116.3480456,
        39.9495555
       ],
       [
        116.348058,
        39.9487434
       ],
       [
        116.3480741,
        39.9476886
       ],
       [
        116.3480029,
        39.9477375
       ],
       [
        116.3478954,
        39.9477979
       ],
       [
        116.3477806,
        39.94785
       ],
       [
        116.3476598,
        39.9478931
       ],
       [
        116.3475341,
        39.947927
       ],
       [
        116.3474046,
        39.9479512
       ],
       [
        116.3472727,
        39.9479655
       ],
       [
        116.3471396,
        39.9479697
       ],
       [
        116.3470066,
        39.947964
       ],
       [
        116.346875,
        39.9479482
       ],
       [
        116.3467461,
        39.9479225
       ],
       [
        116.346621,
        39.9478873
       ],
       [
        116.346501,
        39.9478428
       ],
       [
        116.3463872,
        39.9477894
       ],
       [
        116.3462808,
        39.9477278
       ],
       [
        116.346202,
        39.947672
       ],
       [
        116.3461859,
        39.9487265
       ],
       [
        116.3461738,
        39.9495145
       ]
      ],
      [
       [
        116.3476433,
        39.9496521
       ],
       [
        116.3476684,
        39.9496938
       ],
       [
        116.3476881,
        39.9497372
       ],
       [
        116.3477022,
        39.9497818
       ],
       [
        116.3477106,
        39.9498274
       ],
       [
        116.347713,
        39.9498733
       ],
       [
        116.3477097,
        39.9499192
       ],
       [
        116.3477005,
        39.9499646
       ],
       [
        116.3476856,
        39.9500091
       ],
       [
        116.347665,
        39.9500522
       ],
       [
        116.3476391,
        39.9500936
       ],
       [
        116.347608,
        39.9501329
       ],
       [
        116.3475721,
        39.9501696
       ],
       [
        116.3475317,
        39.9502034
       ],
       [
        116.3474872,
        39.950234
       ],
       [
        116.3474389,
        39.9502611
       ],
       [
        116.3473875,
        39.9502845
       ],
       [
        116.3473333,
        39.9503038
       ],
       [
        116.347277,
        39.950319
       ],
       [
        116.3472189,
        39.9503298
       ],
       [
        116.3471598,
        39.9503362
       ],
       [
        116.3471001,
        39.9503381
       ],
       [
        116.3470405,
        39.9503355
       ],
       [
        116.3469815,
        39.9503285
       ],
       [
        116.3469237,
        39.950317
       ],
       [
        116.3468676,
        39.9503012
       ],
       [
        116.3468138,
        39.9502812
       ],
       [
        116.3467628,
        39.9502573
       ],
       [
        116.3467151,
        39.9502297
       ],
       [
        116.3466712,
        39.9501986
       ],
       [
        116.3466314,
        39.9501643
       ],
       [
        116.3465962,
        39.9501272
       ],
       [
        116.3465659,
        39.9500876
       ],
       [
        116.3465407,
        39.9500459
       ],
       [
        116.346521,
        39.9500025
       ],
       [
        116.346507,
        39.9499578
       ],
       [
        116.3464986,
        39.9499123
       ],
       [
        116.3464961,
        39.9498664
       ],
       [
        116.3464995,
        39.9498205
       ],
       [
        116.3465087,
        39.9497751
       ],
       [
        116.3465236,
        39.9497306
       ],
       [
        116.3465442,
        39.9496875
       ],
       [
        116.3465701,
        39.9496461
       ],
       [
        116.3466011,
        39.9496068
       ],
       [
        116.3466371,
        39.9495701
       ],
       [
        116.3466775,
        39.9495363
       ],
       [
        116.346722,
        39.9495057
       ],
       [
        116.3467703,
        39.9494786
       ],
       [
        116.3468217,
        39.9494552
       ],
       [
        116.3468759,
        39.9494359
       ],
       [
        116.3469322,
        39.9494207
       ],
       [
        116.3469903,
        39.9494099
       ],
       [
        116.3470494,
        39.9494035
       ],
       [
        116.347109,
        39.9494015
       ],
       [
        116.3471687,
        39.9494041
       ],
       [
        116.3472277,
        39.9494112
       ],
       [
        116.3472855,
        39.9494227
       ],
       [
        116.3473415,
        39.9494385
       ],
       [
        116.3473953,
        39.9494585
       ],
       [
        116.3474463,
        39.9494824
       ],
       [
        116.347494,
        39.94951
       ],
       [
        116.347538,
        39.9495411
       ],
       [
        116.3475778,
        39.9495754
       ],
       [
        116.347613,
        39.9496125
       ],
       [
        116.3476433,
        39.9496521
       ]
      ],
      [
       [
        116.3475567,
        39.9570152
       ],
       [
        116.3475764,
        39.9570586
       ],
       [
        116.3475905,
        39.9571032
       ],
       [
        116.3475988,
        39.9571487
       ],
       [
        116.3476013,
        39.9571947
       ],
       [
        116.3475979,
        39.9572405
       ],
       [
        116.3475887,
        39.9572859
       ],
       [
        116.3475738,
        39.9573304
       ],
       [
        116.3475533,
        39.9573736
       ],
       [
        116.3475273,
        39.957415
       ],
       [
        116.3474963,
        39.9574542
       ],
       [
        116.3474603,
        39.957491
       ],
       [
        116.3474199,
        39.9575248
       ],
       [
        116.3473754,
        39.9575554
       ],
       [
        116.3473271,
        39.9575825
       ],
       [
        116.3472757,
        39.9576058
       ],
       [
        116.3472215,
        39.9576252
       ],
       [
        116.3471651,
        39.9576404
       ],
       [
        116.3471071,
        39.9576512
       ],
       [
        116.347048,
        39.9576576
       ],
       [
        116.3469883,
        39.9576595
       ],
       [
        116.3469287,
        39.9576569
       ],
       [
        116.3468697,
        39.9576499
       ],
       [
        116.3468118,
        39.9576384
       ],
       [
        116.3467558,
        39.9576226
       ],
       [
        116.346702,
        39.9576026
       ],
       [
        116.346651,
        39.9575787
       ],
       [
        116.3466033,
        39.9575511
       ],
       [
        116.3465593,
        39.9575199
       ],
       [
        116.3465195,
        39.9574857
       ],
       [
        116.3464843,
        39.9574485
       ],
       [
        116.346454,
        39.957409
       ],
       [
        116.3464288,
        39.9573673
       ],
       [
        116.3464091,
        39.9573239
       ],
       [
        116.3463951,
        39.9572792
       ],
       [
        116.3463867,
        39.9572337
       ],
       [
        116.3463842,
        39.9571878
       ],
       [
        116.3463876,
        39.9571419
       ],
       [
        116.3463968,
        39.9570965
       ],
       [
        116.3464117,
        39.957052
       ],
       [
        116.3464323,
        39.9570089
       ],
       [
        116.3464582,
        39.9569675
       ],
       [
        116.3464893,
        39.9569282
       ],
       [
        116.3465252,
        39.9568915
       ],
       [
        116.3465656,
        39.9568577
       ],
       [
        116.3466102,
        39.9568271
       ],
       [
        116.3466584,
        39.9568
       ],
       [
        116.3467098,
        39.9567766
       ],
       [
        116.346764,
        39.9567573
       ],
       [
        116.3468204,
        39.9567421
       ],
       [
        116.3468784,
        39.9567313
       ],
       [
        116.3469375,
        39.9567249
       ],
       [
        116.3469972,
        39.9567229
       ],
       [
        116.3470568,
        39.9567255
       ],
       [
        116.3471158,
        39.9567326
       ],
       [
        116.3471737,
        39.9567441
       ],
       [
        116.3472297,
        39.9567599
       ],
       [
        116.3472835,
        39.9567798
       ],
       [
        116.3473345,
        39.9568038
       ],
       [
        116.3473822,
        39.9568314
       ],
       [
        116.3474262,
        39.9568625
       ],
       [
        116.347466,
        39.9568968
       ],
       [
        116.3475012,
        39.9569339
       ],
       [
        116.3475315,
        39.9569735
       ],
       [
        116.3475567,
        39.9570152
       ]
      ]
     ],
     [
      [
       [
        116.3458836,
        39.9659967
       ],
       [
        116.3457728,
        39.9681575
       ],
       [
        116.3457174,
        39.9692379
       ],
       [
        116.345662,
        39.9703184
       ],
       [
        116.3456065,
        39.9713988
       ],
       [
        116.3455958,
        39.9716083
       ],
       [
        116.3454957,
        39.9735596
       ],
       [
        116.3454403,
        39.9746401
       ],
       [
        116.3454396,
        39.9746586
       ],
       [
        116.3454203,
        39.9757392
       ],
       [
        116.3454203,
        39.9757488
       ],
       [
        116.3454197,
        39.9768296
       ],
       [
        116.3454192,
        39.9778984
       ],
       [
        116.3454191,
        39.9779103
       ],
       [
        116.3454186,
        39.978991
       ],
       [
        116.345418,
        39.9800717
       ],
       [
        116.3454169,
        39.9822332
       ],
       [
        116.3454165,
        39.9830954
       ],
       [
        116.3454164,
        39.9833139
       ],
       [
        116.3454158,
        39.9843947
       ],
       [
        116.3454153,
        39.9854754
       ],
       [
        116.3454144,
        39.9872066
       ],
       [
        116.3458148,
        39.9875698
       ],
       [
        116.3458398,
        39.9875609
       ],
       [
        116.3459656,
        39.9875271
       ],
       [
        116.3460952,
        39.9875029
       ],
       [
        116.3462271,
        39.9874886
       ],
       [
        116.3463603,
        39.9874843
       ],
       [
        116.3464934,
        39.9874901
       ],
       [
        116.346625,
        39.9875059
       ],
       [
        116.3467541,
        39.9875315
       ],
       [
        116.3468792,
        39.9875668
       ],
       [
        116.3469993,
        39.9876113
       ],
       [
        116.3470171,
        39.9876196
       ],
       [
        116.3472875,
        39.9874221
       ],
       [
        116.3472885,
        39.985476
       ],
       [
        116.347289,
        39.9843952
       ],
       [
        116.3472895,
        39.9833145
       ],
       [
        116.3472896,
        39.98314
       ],
       [
        116.34729,
        39.9822338
       ],
       [
        116.3472911,
        39.9800723
       ],
       [
        116.3472916,
        39.9789916
       ],
       [
        116.3472921,
        39.977943
       ],
       [
        116.3472921,
        39.9779108
       ],
       [
        116.3472927,
        39.9768301
       ],
       [
        116.3472932,
        39.9757542
       ],
       [
        116.3473122,
        39.9746876
       ],
       [
        116.3473671,
        39.9736164
       ],
       [
        116.3474684,
        39.9716408
       ],
       [
        116.3474779,
        39.9714556
       ],
       [
        116.3475333,
        39.9703752
       ],
       [
        116.3475887,
        39.9692947
       ],
       [
        116.347644,
        39.9682143
       ],
       [
        116.3477548,
        39.9660535
       ],
       [
        116.3477907,
        39.9653487
       ],
       [
        116.3477335,
        39.965388
       ],
       [
        116.3476259,
        39.9654485
       ],
       [
        116.3475111,
        39.9655006
       ],
       [
        116.3473903,
        39.9655437
       ],
       [
        116.3472645,
        39.9655775
       ],
       [
        116.347135,
        39.9656017
       ],
       [
        116.3470031,
        39.965616
       ],
       [
        116.34687,
        39.9656203
       ],
       [
        116.346737,
        39.9656145
       ],
       [
        116.3466053,
        39.9655987
       ],
       [
        116.3464763,
        39.9655731
       ],
       [
        116.3463512,
        39.9655379
       ],
       [
        116.3462312,
        39.9654933
       ],
       [
        116.3461174,
        39.96544
       ],
       [
        116.346011,
        39.9653783
       ],
       [
        116.3459185,
        39.9653128
       ],
       [
        116.3458836,
        39.9659967
       ]
      ],
      [
       [
        116.3470539,
        39.9717409
       ],
       [
        116.347079,
        39.9717826
       ],
       [
        116.3470987,
        39.971826
       ],
       [
        116.3471128,
        39.9718706
       ],
       [
        116.3471211,
        39.9719161
       ],
       [
        116.3471236,
        39.9719621
       ],
       [
        116.3471203,
        39.9720079
       ],
       [
        116.3471111,
        39.9720533
       ],
       [
        116.3470961,
        39.9720978
       ],
       [
        116.3470756,
        39.972141
       ],
       [
        116.3470497,
        39.9721824
       ],
       [
        116.3470186,
        39.9722216
       ],
       [
        116.3469826,
        39.9722584
       ],
       [
        116.3469422,
        39.9722922
       ],
       [
        116.3468977,
        39.9723228
       ],
       [
        116.3468494,
        39.9723499
       ],
       [
        116.346798,
        39.9723732
       ],
       [
        116.3467438,
        39.9723926
       ],
       [
        116.3466874,
        39.9724077
       ],
       [
        116.3466293,
        39.9724186
       ],
       [
        116.3465702,
        39.972425
       ],
       [
        116.3465105,
        39.9724269
       ],
       [
        116.3464509,
        39.9724243
       ],
       [
        116.3463919,
        39.9724172
       ],
       [
        116.346334,
        39.9724058
       ],
       [
        116.3462779,
        39.97239
       ],
       [
        116.3462241,
        39.97237
       ],
       [
        116.3461731,
        39.9723461
       ],
       [
        116.3461254,
        39.9723184
       ],
       [
        116.3460814,
        39.9722873
       ],
       [
        116.3460416,
        39.9722531
       ],
       [
        116.3460064,
        39.9722159
       ],
       [
        116.3459761,
        39.9721763
       ],
       [
        116.3459509,
        39.9721347
       ],
       [
        116.3459312,
        39.9720913
       ],
       [
        116.3459171,
        39.9720466
       ],
       [
        116.3459088,
        39.9720011
       ],
       [
        116.3459063,
        39.9719552
       ],
       [
        116.3459097,
        39.9719093
       ],
       [
        116.3459189,
        39.9718639
       ],
       [
        116.3459338,
        39.9718194
       ],
       [
        116.3459544,
        39.9717762
       ],
       [
        116.3459803,
        39.9717348
       ],
       [
        116.3460114,
        39.9716956
       ],
       [
        116.3460473,
        39.9716589
       ],
       [
        116.3460877,
        39.9716251
       ],
       [
        116.3461323,
        39.9715944
       ],
       [
        116.3461805,
        39.9715673
       ],
       [
        116.346232,
        39.971544
       ],
       [
        116.3462862,
        39.9715247
       ],
       [
        116.3463426,
        39.9715095
       ],
       [
        116.3464006,
        39.9714987
       ],
       [
        116.3464598,
        39.9714922
       ],
       [
        116.3465194,
        39.9714903
       ],
       [
        116.3465791,
        39.9714929
       ],
       [
        116.3466381,
        39.9715
       ],
       [
        116.3466959,
        39.9715115
       ],
       [
        116.346752,
        39.9715273
       ],
       [
        116.3468058,
        39.9715472
       ],
       [
        116.3468568,
        39.9715712
       ],
       [
        116.3469045,
        39.9715988
       ],
       [
        116.3469485,
        39.9716299
       ],
       [
        116.3469883,
        39.9716642
       ],
       [
        116.3470235,
        39.9717013
       ],
       [
        116.3470539,
        39.9717409
       ]
      ],
      [
       [
        116.3468944,
        39.9780443
       ],
       [
        116.3469196,
        39.978086
       ],
       [
        116.3469393,
        39.9781294
       ],
       [
        116.3469534,
        39.978174
       ],
       [
        116.3469617,
        39.9782195
       ],
       [
        116.3469642,
        39.9782654
       ],
       [
        116.3469608,
        39.9783113
       ],
       [
        116.3469516,
        39.9783567
       ],
       [
        116.3469367,
        39.9784012
       ],
       [
        116.3469161,
        39.9784444
       ],
       [
        116.3468902,
        39.9784858
       ],
       [
        116.3468591,
        39.978525
       ],
       [
        116.3468232,
        39.9785618
       ],
       [
        116.3467827,
        39.9785956
       ],
       [
        116.3467382,
        39.9786262
       ],
       [
        116.3466899,
        39.9786533
       ],
       [
        116.3466385,
        39.9786766
       ],
       [
        116.3465843,
        39.978696
       ],
       [
        116.3465279,
        39.9787111
       ],
       [
        116.3464698,
        39.978722
       ],
       [
        116.3464107,
        39.9787284
       ],
       [
        116.346351,
        39.9787303
       ],
       [
        116.3462914,
        39.9787277
       ],
       [
        116.3462323,
        39.9787206
       ],
       [
        116.3461745,
        39.9787092
       ],
       [
        116.3461184,
        39.9786934
       ],
       [
        116.3460646,
        39.9786734
       ],
       [
        116.3460136,
        39.9786495
       ],
       [
        116.3459659,
        39.9786218
       ],
       [
        116.3459219,
        39.9785907
       ],
       [
        116.3458821,
        39.9785564
       ],
       [
        116.3458469,
        39.9785193
       ],
       [
        116.3458165,
        39.9784797
       ],
       [
        116.3457914,
        39.9784381
       ],
       [
        116.3457717,
        39.9783947
       ],
       [
        116.3457576,
        39.97835
       ],
       [
        116.3457493,
        39.9783045
       ],
       [
        116.3457468,
        39.9782586
       ],
       [
        116.3457501,
        39.9782127
       ],
       [
        116.3457593,
        39.9781673
       ],
       [
        116.3457743,
        39.9781228
       ],
       [
        116.3457948,
        39.9780796
       ],
       [
        116.3458207,
        39.9780382
       ],
       [
        116.3458518,
        39.977999
       ],
       [
        116.3458878,
        39.9779623
       ],
       [
        116.3459282,
        39.9779285
       ],
       [
        116.3459728,
        39.9778978
       ],
       [
        116.346021,
        39.9778707
       ],
       [
        116.3460725,
        39.9778474
       ],
       [
        116.3461267,
        39.9778281
       ],
       [
        116.346183,
        39.9778129
       ],
       [
        116.3462411,
        39.9778021
       ],
       [
        116.3463002,
        39.9777956
       ],
       [
        116.3463599,
        39.9777937
       ],
       [
        116.3464196,
        39.9777963
       ],
       [
        116.3464786,
        39.9778034
       ],
       [
        116.3465364,
        39.9778149
       ],
       [
        116.3465925,
        39.9778307
       ],
       [
        116.3466463,
        39.9778506
       ],
       [
        116.3466974,
        39.9778746
       ],
       [
        116.3467451,
        39.9779022
       ],
       [
        116.346789,
        39.9779333
       ],
       [
        116.3468288,
        39.9779676
       ],
       [
        116.3468641,
        39.9780047
       ],
       [
        116.3468944,
        39.9780443
       ]
      ],
      [
       [
        116.346917,
        39.9832915
       ],
       [
        116.3469367,
        39.9833349
       ],
       [
        116.3469508,
        39.9833795
       ],
       [
        116.3469591,
        39.9834251
       ],
       [
        116.3469616,
        39.983471
       ],
       [
        116.3469583,
        39.9835169
       ],
       [
        116.3469491,
        39.9835623
       ],
       [
        116.3469341,
        39.9836068
       ],
       [
        116.3469136,
        39.9836499
       ],
       [
        116.3468876,
        39.9836913
       ],
       [
        116.3468566,
        39.9837306
       ],
       [
        116.3468206,
        39.9837673
       ],
       [
        116.3467802,
        39.9838011
       ],
       [
        116.3467356,
        39.9838317
       ],
       [
        116.3466874,
        39.9838588
       ],
       [
        116.3466359,
        39.9838822
       ],
       [
        116.3465817,
        39.9839015
       ],
       [
        116.3465253,
        39.9839167
       ],
       [
        116.3464673,
        39.9839275
       ],
       [
        116.3464081,
        39.9839339
       ],
       [
        116.3463484,
        39.9839358
       ],
       [
        116.3462888,
        39.9839332
       ],
       [
        116.3462297,
        39.9839262
       ],
       [
        116.3461719,
        39.9839147
       ],
       [
        116.3461158,
        39.9838989
       ],
       [
        116.346062,
        39.9838789
       ],
       [
        116.3460109,
        39.983855
       ],
       [
        116.3459632,
        39.9838274
       ],
       [
        116.3459193,
        39.9837962
       ],
       [
        116.3458795,
        39.983762
       ],
       [
        116.3458442,
        39.9837249
       ],
       [
        116.3458139,
        39.9836853
       ],
       [
        116.3457887,
        39.9836436
       ],
       [
        116.345769,
        39.9836002
       ],
       [
        116.3457549,
        39.9835555
       ],
       [
        116.3457466,
        39.98351
       ],
       [
        116.3457441,
        39.9834641
       ],
       [
        116.3457475,
        39.9834182
       ],
       [
        116.3457567,
        39.9833728
       ],
       [
        116.3457716,
        39.9833283
       ],
       [
        116.3457922,
        39.9832852
       ],
       [
        116.3458181,
        39.9832438
       ],
       [
        116.3458492,
        39.9832045
       ],
       [
        116.3458851,
        39.9831678
       ],
       [
        116.3459256,
        39.983134
       ],
       [
        116.3459701,
        39.9831034
       ],
       [
        116.3460184,
        39.9830763
       ],
       [
        116.3460698,
        39.9830529
       ],
       [
        116.346124,
        39.9830336
       ],
       [
        116.3461804,
        39.9830184
       ],
       [
        116.3462385,
        39.9830076
       ],
       [
        116.3462976,
        39.9830012
       ],
       [
        116.3463573,
        39.9829993
       ],
       [
        116.346417,
        39.9830018
       ],
       [
        116.346476,
        39.9830089
       ],
       [
        116.3465339,
        39.9830204
       ],
       [
        116.34659,
        39.9830362
       ],
       [
        116.3466438,
        39.9830562
       ],
       [
        116.3466948,
        39.9830801
       ],
       [
        116.3467425,
        39.9831077
       ],
       [
        116.3467865,
        39.9831388
       ],
       [
        116.3468263,
        39.9831731
       ],
       [
        116.3468615,
        39.9832102
       ],
       [
        116.3468918,
        39.9832498
       ],
       [
        116.346917,
        39.9832915
       ]
      ]
     ],
     [
      [
       [
        116.345413,
        39.9897983
       ],
       [
        116.3454138,
        39.9898269
       ],
       [
        116.3454689,
        39.9909079
       ],
       [
        116.3454692,
        39.9909129
       ],
       [
        116.3456027,
        39.9931345
       ],
       [
        116.3457292,
        39.9952373
       ],
       [
        116.3457942,
        39.9963184
       ],
       [
        116.3458592,
        39.9973995
       ],
       [
        116.345944,
        39.9988111
       ],
       [
        116.3464457,
        39.9992764
       ],
       [
        116.3464572,
        39.9992723
       ],
       [
        116.346583,
        39.9992385
       ],
       [
        116.3467126,
        39.9992143
       ],
       [
        116.3468446,
        39.9992
       ],
       [
        116.3469777,
        39.9991957
       ],
       [
        116.3471108,
        39.9992015
       ],
       [
        116.3472425,
        39.9992173
       ],
       [
        116.3473716,
        39.9992429
       ],
       [
        116.3474968,
        39.9992782
       ],
       [
        116.3476169,
        39.9993227
       ],
       [
        116.3476216,
        39.9993249
       ],
       [
        116.3478407,
        39.9991612
       ],
       [
        116.3477307,
        39.997333
       ],
       [
        116.3476657,
        39.9962519
       ],
       [
        116.3476006,
        39.9951708
       ],
       [
        116.3474819,
        39.9931962
       ],
       [
        116.3473407,
        39.9908489
       ],
       [
        116.3472864,
        39.9897846
       ],
       [
        116.3472866,
        39.9892847
       ],
       [
        116.3472042,
        39.9893414
       ],
       [
        116.3470966,
        39.9894018
       ],
       [
        116.3469818,
        39.9894539
       ],
       [
        116.3468609,
        39.989497
       ],
       [
        116.346735,
        39.9895309
       ],
       [
        116.3466055,
        39.989555
       ],
       [
        116.3464735,
        39.9895693
       ],
       [
        116.3463404,
        39.9895736
       ],
       [
        116.3462073,
        39.9895678
       ],
       [
        116.3460756,
        39.9895521
       ],
       [
        116.3459466,
        39.9895264
       ],
       [
        116.3458214,
        39.9894912
       ],
       [
        116.3457013,
        39.9894467
       ],
       [
        116.3455875,
        39.9893933
       ],
       [
        116.3454811,
        39.9893316
       ],
       [
        116.3454133,
        39.9892837
       ],
       [
        116.345413,
        39.9897983
       ]
      ],
      [
       [
        116.3471283,
        39.9933525
       ],
       [
        116.3471481,
        39.9933959
       ],
       [
        116.3471622,
        39.9934406
       ],
       [
        116.3471705,
        39.9934861
       ],
       [
        116.347173,
        39.993532
       ],
       [
        116.3471696,
        39.9935779
       ],
       [
        116.3471604,
        39.9936233
       ],
       [
        116.3471455,
        39.9936678
       ],
       [
        116.3471249,
        39.9937109
       ],
       [
        116.347099,
        39.9937523
       ],
       [
        116.3470679,
        39.9937916
       ],
       [
        116.347032,
        39.9938283
       ],
       [
        116.3469915,
        39.9938621
       ],
       [
        116.3469469,
        39.9938927
       ],
       [
        116.3468987,
        39.9939198
       ],
       [
        116.3468472,
        39.9939432
       ],
       [
        116.346793,
        39.9939625
       ],
       [
        116.3467366,
        39.9939777
       ],
       [
        116.3466785,
        39.9939885
       ],
       [
        116.3466194,
        39.9939949
       ],
       [
        116.3465597,
        39.9939969
       ],
       [
        116.3465,
        39.9939943
       ],
       [
        116.346441,
        39.9939872
       ],
       [
        116.3463831,
        39.9939757
       ],
       [
        116.346327,
        39.9939599
       ],
       [
        116.3462732,
        39.9939399
       ],
       [
        116.3462222,
        39.993916
       ],
       [
        116.3461744,
        39.9938884
       ],
       [
        116.3461305,
        39.9938573
       ],
       [
        116.3460907,
        39.993823
       ],
       [
        116.3460554,
        39.9937859
       ],
       [
        116.3460251,
        39.9937463
       ],
       [
        116.3459999,
        39.9937046
       ],
       [
        116.3459802,
        39.9936612
       ],
       [
        116.3459661,
        39.9936166
       ],
       [
        116.3459578,
        39.993571
       ],
       [
        116.3459553,
        39.9935251
       ],
       [
        116.3459587,
        39.9934792
       ],
       [
        116.3459679,
        39.9934338
       ],
       [
        116.3459828,
        39.9933893
       ],
       [
        116.3460033,
        39.9933462
       ],
       [
        116.3460293,
        39.9933048
       ],
       [
        116.3460604,
        39.9932655
       ],
       [
        116.3460963,
        39.9932288
       ],
       [
        116.3461368,
        39.993195
       ],
       [
        116.3461813,
        39.9931644
       ],
       [
        116.3462296,
        39.9931373
       ],
       [
        116.3462811,
        39.9931139
       ],
       [
        116.3463353,
        39.9930946
       ],
       [
        116.3463917,
        39.9930794
       ],
       [
        116.3464497,
        39.9930686
       ],
       [
        116.3465089,
        39.9930622
       ],
       [
        116.3465686,
        39.9930603
       ],
       [
        116.3466283,
        39.9930629
       ],
       [
        116.3466873,
        39.9930699
       ],
       [
        116.3467451,
        39.9930814
       ],
       [
        116.3468013,
        39.9930972
       ],
       [
        116.3468551,
        39.9931172
       ],
       [
        116.3469061,
        39.9931411
       ],
       [
        116.3469538,
        39.9931687
       ],
       [
        116.3469978,
        39.9931999
       ],
       [
        116.3470376,
        39.9932341
       ],
       [
        116.3470729,
        39.9932712
       ],
       [
        116.3471032,
        39.9933108
       ],
       [
        116.3471283,
        39.9933525
       ]
      ]
     ],
     [
      [
       [
        116.3461192,
        40.0017239
       ],
       [
        116.3461842,
        40.002805
       ],
       [
        116.3463791,
        40.006046
       ],
       [
        116.346432,
        40.0070717
       ],
       [
        116.3464348,
        40.0071246
       ],
       [
        116.346546,
        40.0092867
       ],
       [
        116.3466017,
        40.0103677
       ],
       [
        116.346713,
        40.0125298
       ],
       [
        116.3467308,
        40.0128764
       ],
       [
        116.3472198,
        40.0133301
       ],
       [
        116.3472308,
        40.0133262
       ],
       [
        116.3473567,
        40.0132923
       ],
       [
        116.3474862,
        40.0132682
       ],
       [
        116.3476183,
        40.0132539
       ],
       [
        116.3477515,
        40.0132496
       ],
       [
        116.3478846,
        40.0132554
       ],
       [
        116.3480163,
        40.0132711
       ],
       [
        116.3481454,
        40.0132968
       ],
       [
        116.3482706,
        40.013332
       ],
       [
        116.3483907,
        40.0133765
       ],
       [
        116.3483951,
        40.0133786
       ],
       [
        116.3486233,
        40.0132079
       ],
       [
        116.3485854,
        40.0124728
       ],
       [
        116.3484741,
        40.0103107
       ],
       [
        116.3484184,
        40.0092297
       ],
       [
        116.3483104,
        40.0071309
       ],
       [
        116.3483071,
        40.0070676
       ],
       [
        116.3482513,
        40.0059865
       ],
       [
        116.348251,
        40.0059817
       ],
       [
        116.3480559,
        40.0027384
       ],
       [
        116.3479908,
        40.0016573
       ],
       [
        116.347949,
        40.0009613
       ],
       [
        116.3479212,
        40.0009845
       ],
       [
        116.3478218,
        40.0010528
       ],
       [
        116.3477142,
        40.0011132
       ],
       [
        116.3475993,
        40.0011653
       ],
       [
        116.3474784,
        40.0012084
       ],
       [
        116.3473526,
        40.0012423
       ],
       [
        116.347223,
        40.0012665
       ],
       [
        116.347091,
        40.0012808
       ],
       [
        116.3469578,
        40.001285
       ],
       [
        116.3468247,
        40.0012793
       ],
       [
        116.346693,
        40.0012635
       ],
       [
        116.346564,
        40.0012378
       ],
       [
        116.3464388,
        40.0012026
       ],
       [
        116.3463187,
        40.0011581
       ],
       [
        116.3462049,
        40.0011047
       ],
       [
        116.3460984,
        40.0010431
       ],
       [
        116.3460774,
        40.0010282
       ],
       [
        116.3461192,
        40.0017239
       ]
      ],
      [
       [
        116.3479291,
        40.0072479
       ],
       [
        116.3479543,
        40.0072896
       ],
       [
        116.347974,
        40.007333
       ],
       [
        116.3479881,
        40.0073776
       ],
       [
        116.3479964,
        40.0074232
       ],
       [
        116.3479989,
        40.0074691
       ],
       [
        116.3479956,
        40.007515
       ],
       [
        116.3479864,
        40.0075604
       ],
       [
        116.3479714,
        40.0076049
       ],
       [
        116.3479509,
        40.007648
       ],
       [
        116.3479249,
        40.0076894
       ],
       [
        116.3478938,
        40.0077287
       ],
       [
        116.3478579,
        40.0077654
       ],
       [
        116.3478174,
        40.0077992
       ],
       [
        116.3477728,
        40.0078298
       ],
       [
        116.3477246,
        40.0078569
       ],
       [
        116.3476731,
        40.0078803
       ],
       [
        116.3476189,
        40.0078996
       ],
       [
        116.3475625,
        40.0079148
       ],
       [
        116.3475044,
        40.0079256
       ],
       [
        116.3474452,
        40.007932
       ],
       [
        116.3473855,
        40.0079339
       ],
       [
        116.3473258,
        40.0079313
       ],
       [
        116.3472668,
        40.0079243
       ],
       [
        116.3472089,
        40.0079128
       ],
       [
        116.3471528,
        40.007897
       ],
       [
        116.347099,
        40.007877
       ],
       [
        116.3470479,
        40.0078531
       ],
       [
        116.3470002,
        40.0078255
       ],
       [
        116.3469562,
        40.0077944
       ],
       [
        116.3469164,
        40.0077601
       ],
       [
        116.3468811,
        40.007723
       ],
       [
        116.3468508,
        40.0076834
       ],
       [
        116.3468256,
        40.0076417
       ],
       [
        116.3468059,
        40.0075983
       ],
       [
        116.3467918,
        40.0075536
       ],
       [
        116.3467835,
        40.0075081
       ],
       [
        116.346781,
        40.0074622
       ],
       [
        116.3467844,
        40.0074163
       ],
       [
        116.3467936,
        40.0073709
       ],
       [
        116.3468085,
        40.0073264
       ],
       [
        116.3468291,
        40.0072833
       ],
       [
        116.346855,
        40.0072419
       ],
       [
        116.3468861,
        40.0072026
       ],
       [
        116.346922,
        40.0071659
       ],
       [
        116.3469625,
        40.0071321
       ],
       [
        116.3470071,
        40.0071015
       ],
       [
        116.3470553,
        40.0070744
       ],
       [
        116.3471068,
        40.007051
       ],
       [
        116.347161,
        40.0070317
       ],
       [
        116.3472175,
        40.0070165
       ],
       [
        116.3472755,
        40.0070057
       ],
       [
        116.3473347,
        40.0069993
       ],
       [
        116.3473944,
        40.0069974
       ],
       [
        116.3474541,
        40.0069999
       ],
       [
        116.3475131,
        40.007007
       ],
       [
        116.347571,
        40.0070185
       ],
       [
        116.3476271,
        40.0070343
       ],
       [
        116.347681,
        40.0070543
       ],
       [
        116.347732,
        40.0070782
       ],
       [
        116.3477797,
        40.0071058
       ],
       [
        116.3478237,
        40.0071369
       ],
       [
        116.3478635,
        40.0071712
       ],
       [
        116.3478988,
        40.0072083
       ],
       [
        116.3479291,
        40.0072479
       ]
      ]
     ],
     [
      [
       [
        116.3469356,
        40.016854
       ],
       [
        116.3470469,
        40.019016
       ],
       [
        116.3471175,
        40.0203875
       ],
       [
        116.3471582,
        40.0211781
       ],
       [
        116.3472138,
        40.0222592
       ],
       [
        116.3473252,
        40.0244212
       ],
       [
        116.3473309,
        40.0245318
       ],
       [
        116.3473808,
        40.0255023
       ],
       [
        116.3474317,
        40.0264912
       ],
       [
        116.3493075,
        40.0264912
       ],
       [
        116.3492537,
        40.0254453
       ],
       [
        116.3492096,
        40.024591
       ],
       [
        116.349198,
        40.0243642
       ],
       [
        116.3490866,
        40.0222022
       ],
       [
        116.3490309,
        40.0211211
       ],
       [
        116.3489962,
        40.0204467
       ],
       [
        116.3489195,
        40.018959
       ],
       [
        116.3488082,
        40.016797
       ],
       [
        116.3487167,
        40.0150204
       ],
       [
        116.3486952,
        40.0150383
       ],
       [
        116.3485957,
        40.0151066
       ],
       [
        116.3484881,
        40.0151671
       ],
       [
        116.3483732,
        40.0152191
       ],
       [
        116.3482523,
        40.0152623
       ],
       [
        116.3481264,
        40.0152961
       ],
       [
        116.3479968,
        40.0153203
       ],
       [
        116.3478648,
        40.0153346
       ],
       [
        116.3477316,
        40.0153389
       ],
       [
        116.3475985,
        40.0153331
       ],
       [
        116.3474667,
        40.0153173
       ],
       [
        116.3473376,
        40.0152917
       ],
       [
        116.3472124,
        40.0152564
       ],
       [
        116.3470923,
        40.0152119
       ],
       [
        116.3469784,
        40.0151586
       ],
       [
        116.3468719,
        40.0150969
       ],
       [
        116.3468441,
        40.0150772
       ],
       [
        116.3469356,
        40.016854
       ]
      ],
      [
       [
        116.3486148,
        40.0205628
       ],
       [
        116.34864,
        40.0206044
       ],
       [
        116.3486597,
        40.0206478
       ],
       [
        116.3486738,
        40.0206925
       ],
       [
        116.3486821,
        40.020738
       ],
       [
        116.3486846,
        40.0207839
       ],
       [
        116.3486812,
        40.0208298
       ],
       [
        116.348672,
        40.0208752
       ],
       [
        116.3486571,
        40.0209197
       ],
       [
        116.3486365,
        40.0209629
       ],
       [
        116.3486106,
        40.0210043
       ],
       [
        116.3485795,
        40.0210435
       ],
       [
        116.3485435,
        40.0210802
       ],
       [
        116.3485031,
        40.021114
       ],
       [
        116.3484585,
        40.0211447
       ],
       [
        116.3484102,
        40.0211718
       ],
       [
        116.3483587,
        40.0211951
       ],
       [
        116.3483045,
        40.0212144
       ],
       [
        116.3482481,
        40.0212296
       ],
       [
        116.34819,
        40.0212404
       ],
       [
        116.3481308,
        40.0212469
       ],
       [
        116.3480711,
        40.0212488
       ],
       [
        116.3480114,
        40.0212462
       ],
       [
        116.3479523,
        40.0212391
       ],
       [
        116.3478945,
        40.0212276
       ],
       [
        116.3478383,
        40.0212118
       ],
       [
        116.3477845,
        40.0211919
       ],
       [
        116.3477334,
        40.0211679
       ],
       [
        116.3476857,
        40.0211403
       ],
       [
        116.3476417,
        40.0211092
       ],
       [
        116.3476019,
        40.0210749
       ],
       [
        116.3475666,
        40.0210378
       ],
       [
        116.3475363,
        40.0209982
       ],
       [
        116.3475111,
        40.0209565
       ],
       [
        116.3474914,
        40.0209131
       ],
       [
        116.3474773,
        40.0208685
       ],
       [
        116.3474689,
        40.020823
       ],
       [
        116.3474664,
        40.0207771
       ],
       [
        116.3474698,
        40.0207312
       ],
       [
        116.347479,
        40.0206858
       ],
       [
        116.347494,
        40.0206413
       ],
       [
        116.3475145,
        40.0205981
       ],
       [
        116.3475405,
        40.0205567
       ],
       [
        116.3475716,
        40.0205175
       ],
       [
        116.3476075,
        40.0204808
       ],
       [
        116.347648,
        40.0204469
       ],
       [
        116.3476926,
        40.0204163
       ],
       [
        116.3477408,
        40.0203892
       ],
       [
        116.3477923,
        40.0203659
       ],
       [
        116.3478466,
        40.0203465
       ],
       [
        116.347903,
        40.0203314
       ],
       [
        116.3479611,
        40.0203205
       ],
       [
        116.3480203,
        40.0203141
       ],
       [
        116.34808,
        40.0203122
       ],
       [
        116.3481397,
        40.0203148
       ],
       [
        116.3481987,
        40.0203219
       ],
       [
        116.3482566,
        40.0203334
       ],
       [
        116.3483127,
        40.0203492
       ],
       [
        116.3483666,
        40.0203691
       ],
       [
        116.3484176,
        40.020393
       ],
       [
        116.3484654,
        40.0204207
       ],
       [
        116.3485094,
        40.0204518
       ],
       [
        116.3485492,
        40.0204861
       ],
       [
        116.3485844,
        40.0205232
       ],
       [
        116.3486148,
        40.0205628
       ]
      ]
     ],
     [
      [
       [
        116.3481074,
        39.9455015
       ],
       [
        116.3481359,
        39.9436372
       ],
       [
        116.3481404,
        39.9433402
       ],
       [
        116.3481569,
        39.9422595
       ],
       [
        116.3481734,
        39.9411789
       ],
       [
        116.3481812,
        39.9406645
       ],
       [
        116.3481831,
        39.9405372
       ],
       [
        116.3504345,
        39.9396686
       ],
       [
        116.3521438,
        39.9390092
       ],
       [
        116.3479658,
        39.9390092
       ],
       [
        116.3468346,
        39.9394456
       ],
       [
        116.3467535,
        39.9394809
       ],
       [
        116.3466774,
        39.9395222
       ],
       [
        116.346607,
        39.9395691
       ],
       [
        116.346543,
        39.9396211
       ],
       [
        116.3464861,
        39.9396778
       ],
       [
        116.3464367,
        39.9397385
       ],
       [
        116.3463954,
        39.9398027
       ],
       [
        116.3463626,
        39.9398698
       ],
       [
        116.3463387,
        39.939939
       ],
       [
        116.3463237,
        39.9400098
       ],
       [
        116.346318,
        39.9400813
       ],
       [
        116.3463097,
        39.9406235
       ],
       [
        116.3463015,
        39.9411619
       ],
       [
        116.346285,
        39.9422426
       ],
       [
        116.3462685,
        39.9433232
       ],
       [
        116.3462643,
        39.9435962
       ],
       [
        116.3462354,
        39.9454845
       ],
       [
        116.3462313,
        39.9457561
       ],
       [
        116.3465324,
        39.9459952
       ],
       [
        116.3466393,
        39.945957
       ],
       [
        116.3467651,
        39.9459232
       ],
       [
        116.3468945,
        39.945899
       ],
       [
        116.3470264,
        39.9458847
       ],
       [
        116.3471595,
        39.9458804
       ],
       [
        116.3472925,
        39.9458862
       ],
       [
        116.3474241,
        39.945902
       ],
       [
        116.3475531,
        39.9459276
       ],
       [
        116.3476781,
        39.9459629
       ],
       [
        116.3477981,
        39.9460074
       ],
       [
        116.3478938,
        39.9460522
       ],
       [
        116.348101,
        39.9459199
       ],
       [
        116.3481074,
        39.9455015
       ]
      ],
      [
       [
        116.3477587,
        39.9437772
       ],
       [
        116.3477784,
        39.9438206
       ],
       [
        116.3477925,
        39.9438653
       ],
       [
        116.3478009,
        39.9439108
       ],
       [
        116.3478033,
        39.9439567
       ],
       [
        116.3478,
        39.9440026
       ],
       [
        116.3477908,
        39.944048
       ],
       [
        116.3477759,
        39.9440925
       ],
       [
        116.3477553,
        39.9441357
       ],
       [
        116.3477294,
        39.9441771
       ],
       [
        116.3476983,
        39.9442163
       ],
       [
        116.3476624,
        39.944253
       ],
       [
        116.347622,
        39.9442869
       ],
       [
        116.3475775,
        39.9443175
       ],
       [
        116.3475293,
        39.9443446
       ],
       [
        116.3474778,
        39.9443679
       ],
       [
        116.3474237,
        39.9443873
       ],
       [
        116.3473673,
        39.9444024
       ],
       [
        116.3473093,
        39.9444133
       ],
       [
        116.3472501,
        39.9444197
       ],
       [
        116.3471905,
        39.9444216
       ],
       [
        116.3471309,
        39.944419
       ],
       [
        116.3470719,
        39.9444119
       ],
       [
        116.3470141,
        39.9444004
       ],
       [
        116.346958,
        39.9443846
       ],
       [
        116.3469042,
        39.9443647
       ],
       [
        116.3468532,
        39.9443408
       ],
       [
        116.3468055,
        39.9443131
       ],
       [
        116.3467616,
        39.944282
       ],
       [
        116.3467218,
        39.9442477
       ],
       [
        116.3466866,
        39.9442106
       ],
       [
        116.3466563,
        39.944171
       ],
       [
        116.3466311,
        39.9441293
       ],
       [
        116.3466114,
        39.944086
       ],
       [
        116.3465974,
        39.9440413
       ],
       [
        116.346589,
        39.9439958
       ],
       [
        116.3465865,
        39.9439499
       ],
       [
        116.3465899,
        39.943904
       ],
       [
        116.3465991,
        39.9438586
       ],
       [
        116.346614,
        39.9438141
       ],
       [
        116.3466345,
        39.9437709
       ],
       [
        116.3466605,
        39.9437295
       ],
       [
        116.3466915,
        39.9436903
       ],
       [
        116.3467275,
        39.9436536
       ],
       [
        116.3467679,
        39.9436197
       ],
       [
        116.3468124,
        39.9435891
       ],
       [
        116.3468606,
        39.943562
       ],
       [
        116.3469121,
        39.9435387
       ],
       [
        116.3469662,
        39.9435193
       ],
       [
        116.3470226,
        39.9435042
       ],
       [
        116.3470806,
        39.9434933
       ],
       [
        116.3471397,
        39.9434869
       ],
       [
        116.3471994,
        39.943485
       ],
       [
        116.347259,
        39.9434876
       ],
       [
        116.347318,
        39.9434947
       ],
       [
        116.3473758,
        39.9435062
       ],
       [
        116.3474319,
        39.943522
       ],
       [
        116.3474857,
        39.9435419
       ],
       [
        116.3475366,
        39.9435658
       ],
       [
        116.3475843,
        39.9435935
       ],
       [
        116.3476283,
        39.9436246
       ],
       [
        116.3476681,
        39.9436589
       ],
       [
        116.3477033,
        39.943696
       ],
       [
        116.3477336,
        39.9437356
       ],
       [
        116.3477587,
        39.9437772
       ]
      ]
     ]
    ]
   }
  },
  {
   "type": "Feature",
   "id": "GREEN-002",
   "properties": {
    "id": "GREEN-002",
    "layer": "GREEN_SPACE",
    "source_type": "agent_generated_design",
    "confidence": "medium",
    "geometry_role": "design_proposal",
    "land_use_code": "1401",
    "name_zh": "大钟寺钟声园",
    "design_note_zh": "重点区域内的放大公园绿地，承担活动、展示与遮荫功能。",
    "area_sqm_declared": 78213.172,
    "usage_note": "概念建议，可供专业团队深化研究；不构成法定规划、政府审定结论或实施承诺。"
   },
   "geometry": {
    "type": "MultiPolygon",
    "coordinates": [
     [
      [
       [
        116.3499826,
        39.9478604
       ],
       [
        116.3500992,
        39.9478187
       ],
       [
        116.35021,
        39.9477684
       ],
       [
        116.3503139,
        39.94771
       ],
       [
        116.3504098,
        39.9476441
       ],
       [
        116.3504968,
        39.9475713
       ],
       [
        116.3505742,
        39.9474922
       ],
       [
        116.3506411,
        39.9474076
       ],
       [
        116.3506969,
        39.9473185
       ],
       [
        116.3507412,
        39.9472255
       ],
       [
        116.3507733,
        39.9471297
       ],
       [
        116.3507931,
        39.9470319
       ],
       [
        116.3508003,
        39.946933
       ],
       [
        116.350795,
        39.9468341
       ],
       [
        116.350777,
        39.9467361
       ],
       [
        116.3507467,
        39.9466399
       ],
       [
        116.3507042,
        39.9465465
       ],
       [
        116.3506501,
        39.9464567
       ],
       [
        116.3505848,
        39.9463714
       ],
       [
        116.3505089,
        39.9462915
       ],
       [
        116.3504233,
        39.9462177
       ],
       [
        116.3503286,
        39.9461507
       ],
       [
        116.3502259,
        39.9460911
       ],
       [
        116.350116,
        39.9460396
       ],
       [
        116.3500002,
        39.9459967
       ],
       [
        116.3498794,
        39.9459626
       ],
       [
        116.3497549,
        39.9459379
       ],
       [
        116.3496278,
        39.9459226
       ],
       [
        116.3494994,
        39.9459171
       ],
       [
        116.3493532,
        39.9459162
       ],
       [
        116.348402,
        39.9465235
       ],
       [
        116.3484073,
        39.9465324
       ],
       [
        116.3484513,
        39.9466291
       ],
       [
        116.3484827,
        39.9467288
       ],
       [
        116.3485013,
        39.9468303
       ],
       [
        116.3485068,
        39.9469327
       ],
       [
        116.3484993,
        39.9470351
       ],
       [
        116.3484788,
        39.9471364
       ],
       [
        116.3484455,
        39.9472356
       ],
       [
        116.3483997,
        39.9473319
       ],
       [
        116.3483419,
        39.9474243
       ],
       [
        116.3482726,
        39.9475118
       ],
       [
        116.3481925,
        39.9475937
       ],
       [
        116.3481023,
        39.9476692
       ],
       [
        116.3480741,
        39.9476886
       ],
       [
        116.3480704,
        39.9479264
       ],
       [
        116.3494803,
        39.9479343
       ],
       [
        116.3496088,
        39.9479302
       ],
       [
        116.3497362,
        39.9479164
       ],
       [
        116.3498611,
        39.947893
       ],
       [
        116.3499826,
        39.9478604
       ]
      ]
     ],
     [
      [
       [
        116.3481012,
        39.9459092
       ],
       [
        116.348101,
        39.9459199
       ],
       [
        116.3481177,
        39.9459093
       ],
       [
        116.3481012,
        39.9459092
       ]
      ]
     ],
     [
      [
       [
        116.3445634,
        39.9459086
       ],
       [
        116.3444384,
        39.945932
       ],
       [
        116.344317,
        39.9459646
       ],
       [
        116.3442004,
        39.9460063
       ],
       [
        116.3440896,
        39.9460566
       ],
       [
        116.3439857,
        39.946115
       ],
       [
        116.3438898,
        39.9461809
       ],
       [
        116.3438027,
        39.9462537
       ],
       [
        116.3437254,
        39.9463328
       ],
       [
        116.3436584,
        39.9464173
       ],
       [
        116.3436026,
        39.9465065
       ],
       [
        116.3435584,
        39.9465995
       ],
       [
        116.3435262,
        39.9466953
       ],
       [
        116.3435064,
        39.9467931
       ],
       [
        116.3434992,
        39.9468919
       ],
       [
        116.3435045,
        39.9469908
       ],
       [
        116.3435225,
        39.9470888
       ],
       [
        116.3435528,
        39.947185
       ],
       [
        116.3435952,
        39.9472785
       ],
       [
        116.3436494,
        39.9473683
       ],
       [
        116.3437147,
        39.9474536
       ],
       [
        116.3437905,
        39.9475335
       ],
       [
        116.3438762,
        39.9476073
       ],
       [
        116.3439708,
        39.9476743
       ],
       [
        116.3440736,
        39.9477339
       ],
       [
        116.3441834,
        39.9477854
       ],
       [
        116.3442992,
        39.9478284
       ],
       [
        116.34442,
        39.9478624
       ],
       [
        116.3445445,
        39.9478872
       ],
       [
        116.3446716,
        39.9479024
       ],
       [
        116.3448,
        39.947908
       ],
       [
        116.3461983,
        39.9479159
       ],
       [
        116.346202,
        39.947672
       ],
       [
        116.3461828,
        39.9476584
       ],
       [
        116.3460941,
        39.9475819
       ],
       [
        116.3460155,
        39.9474991
       ],
       [
        116.3459479,
        39.9474108
       ],
       [
        116.3458918,
        39.9473178
       ],
       [
        116.3458478,
        39.947221
       ],
       [
        116.3458164,
        39.9471214
       ],
       [
        116.3457978,
        39.9470199
       ],
       [
        116.3457923,
        39.9469174
       ],
       [
        116.3457998,
        39.9468151
       ],
       [
        116.3458203,
        39.9467138
       ],
       [
        116.3458536,
        39.9466145
       ],
       [
        116.3458994,
        39.9465182
       ],
       [
        116.3459572,
        39.9464259
       ],
       [
        116.3459609,
        39.9464213
       ],
       [
        116.345296,
        39.9458934
       ],
       [
        116.3448192,
        39.9458907
       ],
       [
        116.3446908,
        39.9458948
       ],
       [
        116.3445634,
        39.9459086
       ]
      ]
     ]
    ]
   }
  },
  {
   "type": "Feature",
   "id": "GREEN-003",
   "properties": {
    "id": "GREEN-003",
    "layer": "GREEN_SPACE",
    "source_type": "agent_generated_design",
    "confidence": "medium",
    "geometry_role": "design_proposal",
    "land_use_code": "1401",
    "name_zh": "原点社区零公里园",
    "design_note_zh": "重点区域内的放大公园绿地，承担活动、展示与遮荫功能。",
    "area_sqm_declared": 79596.037,
    "usage_note": "概念建议，可供专业团队深化研究；不构成法定规划、政府审定结论或实施承诺。"
   },
   "geometry": {
    "type": "MultiPolygon",
    "coordinates": [
     [
      [
       [
        116.3491849,
        39.9894414
       ],
       [
        116.3493016,
        39.9893997
       ],
       [
        116.3494124,
        39.9893495
       ],
       [
        116.3495164,
        39.9892911
       ],
       [
        116.3496123,
        39.9892251
       ],
       [
        116.3496994,
        39.9891523
       ],
       [
        116.3497769,
        39.9890732
       ],
       [
        116.3498438,
        39.9889887
       ],
       [
        116.3498997,
        39.9888995
       ],
       [
        116.3499439,
        39.9888065
       ],
       [
        116.3499761,
        39.9887107
       ],
       [
        116.3499959,
        39.9886129
       ],
       [
        116.3500032,
        39.9885141
       ],
       [
        116.3499978,
        39.9884152
       ],
       [
        116.3499798,
        39.9883172
       ],
       [
        116.3499495,
        39.988221
       ],
       [
        116.349907,
        39.9881275
       ],
       [
        116.3498528,
        39.9880377
       ],
       [
        116.3497875,
        39.9879525
       ],
       [
        116.3497116,
        39.9878725
       ],
       [
        116.3496259,
        39.9877987
       ],
       [
        116.3495311,
        39.9877317
       ],
       [
        116.3494284,
        39.9876722
       ],
       [
        116.3493185,
        39.9876207
       ],
       [
        116.3492025,
        39.9875777
       ],
       [
        116.3490817,
        39.9875437
       ],
       [
        116.3489571,
        39.9875189
       ],
       [
        116.34883,
        39.9875037
       ],
       [
        116.3487015,
        39.9874981
       ],
       [
        116.3483424,
        39.9874961
       ],
       [
        116.3475652,
        39.9880638
       ],
       [
        116.3476089,
        39.9881363
       ],
       [
        116.3476528,
        39.988233
       ],
       [
        116.3476843,
        39.9883327
       ],
       [
        116.3477029,
        39.9884342
       ],
       [
        116.3477084,
        39.9885366
       ],
       [
        116.3477009,
        39.988639
       ],
       [
        116.3476804,
        39.9887403
       ],
       [
        116.3476471,
        39.9888395
       ],
       [
        116.3476012,
        39.9889358
       ],
       [
        116.3475434,
        39.9890282
       ],
       [
        116.347474,
        39.9891157
       ],
       [
        116.3473938,
        39.9891976
       ],
       [
        116.3473036,
        39.9892731
       ],
       [
        116.3472866,
        39.9892847
       ],
       [
        116.3472865,
        39.9895075
       ],
       [
        116.3486823,
        39.9895153
       ],
       [
        116.3488109,
        39.9895112
       ],
       [
        116.3489383,
        39.9894974
       ],
       [
        116.3490634,
        39.9894741
       ],
       [
        116.3491849,
        39.9894414
       ]
      ]
     ],
     [
      [
       [
        116.3437625,
        39.9874896
       ],
       [
        116.3436374,
        39.987513
       ],
       [
        116.3435159,
        39.9875456
       ],
       [
        116.3433992,
        39.9875873
       ],
       [
        116.3432883,
        39.9876375
       ],
       [
        116.3431844,
        39.9876959
       ],
       [
        116.3430884,
        39.9877618
       ],
       [
        116.3430013,
        39.9878347
       ],
       [
        116.3429239,
        39.9879138
       ],
       [
        116.3428569,
        39.9879983
       ],
       [
        116.3428011,
        39.9880875
       ],
       [
        116.3427568,
        39.9881804
       ],
       [
        116.3427246,
        39.9882762
       ],
       [
        116.3427048,
        39.988374
       ],
       [
        116.3426975,
        39.9884729
       ],
       [
        116.3427029,
        39.9885718
       ],
       [
        116.3427209,
        39.9886698
       ],
       [
        116.3427512,
        39.988766
       ],
       [
        116.3427937,
        39.9888594
       ],
       [
        116.3428478,
        39.9889492
       ],
       [
        116.3429132,
        39.9890345
       ],
       [
        116.3429891,
        39.9891144
       ],
       [
        116.3430748,
        39.9891883
       ],
       [
        116.3431695,
        39.9892553
       ],
       [
        116.3432723,
        39.9893148
       ],
       [
        116.3433822,
        39.9893663
       ],
       [
        116.3434981,
        39.9894093
       ],
       [
        116.3436189,
        39.9894433
       ],
       [
        116.3437435,
        39.9894681
       ],
       [
        116.3438707,
        39.9894833
       ],
       [
        116.3439992,
        39.9894889
       ],
       [
        116.3454132,
        39.9894969
       ],
       [
        116.3454133,
        39.9892837
       ],
       [
        116.345383,
        39.9892622
       ],
       [
        116.3452942,
        39.9891858
       ],
       [
        116.3452156,
        39.989103
       ],
       [
        116.3451479,
        39.9890147
       ],
       [
        116.3450918,
        39.9889217
       ],
       [
        116.3450478,
        39.9888249
       ],
       [
        116.3450164,
        39.9887252
       ],
       [
        116.3449978,
        39.9886237
       ],
       [
        116.3449922,
        39.9885213
       ],
       [
        116.3449998,
        39.9884189
       ],
       [
        116.3450203,
        39.9883176
       ],
       [
        116.3450536,
        39.9882184
       ],
       [
        116.3450994,
        39.9881221
       ],
       [
        116.3451573,
        39.9880298
       ],
       [
        116.3452078,
        39.9879661
       ],
       [
        116.3446667,
        39.9874753
       ],
       [
        116.3440185,
        39.9874717
       ],
       [
        116.3438899,
        39.9874758
       ],
       [
        116.3437625,
        39.9874896
       ]
      ]
     ]
    ]
   }
  },
  {
   "type": "Feature",
   "id": "GREEN-004",
   "properties": {
    "id": "GREEN-004",
    "layer": "GREEN_SPACE",
    "source_type": "agent_generated_design",
    "confidence": "medium",
    "geometry_role": "design_proposal",
    "land_use_code": "1401",
    "name_zh": "众智园算力庭院绿核",
    "design_note_zh": "重点区域内的放大公园绿地，承担活动、展示与遮荫功能。",
    "area_sqm_declared": 93065.428,
    "usage_note": "概念建议，可供专业团队深化研究；不构成法定规划、政府审定结论或实施承诺。"
   },
   "geometry": {
    "type": "MultiPolygon",
    "coordinates": [
     [
      [
       [
        116.3507035,
        40.017694
       ],
       [
        116.3508202,
        40.0176523
       ],
       [
        116.3509311,
        40.0176021
       ],
       [
        116.3510351,
        40.0175437
       ],
       [
        116.3511311,
        40.0174777
       ],
       [
        116.3512183,
        40.0174049
       ],
       [
        116.3512957,
        40.0173258
       ],
       [
        116.3513627,
        40.0172413
       ],
       [
        116.3514186,
        40.0171521
       ],
       [
        116.3514628,
        40.0170591
       ],
       [
        116.351495,
        40.0169633
       ],
       [
        116.3515148,
        40.0168655
       ],
       [
        116.3515221,
        40.0167667
       ],
       [
        116.3515167,
        40.0166678
       ],
       [
        116.3514988,
        40.0165698
       ],
       [
        116.3514684,
        40.0164736
       ],
       [
        116.3514259,
        40.0163801
       ],
       [
        116.3513717,
        40.0162903
       ],
       [
        116.3513063,
        40.0162051
       ],
       [
        116.3512304,
        40.0161251
       ],
       [
        116.3511446,
        40.0160513
       ],
       [
        116.3510499,
        40.0159843
       ],
       [
        116.350947,
        40.0159248
       ],
       [
        116.3508371,
        40.0158733
       ],
       [
        116.3507211,
        40.0158303
       ],
       [
        116.3506002,
        40.0157963
       ],
       [
        116.3504756,
        40.0157715
       ],
       [
        116.3503484,
        40.0157563
       ],
       [
        116.3502199,
        40.0157507
       ],
       [
        116.3487538,
        40.0157425
       ],
       [
        116.3488082,
        40.016797
       ],
       [
        116.3488578,
        40.0177604
       ],
       [
        116.3502007,
        40.017768
       ],
       [
        116.3503293,
        40.0177638
       ],
       [
        116.3504568,
        40.01775
       ],
       [
        116.3505819,
        40.0177267
       ],
       [
        116.3507035,
        40.017694
       ]
      ]
     ],
     [
      [
       [
        116.3452788,
        40.0157423
       ],
       [
        116.3451537,
        40.0157656
       ],
       [
        116.3450322,
        40.0157983
       ],
       [
        116.3449154,
        40.0158399
       ],
       [
        116.3448045,
        40.0158902
       ],
       [
        116.3447005,
        40.0159486
       ],
       [
        116.3446045,
        40.0160145
       ],
       [
        116.3445174,
        40.0160874
       ],
       [
        116.3444399,
        40.0161664
       ],
       [
        116.3443729,
        40.016251
       ],
       [
        116.344317,
        40.0163401
       ],
       [
        116.3442728,
        40.0164331
       ],
       [
        116.3442406,
        40.0165289
       ],
       [
        116.3442207,
        40.0166267
       ],
       [
        116.3442135,
        40.0167255
       ],
       [
        116.3442188,
        40.0168244
       ],
       [
        116.3442368,
        40.0169225
       ],
       [
        116.3442671,
        40.0170187
       ],
       [
        116.3443096,
        40.0171121
       ],
       [
        116.3443638,
        40.0172019
       ],
       [
        116.3444292,
        40.0172872
       ],
       [
        116.3445051,
        40.0173671
       ],
       [
        116.3445909,
        40.0174409
       ],
       [
        116.3446856,
        40.0175079
       ],
       [
        116.3447885,
        40.0175675
       ],
       [
        116.3448984,
        40.017619
       ],
       [
        116.3450144,
        40.017662
       ],
       [
        116.3451352,
        40.017696
       ],
       [
        116.3452599,
        40.0177208
       ],
       [
        116.3453871,
        40.017736
       ],
       [
        116.3455156,
        40.0177416
       ],
       [
        116.3469817,
        40.0177499
       ],
       [
        116.3469356,
        40.016854
       ],
       [
        116.3468778,
        40.0157319
       ],
       [
        116.3455349,
        40.0157243
       ],
       [
        116.3454063,
        40.0157285
       ],
       [
        116.3452788,
        40.0157423
       ]
      ]
     ]
    ]
   }
  },
  {
   "type": "Feature",
   "id": "GREEN-005",
   "properties": {
    "id": "GREEN-005",
    "layer": "GREEN_SPACE",
    "source_type": "agent_generated_design",
    "confidence": "medium",
    "geometry_role": "design_proposal",
    "land_use_code": "1402",
    "name_zh": "干道与铁路界面防护绿地",
    "design_note_zh": "沿走廊东西两侧界面的防护绿地，缓冲快速路、主干路与铁路噪声。",
    "area_sqm_declared": 335858.694,
    "usage_note": "概念建议，可供专业团队深化研究；不构成法定规划、政府审定结论或实施承诺。"
   },
   "geometry": {
    "type": "MultiPolygon",
    "coordinates": [
     [
      [
       [
        116.3427677,
        40.026446
       ],
       [
        116.3474294,
        40.0264461
       ],
       [
        116.3474211,
        40.026284
       ],
       [
        116.3429708,
        40.0262839
       ],
       [
        116.3421564,
        40.0095908
       ],
       [
        116.34196,
        40.0094085
       ],
       [
        116.3419119,
        40.0084232
       ],
       [
        116.3419393,
        40.0084386
       ],
       [
        116.3419684,
        40.0084587
       ],
       [
        116.3419948,
        40.0084809
       ],
       [
        116.3421074,
        40.0085854
       ],
       [
        116.3419809,
        40.0059919
       ],
       [
        116.3419807,
        40.0059893
       ],
       [
        116.3413014,
        39.9954638
       ],
       [
        116.3411019,
        39.9952787
       ],
       [
        116.3410409,
        39.9943331
       ],
       [
        116.341062,
        39.9943388
       ],
       [
        116.3410974,
        39.9943516
       ],
       [
        116.341131,
        39.9943669
       ],
       [
        116.3411625,
        39.9943847
       ],
       [
        116.3411916,
        39.9944047
       ],
       [
        116.341218,
        39.9944269
       ],
       [
        116.3412356,
        39.9944432
       ],
       [
        116.3405448,
        39.9837363
       ],
       [
        116.3403456,
        39.9835556
       ],
       [
        116.3402853,
        39.9826209
       ],
       [
        116.3403023,
        39.9826253
       ],
       [
        116.3403379,
        39.9826377
       ],
       [
        116.3403717,
        39.9826528
       ],
       [
        116.3404035,
        39.9826703
       ],
       [
        116.3404328,
        39.9826901
       ],
       [
        116.3404595,
        39.982712
       ],
       [
        116.3404799,
        39.9827305
       ],
       [
        116.3399811,
        39.974997
       ],
       [
        116.3399903,
        39.9746671
       ],
       [
        116.3399645,
        39.9746392
       ],
       [
        116.3399417,
        39.9746085
       ],
       [
        116.339923,
        39.9745762
       ],
       [
        116.3399084,
        39.9745427
       ],
       [
        116.3398982,
        39.9745082
       ],
       [
        116.3398925,
        39.9744731
       ],
       [
        116.3398912,
        39.9744378
       ],
       [
        116.3400163,
        39.9699354
       ],
       [
        116.3400413,
        39.9690349
       ],
       [
        116.3402415,
        39.9618312
       ],
       [
        116.3402665,
        39.9609307
       ],
       [
        116.3402941,
        39.9599366
       ],
       [
        116.340214,
        39.9598748
       ],
       [
        116.3402375,
        39.9590265
       ],
       [
        116.3403206,
        39.9590905
       ],
       [
        116.3403275,
        39.9590596
       ],
       [
        116.3403396,
        39.9590255
       ],
       [
        116.340356,
        39.9589925
       ],
       [
        116.3403765,
        39.9589609
       ],
       [
        116.340401,
        39.958931
       ],
       [
        116.3404282,
        39.9589039
       ],
       [
        116.3408867,
        39.9423923
       ],
       [
        116.3407035,
        39.9422468
       ],
       [
        116.3407274,
        39.9413859
       ],
       [
        116.3409106,
        39.9415314
       ],
       [
        116.3409749,
        39.9392162
       ],
       [
        116.3474289,
        39.9392164
       ],
       [
        116.3478491,
        39.9390543
       ],
       [
        116.3407687,
        39.939054
       ],
       [
        116.3397703,
        39.9749992
       ],
       [
        116.3417702,
        40.0059973
       ],
       [
        116.3417702,
        40.005998
       ],
       [
        116.3427677,
        40.026446
       ]
      ]
     ],
     [
      [
       [
        116.3532299,
        39.9899967
       ],
       [
        116.3552298,
        39.9649983
       ],
       [
        116.3552298,
        39.939054
       ],
       [
        116.352027,
        39.9390542
       ],
       [
        116.3516068,
        39.9392163
       ],
       [
        116.3550192,
        39.9392162
       ],
       [
        116.3550192,
        39.9415035
       ],
       [
        116.3552064,
        39.9413839
       ],
       [
        116.3552064,
        39.9421796
       ],
       [
        116.3550192,
        39.9422991
       ],
       [
        116.3550191,
        39.959145
       ],
       [
        116.3552064,
        39.9590291
       ],
       [
        116.3552064,
        39.959815
       ],
       [
        116.3550191,
        39.9599309
       ],
       [
        116.3550191,
        39.9649934
       ],
       [
        116.3535934,
        39.9828153
       ],
       [
        116.3536613,
        39.9827657
       ],
       [
        116.353691,
        39.9827461
       ],
       [
        116.3537229,
        39.9827288
       ],
       [
        116.3537569,
        39.982714
       ],
       [
        116.3537901,
        39.9827028
       ],
       [
        116.353721,
        39.9835667
       ],
       [
        116.3535217,
        39.9837123
       ],
       [
        116.3530195,
        39.9899867
       ],
       [
        116.3530192,
        39.9900091
       ],
       [
        116.3532921,
        39.9949906
       ],
       [
        116.3533208,
        39.9950179
       ],
       [
        116.3533458,
        39.9950471
       ],
       [
        116.3534773,
        39.9949489
       ],
       [
        116.3535222,
        39.9957692
       ],
       [
        116.3534442,
        39.9958275
       ],
       [
        116.35346,
        39.9961162
       ],
       [
        116.3535587,
        39.997918
       ],
       [
        116.353608,
        39.9988189
       ],
       [
        116.3537067,
        40.0006206
       ],
       [
        116.3537561,
        40.0015215
       ],
       [
        116.3538548,
        40.0033233
       ],
       [
        116.3539042,
        40.0042242
       ],
       [
        116.3540029,
        40.0060259
       ],
       [
        116.3540522,
        40.0069268
       ],
       [
        116.3541509,
        40.0087286
       ],
       [
        116.3541692,
        40.0090614
       ],
       [
        116.3542472,
        40.009003
       ],
       [
        116.3542922,
        40.0098236
       ],
       [
        116.3542141,
        40.0098819
       ],
       [
        116.3542497,
        40.0105304
       ],
       [
        116.3542494,
        40.0105657
       ],
       [
        116.3542445,
        40.0106009
       ],
       [
        116.3542352,
        40.0106355
       ],
       [
        116.3542216,
        40.0106692
       ],
       [
        116.3542037,
        40.0107018
       ],
       [
        116.3541817,
        40.0107329
       ],
       [
        116.3541561,
        40.010762
       ],
       [
        116.3550068,
        40.0262839
       ],
       [
        116.3492969,
        40.026284
       ],
       [
        116.3493052,
        40.0264461
       ],
       [
        116.3552267,
        40.026446
       ],
       [
        116.3532298,
        39.9900023
       ],
       [
        116.3532299,
        39.9899967
       ]
      ]
     ]
    ]
   }
  },
  {
   "type": "Feature",
   "id": "GREEN-006",
   "properties": {
    "id": "GREEN-006",
    "layer": "GREEN_SPACE",
    "source_type": "agent_generated_design",
    "confidence": "medium",
    "geometry_role": "design_proposal",
    "land_use_code": "1401",
    "name_zh": "大钟寺南口口袋公园",
    "design_note_zh": "缝合线两端的口袋公园，为步行到达提供停留与遮荫。",
    "area_sqm_declared": 4275.935,
    "usage_note": "概念建议，可供专业团队深化研究；不构成法定规划、政府审定结论或实施承诺。"
   },
   "geometry": {
    "type": "Polygon",
    "coordinates": [
     [
      [
       116.3414098,
       39.9391873
      ],
      [
       116.3414517,
       39.9392316
      ],
      [
       116.3414992,
       39.9392725
      ],
      [
       116.3415516,
       39.9393096
      ],
      [
       116.3416084,
       39.9393425
      ],
      [
       116.3416692,
       39.939371
      ],
      [
       116.3417333,
       39.9393948
      ],
      [
       116.3418002,
       39.9394137
      ],
      [
       116.3418691,
       39.9394274
      ],
      [
       116.3419394,
       39.9394358
      ],
      [
       116.3420105,
       39.9394389
      ],
      [
       116.3420816,
       39.9394366
      ],
      [
       116.3421521,
       39.939429
      ],
      [
       116.3422213,
       39.9394161
      ],
      [
       116.3422885,
       39.939398
      ],
      [
       116.3423531,
       39.9393749
      ],
      [
       116.3424144,
       39.9393471
      ],
      [
       116.3424719,
       39.9393148
      ],
      [
       116.342525,
       39.9392783
      ],
      [
       116.3425732,
       39.9392379
      ],
      [
       116.342616,
       39.9391942
      ],
      [
       116.342653,
       39.9391474
      ],
      [
       116.3426839,
       39.939098
      ],
      [
       116.3427084,
       39.9390466
      ],
      [
       116.342721,
       39.9390091
      ],
      [
       116.3413108,
       39.939009
      ],
      [
       116.3413202,
       39.9390387
      ],
      [
       116.3413437,
       39.9390904
      ],
      [
       116.3413736,
       39.9391401
      ],
      [
       116.3414098,
       39.9391873
      ]
     ]
    ]
   }
  },
  {
   "type": "Feature",
   "id": "GREEN-007",
   "properties": {
    "id": "GREEN-007",
    "layer": "GREEN_SPACE",
    "source_type": "agent_generated_design",
    "confidence": "medium",
    "geometry_role": "design_proposal",
    "land_use_code": "1401",
    "name_zh": "大钟寺南口口袋公园",
    "design_note_zh": "缝合线两端的口袋公园，为步行到达提供停留与遮荫。",
    "area_sqm_declared": 5184.687,
    "usage_note": "概念建议，可供专业团队深化研究；不构成法定规划、政府审定结论或实施承诺。"
   },
   "geometry": {
    "type": "Polygon",
    "coordinates": [
     [
      [
       116.3533012,
       39.9392073
      ],
      [
       116.3533374,
       39.9392545
      ],
      [
       116.3533794,
       39.9392987
      ],
      [
       116.3534268,
       39.9393396
      ],
      [
       116.3534792,
       39.9393767
      ],
      [
       116.3535361,
       39.9394096
      ],
      [
       116.3535969,
       39.9394382
      ],
      [
       116.353661,
       39.9394619
      ],
      [
       116.3537278,
       39.9394808
      ],
      [
       116.3537968,
       39.9394945
      ],
      [
       116.3538671,
       39.9395029
      ],
      [
       116.3539382,
       39.939506
      ],
      [
       116.3540093,
       39.9395037
      ],
      [
       116.3540798,
       39.939496
      ],
      [
       116.354149,
       39.9394831
      ],
      [
       116.3542162,
       39.939465
      ],
      [
       116.3542807,
       39.939442
      ],
      [
       116.354342,
       39.9394141
      ],
      [
       116.3543995,
       39.9393818
      ],
      [
       116.3544526,
       39.9393453
      ],
      [
       116.3545008,
       39.939305
      ],
      [
       116.3545436,
       39.9392612
      ],
      [
       116.3545807,
       39.9392144
      ],
      [
       116.3546116,
       39.939165
      ],
      [
       116.354636,
       39.9391136
      ],
      [
       116.3546538,
       39.9390605
      ],
      [
       116.3546642,
       39.939009
      ],
      [
       116.353223,
       39.9390091
      ],
      [
       116.353231,
       39.9390526
      ],
      [
       116.3532478,
       39.9391058
      ],
      [
       116.3532713,
       39.9391576
      ],
      [
       116.3533012,
       39.9392073
      ]
     ]
    ]
   }
  },
  {
   "type": "Feature",
   "id": "GREEN-008",
   "properties": {
    "id": "GREEN-008",
    "layer": "GREEN_SPACE",
    "source_type": "agent_generated_design",
    "confidence": "medium",
    "geometry_role": "design_proposal",
    "land_use_code": "1401",
    "name_zh": "大钟寺北口口袋公园",
    "design_note_zh": "缝合线两端的口袋公园，为步行到达提供停留与遮荫。",
    "area_sqm_declared": 12056.892,
    "usage_note": "概念建议，可供专业团队深化研究；不构成法定规划、政府审定结论或实施承诺。"
   },
   "geometry": {
    "type": "Polygon",
    "coordinates": [
     [
      [
       116.342524,
       39.9445868
      ],
      [
       116.342494,
       39.9445371
      ],
      [
       116.3424578,
       39.9444899
      ],
      [
       116.3424159,
       39.9444457
      ],
      [
       116.3423684,
       39.9444048
      ],
      [
       116.342316,
       39.9443677
      ],
      [
       116.3422592,
       39.9443347
      ],
      [
       116.3421984,
       39.9443062
      ],
      [
       116.3421343,
       39.9442824
      ],
      [
       116.3420674,
       39.9442636
      ],
      [
       116.3419985,
       39.9442499
      ],
      [
       116.3419281,
       39.9442414
      ],
      [
       116.3418571,
       39.9442383
      ],
      [
       116.3417859,
       39.9442406
      ],
      [
       116.3417154,
       39.9442483
      ],
      [
       116.3416463,
       39.9442612
      ],
      [
       116.3415791,
       39.9442793
      ],
      [
       116.3415145,
       39.9443023
      ],
      [
       116.3414531,
       39.9443301
      ],
      [
       116.3413957,
       39.9443625
      ],
      [
       116.3413426,
       39.944399
      ],
      [
       116.3412944,
       39.9444393
      ],
      [
       116.3412515,
       39.9444831
      ],
      [
       116.3412145,
       39.9445298
      ],
      [
       116.3411836,
       39.9445792
      ],
      [
       116.3411591,
       39.9446307
      ],
      [
       116.3411413,
       39.9446837
      ],
      [
       116.3411303,
       39.9447379
      ],
      [
       116.3411263,
       39.9447926
      ],
      [
       116.3411293,
       39.9448473
      ],
      [
       116.3411392,
       39.9449016
      ],
      [
       116.341156,
       39.9449548
      ],
      [
       116.3411795,
       39.9450066
      ],
      [
       116.3412094,
       39.9450563
      ],
      [
       116.3412456,
       39.9451035
      ],
      [
       116.3412876,
       39.9451477
      ],
      [
       116.341335,
       39.9451886
      ],
      [
       116.3413874,
       39.9452257
      ],
      [
       116.3414442,
       39.9452586
      ],
      [
       116.341505,
       39.9452872
      ],
      [
       116.3415692,
       39.945311
      ],
      [
       116.341636,
       39.9453298
      ],
      [
       116.3417049,
       39.9453435
      ],
      [
       116.3417753,
       39.9453519
      ],
      [
       116.3418464,
       39.945355
      ],
      [
       116.3419175,
       39.9453528
      ],
      [
       116.341988,
       39.9453451
      ],
      [
       116.3420572,
       39.9453322
      ],
      [
       116.3421244,
       39.9453141
      ],
      [
       116.342189,
       39.945291
      ],
      [
       116.3422503,
       39.9452632
      ],
      [
       116.3423078,
       39.9452309
      ],
      [
       116.3423609,
       39.9451944
      ],
      [
       116.3424091,
       39.9451541
      ],
      [
       116.3424519,
       39.9451103
      ],
      [
       116.342489,
       39.9450635
      ],
      [
       116.3425199,
       39.9450142
      ],
      [
       116.3425443,
       39.9449627
      ],
      [
       116.3425622,
       39.9449097
      ],
      [
       116.3425731,
       39.9448555
      ],
      [
       116.3425771,
       39.9448008
      ],
      [
       116.3425742,
       39.9447461
      ],
      [
       116.3425642,
       39.9446918
      ],
      [
       116.3425474,
       39.9446385
      ],
      [
       116.342524,
       39.9445868
      ]
     ]
    ]
   }
  },
  {
   "type": "Feature",
   "id": "GREEN-009",
   "properties": {
    "id": "GREEN-009",
    "layer": "GREEN_SPACE",
    "source_type": "agent_generated_design",
    "confidence": "medium",
    "geometry_role": "design_proposal",
    "land_use_code": "1401",
    "name_zh": "大钟寺北口口袋公园",
    "design_note_zh": "缝合线两端的口袋公园，为步行到达提供停留与遮荫。",
    "area_sqm_declared": 12056.892,
    "usage_note": "概念建议，可供专业团队深化研究；不构成法定规划、政府审定结论或实施承诺。"
   },
   "geometry": {
    "type": "Polygon",
    "coordinates": [
     [
      [
       116.3546155,
       39.9446548
      ],
      [
       116.3545856,
       39.9446051
      ],
      [
       116.3545494,
       39.9445579
      ],
      [
       116.3545074,
       39.9445136
      ],
      [
       116.35446,
       39.9444727
      ],
      [
       116.3544076,
       39.9444356
      ],
      [
       116.3543507,
       39.9444027
      ],
      [
       116.3542899,
       39.9443742
      ],
      [
       116.3542258,
       39.9443504
      ],
      [
       116.3541589,
       39.9443316
      ],
      [
       116.35409,
       39.9443179
      ],
      [
       116.3540197,
       39.9443094
      ],
      [
       116.3539486,
       39.9443063
      ],
      [
       116.3538774,
       39.9443086
      ],
      [
       116.353807,
       39.9443163
      ],
      [
       116.3537378,
       39.9443292
      ],
      [
       116.3536706,
       39.9443473
      ],
      [
       116.353606,
       39.9443704
      ],
      [
       116.3535447,
       39.9443982
      ],
      [
       116.3534872,
       39.9444305
      ],
      [
       116.3534341,
       39.944467
      ],
      [
       116.3533859,
       39.9445074
      ],
      [
       116.3533431,
       39.9445511
      ],
      [
       116.353306,
       39.9445979
      ],
      [
       116.3532751,
       39.9446473
      ],
      [
       116.3532507,
       39.9446987
      ],
      [
       116.3532329,
       39.9447518
      ],
      [
       116.3532219,
       39.9448059
      ],
      [
       116.3532179,
       39.9448607
      ],
      [
       116.3532209,
       39.9449154
      ],
      [
       116.3532308,
       39.9449697
      ],
      [
       116.3532476,
       39.9450229
      ],
      [
       116.3532711,
       39.9450746
      ],
      [
       116.3533011,
       39.9451243
      ],
      [
       116.3533372,
       39.9451715
      ],
      [
       116.3533792,
       39.9452158
      ],
      [
       116.3534267,
       39.9452567
      ],
      [
       116.3534791,
       39.9452937
      ],
      [
       116.3535359,
       39.9453267
      ],
      [
       116.3535967,
       39.9453552
      ],
      [
       116.3536609,
       39.945379
      ],
      [
       116.3537277,
       39.9453978
      ],
      [
       116.3537966,
       39.9454115
      ],
      [
       116.353867,
       39.94542
      ],
      [
       116.3539381,
       39.9454231
      ],
      [
       116.3540092,
       39.9454208
      ],
      [
       116.3540797,
       39.9454131
      ],
      [
       116.3541489,
       39.9454002
      ],
      [
       116.3542161,
       39.9453821
      ],
      [
       116.3542807,
       39.945359
      ],
      [
       116.354342,
       39.9453312
      ],
      [
       116.3543995,
       39.9452989
      ],
      [
       116.3544526,
       39.9452624
      ],
      [
       116.3545007,
       39.945222
      ],
      [
       116.3545436,
       39.9451783
      ],
      [
       116.3545806,
       39.9451315
      ],
      [
       116.3546115,
       39.9450821
      ],
      [
       116.354636,
       39.9450306
      ],
      [
       116.3546538,
       39.9449776
      ],
      [
       116.3546647,
       39.9449234
      ],
      [
       116.3546687,
       39.9448687
      ],
      [
       116.3546658,
       39.944814
      ],
      [
       116.3546558,
       39.9447597
      ],
      [
       116.354639,
       39.9447065
      ],
      [
       116.3546155,
       39.9446548
      ]
     ]
    ]
   }
  },
  {
   "type": "Feature",
   "id": "GREEN-010",
   "properties": {
    "id": "GREEN-010",
    "layer": "GREEN_SPACE",
    "source_type": "agent_generated_design",
    "confidence": "medium",
    "geometry_role": "design_proposal",
    "land_use_code": "1401",
    "name_zh": "北三环学知桥口袋公园",
    "design_note_zh": "缝合线两端的口袋公园，为步行到达提供停留与遮荫。",
    "area_sqm_declared": 12056.892,
    "usage_note": "概念建议，可供专业团队深化研究；不构成法定规划、政府审定结论或实施承诺。"
   },
   "geometry": {
    "type": "Polygon",
    "coordinates": [
     [
      [
       116.3423209,
       39.9519077
      ],
      [
       116.3422909,
       39.951858
      ],
      [
       116.3422548,
       39.9518108
      ],
      [
       116.3422128,
       39.9517665
      ],
      [
       116.3421653,
       39.9517256
      ],
      [
       116.3421129,
       39.9516886
      ],
      [
       116.3420561,
       39.9516556
      ],
      [
       116.3419953,
       39.9516271
      ],
      [
       116.3419311,
       39.9516033
      ],
      [
       116.3418643,
       39.9515844
      ],
      [
       116.3417953,
       39.9515707
      ],
      [
       116.341725,
       39.9515623
      ],
      [
       116.3416539,
       39.9515592
      ],
      [
       116.3415828,
       39.9515615
      ],
      [
       116.3415123,
       39.9515691
      ],
      [
       116.3414431,
       39.951582
      ],
      [
       116.3413759,
       39.9516001
      ],
      [
       116.3413113,
       39.9516232
      ],
      [
       116.34125,
       39.951651
      ],
      [
       116.3411925,
       39.9516833
      ],
      [
       116.3411394,
       39.9517198
      ],
      [
       116.3410911,
       39.9517601
      ],
      [
       116.3410483,
       39.9518039
      ],
      [
       116.3410113,
       39.9518507
      ],
      [
       116.3409803,
       39.9519001
      ],
      [
       116.3409559,
       39.9519515
      ],
      [
       116.3409381,
       39.9520046
      ],
      [
       116.3409271,
       39.9520587
      ],
      [
       116.3409231,
       39.9521134
      ],
      [
       116.340926,
       39.9521682
      ],
      [
       116.340936,
       39.9522224
      ],
      [
       116.3409528,
       39.9522757
      ],
      [
       116.3409762,
       39.9523274
      ],
      [
       116.3410062,
       39.9523771
      ],
      [
       116.3410424,
       39.9524243
      ],
      [
       116.3410844,
       39.9524686
      ],
      [
       116.3411318,
       39.9525095
      ],
      [
       116.3411842,
       39.9525465
      ],
      [
       116.341241,
       39.9525795
      ],
      [
       116.3413018,
       39.952608
      ],
      [
       116.341366,
       39.9526318
      ],
      [
       116.3414328,
       39.9526507
      ],
      [
       116.3415018,
       39.9526644
      ],
      [
       116.3415721,
       39.9526728
      ],
      [
       116.3416432,
       39.9526759
      ],
      [
       116.3417143,
       39.9526736
      ],
      [
       116.3417849,
       39.952666
      ],
      [
       116.341854,
       39.9526531
      ],
      [
       116.3419213,
       39.952635
      ],
      [
       116.3419858,
       39.9526119
      ],
      [
       116.3420472,
       39.9525841
      ],
      [
       116.3421047,
       39.9525518
      ],
      [
       116.3421578,
       39.9525153
      ],
      [
       116.342206,
       39.9524749
      ],
      [
       116.3422488,
       39.9524312
      ],
      [
       116.3422859,
       39.9523844
      ],
      [
       116.3423168,
       39.952335
      ],
      [
       116.3423413,
       39.9522836
      ],
      [
       116.3423591,
       39.9522305
      ],
      [
       116.34237,
       39.9521764
      ],
      [
       116.3423741,
       39.9521217
      ],
      [
       116.3423711,
       39.9520669
      ],
      [
       116.3423612,
       39.9520127
      ],
      [
       116.3423444,
       39.9519594
      ],
      [
       116.3423209,
       39.9519077
      ]
     ]
    ]
   }
  },
  {
   "type": "Feature",
   "id": "GREEN-011",
   "properties": {
    "id": "GREEN-011",
    "layer": "GREEN_SPACE",
    "source_type": "agent_generated_design",
    "confidence": "medium",
    "geometry_role": "design_proposal",
    "land_use_code": "1401",
    "name_zh": "北三环学知桥口袋公园",
    "design_note_zh": "缝合线两端的口袋公园，为步行到达提供停留与遮荫。",
    "area_sqm_declared": 12056.892,
    "usage_note": "概念建议，可供专业团队深化研究；不构成法定规划、政府审定结论或实施承诺。"
   },
   "geometry": {
    "type": "Polygon",
    "coordinates": [
     [
      [
       116.3546155,
       39.9519768
      ],
      [
       116.3545855,
       39.9519271
      ],
      [
       116.3545493,
       39.9518799
      ],
      [
       116.3545073,
       39.9518356
      ],
      [
       116.3544599,
       39.9517948
      ],
      [
       116.3544075,
       39.9517577
      ],
      [
       116.3543506,
       39.9517247
      ],
      [
       116.3542898,
       39.9516962
      ],
      [
       116.3542257,
       39.9516724
      ],
      [
       116.3541588,
       39.9516536
      ],
      [
       116.3540899,
       39.9516399
      ],
      [
       116.3540195,
       39.9516314
      ],
      [
       116.3539484,
       39.9516284
      ],
      [
       116.3538773,
       39.9516307
      ],
      [
       116.3538068,
       39.9516383
      ],
      [
       116.3537376,
       39.9516512
      ],
      [
       116.3536704,
       39.9516693
      ],
      [
       116.3536058,
       39.9516924
      ],
      [
       116.3535445,
       39.9517202
      ],
      [
       116.353487,
       39.9517525
      ],
      [
       116.3534339,
       39.951789
      ],
      [
       116.3533857,
       39.9518294
      ],
      [
       116.3533429,
       39.9518732
      ],
      [
       116.3533058,
       39.9519199
      ],
      [
       116.3532749,
       39.9519693
      ],
      [
       116.3532505,
       39.9520208
      ],
      [
       116.3532327,
       39.9520738
      ],
      [
       116.3532217,
       39.952128
      ],
      [
       116.3532177,
       39.9521827
      ],
      [
       116.3532207,
       39.9522374
      ],
      [
       116.3532306,
       39.9522917
      ],
      [
       116.3532474,
       39.9523449
      ],
      [
       116.3532709,
       39.9523967
      ],
      [
       116.3533009,
       39.9524464
      ],
      [
       116.353337,
       39.9524936
      ],
      [
       116.353379,
       39.9525378
      ],
      [
       116.3534265,
       39.9525787
      ],
      [
       116.3534789,
       39.9526158
      ],
      [
       116.3535357,
       39.9526487
      ],
      [
       116.3535965,
       39.9526772
      ],
      [
       116.3536607,
       39.952701
      ],
      [
       116.3537276,
       39.9527199
      ],
      [
       116.3537965,
       39.9527336
      ],
      [
       116.3538668,
       39.952742
      ],
      [
       116.3539379,
       39.9527451
      ],
      [
       116.3540091,
       39.9527428
      ],
      [
       116.3540796,
       39.9527351
      ],
      [
       116.3541488,
       39.9527222
      ],
      [
       116.354216,
       39.9527041
      ],
      [
       116.3542805,
       39.952681
      ],
      [
       116.3543419,
       39.9526532
      ],
      [
       116.3543994,
       39.9526209
      ],
      [
       116.3544525,
       39.9525844
      ],
      [
       116.3545007,
       39.9525441
      ],
      [
       116.3545435,
       39.9525003
      ],
      [
       116.3545805,
       39.9524535
      ],
      [
       116.3546114,
       39.9524041
      ],
      [
       116.3546359,
       39.9523527
      ],
      [
       116.3546537,
       39.9522996
      ],
      [
       116.3546647,
       39.9522455
      ],
      [
       116.3546687,
       39.9521908
      ],
      [
       116.3546657,
       39.952136
      ],
      [
       116.3546558,
       39.9520818
      ],
      [
       116.354639,
       39.9520285
      ],
      [
       116.3546155,
       39.9519768
      ]
     ]
    ]
   }
  },
  {
   "type": "Feature",
   "id": "GREEN-012",
   "properties": {
    "id": "GREEN-012",
    "layer": "GREEN_SPACE",
    "source_type": "agent_generated_design",
    "confidence": "medium",
    "geometry_role": "design_proposal",
    "land_use_code": "1401",
    "name_zh": "皂君庙口袋公园",
    "design_note_zh": "缝合线两端的口袋公园，为步行到达提供停留与遮荫。",
    "area_sqm_declared": 7740.143,
    "usage_note": "概念建议，可供专业团队深化研究；不构成法定规划、政府审定结论或实施承诺。"
   },
   "geometry": {
    "type": "Polygon",
    "coordinates": [
     [
      [
       116.342116,
       39.9592916
      ],
      [
       116.342086,
       39.9592419
      ],
      [
       116.3420499,
       39.9591947
      ],
      [
       116.3420079,
       39.9591504
      ],
      [
       116.3419604,
       39.9591095
      ],
      [
       116.341908,
       39.9590724
      ],
      [
       116.3418512,
       39.9590395
      ],
      [
       116.3417904,
       39.959011
      ],
      [
       116.3417262,
       39.9589872
      ],
      [
       116.3416594,
       39.9589683
      ],
      [
       116.3415904,
       39.9589546
      ],
      [
       116.3415201,
       39.9589462
      ],
      [
       116.341449,
       39.9589431
      ],
      [
       116.3413778,
       39.9589454
      ],
      [
       116.3413073,
       39.958953
      ],
      [
       116.3412381,
       39.9589659
      ],
      [
       116.3412026,
       39.9589755
      ],
      [
       116.3412208,
       39.9590067
      ],
      [
       116.3412353,
       39.9590403
      ],
      [
       116.3412455,
       39.9590747
      ],
      [
       116.3412513,
       39.9591098
      ],
      [
       116.3412526,
       39.9591451
      ],
      [
       116.3412345,
       39.9597944
      ],
      [
       116.3415678,
       39.9600512
      ],
      [
       116.3415799,
       39.9600499
      ],
      [
       116.3416491,
       39.9600369
      ],
      [
       116.3417163,
       39.9600189
      ],
      [
       116.3417809,
       39.9599958
      ],
      [
       116.3418423,
       39.959968
      ],
      [
       116.3418998,
       39.9599357
      ],
      [
       116.3419529,
       39.9598992
      ],
      [
       116.3420011,
       39.9598588
      ],
      [
       116.3420439,
       39.9598151
      ],
      [
       116.342081,
       39.9597683
      ],
      [
       116.3421119,
       39.9597189
      ],
      [
       116.3421364,
       39.9596675
      ],
      [
       116.3421542,
       39.9596144
      ],
      [
       116.3421652,
       39.9595603
      ],
      [
       116.3421692,
       39.9595056
      ],
      [
       116.3421662,
       39.9594508
      ],
      [
       116.3421563,
       39.9593966
      ],
      [
       116.3421395,
       39.9593433
      ],
      [
       116.342116,
       39.9592916
      ]
     ]
    ]
   }
  },
  {
   "type": "Feature",
   "id": "GREEN-013",
   "properties": {
    "id": "GREEN-013",
    "layer": "GREEN_SPACE",
    "source_type": "agent_generated_design",
    "confidence": "medium",
    "geometry_role": "design_proposal",
    "land_use_code": "1401",
    "name_zh": "皂君庙口袋公园",
    "design_note_zh": "缝合线两端的口袋公园，为步行到达提供停留与遮荫。",
    "area_sqm_declared": 8545.43,
    "usage_note": "概念建议，可供专业团队深化研究；不构成法定规划、政府审定结论或实施承诺。"
   },
   "geometry": {
    "type": "Polygon",
    "coordinates": [
     [
      [
       116.3546154,
       39.9593618
      ],
      [
       116.3545854,
       39.9593121
      ],
      [
       116.3545492,
       39.9592649
      ],
      [
       116.3545072,
       39.9592207
      ],
      [
       116.3544598,
       39.9591798
      ],
      [
       116.3544074,
       39.9591427
      ],
      [
       116.3543505,
       39.9591098
      ],
      [
       116.3542897,
       39.9590813
      ],
      [
       116.3542255,
       39.9590575
      ],
      [
       116.3541587,
       39.9590386
      ],
      [
       116.3540897,
       39.9590249
      ],
      [
       116.3540194,
       39.9590165
      ],
      [
       116.3539483,
       39.9590134
      ],
      [
       116.3538771,
       39.9590157
      ],
      [
       116.3538066,
       39.9590234
      ],
      [
       116.3537374,
       39.9590363
      ],
      [
       116.3536702,
       39.9590544
      ],
      [
       116.3536056,
       39.9590774
      ],
      [
       116.3535443,
       39.9591053
      ],
      [
       116.3534868,
       39.9591376
      ],
      [
       116.3534337,
       39.9591741
      ],
      [
       116.3533855,
       39.9592144
      ],
      [
       116.3533427,
       39.9592582
      ],
      [
       116.3533056,
       39.959305
      ],
      [
       116.3532747,
       39.9593544
      ],
      [
       116.3532502,
       39.9594058
      ],
      [
       116.3532324,
       39.9594589
      ],
      [
       116.3532215,
       39.959513
      ],
      [
       116.3532175,
       39.9595677
      ],
      [
       116.3532204,
       39.9596225
      ],
      [
       116.3532304,
       39.9596767
      ],
      [
       116.3532472,
       39.95973
      ],
      [
       116.3532707,
       39.9597817
      ],
      [
       116.3533007,
       39.9598314
      ],
      [
       116.3533368,
       39.9598786
      ],
      [
       116.3533788,
       39.9599229
      ],
      [
       116.3534263,
       39.9599637
      ],
      [
       116.3534787,
       39.9600008
      ],
      [
       116.3535356,
       39.9600338
      ],
      [
       116.3535627,
       39.9600465
      ],
      [
       116.3546271,
       39.9593876
      ],
      [
       116.3546154,
       39.9593618
      ]
     ]
    ]
   }
  },
  {
   "type": "Feature",
   "id": "GREEN-014",
   "properties": {
    "id": "GREEN-014",
    "layer": "GREEN_SPACE",
    "source_type": "agent_generated_design",
    "confidence": "medium",
    "geometry_role": "design_proposal",
    "land_use_code": "1401",
    "name_zh": "北四环双清口袋公园",
    "design_note_zh": "缝合线两端的口袋公园，为步行到达提供停留与遮荫。",
    "area_sqm_declared": 8127.798,
    "usage_note": "概念建议，可供专业团队深化研究；不构成法定规划、政府审定结论或实施承诺。"
   },
   "geometry": {
    "type": "Polygon",
    "coordinates": [
     [
      [
       116.3419111,
       39.9666755
      ],
      [
       116.3418811,
       39.9666257
      ],
      [
       116.3418449,
       39.9665785
      ],
      [
       116.3418029,
       39.9665343
      ],
      [
       116.3417555,
       39.9664934
      ],
      [
       116.3417031,
       39.9664563
      ],
      [
       116.3416462,
       39.9664234
      ],
      [
       116.3415854,
       39.9663948
      ],
      [
       116.3415212,
       39.966371
      ],
      [
       116.3414544,
       39.9663522
      ],
      [
       116.3413854,
       39.9663385
      ],
      [
       116.3413151,
       39.9663301
      ],
      [
       116.341244,
       39.966327
      ],
      [
       116.3411728,
       39.9663293
      ],
      [
       116.3411023,
       39.9663369
      ],
      [
       116.3410526,
       39.9663462
      ],
      [
       116.3410228,
       39.9674184
      ],
      [
       116.3410918,
       39.9674321
      ],
      [
       116.3411621,
       39.9674406
      ],
      [
       116.3412332,
       39.9674437
      ],
      [
       116.3413044,
       39.9674414
      ],
      [
       116.3413749,
       39.9674337
      ],
      [
       116.3414441,
       39.9674208
      ],
      [
       116.3415113,
       39.9674027
      ],
      [
       116.3415759,
       39.9673797
      ],
      [
       116.3416373,
       39.9673519
      ],
      [
       116.3416948,
       39.9673195
      ],
      [
       116.3417479,
       39.967283
      ],
      [
       116.3417961,
       39.9672427
      ],
      [
       116.341839,
       39.9671989
      ],
      [
       116.341876,
       39.9671522
      ],
      [
       116.341907,
       39.9671028
      ],
      [
       116.3419314,
       39.9670513
      ],
      [
       116.3419493,
       39.9669983
      ],
      [
       116.3419602,
       39.9669441
      ],
      [
       116.3419642,
       39.9668894
      ],
      [
       116.3419613,
       39.9668347
      ],
      [
       116.3419513,
       39.9667804
      ],
      [
       116.3419345,
       39.9667272
      ],
      [
       116.3419111,
       39.9666755
      ]
     ]
    ]
   }
  },
  {
   "type": "Feature",
   "id": "GREEN-015",
   "properties": {
    "id": "GREEN-015",
    "layer": "GREEN_SPACE",
    "source_type": "agent_generated_design",
    "confidence": "medium",
    "geometry_role": "design_proposal",
    "land_use_code": "1401",
    "name_zh": "北四环双清口袋公园",
    "design_note_zh": "缝合线两端的口袋公园，为步行到达提供停留与遮荫。",
    "area_sqm_declared": 12056.892,
    "usage_note": "概念建议，可供专业团队深化研究；不构成法定规划、政府审定结论或实施承诺。"
   },
   "geometry": {
    "type": "Polygon",
    "coordinates": [
     [
      [
       116.3540551,
       39.9667438
      ],
      [
       116.3540252,
       39.9666941
      ],
      [
       116.353989,
       39.9666469
      ],
      [
       116.353947,
       39.9666026
      ],
      [
       116.3538995,
       39.9665617
      ],
      [
       116.3538471,
       39.9665247
      ],
      [
       116.3537902,
       39.9664917
      ],
      [
       116.3537294,
       39.9664632
      ],
      [
       116.3536653,
       39.9664394
      ],
      [
       116.3535984,
       39.9664206
      ],
      [
       116.3535294,
       39.9664069
      ],
      [
       116.3534591,
       39.9663984
      ],
      [
       116.353388,
       39.9663953
      ],
      [
       116.3533168,
       39.9663976
      ],
      [
       116.3532463,
       39.9664053
      ],
      [
       116.3531771,
       39.9664182
      ],
      [
       116.3531099,
       39.9664363
      ],
      [
       116.3530453,
       39.9664594
      ],
      [
       116.3529839,
       39.9664872
      ],
      [
       116.3529264,
       39.9665195
      ],
      [
       116.3528733,
       39.966556
      ],
      [
       116.3528251,
       39.9665964
      ],
      [
       116.3527823,
       39.9666401
      ],
      [
       116.3527452,
       39.9666869
      ],
      [
       116.3527143,
       39.9667363
      ],
      [
       116.3526898,
       39.9667877
      ],
      [
       116.352672,
       39.9668408
      ],
      [
       116.3526611,
       39.9668949
      ],
      [
       116.3526571,
       39.9669496
      ],
      [
       116.35266,
       39.9670044
      ],
      [
       116.35267,
       39.9670587
      ],
      [
       116.3526868,
       39.9671119
      ],
      [
       116.3527103,
       39.9671636
      ],
      [
       116.3527403,
       39.9672133
      ],
      [
       116.3527764,
       39.9672605
      ],
      [
       116.3528184,
       39.9673048
      ],
      [
       116.3528659,
       39.9673456
      ],
      [
       116.3529183,
       39.9673827
      ],
      [
       116.3529752,
       39.9674157
      ],
      [
       116.353036,
       39.9674442
      ],
      [
       116.3531002,
       39.967468
      ],
      [
       116.353167,
       39.9674868
      ],
      [
       116.353236,
       39.9675005
      ],
      [
       116.3533064,
       39.967509
      ],
      [
       116.3533775,
       39.967512
      ],
      [
       116.3534486,
       39.9675098
      ],
      [
       116.3535191,
       39.9675021
      ],
      [
       116.3535883,
       39.9674892
      ],
      [
       116.3536556,
       39.9674711
      ],
      [
       116.3537201,
       39.967448
      ],
      [
       116.3537815,
       39.9674202
      ],
      [
       116.353839,
       39.9673879
      ],
      [
       116.3538921,
       39.9673514
      ],
      [
       116.3539403,
       39.967311
      ],
      [
       116.3539832,
       39.9672673
      ],
      [
       116.3540202,
       39.9672205
      ],
      [
       116.3540511,
       39.9671711
      ],
      [
       116.3540756,
       39.9671196
      ],
      [
       116.3540934,
       39.9670666
      ],
      [
       116.3541044,
       39.9670125
      ],
      [
       116.3541084,
       39.9669577
      ],
      [
       116.3541054,
       39.966903
      ],
      [
       116.3540954,
       39.9668487
      ],
      [
       116.3540786,
       39.9667955
      ],
      [
       116.3540551,
       39.9667438
      ]
     ]
    ]
   }
  },
  {
   "type": "Feature",
   "id": "GREEN-016",
   "properties": {
    "id": "GREEN-016",
    "layer": "GREEN_SPACE",
    "source_type": "agent_generated_design",
    "confidence": "medium",
    "geometry_role": "design_proposal",
    "land_use_code": "1401",
    "name_zh": "小月河南口口袋公园",
    "design_note_zh": "缝合线两端的口袋公园，为步行到达提供停留与遮荫。",
    "area_sqm_declared": 10853.585,
    "usage_note": "概念建议，可供专业团队深化研究；不构成法定规划、政府审定结论或实施承诺。"
   },
   "geometry": {
    "type": "Polygon",
    "coordinates": [
     [
      [
       116.3420337,
       39.9729804
      ],
      [
       116.3420037,
       39.9729307
      ],
      [
       116.3419675,
       39.9728835
      ],
      [
       116.3419255,
       39.9728393
      ],
      [
       116.3418781,
       39.9727984
      ],
      [
       116.3418257,
       39.9727613
      ],
      [
       116.3417688,
       39.9727284
      ],
      [
       116.341708,
       39.9726998
      ],
      [
       116.3416438,
       39.972676
      ],
      [
       116.3415769,
       39.9726572
      ],
      [
       116.341508,
       39.9726435
      ],
      [
       116.3414376,
       39.9726351
      ],
      [
       116.3413665,
       39.972632
      ],
      [
       116.3412954,
       39.9726342
      ],
      [
       116.3412248,
       39.9726419
      ],
      [
       116.3411556,
       39.9726548
      ],
      [
       116.3410884,
       39.9726729
      ],
      [
       116.3410238,
       39.9726959
      ],
      [
       116.3409624,
       39.9727238
      ],
      [
       116.3409049,
       39.9727561
      ],
      [
       116.340874,
       39.9727773
      ],
      [
       116.3408515,
       39.9735874
      ],
      [
       116.3408966,
       39.9736193
      ],
      [
       116.3409535,
       39.9736523
      ],
      [
       116.3410143,
       39.9736808
      ],
      [
       116.3410785,
       39.9737046
      ],
      [
       116.3411454,
       39.9737234
      ],
      [
       116.3412143,
       39.9737371
      ],
      [
       116.3412847,
       39.9737456
      ],
      [
       116.3413558,
       39.9737487
      ],
      [
       116.3414269,
       39.9737464
      ],
      [
       116.3414975,
       39.9737387
      ],
      [
       116.3415667,
       39.9737258
      ],
      [
       116.3416339,
       39.9737077
      ],
      [
       116.3416985,
       39.9736847
      ],
      [
       116.3417599,
       39.9736569
      ],
      [
       116.3418174,
       39.9736245
      ],
      [
       116.3418705,
       39.973588
      ],
      [
       116.3419187,
       39.9735477
      ],
      [
       116.3419616,
       39.9735039
      ],
      [
       116.3419986,
       39.9734572
      ],
      [
       116.3420296,
       39.9734078
      ],
      [
       116.3420541,
       39.9733563
      ],
      [
       116.3420719,
       39.9733033
      ],
      [
       116.3420828,
       39.9732491
      ],
      [
       116.3420869,
       39.9731944
      ],
      [
       116.3420839,
       39.9731397
      ],
      [
       116.342074,
       39.9730854
      ],
      [
       116.3420572,
       39.9730322
      ],
      [
       116.3420337,
       39.9729804
      ]
     ]
    ]
   }
  },
  {
   "type": "Feature",
   "id": "GREEN-017",
   "properties": {
    "id": "GREEN-017",
    "layer": "GREEN_SPACE",
    "source_type": "agent_generated_design",
    "confidence": "medium",
    "geometry_role": "design_proposal",
    "land_use_code": "1401",
    "name_zh": "小月河南口口袋公园",
    "design_note_zh": "缝合线两端的口袋公园，为步行到达提供停留与遮荫。",
    "area_sqm_declared": 12056.892,
    "usage_note": "概念建议，可供专业团队深化研究；不构成法定规划、政府审定结论或实施承诺。"
   },
   "geometry": {
    "type": "Polygon",
    "coordinates": [
     [
      [
       116.353551,
       39.9730453
      ],
      [
       116.3535211,
       39.9729955
      ],
      [
       116.3534849,
       39.9729483
      ],
      [
       116.3534429,
       39.9729041
      ],
      [
       116.3533954,
       39.9728632
      ],
      [
       116.353343,
       39.9728261
      ],
      [
       116.3532861,
       39.9727932
      ],
      [
       116.3532253,
       39.9727647
      ],
      [
       116.3531611,
       39.9727409
      ],
      [
       116.3530943,
       39.9727221
      ],
      [
       116.3530253,
       39.9727084
      ],
      [
       116.3529549,
       39.9726999
      ],
      [
       116.3528838,
       39.9726968
      ],
      [
       116.3528127,
       39.9726991
      ],
      [
       116.3527421,
       39.9727068
      ],
      [
       116.3526729,
       39.9727197
      ],
      [
       116.3526057,
       39.9727378
      ],
      [
       116.3525411,
       39.9727609
      ],
      [
       116.3524797,
       39.9727887
      ],
      [
       116.3524222,
       39.972821
      ],
      [
       116.3523691,
       39.9728575
      ],
      [
       116.3523209,
       39.9728978
      ],
      [
       116.3522781,
       39.9729416
      ],
      [
       116.352241,
       39.9729884
      ],
      [
       116.3522101,
       39.9730378
      ],
      [
       116.3521856,
       39.9730892
      ],
      [
       116.3521678,
       39.9731423
      ],
      [
       116.3521568,
       39.9731964
      ],
      [
       116.3521528,
       39.9732511
      ],
      [
       116.3521558,
       39.9733059
      ],
      [
       116.3521658,
       39.9733601
      ],
      [
       116.3521826,
       39.9734134
      ],
      [
       116.3522061,
       39.9734651
      ],
      [
       116.352236,
       39.9735148
      ],
      [
       116.3522722,
       39.973562
      ],
      [
       116.3523142,
       39.9736063
      ],
      [
       116.3523617,
       39.9736471
      ],
      [
       116.3524141,
       39.9736842
      ],
      [
       116.352471,
       39.9737172
      ],
      [
       116.3525318,
       39.9737457
      ],
      [
       116.352596,
       39.9737695
      ],
      [
       116.3526628,
       39.9737883
      ],
      [
       116.3527318,
       39.973802
      ],
      [
       116.3528022,
       39.9738104
      ],
      [
       116.3528733,
       39.9738135
      ],
      [
       116.3529444,
       39.9738112
      ],
      [
       116.353015,
       39.9738036
      ],
      [
       116.3530842,
       39.9737907
      ],
      [
       116.3531514,
       39.9737726
      ],
      [
       116.353216,
       39.9737495
      ],
      [
       116.3532774,
       39.9737217
      ],
      [
       116.3533349,
       39.9736894
      ],
      [
       116.353388,
       39.9736529
      ],
      [
       116.3534362,
       39.9736125
      ],
      [
       116.353479,
       39.9735688
      ],
      [
       116.3535161,
       39.973522
      ],
      [
       116.353547,
       39.9734726
      ],
      [
       116.3535715,
       39.9734211
      ],
      [
       116.3535893,
       39.9733681
      ],
      [
       116.3536003,
       39.9733139
      ],
      [
       116.3536043,
       39.9732592
      ],
      [
       116.3536013,
       39.9732045
      ],
      [
       116.3535914,
       39.9731502
      ],
      [
       116.3535745,
       39.973097
      ],
      [
       116.353551,
       39.9730453
      ]
     ]
    ]
   }
  },
  {
   "type": "Feature",
   "id": "GREEN-018",
   "properties": {
    "id": "GREEN-018",
    "layer": "GREEN_SPACE",
    "source_type": "agent_generated_design",
    "confidence": "medium",
    "geometry_role": "design_proposal",
    "land_use_code": "1401",
    "name_zh": "原点社区南口口袋公园",
    "design_note_zh": "缝合线两端的口袋公园，为步行到达提供停留与遮荫。",
    "area_sqm_declared": 12056.892,
    "usage_note": "概念建议，可供专业团队深化研究；不构成法定规划、政府审定结论或实施承诺。"
   },
   "geometry": {
    "type": "Polygon",
    "coordinates": [
     [
      [
       116.3423697,
       39.9781879
      ],
      [
       116.3423397,
       39.9781382
      ],
      [
       116.3423036,
       39.978091
      ],
      [
       116.3422615,
       39.9780467
      ],
      [
       116.3422141,
       39.9780059
      ],
      [
       116.3421617,
       39.9779688
      ],
      [
       116.3421048,
       39.9779358
      ],
      [
       116.342044,
       39.9779073
      ],
      [
       116.3419798,
       39.9778835
      ],
      [
       116.3419129,
       39.9778647
      ],
      [
       116.341844,
       39.9778509
      ],
      [
       116.3417736,
       39.9778425
      ],
      [
       116.3417025,
       39.9778394
      ],
      [
       116.3416313,
       39.9778417
      ],
      [
       116.3415608,
       39.9778493
      ],
      [
       116.3414916,
       39.9778623
      ],
      [
       116.3414243,
       39.9778803
      ],
      [
       116.3413597,
       39.9779034
      ],
      [
       116.3412984,
       39.9779312
      ],
      [
       116.3412408,
       39.9779635
      ],
      [
       116.3411877,
       39.978
      ],
      [
       116.3411395,
       39.9780404
      ],
      [
       116.3410966,
       39.9780841
      ],
      [
       116.3410596,
       39.9781309
      ],
      [
       116.3410286,
       39.9781803
      ],
      [
       116.3410042,
       39.9782317
      ],
      [
       116.3409863,
       39.9782848
      ],
      [
       116.3409754,
       39.9783389
      ],
      [
       116.3409713,
       39.9783936
      ],
      [
       116.3409743,
       39.9784484
      ],
      [
       116.3409842,
       39.9785026
      ],
      [
       116.341001,
       39.9785559
      ],
      [
       116.3410245,
       39.9786076
      ],
      [
       116.3410545,
       39.9786573
      ],
      [
       116.3410907,
       39.9787045
      ],
      [
       116.3411327,
       39.9787488
      ],
      [
       116.3411801,
       39.9787897
      ],
      [
       116.3412326,
       39.9788268
      ],
      [
       116.3412894,
       39.9788597
      ],
      [
       116.3413503,
       39.9788882
      ],
      [
       116.3414144,
       39.978912
      ],
      [
       116.3414813,
       39.9789309
      ],
      [
       116.3415503,
       39.9789446
      ],
      [
       116.3416206,
       39.978953
      ],
      [
       116.3416918,
       39.9789561
      ],
      [
       116.3417629,
       39.9789538
      ],
      [
       116.3418335,
       39.9789462
      ],
      [
       116.3419027,
       39.9789333
      ],
      [
       116.3419699,
       39.9789152
      ],
      [
       116.3420345,
       39.9788921
      ],
      [
       116.3420959,
       39.9788643
      ],
      [
       116.3421534,
       39.978832
      ],
      [
       116.3422065,
       39.9787955
      ],
      [
       116.3422548,
       39.9787552
      ],
      [
       116.3422976,
       39.9787114
      ],
      [
       116.3423347,
       39.9786646
      ],
      [
       116.3423656,
       39.9786152
      ],
      [
       116.3423901,
       39.9785638
      ],
      [
       116.3424079,
       39.9785107
      ],
      [
       116.3424189,
       39.9784566
      ],
      [
       116.3424229,
       39.9784019
      ],
      [
       116.3424199,
       39.9783471
      ],
      [
       116.34241,
       39.9782929
      ],
      [
       116.3423932,
       39.9782396
      ],
      [
       116.3423697,
       39.9781879
      ]
     ]
    ]
   }
  },
  {
   "type": "Feature",
   "id": "GREEN-019",
   "properties": {
    "id": "GREEN-019",
    "layer": "GREEN_SPACE",
    "source_type": "agent_generated_design",
    "confidence": "medium",
    "geometry_role": "design_proposal",
    "land_use_code": "1401",
    "name_zh": "原点社区南口口袋公园",
    "design_note_zh": "缝合线两端的口袋公园，为步行到达提供停留与遮荫。",
    "area_sqm_declared": 12056.892,
    "usage_note": "概念建议，可供专业团队深化研究；不构成法定规划、政府审定结论或实施承诺。"
   },
   "geometry": {
    "type": "Polygon",
    "coordinates": [
     [
      [
       116.3531347,
       39.9782485
      ],
      [
       116.3531047,
       39.9781988
      ],
      [
       116.3530686,
       39.9781516
      ],
      [
       116.3530266,
       39.9781073
      ],
      [
       116.3529791,
       39.9780665
      ],
      [
       116.3529267,
       39.9780294
      ],
      [
       116.3528698,
       39.9779964
      ],
      [
       116.352809,
       39.9779679
      ],
      [
       116.3527448,
       39.9779441
      ],
      [
       116.3526779,
       39.9779253
      ],
      [
       116.3526089,
       39.9779116
      ],
      [
       116.3525386,
       39.9779031
      ],
      [
       116.3524675,
       39.9779001
      ],
      [
       116.3523963,
       39.9779023
      ],
      [
       116.3523258,
       39.97791
      ],
      [
       116.3522565,
       39.9779229
      ],
      [
       116.3521893,
       39.977941
      ],
      [
       116.3521247,
       39.9779641
      ],
      [
       116.3520634,
       39.9779919
      ],
      [
       116.3520058,
       39.9780242
      ],
      [
       116.3519527,
       39.9780607
      ],
      [
       116.3519045,
       39.9781011
      ],
      [
       116.3518617,
       39.9781448
      ],
      [
       116.3518246,
       39.9781916
      ],
      [
       116.3517937,
       39.978241
      ],
      [
       116.3517692,
       39.9782924
      ],
      [
       116.3517514,
       39.9783455
      ],
      [
       116.3517404,
       39.9783996
      ],
      [
       116.3517364,
       39.9784543
      ],
      [
       116.3517394,
       39.9785091
      ],
      [
       116.3517493,
       39.9785634
      ],
      [
       116.3517661,
       39.9786166
      ],
      [
       116.3517896,
       39.9786683
      ],
      [
       116.3518196,
       39.978718
      ],
      [
       116.3518558,
       39.9787652
      ],
      [
       116.3518978,
       39.9788095
      ],
      [
       116.3519453,
       39.9788503
      ],
      [
       116.3519977,
       39.9788874
      ],
      [
       116.3520546,
       39.9789204
      ],
      [
       116.3521154,
       39.9789489
      ],
      [
       116.3521796,
       39.9789727
      ],
      [
       116.3522465,
       39.9789915
      ],
      [
       116.3523154,
       39.9790052
      ],
      [
       116.3523858,
       39.9790137
      ],
      [
       116.3524569,
       39.9790168
      ],
      [
       116.3525281,
       39.9790145
      ],
      [
       116.3525986,
       39.9790068
      ],
      [
       116.3526678,
       39.9789939
      ],
      [
       116.3527351,
       39.9789758
      ],
      [
       116.3527997,
       39.9789527
      ],
      [
       116.352861,
       39.9789249
      ],
      [
       116.3529185,
       39.9788926
      ],
      [
       116.3529717,
       39.9788561
      ],
      [
       116.3530199,
       39.9788158
      ],
      [
       116.3530627,
       39.978772
      ],
      [
       116.3530998,
       39.9787252
      ],
      [
       116.3531307,
       39.9786758
      ],
      [
       116.3531552,
       39.9786244
      ],
      [
       116.353173,
       39.9785713
      ],
      [
       116.3531839,
       39.9785172
      ],
      [
       116.353188,
       39.9784625
      ],
      [
       116.353185,
       39.9784077
      ],
      [
       116.353175,
       39.9783534
      ],
      [
       116.3531582,
       39.9783002
      ],
      [
       116.3531347,
       39.9782485
      ]
     ]
    ]
   }
  },
  {
   "type": "Feature",
   "id": "GREEN-020",
   "properties": {
    "id": "GREEN-020",
    "layer": "GREEN_SPACE",
    "source_type": "agent_generated_design",
    "confidence": "medium",
    "geometry_role": "design_proposal",
    "land_use_code": "1401",
    "name_zh": "原点社区中枢口袋公园",
    "design_note_zh": "缝合线两端的口袋公园，为步行到达提供停留与遮荫。",
    "area_sqm_declared": 11319.743,
    "usage_note": "概念建议，可供专业团队深化研究；不构成法定规划、政府审定结论或实施承诺。"
   },
   "geometry": {
    "type": "Polygon",
    "coordinates": [
     [
      [
       116.3426965,
       39.9832512
      ],
      [
       116.3426665,
       39.9832015
      ],
      [
       116.3426303,
       39.9831543
      ],
      [
       116.3425883,
       39.98311
      ],
      [
       116.3425409,
       39.9830692
      ],
      [
       116.3424884,
       39.9830321
      ],
      [
       116.3424315,
       39.9829991
      ],
      [
       116.3423707,
       39.9829706
      ],
      [
       116.3423065,
       39.9829468
      ],
      [
       116.3422397,
       39.982928
      ],
      [
       116.3421707,
       39.9829142
      ],
      [
       116.3421003,
       39.9829058
      ],
      [
       116.3420292,
       39.9829027
      ],
      [
       116.341958,
       39.982905
      ],
      [
       116.3418875,
       39.9829126
      ],
      [
       116.3418183,
       39.9829256
      ],
      [
       116.341751,
       39.9829436
      ],
      [
       116.3416864,
       39.9829667
      ],
      [
       116.341625,
       39.9829945
      ],
      [
       116.3415675,
       39.9830268
      ],
      [
       116.3415144,
       39.9830633
      ],
      [
       116.3414662,
       39.9831037
      ],
      [
       116.3414233,
       39.9831474
      ],
      [
       116.3413862,
       39.9831942
      ],
      [
       116.3413553,
       39.9832436
      ],
      [
       116.3413308,
       39.983295
      ],
      [
       116.341313,
       39.9833481
      ],
      [
       116.341302,
       39.9834022
      ],
      [
       116.341298,
       39.9834569
      ],
      [
       116.3412989,
       39.9834735
      ],
      [
       116.3418896,
       39.9840094
      ],
      [
       116.3419474,
       39.9840163
      ],
      [
       116.3420185,
       39.9840194
      ],
      [
       116.3420896,
       39.9840171
      ],
      [
       116.3421602,
       39.9840095
      ],
      [
       116.3422294,
       39.9839966
      ],
      [
       116.3422966,
       39.9839785
      ],
      [
       116.3423613,
       39.9839554
      ],
      [
       116.3424226,
       39.9839276
      ],
      [
       116.3424802,
       39.9838953
      ],
      [
       116.3425333,
       39.9838588
      ],
      [
       116.3425815,
       39.9838185
      ],
      [
       116.3426244,
       39.9837747
      ],
      [
       116.3426614,
       39.9837279
      ],
      [
       116.3426924,
       39.9836785
      ],
      [
       116.3427169,
       39.9836271
      ],
      [
       116.3427347,
       39.983574
      ],
      [
       116.3427456,
       39.9835199
      ],
      [
       116.3427497,
       39.9834652
      ],
      [
       116.3427467,
       39.9834104
      ],
      [
       116.3427368,
       39.9833562
      ],
      [
       116.34272,
       39.9833029
      ],
      [
       116.3426965,
       39.9832512
      ]
     ]
    ]
   }
  },
  {
   "type": "Feature",
   "id": "GREEN-021",
   "properties": {
    "id": "GREEN-021",
    "layer": "GREEN_SPACE",
    "source_type": "agent_generated_design",
    "confidence": "medium",
    "geometry_role": "design_proposal",
    "land_use_code": "1401",
    "name_zh": "原点社区中枢口袋公园",
    "design_note_zh": "缝合线两端的口袋公园，为步行到达提供停留与遮荫。",
    "area_sqm_declared": 10000.151,
    "usage_note": "概念建议，可供专业团队深化研究；不构成法定规划、政府审定结论或实施承诺。"
   },
   "geometry": {
    "type": "Polygon",
    "coordinates": [
     [
      [
       116.3527299,
       39.9833077
      ],
      [
       116.3526999,
       39.983258
      ],
      [
       116.3526637,
       39.9832108
      ],
      [
       116.3526217,
       39.9831665
      ],
      [
       116.3525742,
       39.9831256
      ],
      [
       116.3525218,
       39.9830885
      ],
      [
       116.3524649,
       39.9830556
      ],
      [
       116.3524041,
       39.9830271
      ],
      [
       116.3523399,
       39.9830033
      ],
      [
       116.352273,
       39.9829845
      ],
      [
       116.352204,
       39.9829708
      ],
      [
       116.3521337,
       39.9829623
      ],
      [
       116.3520625,
       39.9829592
      ],
      [
       116.3519914,
       39.9829615
      ],
      [
       116.3519208,
       39.9829692
      ],
      [
       116.3518516,
       39.9829821
      ],
      [
       116.3517844,
       39.9830002
      ],
      [
       116.3517198,
       39.9830233
      ],
      [
       116.3516584,
       39.9830511
      ],
      [
       116.3516009,
       39.9830834
      ],
      [
       116.3515478,
       39.9831199
      ],
      [
       116.3514996,
       39.9831602
      ],
      [
       116.3514567,
       39.983204
      ],
      [
       116.3514196,
       39.9832508
      ],
      [
       116.3513887,
       39.9833002
      ],
      [
       116.3513642,
       39.9833516
      ],
      [
       116.3513464,
       39.9834047
      ],
      [
       116.3513355,
       39.9834588
      ],
      [
       116.3513314,
       39.9835135
      ],
      [
       116.3513344,
       39.9835683
      ],
      [
       116.3513444,
       39.9836225
      ],
      [
       116.3513612,
       39.9836758
      ],
      [
       116.3513847,
       39.9837275
      ],
      [
       116.3514147,
       39.9837772
      ],
      [
       116.3514508,
       39.9838244
      ],
      [
       116.3514929,
       39.9838687
      ],
      [
       116.3515403,
       39.9839095
      ],
      [
       116.3515927,
       39.9839466
      ],
      [
       116.3516496,
       39.9839796
      ],
      [
       116.3517105,
       39.9840081
      ],
      [
       116.3517746,
       39.9840319
      ],
      [
       116.3518415,
       39.9840507
      ],
      [
       116.3518895,
       39.9840602
      ],
      [
       116.3527709,
       39.9834163
      ],
      [
       116.3527702,
       39.9834126
      ],
      [
       116.3527534,
       39.9833594
      ],
      [
       116.3527299,
       39.9833077
      ]
     ]
    ]
   }
  },
  {
   "type": "Feature",
   "id": "GREEN-022",
   "properties": {
    "id": "GREEN-022",
    "layer": "GREEN_SPACE",
    "source_type": "agent_generated_design",
    "confidence": "medium",
    "geometry_role": "design_proposal",
    "land_use_code": "1401",
    "name_zh": "原点社区北口口袋公园",
    "design_note_zh": "缝合线两端的口袋公园，为步行到达提供停留与遮荫。",
    "area_sqm_declared": 12056.892,
    "usage_note": "概念建议，可供专业团队深化研究；不构成法定规划、政府审定结论或实施承诺。"
   },
   "geometry": {
    "type": "Polygon",
    "coordinates": [
     [
      [
       116.3430192,
       39.9882514
      ],
      [
       116.3429892,
       39.9882017
      ],
      [
       116.342953,
       39.9881545
      ],
      [
       116.342911,
       39.9881103
      ],
      [
       116.3428636,
       39.9880694
      ],
      [
       116.3428111,
       39.9880323
      ],
      [
       116.3427542,
       39.9879993
      ],
      [
       116.3426934,
       39.9879708
      ],
      [
       116.3426292,
       39.987947
      ],
      [
       116.3425624,
       39.9879282
      ],
      [
       116.3424934,
       39.9879145
      ],
      [
       116.342423,
       39.987906
      ],
      [
       116.3423519,
       39.9879029
      ],
      [
       116.3422807,
       39.9879052
      ],
      [
       116.3422102,
       39.9879129
      ],
      [
       116.3421409,
       39.9879258
      ],
      [
       116.3420737,
       39.9879439
      ],
      [
       116.3420091,
       39.9879669
      ],
      [
       116.3419477,
       39.9879947
      ],
      [
       116.3418902,
       39.9880271
      ],
      [
       116.341837,
       39.9880636
      ],
      [
       116.3417888,
       39.9881039
      ],
      [
       116.341746,
       39.9881477
      ],
      [
       116.3417089,
       39.9881944
      ],
      [
       116.3416779,
       39.9882438
      ],
      [
       116.3416535,
       39.9882953
      ],
      [
       116.3416356,
       39.9883483
      ],
      [
       116.3416247,
       39.9884025
      ],
      [
       116.3416206,
       39.9884572
      ],
      [
       116.3416236,
       39.9885119
      ],
      [
       116.3416335,
       39.9885662
      ],
      [
       116.3416503,
       39.9886194
      ],
      [
       116.3416738,
       39.9886712
      ],
      [
       116.3417038,
       39.9887209
      ],
      [
       116.34174,
       39.9887681
      ],
      [
       116.341782,
       39.9888123
      ],
      [
       116.3418295,
       39.9888532
      ],
      [
       116.3418819,
       39.9888903
      ],
      [
       116.3419388,
       39.9889232
      ],
      [
       116.3419996,
       39.9889518
      ],
      [
       116.3420638,
       39.9889756
      ],
      [
       116.3421307,
       39.9889944
      ],
      [
       116.3421997,
       39.9890081
      ],
      [
       116.34227,
       39.9890165
      ],
      [
       116.3423412,
       39.9890196
      ],
      [
       116.3424123,
       39.9890174
      ],
      [
       116.3424829,
       39.9890097
      ],
      [
       116.3425521,
       39.9889968
      ],
      [
       116.3426194,
       39.9889787
      ],
      [
       116.342684,
       39.9889556
      ],
      [
       116.3427453,
       39.9889278
      ],
      [
       116.3428029,
       39.9888955
      ],
      [
       116.342856,
       39.988859
      ],
      [
       116.3429042,
       39.9888187
      ],
      [
       116.3429471,
       39.9887749
      ],
      [
       116.3429842,
       39.9887281
      ],
      [
       116.3430151,
       39.9886788
      ],
      [
       116.3430396,
       39.9886273
      ],
      [
       116.3430574,
       39.9885743
      ],
      [
       116.3430684,
       39.9885201
      ],
      [
       116.3430724,
       39.9884654
      ],
      [
       116.3430694,
       39.9884107
      ],
      [
       116.3430595,
       39.9883564
      ],
      [
       116.3430427,
       39.9883031
      ],
      [
       116.3430192,
       39.9882514
      ]
     ]
    ]
   }
  },
  {
   "type": "Feature",
   "id": "GREEN-023",
   "properties": {
    "id": "GREEN-023",
    "layer": "GREEN_SPACE",
    "source_type": "agent_generated_design",
    "confidence": "medium",
    "geometry_role": "design_proposal",
    "land_use_code": "1401",
    "name_zh": "原点社区北口口袋公园",
    "design_note_zh": "缝合线两端的口袋公园，为步行到达提供停留与遮荫。",
    "area_sqm_declared": 12056.892,
    "usage_note": "概念建议，可供专业团队深化研究；不构成法定规划、政府审定结论或实施承诺。"
   },
   "geometry": {
    "type": "Polygon",
    "coordinates": [
     [
      [
       116.3528107,
       39.9883065
      ],
      [
       116.3527807,
       39.9882568
      ],
      [
       116.3527445,
       39.9882096
      ],
      [
       116.3527025,
       39.9881654
      ],
      [
       116.352655,
       39.9881245
      ],
      [
       116.3526026,
       39.9880874
      ],
      [
       116.3525457,
       39.9880544
      ],
      [
       116.3524848,
       39.9880259
      ],
      [
       116.3524207,
       39.9880021
      ],
      [
       116.3523538,
       39.9879833
      ],
      [
       116.3522848,
       39.9879696
      ],
      [
       116.3522144,
       39.9879612
      ],
      [
       116.3521433,
       39.9879581
      ],
      [
       116.3520721,
       39.9879604
      ],
      [
       116.3520016,
       39.987968
      ],
      [
       116.3519323,
       39.9879809
      ],
      [
       116.3518651,
       39.987999
      ],
      [
       116.3518005,
       39.9880221
      ],
      [
       116.3517391,
       39.9880499
      ],
      [
       116.3516816,
       39.9880822
      ],
      [
       116.3516285,
       39.9881187
      ],
      [
       116.3515802,
       39.9881591
      ],
      [
       116.3515374,
       39.9882029
      ],
      [
       116.3515003,
       39.9882496
      ],
      [
       116.3514694,
       39.988299
      ],
      [
       116.3514449,
       39.9883505
      ],
      [
       116.3514271,
       39.9884035
      ],
      [
       116.3514161,
       39.9884577
      ],
      [
       116.3514121,
       39.9885124
      ],
      [
       116.3514151,
       39.9885671
      ],
      [
       116.351425,
       39.9886214
      ],
      [
       116.3514419,
       39.9886746
      ],
      [
       116.3514654,
       39.9887264
      ],
      [
       116.3514954,
       39.9887761
      ],
      [
       116.3515315,
       39.9888233
      ],
      [
       116.3515735,
       39.9888675
      ],
      [
       116.351621,
       39.9889084
      ],
      [
       116.3516734,
       39.9889455
      ],
      [
       116.3517303,
       39.9889784
      ],
      [
       116.3517912,
       39.9890069
      ],
      [
       116.3518554,
       39.9890307
      ],
      [
       116.3519222,
       39.9890496
      ],
      [
       116.3519912,
       39.9890633
      ],
      [
       116.3520616,
       39.9890717
      ],
      [
       116.3521327,
       39.9890748
      ],
      [
       116.3522039,
       39.9890725
      ],
      [
       116.3522745,
       39.9890648
      ],
      [
       116.3523437,
       39.9890519
      ],
      [
       116.3524109,
       39.9890338
      ],
      [
       116.3524755,
       39.9890108
      ],
      [
       116.3525369,
       39.9889829
      ],
      [
       116.3525944,
       39.9889506
      ],
      [
       116.3526476,
       39.9889141
      ],
      [
       116.3526958,
       39.9888738
      ],
      [
       116.3527386,
       39.98883
      ],
      [
       116.3527757,
       39.9887832
      ],
      [
       116.3528066,
       39.9887339
      ],
      [
       116.3528311,
       39.9886824
      ],
      [
       116.3528489,
       39.9886293
      ],
      [
       116.3528599,
       39.9885752
      ],
      [
       116.3528639,
       39.9885205
      ],
      [
       116.3528609,
       39.9884657
      ],
      [
       116.352851,
       39.9884115
      ],
      [
       116.3528342,
       39.9883582
      ],
      [
       116.3528107,
       39.9883065
      ]
     ]
    ]
   }
  },
  {
   "type": "Feature",
   "id": "GREEN-024",
   "properties": {
    "id": "GREEN-024",
    "layer": "GREEN_SPACE",
    "source_type": "agent_generated_design",
    "confidence": "medium",
    "geometry_role": "design_proposal",
    "land_use_code": "1401",
    "name_zh": "清河南岸口袋公园",
    "design_note_zh": "缝合线两端的口袋公园，为步行到达提供停留与遮荫。",
    "area_sqm_declared": 11445.879,
    "usage_note": "概念建议，可供专业团队深化研究；不构成法定规划、政府审定结论或实施承诺。"
   },
   "geometry": {
    "type": "Polygon",
    "coordinates": [
     [
      [
       116.3434525,
       39.9949634
      ],
      [
       116.3434225,
       39.9949137
      ],
      [
       116.3433863,
       39.9948665
      ],
      [
       116.3433443,
       39.9948223
      ],
      [
       116.3432968,
       39.9947814
      ],
      [
       116.3432444,
       39.9947443
      ],
      [
       116.3431875,
       39.9947113
      ],
      [
       116.3431267,
       39.9946828
      ],
      [
       116.3430625,
       39.994659
      ],
      [
       116.3429956,
       39.9946402
      ],
      [
       116.3429266,
       39.9946265
      ],
      [
       116.3428562,
       39.994618
      ],
      [
       116.3427851,
       39.9946149
      ],
      [
       116.3427139,
       39.9946172
      ],
      [
       116.3426434,
       39.9946249
      ],
      [
       116.3425741,
       39.9946378
      ],
      [
       116.3425069,
       39.9946559
      ],
      [
       116.3424423,
       39.9946789
      ],
      [
       116.3423809,
       39.9947068
      ],
      [
       116.3423233,
       39.9947391
      ],
      [
       116.3422702,
       39.9947756
      ],
      [
       116.342222,
       39.9948159
      ],
      [
       116.3421791,
       39.9948597
      ],
      [
       116.342142,
       39.9949065
      ],
      [
       116.3421111,
       39.9949558
      ],
      [
       116.3420866,
       39.9950073
      ],
      [
       116.3420688,
       39.9950603
      ],
      [
       116.3420578,
       39.9951145
      ],
      [
       116.3420538,
       39.9951692
      ],
      [
       116.3420557,
       39.995204
      ],
      [
       116.3426063,
       39.9957148
      ],
      [
       116.3426329,
       39.9957201
      ],
      [
       116.3427033,
       39.9957286
      ],
      [
       116.3427744,
       39.9957316
      ],
      [
       116.3428456,
       39.9957294
      ],
      [
       116.3429161,
       39.9957217
      ],
      [
       116.3429854,
       39.9957088
      ],
      [
       116.3430526,
       39.9956907
      ],
      [
       116.3431172,
       39.9956677
      ],
      [
       116.3431786,
       39.9956398
      ],
      [
       116.3432361,
       39.9956075
      ],
      [
       116.3432893,
       39.995571
      ],
      [
       116.3433375,
       39.9955307
      ],
      [
       116.3433804,
       39.9954869
      ],
      [
       116.3434175,
       39.9954401
      ],
      [
       116.3434484,
       39.9953908
      ],
      [
       116.3434729,
       39.9953393
      ],
      [
       116.3434907,
       39.9952863
      ],
      [
       116.3435017,
       39.9952321
      ],
      [
       116.3435057,
       39.9951774
      ],
      [
       116.3435027,
       39.9951227
      ],
      [
       116.3434928,
       39.9950684
      ],
      [
       116.343476,
       39.9950152
      ],
      [
       116.3434525,
       39.9949634
      ]
     ]
    ]
   }
  },
  {
   "type": "Feature",
   "id": "GREEN-025",
   "properties": {
    "id": "GREEN-025",
    "layer": "GREEN_SPACE",
    "source_type": "agent_generated_design",
    "confidence": "medium",
    "geometry_role": "design_proposal",
    "land_use_code": "1401",
    "name_zh": "清河南岸口袋公园",
    "design_note_zh": "缝合线两端的口袋公园，为步行到达提供停留与遮荫。",
    "area_sqm_declared": 6852.067,
    "usage_note": "概念建议，可供专业团队深化研究；不构成法定规划、政府审定结论或实施承诺。"
   },
   "geometry": {
    "type": "Polygon",
    "coordinates": [
     [
      [
       116.35307,
       39.994877
      ],
      [
       116.3530226,
       39.9948361
      ],
      [
       116.3529701,
       39.994799
      ],
      [
       116.3529132,
       39.994766
      ],
      [
       116.3528524,
       39.9947375
      ],
      [
       116.3527882,
       39.9947137
      ],
      [
       116.3527213,
       39.9946949
      ],
      [
       116.3526523,
       39.9946812
      ],
      [
       116.3525819,
       39.9946728
      ],
      [
       116.3525108,
       39.9946697
      ],
      [
       116.3524396,
       39.994672
      ],
      [
       116.3523691,
       39.9946796
      ],
      [
       116.3522998,
       39.9946926
      ],
      [
       116.3522326,
       39.9947106
      ],
      [
       116.352168,
       39.9947337
      ],
      [
       116.3521066,
       39.9947615
      ],
      [
       116.352049,
       39.9947939
      ],
      [
       116.3519959,
       39.9948304
      ],
      [
       116.3519477,
       39.9948707
      ],
      [
       116.3519048,
       39.9949145
      ],
      [
       116.3518678,
       39.9949613
      ],
      [
       116.3518368,
       39.9950106
      ],
      [
       116.3518123,
       39.9950621
      ],
      [
       116.3517945,
       39.9951151
      ],
      [
       116.3517836,
       39.9951693
      ],
      [
       116.3517796,
       39.995224
      ],
      [
       116.3517825,
       39.9952787
      ],
      [
       116.3517925,
       39.995333
      ],
      [
       116.3518093,
       39.9953862
      ],
      [
       116.3518328,
       39.995438
      ],
      [
       116.3518628,
       39.9954877
      ],
      [
       116.351899,
       39.9955349
      ],
      [
       116.351941,
       39.9955791
      ],
      [
       116.3519885,
       39.99562
      ],
      [
       116.3520409,
       39.9956571
      ],
      [
       116.3520978,
       39.99569
      ],
      [
       116.3521586,
       39.9957185
      ],
      [
       116.3522228,
       39.9957423
      ],
      [
       116.3522897,
       39.9957612
      ],
      [
       116.3523587,
       39.9957749
      ],
      [
       116.3523703,
       39.9957763
      ],
      [
       116.3524985,
       39.9956804
      ],
      [
       116.3524747,
       39.9952456
      ],
      [
       116.3524751,
       39.9952103
      ],
      [
       116.3524799,
       39.9951751
      ],
      [
       116.3524892,
       39.9951405
      ],
      [
       116.3525028,
       39.9951068
      ],
      [
       116.3525207,
       39.9950742
      ],
      [
       116.3525427,
       39.9950431
      ],
      [
       116.3525685,
       39.9950139
      ],
      [
       116.3525979,
       39.9949867
      ],
      [
       116.3526306,
       39.9949619
      ],
      [
       116.3526663,
       39.9949396
      ],
      [
       116.3527047,
       39.9949202
      ],
      [
       116.3527454,
       39.9949038
      ],
      [
       116.352788,
       39.9948905
      ],
      [
       116.3528321,
       39.9948804
      ],
      [
       116.3528772,
       39.9948738
      ],
      [
       116.352923,
       39.9948706
      ],
      [
       116.3529689,
       39.9948708
      ],
      [
       116.3530147,
       39.9948745
      ],
      [
       116.3530597,
       39.9948817
      ],
      [
       116.3530788,
       39.9948862
      ],
      [
       116.35307,
       39.994877
      ]
     ]
    ]
   }
  },
  {
   "type": "Feature",
   "id": "GREEN-026",
   "properties": {
    "id": "GREEN-026",
    "layer": "GREEN_SPACE",
    "source_type": "agent_generated_design",
    "confidence": "medium",
    "geometry_role": "design_proposal",
    "land_use_code": "1401",
    "name_zh": "众智园南口口袋公园",
    "design_note_zh": "缝合线两端的口袋公园，为步行到达提供停留与遮荫。",
    "area_sqm_declared": 12056.892,
    "usage_note": "概念建议，可供专业团队深化研究；不构成法定规划、政府审定结论或实施承诺。"
   },
   "geometry": {
    "type": "Polygon",
    "coordinates": [
     [
      [
       116.3438964,
       40.0021888
      ],
      [
       116.3438664,
       40.0021391
      ],
      [
       116.3438302,
       40.0020919
      ],
      [
       116.3437882,
       40.0020477
      ],
      [
       116.3437407,
       40.0020068
      ],
      [
       116.3436883,
       40.0019697
      ],
      [
       116.3436314,
       40.0019367
      ],
      [
       116.3435705,
       40.0019082
      ],
      [
       116.3435063,
       40.0018844
      ],
      [
       116.3434394,
       40.0018656
      ],
      [
       116.3433705,
       40.0018519
      ],
      [
       116.3433001,
       40.0018434
      ],
      [
       116.3432289,
       40.0018404
      ],
      [
       116.3431577,
       40.0018426
      ],
      [
       116.3430872,
       40.0018503
      ],
      [
       116.3430179,
       40.0018632
      ],
      [
       116.3429507,
       40.0018813
      ],
      [
       116.342886,
       40.0019043
      ],
      [
       116.3428247,
       40.0019322
      ],
      [
       116.3427671,
       40.0019645
      ],
      [
       116.342714,
       40.002001
      ],
      [
       116.3426657,
       40.0020413
      ],
      [
       116.3426229,
       40.0020851
      ],
      [
       116.3425858,
       40.0021319
      ],
      [
       116.3425549,
       40.0021812
      ],
      [
       116.3425304,
       40.0022327
      ],
      [
       116.3425125,
       40.0022857
      ],
      [
       116.3425016,
       40.0023399
      ],
      [
       116.3424975,
       40.0023946
      ],
      [
       116.3425005,
       40.0024493
      ],
      [
       116.3425104,
       40.0025036
      ],
      [
       116.3425273,
       40.0025568
      ],
      [
       116.3425508,
       40.0026086
      ],
      [
       116.3425807,
       40.0026583
      ],
      [
       116.3426169,
       40.0027055
      ],
      [
       116.3426589,
       40.0027497
      ],
      [
       116.3427064,
       40.0027906
      ],
      [
       116.3427588,
       40.0028277
      ],
      [
       116.3428158,
       40.0028607
      ],
      [
       116.3428766,
       40.0028892
      ],
      [
       116.3429408,
       40.002913
      ],
      [
       116.3430077,
       40.0029318
      ],
      [
       116.3430767,
       40.0029455
      ],
      [
       116.3431471,
       40.002954
      ],
      [
       116.3432182,
       40.002957
      ],
      [
       116.3432894,
       40.0029548
      ],
      [
       116.34336,
       40.0029471
      ],
      [
       116.3434292,
       40.0029342
      ],
      [
       116.3434965,
       40.0029161
      ],
      [
       116.3435611,
       40.0028931
      ],
      [
       116.3436225,
       40.0028652
      ],
      [
       116.34368,
       40.0028329
      ],
      [
       116.3437332,
       40.0027964
      ],
      [
       116.3437814,
       40.0027561
      ],
      [
       116.3438243,
       40.0027123
      ],
      [
       116.3438613,
       40.0026655
      ],
      [
       116.3438923,
       40.0026162
      ],
      [
       116.3439168,
       40.0025647
      ],
      [
       116.3439346,
       40.0025117
      ],
      [
       116.3439456,
       40.0024575
      ],
      [
       116.3439496,
       40.0024028
      ],
      [
       116.3439466,
       40.0023481
      ],
      [
       116.3439367,
       40.0022938
      ],
      [
       116.3439199,
       40.0022406
      ],
      [
       116.3438964,
       40.0021888
      ]
     ]
    ]
   }
  },
  {
   "type": "Feature",
   "id": "GREEN-027",
   "properties": {
    "id": "GREEN-027",
    "layer": "GREEN_SPACE",
    "source_type": "agent_generated_design",
    "confidence": "medium",
    "geometry_role": "design_proposal",
    "land_use_code": "1401",
    "name_zh": "众智园南口口袋公园",
    "design_note_zh": "缝合线两端的口袋公园，为步行到达提供停留与遮荫。",
    "area_sqm_declared": 5693.12,
    "usage_note": "概念建议，可供专业团队深化研究；不构成法定规划、政府审定结论或实施承诺。"
   },
   "geometry": {
    "type": "Polygon",
    "coordinates": [
     [
      [
       116.3528353,
       40.0018971
      ],
      [
       116.3527647,
       40.0019047
      ],
      [
       116.3526955,
       40.0019177
      ],
      [
       116.3526282,
       40.0019357
      ],
      [
       116.3525636,
       40.0019588
      ],
      [
       116.3525022,
       40.0019866
      ],
      [
       116.3524447,
       40.002019
      ],
      [
       116.3523915,
       40.0020555
      ],
      [
       116.3523433,
       40.0020958
      ],
      [
       116.3523005,
       40.0021396
      ],
      [
       116.3522634,
       40.0021864
      ],
      [
       116.3522325,
       40.0022357
      ],
      [
       116.352208,
       40.0022872
      ],
      [
       116.3521901,
       40.0023402
      ],
      [
       116.3521792,
       40.0023944
      ],
      [
       116.3521752,
       40.0024491
      ],
      [
       116.3521781,
       40.0025038
      ],
      [
       116.3521881,
       40.0025581
      ],
      [
       116.3522049,
       40.0026113
      ],
      [
       116.3522284,
       40.0026631
      ],
      [
       116.3522584,
       40.0027128
      ],
      [
       116.3522946,
       40.00276
      ],
      [
       116.3523366,
       40.0028042
      ],
      [
       116.3523841,
       40.0028451
      ],
      [
       116.3524365,
       40.0028822
      ],
      [
       116.3524934,
       40.0029151
      ],
      [
       116.3525543,
       40.0029436
      ],
      [
       116.3526185,
       40.0029674
      ],
      [
       116.3526854,
       40.0029863
      ],
      [
       116.3527544,
       40.003
      ],
      [
       116.3528248,
       40.0030084
      ],
      [
       116.3528959,
       40.0030115
      ],
      [
       116.3529,
       40.0030114
      ],
      [
       116.352839,
       40.001897
      ],
      [
       116.3528353,
       40.0018971
      ]
     ]
    ]
   }
  },
  {
   "type": "Feature",
   "id": "GREEN-028",
   "properties": {
    "id": "GREEN-028",
    "layer": "GREEN_SPACE",
    "source_type": "agent_generated_design",
    "confidence": "medium",
    "geometry_role": "design_proposal",
    "land_use_code": "1401",
    "name_zh": "众智园中枢口袋公园",
    "design_note_zh": "缝合线两端的口袋公园，为步行到达提供停留与遮荫。",
    "area_sqm_declared": 11449.567,
    "usage_note": "概念建议，可供专业团队深化研究；不构成法定规划、政府审定结论或实施承诺。"
   },
   "geometry": {
    "type": "Polygon",
    "coordinates": [
     [
      [
       116.3442296,
       40.0090173
      ],
      [
       116.3441996,
       40.0089676
      ],
      [
       116.3441634,
       40.0089204
      ],
      [
       116.3441214,
       40.0088762
      ],
      [
       116.344074,
       40.0088353
      ],
      [
       116.3440215,
       40.0087982
      ],
      [
       116.3439646,
       40.0087652
      ],
      [
       116.3439037,
       40.0087367
      ],
      [
       116.3438396,
       40.0087129
      ],
      [
       116.3437726,
       40.0086941
      ],
      [
       116.3437036,
       40.0086804
      ],
      [
       116.3436332,
       40.0086719
      ],
      [
       116.3435621,
       40.0086689
      ],
      [
       116.3434909,
       40.0086711
      ],
      [
       116.3434203,
       40.0086788
      ],
      [
       116.3433511,
       40.0086917
      ],
      [
       116.3432838,
       40.0087098
      ],
      [
       116.3432192,
       40.0087328
      ],
      [
       116.3431578,
       40.0087607
      ],
      [
       116.3431003,
       40.008793
      ],
      [
       116.3430471,
       40.0088295
      ],
      [
       116.3429989,
       40.0088698
      ],
      [
       116.342956,
       40.0089136
      ],
      [
       116.3429189,
       40.0089604
      ],
      [
       116.342888,
       40.0090097
      ],
      [
       116.3428635,
       40.0090612
      ],
      [
       116.3428456,
       40.0091142
      ],
      [
       116.3428347,
       40.0091684
      ],
      [
       116.3428307,
       40.0092231
      ],
      [
       116.3428326,
       40.0092585
      ],
      [
       116.3433821,
       40.0097685
      ],
      [
       116.3434098,
       40.009774
      ],
      [
       116.3434803,
       40.0097825
      ],
      [
       116.3435514,
       40.0097855
      ],
      [
       116.3436226,
       40.0097833
      ],
      [
       116.3436932,
       40.0097756
      ],
      [
       116.3437624,
       40.0097627
      ],
      [
       116.3438297,
       40.0097446
      ],
      [
       116.3438943,
       40.0097216
      ],
      [
       116.3439557,
       40.0096937
      ],
      [
       116.3440132,
       40.0096614
      ],
      [
       116.3440664,
       40.0096249
      ],
      [
       116.3441146,
       40.0095846
      ],
      [
       116.3441575,
       40.0095408
      ],
      [
       116.3441946,
       40.009494
      ],
      [
       116.3442255,
       40.0094447
      ],
      [
       116.34425,
       40.0093932
      ],
      [
       116.3442679,
       40.0093402
      ],
      [
       116.3442788,
       40.009286
      ],
      [
       116.3442828,
       40.0092313
      ],
      [
       116.3442799,
       40.0091766
      ],
      [
       116.3442699,
       40.0091223
      ],
      [
       116.3442531,
       40.0090691
      ],
      [
       116.3442296,
       40.0090173
      ]
     ]
    ]
   }
  },
  {
   "type": "Feature",
   "id": "GREEN-029",
   "properties": {
    "id": "GREEN-029",
    "layer": "GREEN_SPACE",
    "source_type": "agent_generated_design",
    "confidence": "medium",
    "geometry_role": "design_proposal",
    "land_use_code": "1401",
    "name_zh": "众智园中枢口袋公园",
    "design_note_zh": "缝合线两端的口袋公园，为步行到达提供停留与遮荫。",
    "area_sqm_declared": 5625.324,
    "usage_note": "概念建议，可供专业团队深化研究；不构成法定规划、政府审定结论或实施承诺。"
   },
   "geometry": {
    "type": "Polygon",
    "coordinates": [
     [
      [
       116.3532093,
       40.0087258
      ],
      [
       116.3531388,
       40.0087334
      ],
      [
       116.3530695,
       40.0087464
      ],
      [
       116.3530022,
       40.0087644
      ],
      [
       116.3529376,
       40.0087875
      ],
      [
       116.3528762,
       40.0088153
      ],
      [
       116.3528187,
       40.0088477
      ],
      [
       116.3527655,
       40.0088842
      ],
      [
       116.3527173,
       40.0089245
      ],
      [
       116.3526744,
       40.0089683
      ],
      [
       116.3526374,
       40.0090151
      ],
      [
       116.3526064,
       40.0090644
      ],
      [
       116.3525819,
       40.0091159
      ],
      [
       116.3525641,
       40.0091689
      ],
      [
       116.3525532,
       40.0092231
      ],
      [
       116.3525491,
       40.0092778
      ],
      [
       116.3525521,
       40.0093325
      ],
      [
       116.3525621,
       40.0093868
      ],
      [
       116.3525789,
       40.00944
      ],
      [
       116.3526024,
       40.0094918
      ],
      [
       116.3526324,
       40.0095415
      ],
      [
       116.3526686,
       40.0095887
      ],
      [
       116.3527106,
       40.0096329
      ],
      [
       116.3527581,
       40.0096738
      ],
      [
       116.3528105,
       40.0097109
      ],
      [
       116.3528675,
       40.0097438
      ],
      [
       116.3529283,
       40.0097724
      ],
      [
       116.3529925,
       40.0097961
      ],
      [
       116.3530594,
       40.009815
      ],
      [
       116.3531284,
       40.0098287
      ],
      [
       116.353141,
       40.0098302
      ],
      [
       116.3532683,
       40.009735
      ],
      [
       116.3532642,
       40.0096598
      ],
      [
       116.3532149,
       40.0087589
      ],
      [
       116.353213,
       40.0087257
      ],
      [
       116.3532093,
       40.0087258
      ]
     ]
    ]
   }
  },
  {
   "type": "Feature",
   "id": "GREEN-030",
   "properties": {
    "id": "GREEN-030",
    "layer": "GREEN_SPACE",
    "source_type": "agent_generated_design",
    "confidence": "medium",
    "geometry_role": "design_proposal",
    "land_use_code": "1401",
    "name_zh": "众智园北口口袋公园",
    "design_note_zh": "缝合线两端的口袋公园，为步行到达提供停留与遮荫。",
    "area_sqm_declared": 12056.892,
    "usage_note": "概念建议，可供专业团队深化研究；不构成法定规划、政府审定结论或实施承诺。"
   },
   "geometry": {
    "type": "Polygon",
    "coordinates": [
     [
      [
       116.3445462,
       40.0155035
      ],
      [
       116.3445162,
       40.0154538
      ],
      [
       116.34448,
       40.0154066
      ],
      [
       116.344438,
       40.0153623
      ],
      [
       116.3443905,
       40.0153215
      ],
      [
       116.3443381,
       40.0152844
      ],
      [
       116.3442812,
       40.0152514
      ],
      [
       116.3442203,
       40.0152229
      ],
      [
       116.3441561,
       40.0151991
      ],
      [
       116.3440892,
       40.0151803
      ],
      [
       116.3440202,
       40.0151666
      ],
      [
       116.3439498,
       40.0151581
      ],
      [
       116.3438786,
       40.015155
      ],
      [
       116.3438074,
       40.0151573
      ],
      [
       116.3437369,
       40.0151649
      ],
      [
       116.3436676,
       40.0151779
      ],
      [
       116.3436003,
       40.015196
      ],
      [
       116.3435357,
       40.015219
      ],
      [
       116.3434743,
       40.0152468
      ],
      [
       116.3434167,
       40.0152792
      ],
      [
       116.3433636,
       40.0153157
      ],
      [
       116.3433153,
       40.015356
      ],
      [
       116.3432725,
       40.0153997
      ],
      [
       116.3432354,
       40.0154465
      ],
      [
       116.3432044,
       40.0154959
      ],
      [
       116.3431799,
       40.0155474
      ],
      [
       116.3431621,
       40.0156004
      ],
      [
       116.3431511,
       40.0156545
      ],
      [
       116.3431471,
       40.0157093
      ],
      [
       116.3431501,
       40.015764
      ],
      [
       116.34316,
       40.0158183
      ],
      [
       116.3431768,
       40.0158715
      ],
      [
       116.3432003,
       40.0159232
      ],
      [
       116.3432303,
       40.0159729
      ],
      [
       116.3432665,
       40.0160201
      ],
      [
       116.3433085,
       40.0160644
      ],
      [
       116.343356,
       40.0161053
      ],
      [
       116.3434085,
       40.0161424
      ],
      [
       116.3434654,
       40.0161753
      ],
      [
       116.3435262,
       40.0162038
      ],
      [
       116.3435904,
       40.0162276
      ],
      [
       116.3436574,
       40.0162465
      ],
      [
       116.3437264,
       40.0162602
      ],
      [
       116.3437968,
       40.0162686
      ],
      [
       116.3438679,
       40.0162717
      ],
      [
       116.3439391,
       40.0162694
      ],
      [
       116.3440097,
       40.0162618
      ],
      [
       116.344079,
       40.0162489
      ],
      [
       116.3441462,
       40.0162308
      ],
      [
       116.3442109,
       40.0162077
      ],
      [
       116.3442723,
       40.0161799
      ],
      [
       116.3443298,
       40.0161476
      ],
      [
       116.344383,
       40.0161111
      ],
      [
       116.3444312,
       40.0160708
      ],
      [
       116.3444741,
       40.016027
      ],
      [
       116.3445112,
       40.0159802
      ],
      [
       116.3445421,
       40.0159308
      ],
      [
       116.3445666,
       40.0158794
      ],
      [
       116.3445844,
       40.0158263
      ],
      [
       116.3445954,
       40.0157722
      ],
      [
       116.3445994,
       40.0157175
      ],
      [
       116.3445965,
       40.0156627
      ],
      [
       116.3445865,
       40.0156085
      ],
      [
       116.3445697,
       40.0155552
      ],
      [
       116.3445462,
       40.0155035
      ]
     ]
    ]
   }
  },
  {
   "type": "Feature",
   "id": "GREEN-031",
   "properties": {
    "id": "GREEN-031",
    "layer": "GREEN_SPACE",
    "source_type": "agent_generated_design",
    "confidence": "medium",
    "geometry_role": "design_proposal",
    "land_use_code": "1401",
    "name_zh": "众智园北口口袋公园",
    "design_note_zh": "缝合线两端的口袋公园，为步行到达提供停留与遮荫。",
    "area_sqm_declared": 12056.892,
    "usage_note": "概念建议，可供专业团队深化研究；不构成法定规划、政府审定结论或实施承诺。"
   },
   "geometry": {
    "type": "Polygon",
    "coordinates": [
     [
      [
       116.3543035,
       40.0155583
      ],
      [
       116.3542735,
       40.0155086
      ],
      [
       116.3542373,
       40.0154614
      ],
      [
       116.3541953,
       40.0154171
      ],
      [
       116.3541478,
       40.0153763
      ],
      [
       116.3540953,
       40.0153392
      ],
      [
       116.3540384,
       40.0153062
      ],
      [
       116.3539775,
       40.0152777
      ],
      [
       116.3539133,
       40.0152539
      ],
      [
       116.3538464,
       40.0152351
      ],
      [
       116.3537774,
       40.0152214
      ],
      [
       116.353707,
       40.0152129
      ],
      [
       116.3536359,
       40.0152099
      ],
      [
       116.3535647,
       40.0152121
      ],
      [
       116.3534941,
       40.0152198
      ],
      [
       116.3534248,
       40.0152327
      ],
      [
       116.3533576,
       40.0152508
      ],
      [
       116.3532929,
       40.0152739
      ],
      [
       116.3532315,
       40.0153017
      ],
      [
       116.353174,
       40.015334
      ],
      [
       116.3531208,
       40.0153705
      ],
      [
       116.3530726,
       40.0154109
      ],
      [
       116.3530297,
       40.0154546
      ],
      [
       116.3529927,
       40.0155014
      ],
      [
       116.3529617,
       40.0155508
      ],
      [
       116.3529372,
       40.0156022
      ],
      [
       116.3529194,
       40.0156553
      ],
      [
       116.3529084,
       40.0157094
      ],
      [
       116.3529044,
       40.0157642
      ],
      [
       116.3529074,
       40.0158189
      ],
      [
       116.3529173,
       40.0158732
      ],
      [
       116.3529342,
       40.0159264
      ],
      [
       116.3529577,
       40.0159781
      ],
      [
       116.3529877,
       40.0160278
      ],
      [
       116.3530239,
       40.016075
      ],
      [
       116.3530659,
       40.0161193
      ],
      [
       116.3531134,
       40.0161601
      ],
      [
       116.3531658,
       40.0161972
      ],
      [
       116.3532228,
       40.0162302
      ],
      [
       116.3532836,
       40.0162587
      ],
      [
       116.3533478,
       40.0162825
      ],
      [
       116.3534148,
       40.0163013
      ],
      [
       116.3534838,
       40.016315
      ],
      [
       116.3535542,
       40.0163235
      ],
      [
       116.3536253,
       40.0163265
      ],
      [
       116.3536965,
       40.0163243
      ],
      [
       116.3537671,
       40.0163166
      ],
      [
       116.3538363,
       40.0163037
      ],
      [
       116.3539036,
       40.0162856
      ],
      [
       116.3539683,
       40.0162625
      ],
      [
       116.3540297,
       40.0162347
      ],
      [
       116.3540872,
       40.0162024
      ],
      [
       116.3541403,
       40.0161659
      ],
      [
       116.3541886,
       40.0161255
      ],
      [
       116.3542315,
       40.0160818
      ],
      [
       116.3542685,
       40.016035
      ],
      [
       116.3542995,
       40.0159856
      ],
      [
       116.354324,
       40.0159342
      ],
      [
       116.3543418,
       40.0158811
      ],
      [
       116.3543527,
       40.015827
      ],
      [
       116.3543568,
       40.0157723
      ],
      [
       116.3543538,
       40.0157175
      ],
      [
       116.3543438,
       40.0156632
      ],
      [
       116.354327,
       40.01561
      ],
      [
       116.3543035,
       40.0155583
      ]
     ]
    ]
   }
  }
 ]
}
